block_id,agency_id,registration_date,available_seats,available_standing,typology,vclass,propulsion,emission,lowered_floor
00000-12,42,20250922,0,0,3,2,0,0,0
00000-13,42,20250922,0,0,3,2,0,0,0
00000-21,42,20250922,0,0,3,2,0,0,0
00000-22,42,20250922,0,0,3,2,0,0,0
00000-23,42,20250922,0,0,3,2,0,0,0
0000-12,42,20250922,0,0,3,2,0,0,0
0000-13,42,20250922,0,0,3,2,0,0,0
0000-21,42,20250922,0,0,3,2,0,0,0
0000-22,42,20250922,0,0,3,2,0,0,0
0000-23,42,20250922,0,0,3,2,0,0,0
0000-31,42,20250922,0,0,3,2,0,0,0
0000-32,42,20250922,0,0,3,2,0,0,0
0000-33,42,20250922,0,0,3,2,0,0,0
000-12,42,20250922,0,0,3,2,0,0,0
000-13,42,20250922,0,0,3,2,0,0,0
000-21,42,20250922,0,0,3,2,0,0,0
000-22,42,20250922,0,0,3,2,0,0,0
000-23,42,20250922,0,0,3,2,0,0,0
000-31,42,20250922,0,0,3,2,0,0,0
000-32,42,20250922,0,0,3,2,0,0,0
000-33,42,20250922,0,0,3,2,0,0,0
00-12,42,20250922,0,0,3,2,0,0,0
00-13,42,20250922,0,0,3,2,0,0,0
00-21,42,20250922,0,0,3,2,0,0,0
00-22,42,20250922,0,0,3,2,0,0,0
00-23,42,20250922,0,0,3,2,0,0,0
00-31,42,20250922,0,0,3,2,0,0,0
00-32,42,20250922,0,0,3,2,0,0,0
00-33,42,20250922,0,0,3,2,0,0,0
0-12,42,20250922,0,0,3,2,0,0,0
0-13,42,20250922,0,0,3,2,0,0,0
0-21,42,20250922,0,0,3,2,0,0,0
0-22,42,20250922,0,0,3,2,0,0,0
0-23,42,20250922,0,0,3,2,0,0,0
0-31,42,20250922,0,0,2,2,0,0,0
0-32,42,20250922,0,0,2,2,0,0,0
0-33,42,20250922,0,0,2,2,0,0,0
1_PE-1101,42,20250922,0,0,0,0,0,0,0
1_PE-1201,42,20250922,0,0,0,0,0,0,0
1_PE-1301,42,20250922,0,0,0,0,0,0,0
1_PE-1401,42,20250922,0,0,0,0,0,0,0
1_PE-1501,42,20250922,0,0,0,0,0,0,0
1_PE2_M-1105,42,20250922,0,0,0,0,0,0,0
1_PE2_M-1205,42,20250922,0,0,0,0,0,0,0
1_PE2_M-1305,42,20250922,0,0,0,0,0,0,0
1_PE2_M-1405,42,20250922,0,0,0,0,0,0,0
1_PE2_M-1505,42,20250922,0,0,0,0,0,0,0
1_PNE-1102,42,20250922,0,0,0,0,0,0,0
1_PNE-1202,42,20250922,0,0,0,0,0,0,0
1_PNE-1302,42,20250922,0,0,0,0,0,0,0
1_PNE-1402,42,20250922,0,0,0,0,0,0,0
1_PNE-1502,42,20250922,0,0,0,0,0,0,0
1_VERAO-1103,42,20250922,0,0,0,0,0,0,0
1_VERAO-1203,42,20250922,0,0,0,0,0,0,0
1_VERAO-1303,42,20250922,0,0,0,0,0,0,0
1_VERAO-1403,42,20250922,0,0,0,0,0,0,0
1_VERAO-1503,42,20250922,0,0,0,0,0,0,0
10_PE-1101,42,20250922,0,0,0,0,0,0,0
10_PE-1201,42,20250922,0,0,0,0,0,0,0
10_PE-1301,42,20250922,0,0,0,0,0,0,0
10_PE-1401,42,20250922,0,0,0,0,0,0,0
10_PE-1501,42,20250922,0,0,0,0,0,0,0
10_PE2-1105,42,20250922,0,0,0,0,0,0,0
10_PE2-1205,42,20250922,0,0,0,0,0,0,0
10_PE2-1305,42,20250922,0,0,0,0,0,0,0
10_PE2-1405,42,20250922,0,0,0,0,0,0,0
10_PE2-1505,42,20250922,0,0,0,0,0,0,0
10_PNE-1102,42,20250922,0,0,0,0,0,0,0
10_PNE-1202,42,20250922,0,0,0,0,0,0,0
10_PNE-1302,42,20250922,0,0,0,0,0,0,0
10_PNE-1402,42,20250922,0,0,0,0,0,0,0
10_PNE-1502,42,20250922,0,0,0,0,0,0,0
10_VERAO-1103,42,20250922,0,0,0,0,0,0,0
10_VERAO-1203,42,20250922,0,0,0,0,0,0,0
10_VERAO-1303,42,20250922,0,0,0,0,0,0,0
10_VERAO-1403,42,20250922,0,0,0,0,0,0,0
10_VERAO-1503,42,20250922,0,0,0,0,0,0,0
1001_PE2_PNE-1111,42,20250922,0,0,0,0,0,0,0
1001_PE2_PNE-1211,42,20250922,0,0,0,0,0,0,0
1001_PE2_PNE-1312,42,20250922,0,0,0,0,0,0,0
1001_PE2_PNE-1411,42,20250922,0,0,0,0,0,0,0
1001_PE2_PNE-1412,42,20250922,0,0,0,0,0,0,0
1001_PE2_PNE-1511,42,20250922,0,0,0,0,0,0,0
1001_PE2_PNE-1512,42,20250922,0,0,0,0,0,0,0
1001_PE2_PNE-1611,42,20250922,0,0,0,0,0,0,0
1001_PE2_PNE-1701,42,20250922,0,0,0,0,0,0,0
1001_PE2_PNE-1702,42,20250922,0,0,0,0,0,0,0
1001_PE2_PNE-1711,42,20250922,0,0,0,0,0,0,0
1001_PE2_PNE-1712,42,20250922,0,0,0,0,0,0,0
1001_VERAO-1513,42,20250922,0,0,0,0,0,0,0
1001_VERAO-1703,42,20250922,0,0,0,0,0,0,0
1001-11,42,20250922,0,0,1,1,0,0,0
1002_PE2_PNE-1111,42,20250922,0,0,0,0,0,0,0
1002_PE2_PNE-1211,42,20250922,0,0,0,0,0,0,0
1002_PE2_PNE-1312,42,20250922,0,0,0,0,0,0,0
1002_PE2_PNE-1411,42,20250922,0,0,0,0,0,0,0
1002_PE2_PNE-1412,42,20250922,0,0,0,0,0,0,0
1002_PE2_PNE-1511,42,20250922,0,0,0,0,0,0,0
1002_PE2_PNE-1512,42,20250922,0,0,0,0,0,0,0
1002_PE2_PNE-1611,42,20250922,0,0,0,0,0,0,0
1002_PE2_PNE-1701,42,20250922,0,0,0,0,0,0,0
1002_PE2_PNE-1702,42,20250922,0,0,0,0,0,0,0
1002_PE2_PNE-1711,42,20250922,0,0,0,0,0,0,0
1002_PE2_PNE-1712,42,20250922,0,0,0,0,0,0,0
1002_VERAO-1513,42,20250922,0,0,0,0,0,0,0
1002_VERAO-1703,42,20250922,0,0,0,0,0,0,0
1002-11,42,20250922,0,0,1,1,0,0,0
1003_PE2_PNE-1111,42,20250922,0,0,0,0,0,0,0
1003_PE2_PNE-1211,42,20250922,0,0,0,0,0,0,0
1003_PE2_PNE-1312,42,20250922,0,0,0,0,0,0,0
1003_PE2_PNE-1411,42,20250922,0,0,0,0,0,0,0
1003_PE2_PNE-1412,42,20250922,0,0,0,0,0,0,0
1003_PE2_PNE-1511,42,20250922,0,0,0,0,0,0,0
1003_PE2_PNE-1512,42,20250922,0,0,0,0,0,0,0
1003_PE2_PNE-1611,42,20250922,0,0,0,0,0,0,0
1003_PE2_PNE-1701,42,20250922,0,0,0,0,0,0,0
1003_PE2_PNE-1702,42,20250922,0,0,0,0,0,0,0
1003_PE2_PNE-1711,42,20250922,0,0,0,0,0,0,0
1003_PE2_PNE-1712,42,20250922,0,0,0,0,0,0,0
1003_VERAO-1513,42,20250922,0,0,0,0,0,0,0
1003_VERAO-1703,42,20250922,0,0,0,0,0,0,0
1003-11,42,20250922,0,0,1,1,0,0,0
1004_PE2_PNE-1111,42,20250922,0,0,0,0,0,0,0
1004_PE2_PNE-1211,42,20250922,0,0,0,0,0,0,0
1004_PE2_PNE-1312,42,20250922,0,0,0,0,0,0,0
1004_PE2_PNE-1411,42,20250922,0,0,0,0,0,0,0
1004_PE2_PNE-1412,42,20250922,0,0,0,0,0,0,0
1004_PE2_PNE-1511,42,20250922,0,0,0,0,0,0,0
1004_PE2_PNE-1512,42,20250922,0,0,0,0,0,0,0
1004_PE2_PNE-1611,42,20250922,0,0,0,0,0,0,0
1004_PE2_PNE-1701,42,20250922,0,0,0,0,0,0,0
1004_PE2_PNE-1702,42,20250922,0,0,0,0,0,0,0
1004_PE2_PNE-1711,42,20250922,0,0,0,0,0,0,0
1004_PE2_PNE-1712,42,20250922,0,0,0,0,0,0,0
1004_VERAO-1513,42,20250922,0,0,0,0,0,0,0
1004_VERAO-1703,42,20250922,0,0,0,0,0,0,0
1004-11,42,20250922,0,0,1,1,0,0,0
1005_PE2_PNE-1111,42,20250922,0,0,0,0,0,0,0
1005_PE2_PNE-1211,42,20250922,0,0,0,0,0,0,0
1005_PE2_PNE-1312,42,20250922,0,0,0,0,0,0,0
1005_PE2_PNE-1411,42,20250922,0,0,0,0,0,0,0
1005_PE2_PNE-1412,42,20250922,0,0,0,0,0,0,0
1005_PE2_PNE-1511,42,20250922,0,0,0,0,0,0,0
1005_PE2_PNE-1512,42,20250922,0,0,0,0,0,0,0
1005_PE2_PNE-1611,42,20250922,0,0,0,0,0,0,0
1005_PE2_PNE-1701,42,20250922,0,0,0,0,0,0,0
1005_PE2_PNE-1702,42,20250922,0,0,0,0,0,0,0
1005_PE2_PNE-1711,42,20250922,0,0,0,0,0,0,0
1005_PE2_PNE-1712,42,20250922,0,0,0,0,0,0,0
1005_VERAO-1513,42,20250922,0,0,0,0,0,0,0
1005_VERAO-1703,42,20250922,0,0,0,0,0,0,0
1005-11,42,20250922,0,0,1,1,0,0,0
1006_PE2_PNE-1111,42,20250922,0,0,0,0,0,0,0
1006_PE2_PNE-1211,42,20250922,0,0,0,0,0,0,0
1006_PE2_PNE-1312,42,20250922,0,0,0,0,0,0,0
1006_PE2_PNE-1411,42,20250922,0,0,0,0,0,0,0
1006_PE2_PNE-1412,42,20250922,0,0,0,0,0,0,0
1006_PE2_PNE-1511,42,20250922,0,0,0,0,0,0,0
1006_PE2_PNE-1512,42,20250922,0,0,0,0,0,0,0
1006_PE2_PNE-1611,42,20250922,0,0,0,0,0,0,0
1006_PE2_PNE-1701,42,20250922,0,0,0,0,0,0,0
1006_PE2_PNE-1702,42,20250922,0,0,0,0,0,0,0
1006_PE2_PNE-1711,42,20250922,0,0,0,0,0,0,0
1006_PE2_PNE-1712,42,20250922,0,0,0,0,0,0,0
1006_VERAO-1513,42,20250922,0,0,0,0,0,0,0
1006_VERAO-1703,42,20250922,0,0,0,0,0,0,0
1006-11,42,20250922,0,0,2,2,0,0,0
1007_PE2_PNE-1111,42,20250922,0,0,0,0,0,0,0
1007_PE2_PNE-1211,42,20250922,0,0,0,0,0,0,0
1007_PE2_PNE-1312,42,20250922,0,0,0,0,0,0,0
1007_PE2_PNE-1411,42,20250922,0,0,0,0,0,0,0
1007_PE2_PNE-1412,42,20250922,0,0,0,0,0,0,0
1007_PE2_PNE-1511,42,20250922,0,0,0,0,0,0,0
1007_PE2_PNE-1512,42,20250922,0,0,0,0,0,0,0
1007_PE2_PNE-1611,42,20250922,0,0,0,0,0,0,0
1007_PE2_PNE-1701,42,20250922,0,0,0,0,0,0,0
1007_PE2_PNE-1702,42,20250922,0,0,0,0,0,0,0
1007_PE2_PNE-1711,42,20250922,0,0,0,0,0,0,0
1007_PE2_PNE-1712,42,20250922,0,0,0,0,0,0,0
1007_VERAO-1513,42,20250922,0,0,0,0,0,0,0
1007_VERAO-1703,42,20250922,0,0,0,0,0,0,0
1007-11,42,20250922,0,0,3,2,0,0,0
1008_PE2_PNE-1111,42,20250922,0,0,0,0,0,0,0
1008_PE2_PNE-1211,42,20250922,0,0,0,0,0,0,0
1008_PE2_PNE-1312,42,20250922,0,0,0,0,0,0,0
1008_PE2_PNE-1411,42,20250922,0,0,0,0,0,0,0
1008_PE2_PNE-1412,42,20250922,0,0,0,0,0,0,0
1008_PE2_PNE-1511,42,20250922,0,0,0,0,0,0,0
1008_PE2_PNE-1512,42,20250922,0,0,0,0,0,0,0
1008_PE2_PNE-1611,42,20250922,0,0,0,0,0,0,0
1008_PE2_PNE-1701,42,20250922,0,0,0,0,0,0,0
1008_PE2_PNE-1702,42,20250922,0,0,0,0,0,0,0
1008_PE2_PNE-1711,42,20250922,0,0,0,0,0,0,0
1008_PE2_PNE-1712,42,20250922,0,0,0,0,0,0,0
1008_VERAO-1513,42,20250922,0,0,0,0,0,0,0
1008_VERAO-1703,42,20250922,0,0,0,0,0,0,0
1008-11,42,20250922,0,0,3,2,0,0,0
1009_PE2_PNE-1111,42,20250922,0,0,0,0,0,0,0
1009_PE2_PNE-1211,42,20250922,0,0,0,0,0,0,0
1009_PE2_PNE-1312,42,20250922,0,0,0,0,0,0,0
1009_PE2_PNE-1411,42,20250922,0,0,0,0,0,0,0
1009_PE2_PNE-1412,42,20250922,0,0,0,0,0,0,0
1009_PE2_PNE-1511,42,20250922,0,0,0,0,0,0,0
1009_PE2_PNE-1512,42,20250922,0,0,0,0,0,0,0
1009_PE2_PNE-1611,42,20250922,0,0,0,0,0,0,0
1009_PE2_PNE-1701,42,20250922,0,0,0,0,0,0,0
1009_PE2_PNE-1702,42,20250922,0,0,0,0,0,0,0
1009_PE2_PNE-1711,42,20250922,0,0,0,0,0,0,0
1009_PE2_PNE-1712,42,20250922,0,0,0,0,0,0,0
1009_VERAO-1513,42,20250922,0,0,0,0,0,0,0
1009_VERAO-1703,42,20250922,0,0,0,0,0,0,0
1009-11,42,20250922,0,0,3,2,0,0,0
101_PE-1101,42,20250922,0,0,0,0,0,0,0
101_PE-1201,42,20250922,0,0,0,0,0,0,0
101_PE-1301,42,20250922,0,0,0,0,0,0,0
101_PE-1401,42,20250922,0,0,0,0,0,0,0
101_PE-1501,42,20250922,0,0,0,0,0,0,0
101_PE2-1105,42,20250922,0,0,0,0,0,0,0
101_PE2-1205,42,20250922,0,0,0,0,0,0,0
101_PE2-1305,42,20250922,0,0,0,0,0,0,0
101_PE2-1405,42,20250922,0,0,0,0,0,0,0
101_PE2-1505,42,20250922,0,0,0,0,0,0,0
101_PNE-1102,42,20250922,0,0,0,0,0,0,0
101_PNE-1202,42,20250922,0,0,0,0,0,0,0
101_PNE-1302,42,20250922,0,0,0,0,0,0,0
101_PNE-1402,42,20250922,0,0,0,0,0,0,0
101_PNE-1502,42,20250922,0,0,0,0,0,0,0
101_VERAO-1103,42,20250922,0,0,0,0,0,0,0
101_VERAO-1203,42,20250922,0,0,0,0,0,0,0
101_VERAO-1303,42,20250922,0,0,0,0,0,0,0
101_VERAO-1403,42,20250922,0,0,0,0,0,0,0
101_VERAO-1503,42,20250922,0,0,0,0,0,0,0
1010_PE2_PNE-1111,42,20250922,0,0,0,0,0,0,0
1010_PE2_PNE-1211,42,20250922,0,0,0,0,0,0,0
1010_PE2_PNE-1312,42,20250922,0,0,0,0,0,0,0
1010_PE2_PNE-1411,42,20250922,0,0,0,0,0,0,0
1010_PE2_PNE-1412,42,20250922,0,0,0,0,0,0,0
1010_PE2_PNE-1511,42,20250922,0,0,0,0,0,0,0
1010_PE2_PNE-1512,42,20250922,0,0,0,0,0,0,0
1010_PE2_PNE-1611,42,20250922,0,0,0,0,0,0,0
1010_PE2_PNE-1701,42,20250922,0,0,0,0,0,0,0
1010_PE2_PNE-1702,42,20250922,0,0,0,0,0,0,0
1010_PE2_PNE-1711,42,20250922,0,0,0,0,0,0,0
1010_PE2_PNE-1712,42,20250922,0,0,0,0,0,0,0
1010_VERAO-1513,42,20250922,0,0,0,0,0,0,0
1010_VERAO-1703,42,20250922,0,0,0,0,0,0,0
1010-11,42,20250922,0,0,3,2,0,0,0
1011_PE2_PNE-1111,42,20250922,0,0,0,0,0,0,0
1011_PE2_PNE-1211,42,20250922,0,0,0,0,0,0,0
1011_PE2_PNE-1312,42,20250922,0,0,0,0,0,0,0
1011_PE2_PNE-1411,42,20250922,0,0,0,0,0,0,0
1011_PE2_PNE-1412,42,20250922,0,0,0,0,0,0,0
1011_PE2_PNE-1511,42,20250922,0,0,0,0,0,0,0
1011_PE2_PNE-1512,42,20250922,0,0,0,0,0,0,0
1011_PE2_PNE-1611,42,20250922,0,0,0,0,0,0,0
1011_PE2_PNE-1701,42,20250922,0,0,0,0,0,0,0
1011_PE2_PNE-1702,42,20250922,0,0,0,0,0,0,0
1011_PE2_PNE-1711,42,20250922,0,0,0,0,0,0,0
1011_PE2_PNE-1712,42,20250922,0,0,0,0,0,0,0
1011_VERAO-1513,42,20250922,0,0,0,0,0,0,0
1011_VERAO-1703,42,20250922,0,0,0,0,0,0,0
1011-11,42,20250922,0,0,2,2,0,0,0
1012_PE2_PNE-1111,42,20250922,0,0,0,0,0,0,0
1012_PE2_PNE-1211,42,20250922,0,0,0,0,0,0,0
1012_PE2_PNE-1312,42,20250922,0,0,0,0,0,0,0
1012_PE2_PNE-1411,42,20250922,0,0,0,0,0,0,0
1012_PE2_PNE-1412,42,20250922,0,0,0,0,0,0,0
1012_PE2_PNE-1511,42,20250922,0,0,0,0,0,0,0
1012_PE2_PNE-1512,42,20250922,0,0,0,0,0,0,0
1012_PE2_PNE-1611,42,20250922,0,0,0,0,0,0,0
1012_PE2_PNE-1701,42,20250922,0,0,0,0,0,0,0
1012_PE2_PNE-1702,42,20250922,0,0,0,0,0,0,0
1012_PE2_PNE-1711,42,20250922,0,0,0,0,0,0,0
1012_PE2_PNE-1712,42,20250922,0,0,0,0,0,0,0
1012_VERAO-1513,42,20250922,0,0,0,0,0,0,0
1012_VERAO-1703,42,20250922,0,0,0,0,0,0,0
1012-11,42,20250922,0,0,3,2,0,0,0
1013-11,42,20250922,0,0,3,2,0,0,0
1014-11,42,20250922,0,0,3,2,0,0,0
1015-11,42,20250922,0,0,3,2,0,0,0
1016-11,42,20250922,0,0,3,2,0,0,0
1017-11,42,20250922,0,0,3,2,0,0,0
1018-11,42,20250922,0,0,3,2,0,0,0
1019-11,42,20250922,0,0,3,2,0,0,0
102_PE-1101,42,20250922,0,0,0,0,0,0,0
102_PE-1201,42,20250922,0,0,0,0,0,0,0
102_PE-1301,42,20250922,0,0,0,0,0,0,0
102_PE-1401,42,20250922,0,0,0,0,0,0,0
102_PE-1501,42,20250922,0,0,0,0,0,0,0
102_PE2-1105,42,20250922,0,0,0,0,0,0,0
102_PE2-1205,42,20250922,0,0,0,0,0,0,0
102_PE2-1305,42,20250922,0,0,0,0,0,0,0
102_PE2-1405,42,20250922,0,0,0,0,0,0,0
102_PE2-1505,42,20250922,0,0,0,0,0,0,0
102_PNE-1102,42,20250922,0,0,0,0,0,0,0
102_PNE-1202,42,20250922,0,0,0,0,0,0,0
102_PNE-1302,42,20250922,0,0,0,0,0,0,0
102_PNE-1402,42,20250922,0,0,0,0,0,0,0
102_PNE-1502,42,20250922,0,0,0,0,0,0,0
102_VERAO-1103,42,20250922,0,0,0,0,0,0,0
102_VERAO-1203,42,20250922,0,0,0,0,0,0,0
102_VERAO-1303,42,20250922,0,0,0,0,0,0,0
102_VERAO-1403,42,20250922,0,0,0,0,0,0,0
102_VERAO-1503,42,20250922,0,0,0,0,0,0,0
1020-11,42,20250922,0,0,3,2,0,0,0
1021-11,42,20250922,0,0,3,2,0,0,0
1022-11,42,20250922,0,0,3,2,0,0,0
1023-11,42,20250922,0,0,3,2,0,0,0
1024-11,42,20250922,0,0,3,2,0,0,0
1025-11,42,20250922,0,0,3,2,0,0,0
1026-11,42,20250922,0,0,3,2,0,0,0
1027-11,42,20250922,0,0,3,2,0,0,0
1028-11,42,20250922,0,0,3,2,0,0,0
1029-11,42,20250922,0,0,3,2,0,0,0
103_PE-1101,42,20250922,0,0,0,0,0,0,0
103_PE-1201,42,20250922,0,0,0,0,0,0,0
103_PE-1301,42,20250922,0,0,0,0,0,0,0
103_PE-1401,42,20250922,0,0,0,0,0,0,0
103_PE-1501,42,20250922,0,0,0,0,0,0,0
103_PE2-1105,42,20250922,0,0,0,0,0,0,0
103_PE2-1205,42,20250922,0,0,0,0,0,0,0
103_PE2-1305,42,20250922,0,0,0,0,0,0,0
103_PE2-1405,42,20250922,0,0,0,0,0,0,0
103_PE2-1505,42,20250922,0,0,0,0,0,0,0
103_PNE-1102,42,20250922,0,0,0,0,0,0,0
103_PNE-1202,42,20250922,0,0,0,0,0,0,0
103_PNE-1302,42,20250922,0,0,0,0,0,0,0
103_PNE-1402,42,20250922,0,0,0,0,0,0,0
103_PNE-1502,42,20250922,0,0,0,0,0,0,0
103_VERAO-1103,42,20250922,0,0,0,0,0,0,0
103_VERAO-1203,42,20250922,0,0,0,0,0,0,0
103_VERAO-1303,42,20250922,0,0,0,0,0,0,0
103_VERAO-1403,42,20250922,0,0,0,0,0,0,0
103_VERAO-1503,42,20250922,0,0,0,0,0,0,0
1030-11,42,20250922,0,0,3,2,0,0,0
1031-11,42,20250922,0,0,3,2,0,0,0
1032-11,42,20250922,0,0,3,2,0,0,0
1033-11,42,20250922,0,0,3,2,0,0,0
1034-11,42,20250922,0,0,3,2,0,0,0
1035-11,42,20250922,0,0,3,2,0,0,0
1036-11,42,20250922,0,0,3,2,0,0,0
1037-11,42,20250922,0,0,3,2,0,0,0
1038-11,42,20250922,0,0,3,2,0,0,0
1039-11,42,20250922,0,0,3,2,0,0,0
104_PE-1101,42,20250922,0,0,0,0,0,0,0
104_PE-1201,42,20250922,0,0,0,0,0,0,0
104_PE-1301,42,20250922,0,0,0,0,0,0,0
104_PE-1401,42,20250922,0,0,0,0,0,0,0
104_PE-1501,42,20250922,0,0,0,0,0,0,0
104_PE2-1105,42,20250922,0,0,0,0,0,0,0
104_PE2-1205,42,20250922,0,0,0,0,0,0,0
104_PE2-1305,42,20250922,0,0,0,0,0,0,0
104_PE2-1405,42,20250922,0,0,0,0,0,0,0
104_PE2-1505,42,20250922,0,0,0,0,0,0,0
104_PNE-1102,42,20250922,0,0,0,0,0,0,0
104_PNE-1202,42,20250922,0,0,0,0,0,0,0
104_PNE-1302,42,20250922,0,0,0,0,0,0,0
104_PNE-1402,42,20250922,0,0,0,0,0,0,0
104_PNE-1502,42,20250922,0,0,0,0,0,0,0
104_VERAO-1103,42,20250922,0,0,0,0,0,0,0
104_VERAO-1203,42,20250922,0,0,0,0,0,0,0
104_VERAO-1303,42,20250922,0,0,0,0,0,0,0
104_VERAO-1403,42,20250922,0,0,0,0,0,0,0
104_VERAO-1503,42,20250922,0,0,0,0,0,0,0
1040-11,42,20250922,0,0,3,2,0,0,0
1041-11,42,20250922,0,0,3,2,0,0,0
1042-11,42,20250922,0,0,3,2,0,0,0
1043-11,42,20250922,0,0,2,2,0,0,0
1044-11,42,20250922,0,0,2,2,0,0,0
1045-11,42,20250922,0,0,2,2,0,0,0
1046-11,42,20250922,0,0,2,2,0,0,0
1047-11,42,20250922,0,0,2,2,0,0,0
1048-11,42,20250922,0,0,2,2,0,0,0
1049-11,42,20250922,0,0,2,2,0,0,0
105_PE-1101,42,20250922,0,0,0,0,0,0,0
105_PE-1201,42,20250922,0,0,0,0,0,0,0
105_PE-1301,42,20250922,0,0,0,0,0,0,0
105_PE-1401,42,20250922,0,0,0,0,0,0,0
105_PE-1501,42,20250922,0,0,0,0,0,0,0
105_PE2-1105,42,20250922,0,0,0,0,0,0,0
105_PE2-1205,42,20250922,0,0,0,0,0,0,0
105_PE2-1305,42,20250922,0,0,0,0,0,0,0
105_PE2-1405,42,20250922,0,0,0,0,0,0,0
105_PE2-1505,42,20250922,0,0,0,0,0,0,0
105_PNE-1102,42,20250922,0,0,0,0,0,0,0
105_PNE-1202,42,20250922,0,0,0,0,0,0,0
105_PNE-1302,42,20250922,0,0,0,0,0,0,0
105_PNE-1402,42,20250922,0,0,0,0,0,0,0
105_PNE-1502,42,20250922,0,0,0,0,0,0,0
105_VERAO-1103,42,20250922,0,0,0,0,0,0,0
105_VERAO-1203,42,20250922,0,0,0,0,0,0,0
105_VERAO-1303,42,20250922,0,0,0,0,0,0,0
105_VERAO-1403,42,20250922,0,0,0,0,0,0,0
105_VERAO-1503,42,20250922,0,0,0,0,0,0,0
1050-11,42,20250922,0,0,3,2,0,0,0
1051-11,42,20250922,0,0,3,2,0,0,0
1052-11,42,20250922,0,0,3,2,0,0,0
1053-11,42,20250922,0,0,3,2,0,0,0
1054-11,42,20250922,0,0,3,2,0,0,0
1055-11,42,20250922,0,0,3,2,0,0,0
1056-11,42,20250922,0,0,1,1,0,0,0
1057-11,42,20250922,0,0,1,1,0,0,0
1058-11,42,20250922,0,0,1,1,0,0,0
1059-11,42,20250922,0,0,3,2,0,0,0
106_PE-1101,42,20250922,0,0,0,0,0,0,0
106_PE-1201,42,20250922,0,0,0,0,0,0,0
106_PE-1301,42,20250922,0,0,0,0,0,0,0
106_PE-1401,42,20250922,0,0,0,0,0,0,0
106_PE-1501,42,20250922,0,0,0,0,0,0,0
106_PE2-1105,42,20250922,0,0,0,0,0,0,0
106_PE2-1205,42,20250922,0,0,0,0,0,0,0
106_PE2-1305,42,20250922,0,0,0,0,0,0,0
106_PE2-1405,42,20250922,0,0,0,0,0,0,0
106_PE2-1505,42,20250922,0,0,0,0,0,0,0
106_PNE-1102,42,20250922,0,0,0,0,0,0,0
106_PNE-1202,42,20250922,0,0,0,0,0,0,0
106_PNE-1302,42,20250922,0,0,0,0,0,0,0
106_PNE-1402,42,20250922,0,0,0,0,0,0,0
106_PNE-1502,42,20250922,0,0,0,0,0,0,0
106_VERAO-1103,42,20250922,0,0,0,0,0,0,0
106_VERAO-1203,42,20250922,0,0,0,0,0,0,0
106_VERAO-1303,42,20250922,0,0,0,0,0,0,0
106_VERAO-1403,42,20250922,0,0,0,0,0,0,0
106_VERAO-1503,42,20250922,0,0,0,0,0,0,0
1060-11,42,20250922,0,0,3,2,0,0,0
1061-11,42,20250922,0,0,3,2,0,0,0
1062-11,42,20250922,0,0,3,2,0,0,0
1063-11,42,20250922,0,0,2,2,0,0,0
1064-11,42,20250922,0,0,2,2,0,0,0
1065-11,42,20250922,0,0,3,2,0,0,0
1066-11,42,20250922,0,0,3,2,0,0,0
1067-11,42,20250922,0,0,3,2,0,0,0
1068-11,42,20250922,0,0,2,2,0,0,0
1069-11,42,20250922,0,0,2,2,0,0,0
107_PE-1101,42,20250922,0,0,0,0,0,0,0
107_PE-1201,42,20250922,0,0,0,0,0,0,0
107_PE-1301,42,20250922,0,0,0,0,0,0,0
107_PE-1401,42,20250922,0,0,0,0,0,0,0
107_PE-1501,42,20250922,0,0,0,0,0,0,0
107_PE2-1105,42,20250922,0,0,0,0,0,0,0
107_PE2-1205,42,20250922,0,0,0,0,0,0,0
107_PE2-1305,42,20250922,0,0,0,0,0,0,0
107_PE2-1405,42,20250922,0,0,0,0,0,0,0
107_PE2-1505,42,20250922,0,0,0,0,0,0,0
107_PNE-1102,42,20250922,0,0,0,0,0,0,0
107_PNE-1202,42,20250922,0,0,0,0,0,0,0
107_PNE-1302,42,20250922,0,0,0,0,0,0,0
107_PNE-1402,42,20250922,0,0,0,0,0,0,0
107_PNE-1502,42,20250922,0,0,0,0,0,0,0
107_VERAO-1103,42,20250922,0,0,0,0,0,0,0
107_VERAO-1203,42,20250922,0,0,0,0,0,0,0
107_VERAO-1303,42,20250922,0,0,0,0,0,0,0
107_VERAO-1403,42,20250922,0,0,0,0,0,0,0
107_VERAO-1503,42,20250922,0,0,0,0,0,0,0
1070-11,42,20250922,0,0,1,1,0,0,0
1071-11,42,20250922,0,0,3,2,0,0,0
1072-11,42,20250922,0,0,3,2,0,0,0
1073-11,42,20250922,0,0,3,2,0,0,0
1074-11,42,20250922,0,0,3,2,0,0,0
1075-11,42,20250922,0,0,3,2,0,0,0
1076-11,42,20250922,0,0,3,2,0,0,0
1077-11,42,20250922,0,0,3,2,0,0,0
1078-11,42,20250922,0,0,3,2,0,0,0
1079-11,42,20250922,0,0,3,2,0,0,0
108_PE-1101,42,20250922,0,0,0,0,0,0,0
108_PE-1201,42,20250922,0,0,0,0,0,0,0
108_PE-1301,42,20250922,0,0,0,0,0,0,0
108_PE-1401,42,20250922,0,0,0,0,0,0,0
108_PE-1501,42,20250922,0,0,0,0,0,0,0
108_PE2-1105,42,20250922,0,0,0,0,0,0,0
108_PE2-1205,42,20250922,0,0,0,0,0,0,0
108_PE2-1305,42,20250922,0,0,0,0,0,0,0
108_PE2-1405,42,20250922,0,0,0,0,0,0,0
108_PE2-1505,42,20250922,0,0,0,0,0,0,0
108_PNE-1102,42,20250922,0,0,0,0,0,0,0
108_PNE-1202,42,20250922,0,0,0,0,0,0,0
108_PNE-1302,42,20250922,0,0,0,0,0,0,0
108_PNE-1402,42,20250922,0,0,0,0,0,0,0
108_PNE-1502,42,20250922,0,0,0,0,0,0,0
108_VERAO-1103,42,20250922,0,0,0,0,0,0,0
108_VERAO-1203,42,20250922,0,0,0,0,0,0,0
108_VERAO-1303,42,20250922,0,0,0,0,0,0,0
108_VERAO-1403,42,20250922,0,0,0,0,0,0,0
108_VERAO-1503,42,20250922,0,0,0,0,0,0,0
1080-11,42,20250922,0,0,3,2,0,0,0
1081-11,42,20250922,0,0,3,2,0,0,0
1082-11,42,20250922,0,0,3,2,0,0,0
1083-11,42,20250922,0,0,3,2,0,0,0
1084-11,42,20250922,0,0,3,2,0,0,0
1085-11,42,20250922,0,0,1,1,0,0,0
1086-11,42,20250922,0,0,1,1,0,0,0
1087-11,42,20250922,0,0,1,1,0,0,0
1088-11,42,20250922,0,0,1,1,0,0,0
1089-11,42,20250922,0,0,3,2,0,0,0
109_PE-1101,42,20250922,0,0,0,0,0,0,0
109_PE-1201,42,20250922,0,0,0,0,0,0,0
109_PE-1301,42,20250922,0,0,0,0,0,0,0
109_PE-1401,42,20250922,0,0,0,0,0,0,0
109_PE-1501,42,20250922,0,0,0,0,0,0,0
109_PE2-1105,42,20250922,0,0,0,0,0,0,0
109_PE2-1205,42,20250922,0,0,0,0,0,0,0
109_PE2-1305,42,20250922,0,0,0,0,0,0,0
109_PE2-1405,42,20250922,0,0,0,0,0,0,0
109_PE2-1505,42,20250922,0,0,0,0,0,0,0
109_PNE-1102,42,20250922,0,0,0,0,0,0,0
109_PNE-1202,42,20250922,0,0,0,0,0,0,0
109_PNE-1302,42,20250922,0,0,0,0,0,0,0
109_PNE-1402,42,20250922,0,0,0,0,0,0,0
109_PNE-1502,42,20250922,0,0,0,0,0,0,0
109_VERAO-1103,42,20250922,0,0,0,0,0,0,0
109_VERAO-1203,42,20250922,0,0,0,0,0,0,0
109_VERAO-1303,42,20250922,0,0,0,0,0,0,0
109_VERAO-1403,42,20250922,0,0,0,0,0,0,0
109_VERAO-1503,42,20250922,0,0,0,0,0,0,0
1090-11,42,20250922,0,0,3,2,0,0,0
1091-11,42,20250922,0,0,3,2,0,0,0
1092-11,42,20250922,0,0,3,2,0,0,0
1093-11,42,20250922,0,0,3,2,0,0,0
1094-11,42,20250922,0,0,3,2,0,0,0
1095-11,42,20250922,0,0,3,2,0,0,0
1096-11,42,20250922,0,0,1,1,0,0,0
1097-11,42,20250922,0,0,3,2,0,0,0
1098-11,42,20250922,0,0,3,2,0,0,0
1099-11,42,20250922,0,0,3,2,0,0,0
11_PE-1101,42,20250922,0,0,0,0,0,0,0
11_PE-1201,42,20250922,0,0,0,0,0,0,0
11_PE-1301,42,20250922,0,0,0,0,0,0,0
11_PE-1401,42,20250922,0,0,0,0,0,0,0
11_PE-1501,42,20250922,0,0,0,0,0,0,0
11_PE2-1105,42,20250922,0,0,0,0,0,0,0
11_PE2-1205,42,20250922,0,0,0,0,0,0,0
11_PE2-1305,42,20250922,0,0,0,0,0,0,0
11_PE2-1405,42,20250922,0,0,0,0,0,0,0
11_PE2-1505,42,20250922,0,0,0,0,0,0,0
11_PNE-1102,42,20250922,0,0,0,0,0,0,0
11_PNE-1202,42,20250922,0,0,0,0,0,0,0
11_PNE-1302,42,20250922,0,0,0,0,0,0,0
11_PNE-1402,42,20250922,0,0,0,0,0,0,0
11_PNE-1502,42,20250922,0,0,0,0,0,0,0
11_VERAO-1103,42,20250922,0,0,0,0,0,0,0
11_VERAO-1203,42,20250922,0,0,0,0,0,0,0
11_VERAO-1303,42,20250922,0,0,0,0,0,0,0
11_VERAO-1403,42,20250922,0,0,0,0,0,0,0
11_VERAO-1503,42,20250922,0,0,0,0,0,0,0
110_PE-1101,42,20250922,0,0,0,0,0,0,0
110_PE-1201,42,20250922,0,0,0,0,0,0,0
110_PE-1301,42,20250922,0,0,0,0,0,0,0
110_PE-1401,42,20250922,0,0,0,0,0,0,0
110_PE-1501,42,20250922,0,0,0,0,0,0,0
110_PE2-1105,42,20250922,0,0,0,0,0,0,0
110_PE2-1205,42,20250922,0,0,0,0,0,0,0
110_PE2-1305,42,20250922,0,0,0,0,0,0,0
110_PE2-1405,42,20250922,0,0,0,0,0,0,0
110_PE2-1505,42,20250922,0,0,0,0,0,0,0
110_PNE-1102,42,20250922,0,0,0,0,0,0,0
110_PNE-1202,42,20250922,0,0,0,0,0,0,0
110_PNE-1302,42,20250922,0,0,0,0,0,0,0
110_PNE-1402,42,20250922,0,0,0,0,0,0,0
110_PNE-1502,42,20250922,0,0,0,0,0,0,0
110_VERAO-1103,42,20250922,0,0,0,0,0,0,0
110_VERAO-1203,42,20250922,0,0,0,0,0,0,0
110_VERAO-1303,42,20250922,0,0,0,0,0,0,0
110_VERAO-1403,42,20250922,0,0,0,0,0,0,0
110_VERAO-1503,42,20250922,0,0,0,0,0,0,0
1100-11,42,20250922,0,0,2,2,0,0,0
1101_PE2_PNE-1111,42,20250922,0,0,0,0,0,0,0
1101_PE2_PNE-1211,42,20250922,0,0,0,0,0,0,0
1101_PE2_PNE-1312,42,20250922,0,0,0,0,0,0,0
1101_PE2_PNE-1411,42,20250922,0,0,0,0,0,0,0
1101_PE2_PNE-1412,42,20250922,0,0,0,0,0,0,0
1101_PE2_PNE-1511,42,20250922,0,0,0,0,0,0,0
1101_PE2_PNE-1512,42,20250922,0,0,0,0,0,0,0
1101_PE2_PNE-1611,42,20250922,0,0,0,0,0,0,0
1101_PE2_PNE-1701,42,20250922,0,0,0,0,0,0,0
1101_PE2_PNE-1702,42,20250922,0,0,0,0,0,0,0
1101_PE2_PNE-1711,42,20250922,0,0,0,0,0,0,0
1101_PE2_PNE-1712,42,20250922,0,0,0,0,0,0,0
1101_VERAO-1513,42,20250922,0,0,0,0,0,0,0
1101_VERAO-1703,42,20250922,0,0,0,0,0,0,0
1101-11,42,20250922,0,0,2,2,0,0,0
1102_PE2_PNE-1111,42,20250922,0,0,0,0,0,0,0
1102_PE2_PNE-1211,42,20250922,0,0,0,0,0,0,0
1102_PE2_PNE-1312,42,20250922,0,0,0,0,0,0,0
1102_PE2_PNE-1411,42,20250922,0,0,0,0,0,0,0
1102_PE2_PNE-1412,42,20250922,0,0,0,0,0,0,0
1102_PE2_PNE-1511,42,20250922,0,0,0,0,0,0,0
1102_PE2_PNE-1512,42,20250922,0,0,0,0,0,0,0
1102_PE2_PNE-1611,42,20250922,0,0,0,0,0,0,0
1102_PE2_PNE-1701,42,20250922,0,0,0,0,0,0,0
1102_PE2_PNE-1702,42,20250922,0,0,0,0,0,0,0
1102_PE2_PNE-1711,42,20250922,0,0,0,0,0,0,0
1102_PE2_PNE-1712,42,20250922,0,0,0,0,0,0,0
1102_VERAO-1513,42,20250922,0,0,0,0,0,0,0
1102_VERAO-1703,42,20250922,0,0,0,0,0,0,0
1102-11,42,20250922,0,0,3,2,0,0,0
1103_PE2_PNE-1111,42,20250922,0,0,0,0,0,0,0
1103_PE2_PNE-1211,42,20250922,0,0,0,0,0,0,0
1103_PE2_PNE-1312,42,20250922,0,0,0,0,0,0,0
1103_PE2_PNE-1411,42,20250922,0,0,0,0,0,0,0
1103_PE2_PNE-1412,42,20250922,0,0,0,0,0,0,0
1103_PE2_PNE-1511,42,20250922,0,0,0,0,0,0,0
1103_PE2_PNE-1512,42,20250922,0,0,0,0,0,0,0
1103_PE2_PNE-1611,42,20250922,0,0,0,0,0,0,0
1103_PE2_PNE-1701,42,20250922,0,0,0,0,0,0,0
1103_PE2_PNE-1702,42,20250922,0,0,0,0,0,0,0
1103_PE2_PNE-1711,42,20250922,0,0,0,0,0,0,0
1103_PE2_PNE-1712,42,20250922,0,0,0,0,0,0,0
1103_VERAO-1513,42,20250922,0,0,0,0,0,0,0
1103_VERAO-1703,42,20250922,0,0,0,0,0,0,0
1103-11,42,20250922,0,0,3,2,0,0,0
1104_PE2_PNE-1111,42,20250922,0,0,0,0,0,0,0
1104_PE2_PNE-1211,42,20250922,0,0,0,0,0,0,0
1104_PE2_PNE-1312,42,20250922,0,0,0,0,0,0,0
1104_PE2_PNE-1411,42,20250922,0,0,0,0,0,0,0
1104_PE2_PNE-1412,42,20250922,0,0,0,0,0,0,0
1104_PE2_PNE-1511,42,20250922,0,0,0,0,0,0,0
1104_PE2_PNE-1512,42,20250922,0,0,0,0,0,0,0
1104_PE2_PNE-1611,42,20250922,0,0,0,0,0,0,0
1104_PE2_PNE-1701,42,20250922,0,0,0,0,0,0,0
1104_PE2_PNE-1702,42,20250922,0,0,0,0,0,0,0
1104_PE2_PNE-1711,42,20250922,0,0,0,0,0,0,0
1104_PE2_PNE-1712,42,20250922,0,0,0,0,0,0,0
1104_VERAO-1513,42,20250922,0,0,0,0,0,0,0
1104_VERAO-1703,42,20250922,0,0,0,0,0,0,0
1104-11,42,20250922,0,0,3,2,0,0,0
1105_PE2_PNE-1111,42,20250922,0,0,0,0,0,0,0
1105_PE2_PNE-1211,42,20250922,0,0,0,0,0,0,0
1105_PE2_PNE-1312,42,20250922,0,0,0,0,0,0,0
1105_PE2_PNE-1411,42,20250922,0,0,0,0,0,0,0
1105_PE2_PNE-1412,42,20250922,0,0,0,0,0,0,0
1105_PE2_PNE-1511,42,20250922,0,0,0,0,0,0,0
1105_PE2_PNE-1512,42,20250922,0,0,0,0,0,0,0
1105_PE2_PNE-1611,42,20250922,0,0,0,0,0,0,0
1105_PE2_PNE-1701,42,20250922,0,0,0,0,0,0,0
1105_PE2_PNE-1702,42,20250922,0,0,0,0,0,0,0
1105_PE2_PNE-1711,42,20250922,0,0,0,0,0,0,0
1105_PE2_PNE-1712,42,20250922,0,0,0,0,0,0,0
1105_VERAO-1513,42,20250922,0,0,0,0,0,0,0
1105_VERAO-1703,42,20250922,0,0,0,0,0,0,0
1105-11,42,20250922,0,0,3,2,0,0,0
1106_PE2_PNE-1111,42,20250922,0,0,0,0,0,0,0
1106_PE2_PNE-1211,42,20250922,0,0,0,0,0,0,0
1106_PE2_PNE-1312,42,20250922,0,0,0,0,0,0,0
1106_PE2_PNE-1411,42,20250922,0,0,0,0,0,0,0
1106_PE2_PNE-1412,42,20250922,0,0,0,0,0,0,0
1106_PE2_PNE-1511,42,20250922,0,0,0,0,0,0,0
1106_PE2_PNE-1512,42,20250922,0,0,0,0,0,0,0
1106_PE2_PNE-1611,42,20250922,0,0,0,0,0,0,0
1106_PE2_PNE-1701,42,20250922,0,0,0,0,0,0,0
1106_PE2_PNE-1702,42,20250922,0,0,0,0,0,0,0
1106_PE2_PNE-1711,42,20250922,0,0,0,0,0,0,0
1106_PE2_PNE-1712,42,20250922,0,0,0,0,0,0,0
1106_VERAO-1513,42,20250922,0,0,0,0,0,0,0
1106_VERAO-1703,42,20250922,0,0,0,0,0,0,0
1106-11,42,20250922,0,0,3,2,0,0,0
1107_PE2_PNE-1111,42,20250922,0,0,0,0,0,0,0
1107_PE2_PNE-1211,42,20250922,0,0,0,0,0,0,0
1107_PE2_PNE-1312,42,20250922,0,0,0,0,0,0,0
1107_PE2_PNE-1411,42,20250922,0,0,0,0,0,0,0
1107_PE2_PNE-1412,42,20250922,0,0,0,0,0,0,0
1107_PE2_PNE-1511,42,20250922,0,0,0,0,0,0,0
1107_PE2_PNE-1512,42,20250922,0,0,0,0,0,0,0
1107_PE2_PNE-1611,42,20250922,0,0,0,0,0,0,0
1107_PE2_PNE-1701,42,20250922,0,0,0,0,0,0,0
1107_PE2_PNE-1702,42,20250922,0,0,0,0,0,0,0
1107_PE2_PNE-1711,42,20250922,0,0,0,0,0,0,0
1107_PE2_PNE-1712,42,20250922,0,0,0,0,0,0,0
1107_VERAO-1513,42,20250922,0,0,0,0,0,0,0
1107_VERAO-1703,42,20250922,0,0,0,0,0,0,0
1107-11,42,20250922,0,0,3,2,0,0,0
1108_PE2_PNE-1111,42,20250922,0,0,0,0,0,0,0
1108_PE2_PNE-1211,42,20250922,0,0,0,0,0,0,0
1108_PE2_PNE-1312,42,20250922,0,0,0,0,0,0,0
1108_PE2_PNE-1411,42,20250922,0,0,0,0,0,0,0
1108_PE2_PNE-1412,42,20250922,0,0,0,0,0,0,0
1108_PE2_PNE-1511,42,20250922,0,0,0,0,0,0,0
1108_PE2_PNE-1512,42,20250922,0,0,0,0,0,0,0
1108_PE2_PNE-1611,42,20250922,0,0,0,0,0,0,0
1108_PE2_PNE-1701,42,20250922,0,0,0,0,0,0,0
1108_PE2_PNE-1702,42,20250922,0,0,0,0,0,0,0
1108_PE2_PNE-1711,42,20250922,0,0,0,0,0,0,0
1108_PE2_PNE-1712,42,20250922,0,0,0,0,0,0,0
1108_VERAO-1513,42,20250922,0,0,0,0,0,0,0
1108_VERAO-1703,42,20250922,0,0,0,0,0,0,0
1108-11,42,20250922,0,0,3,2,0,0,0
1109_PE2_PNE-1111,42,20250922,0,0,0,0,0,0,0
1109_PE2_PNE-1211,42,20250922,0,0,0,0,0,0,0
1109_PE2_PNE-1312,42,20250922,0,0,0,0,0,0,0
1109_PE2_PNE-1411,42,20250922,0,0,0,0,0,0,0
1109_PE2_PNE-1412,42,20250922,0,0,0,0,0,0,0
1109_PE2_PNE-1511,42,20250922,0,0,0,0,0,0,0
1109_PE2_PNE-1512,42,20250922,0,0,0,0,0,0,0
1109_PE2_PNE-1611,42,20250922,0,0,0,0,0,0,0
1109_PE2_PNE-1701,42,20250922,0,0,0,0,0,0,0
1109_PE2_PNE-1702,42,20250922,0,0,0,0,0,0,0
1109_PE2_PNE-1711,42,20250922,0,0,0,0,0,0,0
1109_PE2_PNE-1712,42,20250922,0,0,0,0,0,0,0
1109_VERAO-1513,42,20250922,0,0,0,0,0,0,0
1109_VERAO-1703,42,20250922,0,0,0,0,0,0,0
1109-11,42,20250922,0,0,3,2,0,0,0
111_PE-1101,42,20250922,0,0,0,0,0,0,0
111_PE-1201,42,20250922,0,0,0,0,0,0,0
111_PE-1301,42,20250922,0,0,0,0,0,0,0
111_PE-1401,42,20250922,0,0,0,0,0,0,0
111_PE-1501,42,20250922,0,0,0,0,0,0,0
111_PE2-1105,42,20250922,0,0,0,0,0,0,0
111_PE2-1205,42,20250922,0,0,0,0,0,0,0
111_PE2-1305,42,20250922,0,0,0,0,0,0,0
111_PE2-1405,42,20250922,0,0,0,0,0,0,0
111_PE2-1505,42,20250922,0,0,0,0,0,0,0
111_PNE-1102,42,20250922,0,0,0,0,0,0,0
111_PNE-1202,42,20250922,0,0,0,0,0,0,0
111_PNE-1302,42,20250922,0,0,0,0,0,0,0
111_PNE-1402,42,20250922,0,0,0,0,0,0,0
111_PNE-1502,42,20250922,0,0,0,0,0,0,0
111_VERAO-1103,42,20250922,0,0,0,0,0,0,0
111_VERAO-1203,42,20250922,0,0,0,0,0,0,0
111_VERAO-1303,42,20250922,0,0,0,0,0,0,0
111_VERAO-1403,42,20250922,0,0,0,0,0,0,0
111_VERAO-1503,42,20250922,0,0,0,0,0,0,0
1110_PE2_PNE-1111,42,20250922,0,0,0,0,0,0,0
1110_PE2_PNE-1211,42,20250922,0,0,0,0,0,0,0
1110_PE2_PNE-1312,42,20250922,0,0,0,0,0,0,0
1110_PE2_PNE-1411,42,20250922,0,0,0,0,0,0,0
1110_PE2_PNE-1412,42,20250922,0,0,0,0,0,0,0
1110_PE2_PNE-1511,42,20250922,0,0,0,0,0,0,0
1110_PE2_PNE-1512,42,20250922,0,0,0,0,0,0,0
1110_PE2_PNE-1611,42,20250922,0,0,0,0,0,0,0
1110_PE2_PNE-1701,42,20250922,0,0,0,0,0,0,0
1110_PE2_PNE-1702,42,20250922,0,0,0,0,0,0,0
1110_PE2_PNE-1711,42,20250922,0,0,0,0,0,0,0
1110_PE2_PNE-1712,42,20250922,0,0,0,0,0,0,0
1110_VERAO-1513,42,20250922,0,0,0,0,0,0,0
1110_VERAO-1703,42,20250922,0,0,0,0,0,0,0
1110-11,42,20250922,0,0,3,2,0,0,0
1111_PE2_PNE-1111,42,20250922,0,0,0,0,0,0,0
1111_PE2_PNE-1211,42,20250922,0,0,0,0,0,0,0
1111_PE2_PNE-1312,42,20250922,0,0,0,0,0,0,0
1111_PE2_PNE-1411,42,20250922,0,0,0,0,0,0,0
1111_PE2_PNE-1412,42,20250922,0,0,0,0,0,0,0
1111_PE2_PNE-1511,42,20250922,0,0,0,0,0,0,0
1111_PE2_PNE-1512,42,20250922,0,0,0,0,0,0,0
1111_PE2_PNE-1611,42,20250922,0,0,0,0,0,0,0
1111_PE2_PNE-1701,42,20250922,0,0,0,0,0,0,0
1111_PE2_PNE-1702,42,20250922,0,0,0,0,0,0,0
1111_PE2_PNE-1711,42,20250922,0,0,0,0,0,0,0
1111_PE2_PNE-1712,42,20250922,0,0,0,0,0,0,0
1111_VERAO-1513,42,20250922,0,0,0,0,0,0,0
1111_VERAO-1703,42,20250922,0,0,0,0,0,0,0
1111-11,42,20250922,0,0,3,2,0,0,0
1112_PE2_PNE-1111,42,20250922,0,0,0,0,0,0,0
1112_PE2_PNE-1211,42,20250922,0,0,0,0,0,0,0
1112_PE2_PNE-1312,42,20250922,0,0,0,0,0,0,0
1112_PE2_PNE-1411,42,20250922,0,0,0,0,0,0,0
1112_PE2_PNE-1412,42,20250922,0,0,0,0,0,0,0
1112_PE2_PNE-1511,42,20250922,0,0,0,0,0,0,0
1112_PE2_PNE-1512,42,20250922,0,0,0,0,0,0,0
1112_PE2_PNE-1611,42,20250922,0,0,0,0,0,0,0
1112_PE2_PNE-1701,42,20250922,0,0,0,0,0,0,0
1112_PE2_PNE-1702,42,20250922,0,0,0,0,0,0,0
1112_PE2_PNE-1711,42,20250922,0,0,0,0,0,0,0
1112_PE2_PNE-1712,42,20250922,0,0,0,0,0,0,0
1112_VERAO-1513,42,20250922,0,0,0,0,0,0,0
1112_VERAO-1703,42,20250922,0,0,0,0,0,0,0
1112-11,42,20250922,0,0,3,2,0,0,0
1113_PE2_PNE-1111,42,20250922,0,0,0,0,0,0,0
1113_PE2_PNE-1211,42,20250922,0,0,0,0,0,0,0
1113_PE2_PNE-1312,42,20250922,0,0,0,0,0,0,0
1113_PE2_PNE-1411,42,20250922,0,0,0,0,0,0,0
1113_PE2_PNE-1412,42,20250922,0,0,0,0,0,0,0
1113_PE2_PNE-1511,42,20250922,0,0,0,0,0,0,0
1113_PE2_PNE-1512,42,20250922,0,0,0,0,0,0,0
1113_PE2_PNE-1611,42,20250922,0,0,0,0,0,0,0
1113_PE2_PNE-1701,42,20250922,0,0,0,0,0,0,0
1113_PE2_PNE-1702,42,20250922,0,0,0,0,0,0,0
1113_PE2_PNE-1711,42,20250922,0,0,0,0,0,0,0
1113_PE2_PNE-1712,42,20250922,0,0,0,0,0,0,0
1113_VERAO-1513,42,20250922,0,0,0,0,0,0,0
1113_VERAO-1703,42,20250922,0,0,0,0,0,0,0
1113-11,42,20250922,0,0,3,2,0,0,0
1114_PE2_PNE-1111,42,20250922,0,0,0,0,0,0,0
1114_PE2_PNE-1211,42,20250922,0,0,0,0,0,0,0
1114_PE2_PNE-1312,42,20250922,0,0,0,0,0,0,0
1114_PE2_PNE-1411,42,20250922,0,0,0,0,0,0,0
1114_PE2_PNE-1412,42,20250922,0,0,0,0,0,0,0
1114_PE2_PNE-1511,42,20250922,0,0,0,0,0,0,0
1114_PE2_PNE-1512,42,20250922,0,0,0,0,0,0,0
1114_PE2_PNE-1611,42,20250922,0,0,0,0,0,0,0
1114_PE2_PNE-1701,42,20250922,0,0,0,0,0,0,0
1114_PE2_PNE-1702,42,20250922,0,0,0,0,0,0,0
1114_PE2_PNE-1711,42,20250922,0,0,0,0,0,0,0
1114_PE2_PNE-1712,42,20250922,0,0,0,0,0,0,0
1114_VERAO-1513,42,20250922,0,0,0,0,0,0,0
1114_VERAO-1703,42,20250922,0,0,0,0,0,0,0
1114-11,42,20250922,0,0,3,2,0,0,0
1115_PE2_PNE-1111,42,20250922,0,0,0,0,0,0,0
1115_PE2_PNE-1211,42,20250922,0,0,0,0,0,0,0
1115_PE2_PNE-1312,42,20250922,0,0,0,0,0,0,0
1115_PE2_PNE-1411,42,20250922,0,0,0,0,0,0,0
1115_PE2_PNE-1412,42,20250922,0,0,0,0,0,0,0
1115_PE2_PNE-1511,42,20250922,0,0,0,0,0,0,0
1115_PE2_PNE-1512,42,20250922,0,0,0,0,0,0,0
1115_PE2_PNE-1611,42,20250922,0,0,0,0,0,0,0
1115_PE2_PNE-1701,42,20250922,0,0,0,0,0,0,0
1115_PE2_PNE-1702,42,20250922,0,0,0,0,0,0,0
1115_PE2_PNE-1711,42,20250922,0,0,0,0,0,0,0
1115_PE2_PNE-1712,42,20250922,0,0,0,0,0,0,0
1115_VERAO-1513,42,20250922,0,0,0,0,0,0,0
1115_VERAO-1703,42,20250922,0,0,0,0,0,0,0
1115-11,42,20250922,0,0,3,2,0,0,0
1116-11,42,20250922,0,0,3,2,0,0,0
1117-11,42,20250922,0,0,3,2,0,0,0
1118-11,42,20250922,0,0,4,2,0,0,0
1119-11,42,20250922,0,0,4,2,0,0,0
112_PE-1101,42,20250922,0,0,0,0,0,0,0
112_PE-1201,42,20250922,0,0,0,0,0,0,0
112_PE-1301,42,20250922,0,0,0,0,0,0,0
112_PE-1401,42,20250922,0,0,0,0,0,0,0
112_PE-1501,42,20250922,0,0,0,0,0,0,0
112_PE2-1105,42,20250922,0,0,0,0,0,0,0
112_PE2-1205,42,20250922,0,0,0,0,0,0,0
112_PE2-1305,42,20250922,0,0,0,0,0,0,0
112_PE2-1405,42,20250922,0,0,0,0,0,0,0
112_PE2-1505,42,20250922,0,0,0,0,0,0,0
112_PNE-1102,42,20250922,0,0,0,0,0,0,0
112_PNE-1202,42,20250922,0,0,0,0,0,0,0
112_PNE-1302,42,20250922,0,0,0,0,0,0,0
112_PNE-1402,42,20250922,0,0,0,0,0,0,0
112_PNE-1502,42,20250922,0,0,0,0,0,0,0
112_VERAO-1103,42,20250922,0,0,0,0,0,0,0
112_VERAO-1203,42,20250922,0,0,0,0,0,0,0
112_VERAO-1303,42,20250922,0,0,0,0,0,0,0
112_VERAO-1403,42,20250922,0,0,0,0,0,0,0
112_VERAO-1503,42,20250922,0,0,0,0,0,0,0
1120-11,42,20250922,0,0,4,2,0,0,0
1121-11,42,20250922,0,0,4,2,0,0,0
1122-11,42,20250922,0,0,4,2,0,0,0
1123-11,42,20250922,0,0,4,2,0,0,0
1124-11,42,20250922,0,0,3,2,0,0,0
1125-11,42,20250922,0,0,3,2,0,0,0
1126-11,42,20250922,0,0,3,2,0,0,0
1127-11,42,20250922,0,0,3,2,0,0,0
1128-11,42,20250922,0,0,3,2,0,0,0
1129-11,42,20250922,0,0,3,2,0,0,0
113_PE-1101,42,20250922,0,0,0,0,0,0,0
113_PE-1201,42,20250922,0,0,0,0,0,0,0
113_PE-1301,42,20250922,0,0,0,0,0,0,0
113_PE-1401,42,20250922,0,0,0,0,0,0,0
113_PE-1501,42,20250922,0,0,0,0,0,0,0
113_PE2-1105,42,20250922,0,0,0,0,0,0,0
113_PE2-1205,42,20250922,0,0,0,0,0,0,0
113_PE2-1305,42,20250922,0,0,0,0,0,0,0
113_PE2-1405,42,20250922,0,0,0,0,0,0,0
113_PE2-1505,42,20250922,0,0,0,0,0,0,0
113_PNE-1102,42,20250922,0,0,0,0,0,0,0
113_PNE-1202,42,20250922,0,0,0,0,0,0,0
113_PNE-1302,42,20250922,0,0,0,0,0,0,0
113_PNE-1402,42,20250922,0,0,0,0,0,0,0
113_PNE-1502,42,20250922,0,0,0,0,0,0,0
113_VERAO-1103,42,20250922,0,0,0,0,0,0,0
113_VERAO-1203,42,20250922,0,0,0,0,0,0,0
113_VERAO-1303,42,20250922,0,0,0,0,0,0,0
113_VERAO-1403,42,20250922,0,0,0,0,0,0,0
113_VERAO-1503,42,20250922,0,0,0,0,0,0,0
1130-11,42,20250922,0,0,3,2,0,0,0
1131-11,42,20250922,0,0,3,2,0,0,0
1132-11,42,20250922,0,0,3,2,0,0,0
1134-11,42,20250922,0,0,5,3,0,0,0
1135-11,42,20250922,0,0,5,3,0,0,0
1136-11,42,20250922,0,0,5,3,0,0,0
1137-11,42,20250922,0,0,5,3,0,0,0
1138-11,42,20250922,0,0,5,3,0,0,0
1139-11,42,20250922,0,0,5,3,0,0,0
114_PE-1101,42,20250922,0,0,0,0,0,0,0
114_PE-1201,42,20250922,0,0,0,0,0,0,0
114_PE-1301,42,20250922,0,0,0,0,0,0,0
114_PE-1401,42,20250922,0,0,0,0,0,0,0
114_PE-1501,42,20250922,0,0,0,0,0,0,0
114_PE2-1105,42,20250922,0,0,0,0,0,0,0
114_PE2-1205,42,20250922,0,0,0,0,0,0,0
114_PE2-1305,42,20250922,0,0,0,0,0,0,0
114_PE2-1405,42,20250922,0,0,0,0,0,0,0
114_PE2-1505,42,20250922,0,0,0,0,0,0,0
114_PNE-1102,42,20250922,0,0,0,0,0,0,0
114_PNE-1202,42,20250922,0,0,0,0,0,0,0
114_PNE-1302,42,20250922,0,0,0,0,0,0,0
114_PNE-1402,42,20250922,0,0,0,0,0,0,0
114_PNE-1502,42,20250922,0,0,0,0,0,0,0
114_VERAO-1103,42,20250922,0,0,0,0,0,0,0
114_VERAO-1203,42,20250922,0,0,0,0,0,0,0
114_VERAO-1303,42,20250922,0,0,0,0,0,0,0
114_VERAO-1403,42,20250922,0,0,0,0,0,0,0
114_VERAO-1503,42,20250922,0,0,0,0,0,0,0
1140-11,42,20250922,0,0,5,3,0,0,0
1141-11,42,20250922,0,0,5,3,0,0,0
1142-11,42,20250922,0,0,5,3,0,0,0
1143-11,42,20250922,0,0,3,2,0,0,0
1144-11,42,20250922,0,0,3,2,0,0,0
1145-11,42,20250922,0,0,3,2,0,0,0
1146-11,42,20250922,0,0,3,2,0,0,0
1147-11,42,20250922,0,0,5,3,0,0,0
1149-11,42,20250922,0,0,5,3,0,0,0
115_PE-1101,42,20250922,0,0,0,0,0,0,0
115_PE-1201,42,20250922,0,0,0,0,0,0,0
115_PE-1301,42,20250922,0,0,0,0,0,0,0
115_PE-1401,42,20250922,0,0,0,0,0,0,0
115_PE-1501,42,20250922,0,0,0,0,0,0,0
115_PE2-1105,42,20250922,0,0,0,0,0,0,0
115_PE2-1205,42,20250922,0,0,0,0,0,0,0
115_PE2-1305,42,20250922,0,0,0,0,0,0,0
115_PE2-1405,42,20250922,0,0,0,0,0,0,0
115_PE2-1505,42,20250922,0,0,0,0,0,0,0
115_PNE-1102,42,20250922,0,0,0,0,0,0,0
115_PNE-1202,42,20250922,0,0,0,0,0,0,0
115_PNE-1302,42,20250922,0,0,0,0,0,0,0
115_PNE-1402,42,20250922,0,0,0,0,0,0,0
115_PNE-1502,42,20250922,0,0,0,0,0,0,0
115_VERAO-1103,42,20250922,0,0,0,0,0,0,0
115_VERAO-1203,42,20250922,0,0,0,0,0,0,0
115_VERAO-1303,42,20250922,0,0,0,0,0,0,0
115_VERAO-1403,42,20250922,0,0,0,0,0,0,0
115_VERAO-1503,42,20250922,0,0,0,0,0,0,0
1150-11,42,20250922,0,0,5,3,0,0,0
1151-11,42,20250922,0,0,5,3,0,0,0
1152-11,42,20250922,0,0,3,2,0,0,0
1153-11,42,20250922,0,0,3,2,0,0,0
1154-11,42,20250922,0,0,3,2,0,0,0
1155-11,42,20250922,0,0,3,2,0,0,0
1156-11,42,20250922,0,0,3,2,0,0,0
1157-11,42,20250922,0,0,2,2,0,0,0
1158-11,42,20250922,0,0,2,2,0,0,0
1159-11,42,20250922,0,0,2,2,0,0,0
116_PE-1101,42,20250922,0,0,0,0,0,0,0
116_PE-1201,42,20250922,0,0,0,0,0,0,0
116_PE-1301,42,20250922,0,0,0,0,0,0,0
116_PE-1401,42,20250922,0,0,0,0,0,0,0
116_PE-1501,42,20250922,0,0,0,0,0,0,0
116_PE2-1105,42,20250922,0,0,0,0,0,0,0
116_PE2-1205,42,20250922,0,0,0,0,0,0,0
116_PE2-1305,42,20250922,0,0,0,0,0,0,0
116_PE2-1405,42,20250922,0,0,0,0,0,0,0
116_PE2-1505,42,20250922,0,0,0,0,0,0,0
116_PNE-1102,42,20250922,0,0,0,0,0,0,0
116_PNE-1202,42,20250922,0,0,0,0,0,0,0
116_PNE-1302,42,20250922,0,0,0,0,0,0,0
116_PNE-1402,42,20250922,0,0,0,0,0,0,0
116_PNE-1502,42,20250922,0,0,0,0,0,0,0
116_VERAO-1103,42,20250922,0,0,0,0,0,0,0
116_VERAO-1203,42,20250922,0,0,0,0,0,0,0
116_VERAO-1303,42,20250922,0,0,0,0,0,0,0
116_VERAO-1403,42,20250922,0,0,0,0,0,0,0
116_VERAO-1503,42,20250922,0,0,0,0,0,0,0
1160-11,42,20250922,0,0,2,2,0,0,0
1161-11,42,20250922,0,0,1,1,0,0,0
1162-11,42,20250922,0,0,3,2,0,0,0
1163-11,42,20250922,0,0,3,2,0,0,0
1164-11,42,20250922,0,0,3,2,0,0,0
1165-11,42,20250922,0,0,1,1,0,0,0
1166-11,42,20250922,0,0,1,1,0,0,0
1167-11,42,20250922,0,0,1,1,0,0,0
1168-11,42,20250922,0,0,1,1,0,0,0
1169-11,42,20250922,0,0,1,1,0,0,0
117_PE-1101,42,20250922,0,0,0,0,0,0,0
117_PE-1201,42,20250922,0,0,0,0,0,0,0
117_PE-1301,42,20250922,0,0,0,0,0,0,0
117_PE-1401,42,20250922,0,0,0,0,0,0,0
117_PE-1501,42,20250922,0,0,0,0,0,0,0
117_PE2-1105,42,20250922,0,0,0,0,0,0,0
117_PE2-1205,42,20250922,0,0,0,0,0,0,0
117_PE2-1305,42,20250922,0,0,0,0,0,0,0
117_PE2-1405,42,20250922,0,0,0,0,0,0,0
117_PE2-1505,42,20250922,0,0,0,0,0,0,0
117_PNE-1102,42,20250922,0,0,0,0,0,0,0
117_PNE-1202,42,20250922,0,0,0,0,0,0,0
117_PNE-1302,42,20250922,0,0,0,0,0,0,0
117_PNE-1402,42,20250922,0,0,0,0,0,0,0
117_PNE-1502,42,20250922,0,0,0,0,0,0,0
117_VERAO-1103,42,20250922,0,0,0,0,0,0,0
117_VERAO-1203,42,20250922,0,0,0,0,0,0,0
117_VERAO-1303,42,20250922,0,0,0,0,0,0,0
117_VERAO-1403,42,20250922,0,0,0,0,0,0,0
117_VERAO-1503,42,20250922,0,0,0,0,0,0,0
1170-11,42,20250922,0,0,1,1,0,0,0
1171-11,42,20250922,0,0,3,2,0,0,0
1172-11,42,20250922,0,0,3,2,0,0,0
1173-11,42,20250922,0,0,1,1,0,0,0
1174-11,42,20250922,0,0,1,1,0,0,0
1175-11,42,20250922,0,0,2,2,0,0,0
1176-11,42,20250922,0,0,2,2,0,0,0
1177-11,42,20250922,0,0,1,1,0,0,0
1178-11,42,20250922,0,0,2,2,0,0,0
118_PE-1101,42,20250922,0,0,0,0,0,0,0
118_PE-1201,42,20250922,0,0,0,0,0,0,0
118_PE-1301,42,20250922,0,0,0,0,0,0,0
118_PE-1401,42,20250922,0,0,0,0,0,0,0
118_PE-1501,42,20250922,0,0,0,0,0,0,0
118_PE2-1105,42,20250922,0,0,0,0,0,0,0
118_PE2-1205,42,20250922,0,0,0,0,0,0,0
118_PE2-1305,42,20250922,0,0,0,0,0,0,0
118_PE2-1405,42,20250922,0,0,0,0,0,0,0
118_PE2-1505,42,20250922,0,0,0,0,0,0,0
118_PNE-1102,42,20250922,0,0,0,0,0,0,0
118_PNE-1202,42,20250922,0,0,0,0,0,0,0
118_PNE-1302,42,20250922,0,0,0,0,0,0,0
118_PNE-1402,42,20250922,0,0,0,0,0,0,0
118_PNE-1502,42,20250922,0,0,0,0,0,0,0
118_VERAO-1103,42,20250922,0,0,0,0,0,0,0
118_VERAO-1203,42,20250922,0,0,0,0,0,0,0
118_VERAO-1303,42,20250922,0,0,0,0,0,0,0
118_VERAO-1403,42,20250922,0,0,0,0,0,0,0
118_VERAO-1503,42,20250922,0,0,0,0,0,0,0
119_PE-1101,42,20250922,0,0,0,0,0,0,0
119_PE-1201,42,20250922,0,0,0,0,0,0,0
119_PE-1301,42,20250922,0,0,0,0,0,0,0
119_PE-1401,42,20250922,0,0,0,0,0,0,0
119_PE-1501,42,20250922,0,0,0,0,0,0,0
119_PE2-1105,42,20250922,0,0,0,0,0,0,0
119_PE2-1205,42,20250922,0,0,0,0,0,0,0
119_PE2-1305,42,20250922,0,0,0,0,0,0,0
119_PE2-1405,42,20250922,0,0,0,0,0,0,0
119_PE2-1505,42,20250922,0,0,0,0,0,0,0
119_PNE-1102,42,20250922,0,0,0,0,0,0,0
119_PNE-1202,42,20250922,0,0,0,0,0,0,0
119_PNE-1302,42,20250922,0,0,0,0,0,0,0
119_PNE-1402,42,20250922,0,0,0,0,0,0,0
119_PNE-1502,42,20250922,0,0,0,0,0,0,0
119_VERAO-1103,42,20250922,0,0,0,0,0,0,0
119_VERAO-1203,42,20250922,0,0,0,0,0,0,0
119_VERAO-1303,42,20250922,0,0,0,0,0,0,0
119_VERAO-1403,42,20250922,0,0,0,0,0,0,0
119_VERAO-1503,42,20250922,0,0,0,0,0,0,0
12_PE-1101,42,20250922,0,0,0,0,0,0,0
12_PE-1201,42,20250922,0,0,0,0,0,0,0
12_PE-1301,42,20250922,0,0,0,0,0,0,0
12_PE-1401,42,20250922,0,0,0,0,0,0,0
12_PE-1501,42,20250922,0,0,0,0,0,0,0
12_PE2-1105,42,20250922,0,0,0,0,0,0,0
12_PE2-1205,42,20250922,0,0,0,0,0,0,0
12_PE2-1305,42,20250922,0,0,0,0,0,0,0
12_PE2-1405,42,20250922,0,0,0,0,0,0,0
12_PE2-1505,42,20250922,0,0,0,0,0,0,0
12_PNE-1102,42,20250922,0,0,0,0,0,0,0
12_PNE-1202,42,20250922,0,0,0,0,0,0,0
12_PNE-1302,42,20250922,0,0,0,0,0,0,0
12_PNE-1402,42,20250922,0,0,0,0,0,0,0
12_PNE-1502,42,20250922,0,0,0,0,0,0,0
12_VERAO-1103,42,20250922,0,0,0,0,0,0,0
12_VERAO-1203,42,20250922,0,0,0,0,0,0,0
12_VERAO-1303,42,20250922,0,0,0,0,0,0,0
12_VERAO-1403,42,20250922,0,0,0,0,0,0,0
12_VERAO-1503,42,20250922,0,0,0,0,0,0,0
120_PE-1101,42,20250922,0,0,0,0,0,0,0
120_PE-1201,42,20250922,0,0,0,0,0,0,0
120_PE-1301,42,20250922,0,0,0,0,0,0,0
120_PE-1401,42,20250922,0,0,0,0,0,0,0
120_PE-1501,42,20250922,0,0,0,0,0,0,0
120_PE2-1105,42,20250922,0,0,0,0,0,0,0
120_PE2-1205,42,20250922,0,0,0,0,0,0,0
120_PE2-1305,42,20250922,0,0,0,0,0,0,0
120_PE2-1405,42,20250922,0,0,0,0,0,0,0
120_PE2-1505,42,20250922,0,0,0,0,0,0,0
120_PNE-1102,42,20250922,0,0,0,0,0,0,0
120_PNE-1202,42,20250922,0,0,0,0,0,0,0
120_PNE-1302,42,20250922,0,0,0,0,0,0,0
120_PNE-1402,42,20250922,0,0,0,0,0,0,0
120_PNE-1502,42,20250922,0,0,0,0,0,0,0
120_VERAO-1103,42,20250922,0,0,0,0,0,0,0
120_VERAO-1203,42,20250922,0,0,0,0,0,0,0
120_VERAO-1303,42,20250922,0,0,0,0,0,0,0
120_VERAO-1403,42,20250922,0,0,0,0,0,0,0
120_VERAO-1503,42,20250922,0,0,0,0,0,0,0
121_PE-1101,42,20250922,0,0,0,0,0,0,0
121_PE-1201,42,20250922,0,0,0,0,0,0,0
121_PE-1301,42,20250922,0,0,0,0,0,0,0
121_PE-1401,42,20250922,0,0,0,0,0,0,0
121_PE-1501,42,20250922,0,0,0,0,0,0,0
121_PE2-1105,42,20250922,0,0,0,0,0,0,0
121_PE2-1205,42,20250922,0,0,0,0,0,0,0
121_PE2-1305,42,20250922,0,0,0,0,0,0,0
121_PE2-1405,42,20250922,0,0,0,0,0,0,0
121_PE2-1505,42,20250922,0,0,0,0,0,0,0
121_PNE-1102,42,20250922,0,0,0,0,0,0,0
121_PNE-1202,42,20250922,0,0,0,0,0,0,0
121_PNE-1302,42,20250922,0,0,0,0,0,0,0
121_PNE-1402,42,20250922,0,0,0,0,0,0,0
121_PNE-1502,42,20250922,0,0,0,0,0,0,0
121_VERAO-1103,42,20250922,0,0,0,0,0,0,0
121_VERAO-1203,42,20250922,0,0,0,0,0,0,0
121_VERAO-1303,42,20250922,0,0,0,0,0,0,0
121_VERAO-1403,42,20250922,0,0,0,0,0,0,0
121_VERAO-1503,42,20250922,0,0,0,0,0,0,0
122_PE-1101,42,20250922,0,0,0,0,0,0,0
122_PE-1201,42,20250922,0,0,0,0,0,0,0
122_PE-1301,42,20250922,0,0,0,0,0,0,0
122_PE-1401,42,20250922,0,0,0,0,0,0,0
122_PE-1501,42,20250922,0,0,0,0,0,0,0
122_PE2-1105,42,20250922,0,0,0,0,0,0,0
122_PE2-1205,42,20250922,0,0,0,0,0,0,0
122_PE2-1305,42,20250922,0,0,0,0,0,0,0
122_PE2-1405,42,20250922,0,0,0,0,0,0,0
122_PE2-1505,42,20250922,0,0,0,0,0,0,0
122_PNE-1102,42,20250922,0,0,0,0,0,0,0
122_PNE-1202,42,20250922,0,0,0,0,0,0,0
122_PNE-1302,42,20250922,0,0,0,0,0,0,0
122_PNE-1402,42,20250922,0,0,0,0,0,0,0
122_PNE-1502,42,20250922,0,0,0,0,0,0,0
122_VERAO-1103,42,20250922,0,0,0,0,0,0,0
122_VERAO-1203,42,20250922,0,0,0,0,0,0,0
122_VERAO-1303,42,20250922,0,0,0,0,0,0,0
122_VERAO-1403,42,20250922,0,0,0,0,0,0,0
122_VERAO-1503,42,20250922,0,0,0,0,0,0,0
123_PE-1101,42,20250922,0,0,0,0,0,0,0
123_PE-1201,42,20250922,0,0,0,0,0,0,0
123_PE-1301,42,20250922,0,0,0,0,0,0,0
123_PE-1401,42,20250922,0,0,0,0,0,0,0
123_PE-1501,42,20250922,0,0,0,0,0,0,0
123_PE2-1105,42,20250922,0,0,0,0,0,0,0
123_PE2-1205,42,20250922,0,0,0,0,0,0,0
123_PE2-1305,42,20250922,0,0,0,0,0,0,0
123_PE2-1405,42,20250922,0,0,0,0,0,0,0
123_PE2-1505,42,20250922,0,0,0,0,0,0,0
123_PNE-1102,42,20250922,0,0,0,0,0,0,0
123_PNE-1202,42,20250922,0,0,0,0,0,0,0
123_PNE-1302,42,20250922,0,0,0,0,0,0,0
123_PNE-1402,42,20250922,0,0,0,0,0,0,0
123_PNE-1502,42,20250922,0,0,0,0,0,0,0
123_VERAO-1103,42,20250922,0,0,0,0,0,0,0
123_VERAO-1203,42,20250922,0,0,0,0,0,0,0
123_VERAO-1303,42,20250922,0,0,0,0,0,0,0
123_VERAO-1403,42,20250922,0,0,0,0,0,0,0
123_VERAO-1503,42,20250922,0,0,0,0,0,0,0
124_PE-1101,42,20250922,0,0,0,0,0,0,0
124_PE-1201,42,20250922,0,0,0,0,0,0,0
124_PE-1301,42,20250922,0,0,0,0,0,0,0
124_PE-1401,42,20250922,0,0,0,0,0,0,0
124_PE-1501,42,20250922,0,0,0,0,0,0,0
124_PE2-1105,42,20250922,0,0,0,0,0,0,0
124_PE2-1205,42,20250922,0,0,0,0,0,0,0
124_PE2-1305,42,20250922,0,0,0,0,0,0,0
124_PE2-1405,42,20250922,0,0,0,0,0,0,0
124_PE2-1505,42,20250922,0,0,0,0,0,0,0
124_PNE-1102,42,20250922,0,0,0,0,0,0,0
124_PNE-1202,42,20250922,0,0,0,0,0,0,0
124_PNE-1302,42,20250922,0,0,0,0,0,0,0
124_PNE-1402,42,20250922,0,0,0,0,0,0,0
124_PNE-1502,42,20250922,0,0,0,0,0,0,0
124_VERAO-1103,42,20250922,0,0,0,0,0,0,0
124_VERAO-1203,42,20250922,0,0,0,0,0,0,0
124_VERAO-1303,42,20250922,0,0,0,0,0,0,0
124_VERAO-1403,42,20250922,0,0,0,0,0,0,0
124_VERAO-1503,42,20250922,0,0,0,0,0,0,0
125_PE-1101,42,20250922,0,0,0,0,0,0,0
125_PE-1201,42,20250922,0,0,0,0,0,0,0
125_PE-1301,42,20250922,0,0,0,0,0,0,0
125_PE-1401,42,20250922,0,0,0,0,0,0,0
125_PE-1501,42,20250922,0,0,0,0,0,0,0
125_PE2-1105,42,20250922,0,0,0,0,0,0,0
125_PE2-1205,42,20250922,0,0,0,0,0,0,0
125_PE2-1305,42,20250922,0,0,0,0,0,0,0
125_PE2-1405,42,20250922,0,0,0,0,0,0,0
125_PE2-1505,42,20250922,0,0,0,0,0,0,0
125_PNE-1102,42,20250922,0,0,0,0,0,0,0
125_PNE-1202,42,20250922,0,0,0,0,0,0,0
125_PNE-1302,42,20250922,0,0,0,0,0,0,0
125_PNE-1402,42,20250922,0,0,0,0,0,0,0
125_PNE-1502,42,20250922,0,0,0,0,0,0,0
125_VERAO-1103,42,20250922,0,0,0,0,0,0,0
125_VERAO-1203,42,20250922,0,0,0,0,0,0,0
125_VERAO-1303,42,20250922,0,0,0,0,0,0,0
125_VERAO-1403,42,20250922,0,0,0,0,0,0,0
125_VERAO-1503,42,20250922,0,0,0,0,0,0,0
126_PE-1101,42,20250922,0,0,0,0,0,0,0
126_PE-1201,42,20250922,0,0,0,0,0,0,0
126_PE-1301,42,20250922,0,0,0,0,0,0,0
126_PE-1401,42,20250922,0,0,0,0,0,0,0
126_PE-1501,42,20250922,0,0,0,0,0,0,0
126_PE2-1105,42,20250922,0,0,0,0,0,0,0
126_PE2-1205,42,20250922,0,0,0,0,0,0,0
126_PE2-1305,42,20250922,0,0,0,0,0,0,0
126_PE2-1405,42,20250922,0,0,0,0,0,0,0
126_PE2-1505,42,20250922,0,0,0,0,0,0,0
126_PNE-1102,42,20250922,0,0,0,0,0,0,0
126_PNE-1202,42,20250922,0,0,0,0,0,0,0
126_PNE-1302,42,20250922,0,0,0,0,0,0,0
126_PNE-1402,42,20250922,0,0,0,0,0,0,0
126_PNE-1502,42,20250922,0,0,0,0,0,0,0
126_VERAO-1103,42,20250922,0,0,0,0,0,0,0
126_VERAO-1203,42,20250922,0,0,0,0,0,0,0
126_VERAO-1303,42,20250922,0,0,0,0,0,0,0
126_VERAO-1403,42,20250922,0,0,0,0,0,0,0
126_VERAO-1503,42,20250922,0,0,0,0,0,0,0
127_PE-1101,42,20250922,0,0,0,0,0,0,0
127_PE-1201,42,20250922,0,0,0,0,0,0,0
127_PE-1301,42,20250922,0,0,0,0,0,0,0
127_PE-1401,42,20250922,0,0,0,0,0,0,0
127_PE-1501,42,20250922,0,0,0,0,0,0,0
127_PE2-1105,42,20250922,0,0,0,0,0,0,0
127_PE2-1205,42,20250922,0,0,0,0,0,0,0
127_PE2-1305,42,20250922,0,0,0,0,0,0,0
127_PE2-1405,42,20250922,0,0,0,0,0,0,0
127_PE2-1505,42,20250922,0,0,0,0,0,0,0
127_PNE-1102,42,20250922,0,0,0,0,0,0,0
127_PNE-1202,42,20250922,0,0,0,0,0,0,0
127_PNE-1302,42,20250922,0,0,0,0,0,0,0
127_PNE-1402,42,20250922,0,0,0,0,0,0,0
127_PNE-1502,42,20250922,0,0,0,0,0,0,0
127_VERAO-1103,42,20250922,0,0,0,0,0,0,0
127_VERAO-1203,42,20250922,0,0,0,0,0,0,0
127_VERAO-1303,42,20250922,0,0,0,0,0,0,0
127_VERAO-1403,42,20250922,0,0,0,0,0,0,0
127_VERAO-1503,42,20250922,0,0,0,0,0,0,0
128_PE-1101,42,20250922,0,0,0,0,0,0,0
128_PE-1201,42,20250922,0,0,0,0,0,0,0
128_PE-1301,42,20250922,0,0,0,0,0,0,0
128_PE-1401,42,20250922,0,0,0,0,0,0,0
128_PE-1501,42,20250922,0,0,0,0,0,0,0
128_PE2-1105,42,20250922,0,0,0,0,0,0,0
128_PE2-1205,42,20250922,0,0,0,0,0,0,0
128_PE2-1305,42,20250922,0,0,0,0,0,0,0
128_PE2-1405,42,20250922,0,0,0,0,0,0,0
128_PE2-1505,42,20250922,0,0,0,0,0,0,0
128_PNE-1102,42,20250922,0,0,0,0,0,0,0
128_PNE-1202,42,20250922,0,0,0,0,0,0,0
128_PNE-1302,42,20250922,0,0,0,0,0,0,0
128_PNE-1402,42,20250922,0,0,0,0,0,0,0
128_PNE-1502,42,20250922,0,0,0,0,0,0,0
128_VERAO-1103,42,20250922,0,0,0,0,0,0,0
128_VERAO-1203,42,20250922,0,0,0,0,0,0,0
128_VERAO-1303,42,20250922,0,0,0,0,0,0,0
128_VERAO-1403,42,20250922,0,0,0,0,0,0,0
128_VERAO-1503,42,20250922,0,0,0,0,0,0,0
129_PE-1101,42,20250922,0,0,0,0,0,0,0
129_PE-1201,42,20250922,0,0,0,0,0,0,0
129_PE-1301,42,20250922,0,0,0,0,0,0,0
129_PE-1401,42,20250922,0,0,0,0,0,0,0
129_PE-1501,42,20250922,0,0,0,0,0,0,0
129_PE2-1105,42,20250922,0,0,0,0,0,0,0
129_PE2-1205,42,20250922,0,0,0,0,0,0,0
129_PE2-1305,42,20250922,0,0,0,0,0,0,0
129_PE2-1405,42,20250922,0,0,0,0,0,0,0
129_PE2-1505,42,20250922,0,0,0,0,0,0,0
129_PNE-1102,42,20250922,0,0,0,0,0,0,0
129_PNE-1202,42,20250922,0,0,0,0,0,0,0
129_PNE-1302,42,20250922,0,0,0,0,0,0,0
129_PNE-1402,42,20250922,0,0,0,0,0,0,0
129_PNE-1502,42,20250922,0,0,0,0,0,0,0
129_VERAO-1103,42,20250922,0,0,0,0,0,0,0
129_VERAO-1203,42,20250922,0,0,0,0,0,0,0
129_VERAO-1303,42,20250922,0,0,0,0,0,0,0
129_VERAO-1403,42,20250922,0,0,0,0,0,0,0
129_VERAO-1503,42,20250922,0,0,0,0,0,0,0
13_PE-1101,42,20250922,0,0,0,0,0,0,0
13_PE-1201,42,20250922,0,0,0,0,0,0,0
13_PE-1301,42,20250922,0,0,0,0,0,0,0
13_PE-1401,42,20250922,0,0,0,0,0,0,0
13_PE-1501,42,20250922,0,0,0,0,0,0,0
13_PE2-1105,42,20250922,0,0,0,0,0,0,0
13_PE2-1205,42,20250922,0,0,0,0,0,0,0
13_PE2-1305,42,20250922,0,0,0,0,0,0,0
13_PE2-1405,42,20250922,0,0,0,0,0,0,0
13_PE2-1505,42,20250922,0,0,0,0,0,0,0
13_PNE-1102,42,20250922,0,0,0,0,0,0,0
13_PNE-1202,42,20250922,0,0,0,0,0,0,0
13_PNE-1302,42,20250922,0,0,0,0,0,0,0
13_PNE-1402,42,20250922,0,0,0,0,0,0,0
13_PNE-1502,42,20250922,0,0,0,0,0,0,0
13_VERAO-1103,42,20250922,0,0,0,0,0,0,0
13_VERAO-1203,42,20250922,0,0,0,0,0,0,0
13_VERAO-1303,42,20250922,0,0,0,0,0,0,0
13_VERAO-1403,42,20250922,0,0,0,0,0,0,0
13_VERAO-1503,42,20250922,0,0,0,0,0,0,0
130_PE-1101,42,20250922,0,0,0,0,0,0,0
130_PE-1201,42,20250922,0,0,0,0,0,0,0
130_PE-1301,42,20250922,0,0,0,0,0,0,0
130_PE-1401,42,20250922,0,0,0,0,0,0,0
130_PE-1501,42,20250922,0,0,0,0,0,0,0
130_PE2-1105,42,20250922,0,0,0,0,0,0,0
130_PE2-1205,42,20250922,0,0,0,0,0,0,0
130_PE2-1305,42,20250922,0,0,0,0,0,0,0
130_PE2-1405,42,20250922,0,0,0,0,0,0,0
130_PE2-1505,42,20250922,0,0,0,0,0,0,0
130_PNE-1102,42,20250922,0,0,0,0,0,0,0
130_PNE-1202,42,20250922,0,0,0,0,0,0,0
130_PNE-1302,42,20250922,0,0,0,0,0,0,0
130_PNE-1402,42,20250922,0,0,0,0,0,0,0
130_PNE-1502,42,20250922,0,0,0,0,0,0,0
130_VERAO-1103,42,20250922,0,0,0,0,0,0,0
130_VERAO-1203,42,20250922,0,0,0,0,0,0,0
130_VERAO-1303,42,20250922,0,0,0,0,0,0,0
130_VERAO-1403,42,20250922,0,0,0,0,0,0,0
130_VERAO-1503,42,20250922,0,0,0,0,0,0,0
131_PE-1101,42,20250922,0,0,0,0,0,0,0
131_PE-1201,42,20250922,0,0,0,0,0,0,0
131_PE-1301,42,20250922,0,0,0,0,0,0,0
131_PE-1401,42,20250922,0,0,0,0,0,0,0
131_PE-1501,42,20250922,0,0,0,0,0,0,0
131_PE2-1105,42,20250922,0,0,0,0,0,0,0
131_PE2-1205,42,20250922,0,0,0,0,0,0,0
131_PE2-1305,42,20250922,0,0,0,0,0,0,0
131_PE2-1405,42,20250922,0,0,0,0,0,0,0
131_PE2-1505,42,20250922,0,0,0,0,0,0,0
131_PNE-1102,42,20250922,0,0,0,0,0,0,0
131_PNE-1202,42,20250922,0,0,0,0,0,0,0
131_PNE-1302,42,20250922,0,0,0,0,0,0,0
131_PNE-1402,42,20250922,0,0,0,0,0,0,0
131_PNE-1502,42,20250922,0,0,0,0,0,0,0
131_VERAO-1103,42,20250922,0,0,0,0,0,0,0
131_VERAO-1203,42,20250922,0,0,0,0,0,0,0
131_VERAO-1303,42,20250922,0,0,0,0,0,0,0
131_VERAO-1403,42,20250922,0,0,0,0,0,0,0
131_VERAO-1503,42,20250922,0,0,0,0,0,0,0
132_PE-1101,42,20250922,0,0,0,0,0,0,0
132_PE-1201,42,20250922,0,0,0,0,0,0,0
132_PE-1301,42,20250922,0,0,0,0,0,0,0
132_PE-1401,42,20250922,0,0,0,0,0,0,0
132_PE-1501,42,20250922,0,0,0,0,0,0,0
132_PE2-1105,42,20250922,0,0,0,0,0,0,0
132_PE2-1205,42,20250922,0,0,0,0,0,0,0
132_PE2-1305,42,20250922,0,0,0,0,0,0,0
132_PE2-1405,42,20250922,0,0,0,0,0,0,0
132_PE2-1505,42,20250922,0,0,0,0,0,0,0
132_PNE-1102,42,20250922,0,0,0,0,0,0,0
132_PNE-1202,42,20250922,0,0,0,0,0,0,0
132_PNE-1302,42,20250922,0,0,0,0,0,0,0
132_PNE-1402,42,20250922,0,0,0,0,0,0,0
132_PNE-1502,42,20250922,0,0,0,0,0,0,0
132_VERAO-1103,42,20250922,0,0,0,0,0,0,0
132_VERAO-1203,42,20250922,0,0,0,0,0,0,0
132_VERAO-1303,42,20250922,0,0,0,0,0,0,0
132_VERAO-1403,42,20250922,0,0,0,0,0,0,0
132_VERAO-1503,42,20250922,0,0,0,0,0,0,0
133_PE-1101,42,20250922,0,0,0,0,0,0,0
133_PE-1201,42,20250922,0,0,0,0,0,0,0
133_PE-1301,42,20250922,0,0,0,0,0,0,0
133_PE-1401,42,20250922,0,0,0,0,0,0,0
133_PE-1501,42,20250922,0,0,0,0,0,0,0
133_PE2-1105,42,20250922,0,0,0,0,0,0,0
133_PE2-1205,42,20250922,0,0,0,0,0,0,0
133_PE2-1305,42,20250922,0,0,0,0,0,0,0
133_PE2-1405,42,20250922,0,0,0,0,0,0,0
133_PE2-1505,42,20250922,0,0,0,0,0,0,0
133_PNE-1102,42,20250922,0,0,0,0,0,0,0
133_PNE-1202,42,20250922,0,0,0,0,0,0,0
133_PNE-1302,42,20250922,0,0,0,0,0,0,0
133_PNE-1402,42,20250922,0,0,0,0,0,0,0
133_PNE-1502,42,20250922,0,0,0,0,0,0,0
134_PE-1101,42,20250922,0,0,0,0,0,0,0
134_PE-1201,42,20250922,0,0,0,0,0,0,0
134_PE-1301,42,20250922,0,0,0,0,0,0,0
134_PE-1401,42,20250922,0,0,0,0,0,0,0
134_PE-1501,42,20250922,0,0,0,0,0,0,0
134_PE2-1105,42,20250922,0,0,0,0,0,0,0
134_PE2-1205,42,20250922,0,0,0,0,0,0,0
134_PE2-1305,42,20250922,0,0,0,0,0,0,0
134_PE2-1405,42,20250922,0,0,0,0,0,0,0
134_PE2-1505,42,20250922,0,0,0,0,0,0,0
134_PNE-1102,42,20250922,0,0,0,0,0,0,0
134_PNE-1202,42,20250922,0,0,0,0,0,0,0
134_PNE-1302,42,20250922,0,0,0,0,0,0,0
134_PNE-1402,42,20250922,0,0,0,0,0,0,0
134_PNE-1502,42,20250922,0,0,0,0,0,0,0
135_PE-1101,42,20250922,0,0,0,0,0,0,0
135_PE-1201,42,20250922,0,0,0,0,0,0,0
135_PE-1301,42,20250922,0,0,0,0,0,0,0
135_PE-1401,42,20250922,0,0,0,0,0,0,0
135_PE-1501,42,20250922,0,0,0,0,0,0,0
135_PE2-1105,42,20250922,0,0,0,0,0,0,0
135_PE2-1205,42,20250922,0,0,0,0,0,0,0
135_PE2-1305,42,20250922,0,0,0,0,0,0,0
135_PE2-1405,42,20250922,0,0,0,0,0,0,0
135_PE2-1505,42,20250922,0,0,0,0,0,0,0
135_PNE-1102,42,20250922,0,0,0,0,0,0,0
135_PNE-1202,42,20250922,0,0,0,0,0,0,0
135_PNE-1302,42,20250922,0,0,0,0,0,0,0
135_PNE-1402,42,20250922,0,0,0,0,0,0,0
135_PNE-1502,42,20250922,0,0,0,0,0,0,0
136_PE-1101,42,20250922,0,0,0,0,0,0,0
136_PE-1201,42,20250922,0,0,0,0,0,0,0
136_PE-1301,42,20250922,0,0,0,0,0,0,0
136_PE-1401,42,20250922,0,0,0,0,0,0,0
136_PE-1501,42,20250922,0,0,0,0,0,0,0
136_PE2-1105,42,20250922,0,0,0,0,0,0,0
136_PE2-1205,42,20250922,0,0,0,0,0,0,0
136_PE2-1305,42,20250922,0,0,0,0,0,0,0
136_PE2-1405,42,20250922,0,0,0,0,0,0,0
136_PE2-1505,42,20250922,0,0,0,0,0,0,0
136_PNE-1102,42,20250922,0,0,0,0,0,0,0
136_PNE-1202,42,20250922,0,0,0,0,0,0,0
136_PNE-1302,42,20250922,0,0,0,0,0,0,0
136_PNE-1402,42,20250922,0,0,0,0,0,0,0
136_PNE-1502,42,20250922,0,0,0,0,0,0,0
137_PE-1101,42,20250922,0,0,0,0,0,0,0
137_PE-1201,42,20250922,0,0,0,0,0,0,0
137_PE-1301,42,20250922,0,0,0,0,0,0,0
137_PE-1401,42,20250922,0,0,0,0,0,0,0
137_PE-1501,42,20250922,0,0,0,0,0,0,0
137_PE2-1105,42,20250922,0,0,0,0,0,0,0
137_PE2-1205,42,20250922,0,0,0,0,0,0,0
137_PE2-1305,42,20250922,0,0,0,0,0,0,0
137_PE2-1405,42,20250922,0,0,0,0,0,0,0
137_PE2-1505,42,20250922,0,0,0,0,0,0,0
138_PE-1101,42,20250922,0,0,0,0,0,0,0
138_PE-1201,42,20250922,0,0,0,0,0,0,0
138_PE-1301,42,20250922,0,0,0,0,0,0,0
138_PE-1401,42,20250922,0,0,0,0,0,0,0
138_PE-1501,42,20250922,0,0,0,0,0,0,0
138_PE2-1105,42,20250922,0,0,0,0,0,0,0
138_PE2-1205,42,20250922,0,0,0,0,0,0,0
138_PE2-1305,42,20250922,0,0,0,0,0,0,0
138_PE2-1405,42,20250922,0,0,0,0,0,0,0
138_PE2-1505,42,20250922,0,0,0,0,0,0,0
139_PE-1101,42,20250922,0,0,0,0,0,0,0
139_PE-1201,42,20250922,0,0,0,0,0,0,0
139_PE-1301,42,20250922,0,0,0,0,0,0,0
139_PE-1401,42,20250922,0,0,0,0,0,0,0
139_PE-1501,42,20250922,0,0,0,0,0,0,0
139_PE2-1105,42,20250922,0,0,0,0,0,0,0
139_PE2-1205,42,20250922,0,0,0,0,0,0,0
139_PE2-1305,42,20250922,0,0,0,0,0,0,0
139_PE2-1405,42,20250922,0,0,0,0,0,0,0
139_PE2-1505,42,20250922,0,0,0,0,0,0,0
14_PE-1101,42,20250922,0,0,0,0,0,0,0
14_PE-1201,42,20250922,0,0,0,0,0,0,0
14_PE-1301,42,20250922,0,0,0,0,0,0,0
14_PE-1401,42,20250922,0,0,0,0,0,0,0
14_PE-1501,42,20250922,0,0,0,0,0,0,0
14_PE2-1105,42,20250922,0,0,0,0,0,0,0
14_PE2-1205,42,20250922,0,0,0,0,0,0,0
14_PE2-1305,42,20250922,0,0,0,0,0,0,0
14_PE2-1405,42,20250922,0,0,0,0,0,0,0
14_PE2-1505,42,20250922,0,0,0,0,0,0,0
14_PNE-1102,42,20250922,0,0,0,0,0,0,0
14_PNE-1202,42,20250922,0,0,0,0,0,0,0
14_PNE-1302,42,20250922,0,0,0,0,0,0,0
14_PNE-1402,42,20250922,0,0,0,0,0,0,0
14_PNE-1502,42,20250922,0,0,0,0,0,0,0
14_VERAO-1103,42,20250922,0,0,0,0,0,0,0
14_VERAO-1203,42,20250922,0,0,0,0,0,0,0
14_VERAO-1303,42,20250922,0,0,0,0,0,0,0
14_VERAO-1403,42,20250922,0,0,0,0,0,0,0
14_VERAO-1503,42,20250922,0,0,0,0,0,0,0
140_PE-1101,42,20250922,0,0,0,0,0,0,0
140_PE-1201,42,20250922,0,0,0,0,0,0,0
140_PE-1301,42,20250922,0,0,0,0,0,0,0
140_PE-1401,42,20250922,0,0,0,0,0,0,0
140_PE-1501,42,20250922,0,0,0,0,0,0,0
140_PE2-1105,42,20250922,0,0,0,0,0,0,0
140_PE2-1205,42,20250922,0,0,0,0,0,0,0
140_PE2-1305,42,20250922,0,0,0,0,0,0,0
140_PE2-1405,42,20250922,0,0,0,0,0,0,0
140_PE2-1505,42,20250922,0,0,0,0,0,0,0
1400-11,42,20250922,0,0,3,2,0,0,0
1401-11,42,20250922,0,0,3,2,0,0,0
1402-11,42,20250922,0,0,3,2,0,0,0
1403-11,42,20250922,0,0,3,2,0,0,0
1404-11,42,20250922,0,0,3,2,0,0,0
1405-11,42,20250922,0,0,3,2,0,0,0
1406-11,42,20250922,0,0,3,2,0,0,0
141_PE-1101,42,20250922,0,0,0,0,0,0,0
141_PE-1201,42,20250922,0,0,0,0,0,0,0
141_PE-1301,42,20250922,0,0,0,0,0,0,0
141_PE-1401,42,20250922,0,0,0,0,0,0,0
141_PE-1501,42,20250922,0,0,0,0,0,0,0
141_PE2-1105,42,20250922,0,0,0,0,0,0,0
141_PE2-1205,42,20250922,0,0,0,0,0,0,0
141_PE2-1305,42,20250922,0,0,0,0,0,0,0
141_PE2-1405,42,20250922,0,0,0,0,0,0,0
141_PE2-1505,42,20250922,0,0,0,0,0,0,0
15_PE-1101,42,20250922,0,0,0,0,0,0,0
15_PE-1201,42,20250922,0,0,0,0,0,0,0
15_PE-1301,42,20250922,0,0,0,0,0,0,0
15_PE-1401,42,20250922,0,0,0,0,0,0,0
15_PE-1501,42,20250922,0,0,0,0,0,0,0
15_PE2-1105,42,20250922,0,0,0,0,0,0,0
15_PE2-1205,42,20250922,0,0,0,0,0,0,0
15_PE2-1305,42,20250922,0,0,0,0,0,0,0
15_PE2-1405,42,20250922,0,0,0,0,0,0,0
15_PE2-1505,42,20250922,0,0,0,0,0,0,0
15_PNE-1102,42,20250922,0,0,0,0,0,0,0
15_PNE-1202,42,20250922,0,0,0,0,0,0,0
15_PNE-1302,42,20250922,0,0,0,0,0,0,0
15_PNE-1402,42,20250922,0,0,0,0,0,0,0
15_PNE-1502,42,20250922,0,0,0,0,0,0,0
15_VERAO-1103,42,20250922,0,0,0,0,0,0,0
15_VERAO-1203,42,20250922,0,0,0,0,0,0,0
15_VERAO-1303,42,20250922,0,0,0,0,0,0,0
15_VERAO-1403,42,20250922,0,0,0,0,0,0,0
15_VERAO-1503,42,20250922,0,0,0,0,0,0,0
1501-11,42,20250922,0,0,3,2,0,0,0
1502-11,42,20250922,0,0,3,2,0,0,0
1503-11,42,20250922,0,0,3,2,0,0,0
1504-11,42,20250922,0,0,2,2,0,0,0
1505-11,42,20250922,0,0,3,2,0,0,0
1506-11,42,20250922,0,0,3,2,0,0,0
1507-11,42,20250922,0,0,3,2,0,0,0
1508-11,42,20250922,0,0,3,2,0,0,0
1509-11,42,20250922,0,0,3,2,0,0,0
1510-11,42,20250922,0,0,3,2,0,0,0
1511-11,42,20250922,0,0,3,2,0,0,0
1512-11,42,20250922,0,0,3,2,0,0,0
1513-11,42,20250922,0,0,3,2,0,0,0
1514-11,42,20250922,0,0,3,2,0,0,0
1515-11,42,20250922,0,0,3,2,0,0,0
1516-11,42,20250922,0,0,3,2,0,0,0
1517-11,42,20250922,0,0,3,2,0,0,0
1518-11,42,20250922,0,0,3,2,0,0,0
1519-11,42,20250922,0,0,3,2,0,0,0
1520-11,42,20250922,0,0,3,2,0,0,0
1521-11,42,20250922,0,0,2,2,0,0,0
1522-11,42,20250922,0,0,2,2,0,0,0
1523-11,42,20250922,0,0,3,2,0,0,0
1524-11,42,20250922,0,0,3,2,0,0,0
1525-11,42,20250922,0,0,3,2,0,0,0
1526-11,42,20250922,0,0,3,2,0,0,0
1527-11,42,20250922,0,0,2,2,0,0,0
1528-11,42,20250922,0,0,3,2,0,0,0
1529-11,42,20250922,0,0,3,2,0,0,0
1530-11,42,20250922,0,0,3,2,0,0,0
1531-11,42,20250922,0,0,3,2,0,0,0
1532-11,42,20250922,0,0,3,2,0,0,0
1533-11,42,20250922,0,0,3,2,0,0,0
1534-11,42,20250922,0,0,3,2,0,0,0
1535-11,42,20250922,0,0,3,2,0,0,0
1536-11,42,20250922,0,0,3,2,0,0,0
1537-11,42,20250922,0,0,2,2,0,0,0
1538-11,42,20250922,0,0,3,2,0,0,0
1539-11,42,20250922,0,0,3,2,0,0,0
1540-11,42,20250922,0,0,3,2,0,0,0
1541-11,42,20250922,0,0,3,2,0,0,0
1542-11,42,20250922,0,0,3,2,0,0,0
1543-11,42,20250922,0,0,3,2,0,0,0
1544-11,42,20250922,0,0,3,2,0,0,0
1545-11,42,20250922,0,0,2,2,0,0,0
1546-11,42,20250922,0,0,3,2,0,0,0
1547-11,42,20250922,0,0,3,2,0,0,0
1548-11,42,20250922,0,0,1,1,0,0,0
1549-11,42,20250922,0,0,1,1,0,0,0
1550-11,42,20250922,0,0,3,2,0,0,0
1551-11,42,20250922,0,0,3,2,0,0,0
1552-11,42,20250922,0,0,3,2,0,0,0
1553-11,42,20250922,0,0,3,2,0,0,0
1554-11,42,20250922,0,0,3,2,0,0,0
1555-11,42,20250922,0,0,3,2,0,0,0
1556-11,42,20250922,0,0,3,2,0,0,0
1557-11,42,20250922,0,0,3,2,0,0,0
1558-11,42,20250922,0,0,3,2,0,0,0
1559-11,42,20250922,0,0,3,2,0,0,0
1560-11,42,20250922,0,0,3,2,0,0,0
1561-11,42,20250922,0,0,1,1,0,0,0
1562-11,42,20250922,0,0,3,2,0,0,0
1563-11,42,20250922,0,0,3,2,0,0,0
1564-11,42,20250922,0,0,3,2,0,0,0
1565-11,42,20250922,0,0,3,2,0,0,0
1566-11,42,20250922,0,0,3,2,0,0,0
1567-11,42,20250922,0,0,3,2,0,0,0
1568-11,42,20250922,0,0,3,2,0,0,0
1569-11,42,20250922,0,0,3,2,0,0,0
1570-11,42,20250922,0,0,3,2,0,0,0
1571-11,42,20250922,0,0,3,2,0,0,0
1572-11,42,20250922,0,0,2,2,0,0,0
1573-11,42,20250922,0,0,3,2,0,0,0
1574-11,42,20250922,0,0,3,2,0,0,0
1575-11,42,20250922,0,0,3,2,0,0,0
1576-11,42,20250922,0,0,3,2,0,0,0
1577-11,42,20250922,0,0,3,2,0,0,0
1578-11,42,20250922,0,0,3,2,0,0,0
1579-11,42,20250922,0,0,3,2,0,0,0
1580-11,42,20250922,0,0,3,2,0,0,0
1581-11,42,20250922,0,0,3,2,0,0,0
1582-11,42,20250922,0,0,2,2,0,0,0
1583-11,42,20250922,0,0,3,2,0,0,0
1584-11,42,20250922,0,0,2,2,0,0,0
1585-11,42,20250922,0,0,1,1,0,0,0
1586-11,42,20250922,0,0,3,2,0,0,0
1587-11,42,20250922,0,0,3,2,0,0,0
1588-11,42,20250922,0,0,3,2,0,0,0
1589-11,42,20250922,0,0,3,2,0,0,0
1590-11,42,20250922,0,0,3,2,0,0,0
1591-11,42,20250922,0,0,2,2,0,0,0
1592-11,42,20250922,0,0,3,2,0,0,0
1593-11,42,20250922,0,0,2,2,0,0,0
1594-11,42,20250922,0,0,3,2,0,0,0
1595-11,42,20250922,0,0,3,2,0,0,0
1596-11,42,20250922,0,0,3,2,0,0,0
1597-11,42,20250922,0,0,2,2,0,0,0
1598-11,42,20250922,0,0,2,2,0,0,0
1599-11,42,20250922,0,0,3,2,0,0,0
16_PE-1101,42,20250922,0,0,0,0,0,0,0
16_PE-1201,42,20250922,0,0,0,0,0,0,0
16_PE-1301,42,20250922,0,0,0,0,0,0,0
16_PE-1401,42,20250922,0,0,0,0,0,0,0
16_PE-1501,42,20250922,0,0,0,0,0,0,0
16_PE2_M-1105,42,20250922,0,0,0,0,0,0,0
16_PE2_M-1205,42,20250922,0,0,0,0,0,0,0
16_PE2_M-1305,42,20250922,0,0,0,0,0,0,0
16_PE2_M-1405,42,20250922,0,0,0,0,0,0,0
16_PE2_M-1505,42,20250922,0,0,0,0,0,0,0
16_PNE-1102,42,20250922,0,0,0,0,0,0,0
16_PNE-1202,42,20250922,0,0,0,0,0,0,0
16_PNE-1302,42,20250922,0,0,0,0,0,0,0
16_PNE-1402,42,20250922,0,0,0,0,0,0,0
16_PNE-1502,42,20250922,0,0,0,0,0,0,0
16_VERAO-1103,42,20250922,0,0,0,0,0,0,0
16_VERAO-1203,42,20250922,0,0,0,0,0,0,0
16_VERAO-1303,42,20250922,0,0,0,0,0,0,0
16_VERAO-1403,42,20250922,0,0,0,0,0,0,0
16_VERAO-1503,42,20250922,0,0,0,0,0,0,0
1600-11,42,20250922,0,0,3,2,0,0,0
1601-11,42,20250922,0,0,3,2,0,0,0
1602-11,42,20250922,0,0,3,2,0,0,0
1603-11,42,20250922,0,0,3,2,0,0,0
1604-11,42,20250922,0,0,3,2,0,0,0
1605-11,42,20250922,0,0,3,2,0,0,0
1606-11,42,20250922,0,0,3,2,0,0,0
1607-11,42,20250922,0,0,3,2,0,0,0
1608-11,42,20250922,0,0,3,2,0,0,0
1609-11,42,20250922,0,0,3,2,0,0,0
1610-11,42,20250922,0,0,3,2,0,0,0
1611-11,42,20250922,0,0,3,2,0,0,0
1612-11,42,20250922,0,0,3,2,0,0,0
1613-11,42,20250922,0,0,2,2,0,0,0
1614-11,42,20250922,0,0,2,2,0,0,0
1615-11,42,20250922,0,0,3,2,0,0,0
1616-11,42,20250922,0,0,3,2,0,0,0
1617-11,42,20250922,0,0,3,2,0,0,0
1618-11,42,20250922,0,0,3,2,0,0,0
1619-11,42,20250922,0,0,3,2,0,0,0
1620-11,42,20250922,0,0,3,2,0,0,0
1621-11,42,20250922,0,0,3,2,0,0,0
1622-11,42,20250922,0,0,3,2,0,0,0
1623-11,42,20250922,0,0,3,2,0,0,0
1624-11,42,20250922,0,0,3,2,0,0,0
1625-11,42,20250922,0,0,3,2,0,0,0
1626-11,42,20250922,0,0,3,2,0,0,0
1627-11,42,20250922,0,0,3,2,0,0,0
1628-11,42,20250922,0,0,3,2,0,0,0
1629-11,42,20250922,0,0,3,2,0,0,0
1630-11,42,20250922,0,0,3,2,0,0,0
1631-11,42,20250922,0,0,3,2,0,0,0
17_PE-1101,42,20250922,0,0,0,0,0,0,0
17_PE-1201,42,20250922,0,0,0,0,0,0,0
17_PE-1301,42,20250922,0,0,0,0,0,0,0
17_PE-1401,42,20250922,0,0,0,0,0,0,0
17_PE-1501,42,20250922,0,0,0,0,0,0,0
17_PE2-1105,42,20250922,0,0,0,0,0,0,0
17_PE2-1205,42,20250922,0,0,0,0,0,0,0
17_PE2-1305,42,20250922,0,0,0,0,0,0,0
17_PE2-1405,42,20250922,0,0,0,0,0,0,0
17_PE2-1505,42,20250922,0,0,0,0,0,0,0
17_PNE-1102,42,20250922,0,0,0,0,0,0,0
17_PNE-1202,42,20250922,0,0,0,0,0,0,0
17_PNE-1302,42,20250922,0,0,0,0,0,0,0
17_PNE-1402,42,20250922,0,0,0,0,0,0,0
17_PNE-1502,42,20250922,0,0,0,0,0,0,0
17_VERAO-1103,42,20250922,0,0,0,0,0,0,0
17_VERAO-1203,42,20250922,0,0,0,0,0,0,0
17_VERAO-1303,42,20250922,0,0,0,0,0,0,0
17_VERAO-1403,42,20250922,0,0,0,0,0,0,0
17_VERAO-1503,42,20250922,0,0,0,0,0,0,0
1701-11,42,20250922,0,0,3,2,0,0,0
1702-11,42,20250922,0,0,3,2,0,0,0
1703-11,42,20250922,0,0,3,2,0,0,0
1704-11,42,20250922,0,0,3,2,0,0,0
1705-11,42,20250922,0,0,3,2,0,0,0
1706-11,42,20250922,0,0,3,2,0,0,0
1707-11,42,20250922,0,0,5,3,0,0,0
1708-11,42,20250922,0,0,3,2,0,0,0
1709-11,42,20250922,0,0,3,2,0,0,0
1710-11,42,20250922,0,0,5,3,0,0,0
1711-11,42,20250922,0,0,5,3,0,0,0
1712-11,42,20250922,0,0,3,2,0,0,0
1713-11,42,20250922,0,0,5,3,0,0,0
1714-11,42,20250922,0,0,3,2,0,0,0
1715-11,42,20250922,0,0,5,3,0,0,0
1716-11,42,20250922,0,0,5,3,0,0,0
1717-11,42,20250922,0,0,1,1,0,0,0
1718-11,42,20250922,0,0,5,3,0,0,0
1719-11,42,20250922,0,0,5,3,0,0,0
1720-11,42,20250922,0,0,5,3,0,0,0
1721-11,42,20250922,0,0,5,3,0,0,0
1722-11,42,20250922,0,0,3,2,0,0,0
1723-11,42,20250922,0,0,5,3,0,0,0
1724-11,42,20250922,0,0,5,3,0,0,0
1725-11,42,20250922,0,0,5,3,0,0,0
1726-11,42,20250922,0,0,5,3,0,0,0
1727-11,42,20250922,0,0,3,2,0,0,0
1728-11,42,20250922,0,0,5,3,0,0,0
1729-11,42,20250922,0,0,5,3,0,0,0
1730-11,42,20250922,0,0,5,3,0,0,0
1731-11,42,20250922,0,0,3,2,0,0,0
1732-11,42,20250922,0,0,5,3,0,0,0
1733-11,42,20250922,0,0,5,3,0,0,0
1734-11,42,20250922,0,0,5,3,0,0,0
1735-11,42,20250922,0,0,5,3,0,0,0
1736-11,42,20250922,0,0,5,3,0,0,0
1737-11,42,20250922,0,0,1,1,0,0,0
1738-11,42,20250922,0,0,3,2,0,0,0
1739-11,42,20250922,0,0,5,3,0,0,0
1740-11,42,20250922,0,0,5,3,0,0,0
1741-11,42,20250922,0,0,5,3,0,0,0
1742-11,42,20250922,0,0,5,3,0,0,0
1743-11,42,20250922,0,0,3,2,0,0,0
1744-11,42,20250922,0,0,5,3,0,0,0
1745-11,42,20250922,0,0,5,3,0,0,0
1746-11,42,20250922,0,0,5,3,0,0,0
1747-11,42,20250922,0,0,3,2,0,0,0
1748-11,42,20250922,0,0,5,3,0,0,0
1749-11,42,20250922,0,0,5,3,0,0,0
1750-11,42,20250922,0,0,3,2,0,0,0
1751-11,42,20250922,0,0,5,3,0,0,0
1752-11,42,20250922,0,0,3,2,0,0,0
1753-11,42,20250922,0,0,5,3,0,0,0
1754-11,42,20250922,0,0,5,3,0,0,0
1755-11,42,20250922,0,0,5,3,0,0,0
1756-11,42,20250922,0,0,3,2,0,0,0
1757-11,42,20250922,0,0,5,3,0,0,0
1758-11,42,20250922,0,0,3,2,0,0,0
18_PE-1101,42,20250922,0,0,0,0,0,0,0
18_PE-1201,42,20250922,0,0,0,0,0,0,0
18_PE-1301,42,20250922,0,0,0,0,0,0,0
18_PE-1401,42,20250922,0,0,0,0,0,0,0
18_PE-1501,42,20250922,0,0,0,0,0,0,0
18_PE2-1105,42,20250922,0,0,0,0,0,0,0
18_PE2-1205,42,20250922,0,0,0,0,0,0,0
18_PE2-1305,42,20250922,0,0,0,0,0,0,0
18_PE2-1405,42,20250922,0,0,0,0,0,0,0
18_PE2-1505,42,20250922,0,0,0,0,0,0,0
18_PNE-1102,42,20250922,0,0,0,0,0,0,0
18_PNE-1202,42,20250922,0,0,0,0,0,0,0
18_PNE-1302,42,20250922,0,0,0,0,0,0,0
18_PNE-1402,42,20250922,0,0,0,0,0,0,0
18_PNE-1502,42,20250922,0,0,0,0,0,0,0
18_VERAO-1103,42,20250922,0,0,0,0,0,0,0
18_VERAO-1203,42,20250922,0,0,0,0,0,0,0
18_VERAO-1303,42,20250922,0,0,0,0,0,0,0
18_VERAO-1403,42,20250922,0,0,0,0,0,0,0
18_VERAO-1503,42,20250922,0,0,0,0,0,0,0
19_PE-1101,42,20250922,0,0,0,0,0,0,0
19_PE-1201,42,20250922,0,0,0,0,0,0,0
19_PE-1301,42,20250922,0,0,0,0,0,0,0
19_PE-1401,42,20250922,0,0,0,0,0,0,0
19_PE-1501,42,20250922,0,0,0,0,0,0,0
19_PE2_M-1105,42,20250922,0,0,0,0,0,0,0
19_PE2_M-1205,42,20250922,0,0,0,0,0,0,0
19_PE2_M-1305,42,20250922,0,0,0,0,0,0,0
19_PE2_M-1405,42,20250922,0,0,0,0,0,0,0
19_PE2_M-1505,42,20250922,0,0,0,0,0,0,0
19_PNE-1102,42,20250922,0,0,0,0,0,0,0
19_PNE-1202,42,20250922,0,0,0,0,0,0,0
19_PNE-1302,42,20250922,0,0,0,0,0,0,0
19_PNE-1402,42,20250922,0,0,0,0,0,0,0
19_PNE-1502,42,20250922,0,0,0,0,0,0,0
19_VERAO-1103,42,20250922,0,0,0,0,0,0,0
19_VERAO-1203,42,20250922,0,0,0,0,0,0,0
19_VERAO-1303,42,20250922,0,0,0,0,0,0,0
19_VERAO-1403,42,20250922,0,0,0,0,0,0,0
19_VERAO-1503,42,20250922,0,0,0,0,0,0,0
2_PE-1101,42,20250922,0,0,0,0,0,0,0
2_PE-1201,42,20250922,0,0,0,0,0,0,0
2_PE-1301,42,20250922,0,0,0,0,0,0,0
2_PE-1401,42,20250922,0,0,0,0,0,0,0
2_PE-1501,42,20250922,0,0,0,0,0,0,0
2_PE2-1105,42,20250922,0,0,0,0,0,0,0
2_PE2-1205,42,20250922,0,0,0,0,0,0,0
2_PE2-1305,42,20250922,0,0,0,0,0,0,0
2_PE2-1405,42,20250922,0,0,0,0,0,0,0
2_PE2-1505,42,20250922,0,0,0,0,0,0,0
2_PNE-1102,42,20250922,0,0,0,0,0,0,0
2_PNE-1202,42,20250922,0,0,0,0,0,0,0
2_PNE-1302,42,20250922,0,0,0,0,0,0,0
2_PNE-1402,42,20250922,0,0,0,0,0,0,0
2_PNE-1502,42,20250922,0,0,0,0,0,0,0
2_VERAO-1103,42,20250922,0,0,0,0,0,0,0
2_VERAO-1203,42,20250922,0,0,0,0,0,0,0
2_VERAO-1303,42,20250922,0,0,0,0,0,0,0
2_VERAO-1403,42,20250922,0,0,0,0,0,0,0
2_VERAO-1503,42,20250922,0,0,0,0,0,0,0
20_PE-1101,42,20250922,0,0,0,0,0,0,0
20_PE-1201,42,20250922,0,0,0,0,0,0,0
20_PE-1301,42,20250922,0,0,0,0,0,0,0
20_PE-1401,42,20250922,0,0,0,0,0,0,0
20_PE-1501,42,20250922,0,0,0,0,0,0,0
20_PE2-1105,42,20250922,0,0,0,0,0,0,0
20_PE2-1205,42,20250922,0,0,0,0,0,0,0
20_PE2-1305,42,20250922,0,0,0,0,0,0,0
20_PE2-1405,42,20250922,0,0,0,0,0,0,0
20_PE2-1505,42,20250922,0,0,0,0,0,0,0
20_PNE-1102,42,20250922,0,0,0,0,0,0,0
20_PNE-1202,42,20250922,0,0,0,0,0,0,0
20_PNE-1302,42,20250922,0,0,0,0,0,0,0
20_PNE-1402,42,20250922,0,0,0,0,0,0,0
20_PNE-1502,42,20250922,0,0,0,0,0,0,0
20_VERAO-1103,42,20250922,0,0,0,0,0,0,0
20_VERAO-1203,42,20250922,0,0,0,0,0,0,0
20_VERAO-1303,42,20250922,0,0,0,0,0,0,0
20_VERAO-1403,42,20250922,0,0,0,0,0,0,0
20_VERAO-1503,42,20250922,0,0,0,0,0,0,0
2000-11,42,20250922,0,0,3,2,0,0,0
2000-21,42,20250922,0,0,3,2,0,0,0
2001-12,42,20250922,0,0,1,1,0,0,0
2002-12,42,20250922,0,0,1,1,0,0,0
2003-12,42,20250922,0,0,1,1,0,0,0
2004-12,42,20250922,0,0,1,1,0,0,0
2005-12,42,20250922,0,0,1,1,0,0,0
2006-12,42,20250922,0,0,2,2,0,0,0
2007-12,42,20250922,0,0,2,2,0,0,0
2008-12,42,20250922,0,0,3,2,0,0,0
2009-12,42,20250922,0,0,3,2,0,0,0
2010-12,42,20250922,0,0,3,2,0,0,0
2011-12,42,20250922,0,0,3,2,0,0,0
2012-12,42,20250922,0,0,3,2,0,0,0
2013-12,42,20250922,0,0,3,2,0,0,0
2014-12,42,20250922,0,0,3,2,0,0,0
2015-12,42,20250922,0,0,3,2,0,0,0
2016-12,42,20250922,0,0,3,2,0,0,0
2017-12,42,20250922,0,0,3,2,0,0,0
2018-12,42,20250922,0,0,3,2,0,0,0
2019-12,42,20250922,0,0,3,2,0,0,0
2020-12,42,20250922,0,0,3,2,0,0,0
2021-12,42,20250922,0,0,3,2,0,0,0
2022-12,42,20250922,0,0,3,2,0,0,0
2023-12,42,20250922,0,0,3,2,0,0,0
2024-12,42,20250922,0,0,3,2,0,0,0
2025-12,42,20250922,0,0,3,2,0,0,0
2026-12,42,20250922,0,0,3,2,0,0,0
2027-12,42,20250922,0,0,3,2,0,0,0
2028-12,42,20250922,0,0,3,2,0,0,0
2029-12,42,20250922,0,0,3,2,0,0,0
2030-12,42,20250922,0,0,3,2,0,0,0
2031-12,42,20250922,0,0,3,2,0,0,0
2032-12,42,20250922,0,0,3,2,0,0,0
2033-12,42,20250922,0,0,3,2,0,0,0
2034-12,42,20250922,0,0,3,2,0,0,0
2035-12,42,20250922,0,0,3,2,0,0,0
2036-12,42,20250922,0,0,3,2,0,0,0
2037-12,42,20250922,0,0,3,2,0,0,0
2038-12,42,20250922,0,0,3,2,0,0,0
2039-12,42,20250922,0,0,3,2,0,0,0
2040-12,42,20250922,0,0,3,2,0,0,0
2041-12,42,20250922,0,0,3,2,0,0,0
2042-12,42,20250922,0,0,2,2,0,0,0
2043-12,42,20250922,0,0,2,2,0,0,0
2044-12,42,20250922,0,0,2,2,0,0,0
2045-12,42,20250922,0,0,2,2,0,0,0
2046-12,42,20250922,0,0,2,2,0,0,0
2047-12,42,20250922,0,0,2,2,0,0,0
2048-12,42,20250922,0,0,2,2,0,0,0
2049-12,42,20250922,0,0,3,2,0,0,0
2050-12,42,20250922,0,0,3,2,0,0,0
2051-12,42,20250922,0,0,3,2,0,0,0
2052-12,42,20250922,0,0,3,2,0,0,0
2053-12,42,20250922,0,0,3,2,0,0,0
2054-12,42,20250922,0,0,3,2,0,0,0
2055-12,42,20250922,0,0,1,1,0,0,0
2056-12,42,20250922,0,0,1,1,0,0,0
2057-12,42,20250922,0,0,3,2,0,0,0
2058-12,42,20250922,0,0,3,2,0,0,0
2059-12,42,20250922,0,0,3,2,0,0,0
2060-12,42,20250922,0,0,2,2,0,0,0
2061-12,42,20250922,0,0,2,2,0,0,0
2062-12,42,20250922,0,0,3,2,0,0,0
2063-12,42,20250922,0,0,3,2,0,0,0
2064-12,42,20250922,0,0,3,2,0,0,0
2065-12,42,20250922,0,0,1,1,0,0,0
2066-12,42,20250922,0,0,3,2,0,0,0
2067-12,42,20250922,0,0,3,2,0,0,0
2068-12,42,20250922,0,0,3,2,0,0,0
2069-12,42,20250922,0,0,3,2,0,0,0
2070-12,42,20250922,0,0,3,2,0,0,0
2071-12,42,20250922,0,0,3,2,0,0,0
2072-12,42,20250922,0,0,3,2,0,0,0
2073-12,42,20250922,0,0,3,2,0,0,0
2074-12,42,20250922,0,0,3,2,0,0,0
2075-12,42,20250922,0,0,3,2,0,0,0
2076-12,42,20250922,0,0,3,2,0,0,0
2077-12,42,20250922,0,0,3,2,0,0,0
2078-12,42,20250922,0,0,3,2,0,0,0
2079-12,42,20250922,0,0,1,1,0,0,0
2080-12,42,20250922,0,0,1,1,0,0,0
2081-12,42,20250922,0,0,1,1,0,0,0
2082-12,42,20250922,0,0,3,2,0,0,0
2083-12,42,20250922,0,0,3,2,0,0,0
2084-12,42,20250922,0,0,3,2,0,0,0
2085-12,42,20250922,0,0,3,2,0,0,0
2086-12,42,20250922,0,0,3,2,0,0,0
2087-12,42,20250922,0,0,3,2,0,0,0
2088-12,42,20250922,0,0,3,2,0,0,0
2089-12,42,20250922,0,0,1,1,0,0,0
2090-12,42,20250922,0,0,3,2,0,0,0
2091-12,42,20250922,0,0,3,2,0,0,0
2092-12,42,20250922,0,0,3,2,0,0,0
2093-12,42,20250922,0,0,2,2,0,0,0
2094-12,42,20250922,0,0,2,2,0,0,0
2095-12,42,20250922,0,0,3,2,0,0,0
2096-12,42,20250922,0,0,3,2,0,0,0
2097-12,42,20250922,0,0,3,2,0,0,0
2098-12,42,20250922,0,0,3,2,0,0,0
2099-12,42,20250922,0,0,3,2,0,0,0
21_PE-1101,42,20250922,0,0,0,0,0,0,0
21_PE-1201,42,20250922,0,0,0,0,0,0,0
21_PE-1301,42,20250922,0,0,0,0,0,0,0
21_PE-1401,42,20250922,0,0,0,0,0,0,0
21_PE-1501,42,20250922,0,0,0,0,0,0,0
21_PE2-1105,42,20250922,0,0,0,0,0,0,0
21_PE2-1205,42,20250922,0,0,0,0,0,0,0
21_PE2-1305,42,20250922,0,0,0,0,0,0,0
21_PE2-1405,42,20250922,0,0,0,0,0,0,0
21_PE2-1505,42,20250922,0,0,0,0,0,0,0
21_PNE-1102,42,20250922,0,0,0,0,0,0,0
21_PNE-1202,42,20250922,0,0,0,0,0,0,0
21_PNE-1302,42,20250922,0,0,0,0,0,0,0
21_PNE-1402,42,20250922,0,0,0,0,0,0,0
21_PNE-1502,42,20250922,0,0,0,0,0,0,0
21_VERAO-1103,42,20250922,0,0,0,0,0,0,0
21_VERAO-1203,42,20250922,0,0,0,0,0,0,0
21_VERAO-1303,42,20250922,0,0,0,0,0,0,0
21_VERAO-1403,42,20250922,0,0,0,0,0,0,0
21_VERAO-1503,42,20250922,0,0,0,0,0,0,0
2100-12,42,20250922,0,0,3,2,0,0,0
2101-12,42,20250922,0,0,3,2,0,0,0
2102-12,42,20250922,0,0,3,2,0,0,0
2103-12,42,20250922,0,0,3,2,0,0,0
2104-12,42,20250922,0,0,3,2,0,0,0
2105-12,42,20250922,0,0,3,2,0,0,0
2106-12,42,20250922,0,0,3,2,0,0,0
2107-12,42,20250922,0,0,3,2,0,0,0
2108-12,42,20250922,0,0,3,2,0,0,0
2109-12,42,20250922,0,0,4,2,0,0,0
2110-12,42,20250922,0,0,4,2,0,0,0
2111-12,42,20250922,0,0,4,2,0,0,0
2112-12,42,20250922,0,0,4,2,0,0,0
2113-12,42,20250922,0,0,4,2,0,0,0
2114-12,42,20250922,0,0,4,2,0,0,0
2115-12,42,20250922,0,0,3,2,0,0,0
2116-12,42,20250922,0,0,3,2,0,0,0
2117-12,42,20250922,0,0,3,2,0,0,0
2118-12,42,20250922,0,0,3,2,0,0,0
2119-12,42,20250922,0,0,3,2,0,0,0
2120-12,42,20250922,0,0,3,2,0,0,0
2121-12,42,20250922,0,0,3,2,0,0,0
2122-12,42,20250922,0,0,3,2,0,0,0
2123-12,42,20250922,0,0,3,2,0,0,0
2125-12,42,20250922,0,0,5,3,0,0,0
2126-12,42,20250922,0,0,5,3,0,0,0
2127-12,42,20250922,0,0,5,3,0,0,0
2128-12,42,20250922,0,0,5,3,0,0,0
2129-12,42,20250922,0,0,5,3,0,0,0
2130-12,42,20250922,0,0,5,3,0,0,0
2131-12,42,20250922,0,0,5,3,0,0,0
2132-12,42,20250922,0,0,5,3,0,0,0
2133-12,42,20250922,0,0,5,3,0,0,0
2134-12,42,20250922,0,0,3,2,0,0,0
2135-12,42,20250922,0,0,3,2,0,0,0
2136-12,42,20250922,0,0,3,2,0,0,0
2137-12,42,20250922,0,0,3,2,0,0,0
2138-12,42,20250922,0,0,5,3,0,0,0
2139-12,42,20250922,0,0,5,3,0,0,0
2140-12,42,20250922,0,0,5,3,0,0,0
2141-12,42,20250922,0,0,5,3,0,0,0
2142-12,42,20250922,0,0,1,1,0,0,0
2143-12,42,20250922,0,0,2,2,0,0,0
2144-12,42,20250922,0,0,2,2,0,0,0
2145-12,42,20250922,0,0,3,2,0,0,0
2146-12,42,20250922,0,0,3,2,0,0,0
2147-12,42,20250922,0,0,3,2,0,0,0
2148-12,42,20250922,0,0,2,2,0,0,0
2149-12,42,20250922,0,0,2,2,0,0,0
2150-12,42,20250922,0,0,1,1,0,0,0
2151-12,42,20250922,0,0,3,2,0,0,0
2152-12,42,20250922,0,0,3,2,0,0,0
2153-12,42,20250922,0,0,3,2,0,0,0
2154-12,42,20250922,0,0,1,1,0,0,0
2155-12,42,20250922,0,0,1,1,0,0,0
2156-12,42,20250922,0,0,1,1,0,0,0
2157-12,42,20250922,0,0,1,1,0,0,0
2158-12,42,20250922,0,0,1,1,0,0,0
2159-12,42,20250922,0,0,1,1,0,0,0
2160-12,42,20250922,0,0,3,2,0,0,0
2161-12,42,20250922,0,0,3,2,0,0,0
2162-12,42,20250922,0,0,1,1,0,0,0
2163-12,42,20250922,0,0,1,1,0,0,0
2164-12,42,20250922,0,0,2,2,0,0,0
2165-12,42,20250922,0,0,3,2,0,0,0
2166-12,42,20250922,0,0,1,1,0,0,0
22_PE-1101,42,20250922,0,0,0,0,0,0,0
22_PE-1201,42,20250922,0,0,0,0,0,0,0
22_PE-1301,42,20250922,0,0,0,0,0,0,0
22_PE-1401,42,20250922,0,0,0,0,0,0,0
22_PE-1501,42,20250922,0,0,0,0,0,0,0
22_PE2_M-1105,42,20250922,0,0,0,0,0,0,0
22_PE2_M-1205,42,20250922,0,0,0,0,0,0,0
22_PE2_M-1305,42,20250922,0,0,0,0,0,0,0
22_PE2_M-1405,42,20250922,0,0,0,0,0,0,0
22_PE2_M-1505,42,20250922,0,0,0,0,0,0,0
22_PNE-1102,42,20250922,0,0,0,0,0,0,0
22_PNE-1202,42,20250922,0,0,0,0,0,0,0
22_PNE-1302,42,20250922,0,0,0,0,0,0,0
22_PNE-1402,42,20250922,0,0,0,0,0,0,0
22_PNE-1502,42,20250922,0,0,0,0,0,0,0
22_VERAO-1103,42,20250922,0,0,0,0,0,0,0
22_VERAO-1203,42,20250922,0,0,0,0,0,0,0
22_VERAO-1303,42,20250922,0,0,0,0,0,0,0
22_VERAO-1403,42,20250922,0,0,0,0,0,0,0
22_VERAO-1503,42,20250922,0,0,0,0,0,0,0
23_PE-1101,42,20250922,0,0,0,0,0,0,0
23_PE-1201,42,20250922,0,0,0,0,0,0,0
23_PE-1301,42,20250922,0,0,0,0,0,0,0
23_PE-1401,42,20250922,0,0,0,0,0,0,0
23_PE-1501,42,20250922,0,0,0,0,0,0,0
23_PE2_M-1105,42,20250922,0,0,0,0,0,0,0
23_PE2_M-1205,42,20250922,0,0,0,0,0,0,0
23_PE2_M-1305,42,20250922,0,0,0,0,0,0,0
23_PE2_M-1405,42,20250922,0,0,0,0,0,0,0
23_PE2_M-1505,42,20250922,0,0,0,0,0,0,0
23_PNE-1102,42,20250922,0,0,0,0,0,0,0
23_PNE-1202,42,20250922,0,0,0,0,0,0,0
23_PNE-1302,42,20250922,0,0,0,0,0,0,0
23_PNE-1402,42,20250922,0,0,0,0,0,0,0
23_PNE-1502,42,20250922,0,0,0,0,0,0,0
23_VERAO-1103,42,20250922,0,0,0,0,0,0,0
23_VERAO-1203,42,20250922,0,0,0,0,0,0,0
23_VERAO-1303,42,20250922,0,0,0,0,0,0,0
23_VERAO-1403,42,20250922,0,0,0,0,0,0,0
23_VERAO-1503,42,20250922,0,0,0,0,0,0,0
24_PE-1101,42,20250922,0,0,0,0,0,0,0
24_PE-1201,42,20250922,0,0,0,0,0,0,0
24_PE-1301,42,20250922,0,0,0,0,0,0,0
24_PE-1401,42,20250922,0,0,0,0,0,0,0
24_PE-1501,42,20250922,0,0,0,0,0,0,0
24_PE2_M-1105,42,20250922,0,0,0,0,0,0,0
24_PE2_M-1205,42,20250922,0,0,0,0,0,0,0
24_PE2_M-1305,42,20250922,0,0,0,0,0,0,0
24_PE2_M-1405,42,20250922,0,0,0,0,0,0,0
24_PE2_M-1505,42,20250922,0,0,0,0,0,0,0
24_PNE-1102,42,20250922,0,0,0,0,0,0,0
24_PNE-1202,42,20250922,0,0,0,0,0,0,0
24_PNE-1302,42,20250922,0,0,0,0,0,0,0
24_PNE-1402,42,20250922,0,0,0,0,0,0,0
24_PNE-1502,42,20250922,0,0,0,0,0,0,0
24_VERAO-1103,42,20250922,0,0,0,0,0,0,0
24_VERAO-1203,42,20250922,0,0,0,0,0,0,0
24_VERAO-1303,42,20250922,0,0,0,0,0,0,0
24_VERAO-1403,42,20250922,0,0,0,0,0,0,0
24_VERAO-1503,42,20250922,0,0,0,0,0,0,0
25_PE-1101,42,20250922,0,0,0,0,0,0,0
25_PE-1201,42,20250922,0,0,0,0,0,0,0
25_PE-1301,42,20250922,0,0,0,0,0,0,0
25_PE-1401,42,20250922,0,0,0,0,0,0,0
25_PE-1501,42,20250922,0,0,0,0,0,0,0
25_PE2_M-1105,42,20250922,0,0,0,0,0,0,0
25_PE2_M-1205,42,20250922,0,0,0,0,0,0,0
25_PE2_M-1305,42,20250922,0,0,0,0,0,0,0
25_PE2_M-1405,42,20250922,0,0,0,0,0,0,0
25_PE2_M-1505,42,20250922,0,0,0,0,0,0,0
25_PNE-1102,42,20250922,0,0,0,0,0,0,0
25_PNE-1202,42,20250922,0,0,0,0,0,0,0
25_PNE-1302,42,20250922,0,0,0,0,0,0,0
25_PNE-1402,42,20250922,0,0,0,0,0,0,0
25_PNE-1502,42,20250922,0,0,0,0,0,0,0
25_VERAO-1103,42,20250922,0,0,0,0,0,0,0
25_VERAO-1203,42,20250922,0,0,0,0,0,0,0
25_VERAO-1303,42,20250922,0,0,0,0,0,0,0
25_VERAO-1403,42,20250922,0,0,0,0,0,0,0
25_VERAO-1503,42,20250922,0,0,0,0,0,0,0
2501-12,42,20250922,0,0,3,2,0,0,0
2502-12,42,20250922,0,0,3,2,0,0,0
2503-12,42,20250922,0,0,3,2,0,0,0
2504-12,42,20250922,0,0,2,2,0,0,0
2505-12,42,20250922,0,0,3,2,0,0,0
2506-12,42,20250922,0,0,3,2,0,0,0
2507-12,42,20250922,0,0,3,2,0,0,0
2508-12,42,20250922,0,0,3,2,0,0,0
2509-12,42,20250922,0,0,3,2,0,0,0
2510-12,42,20250922,0,0,3,2,0,0,0
2511-12,42,20250922,0,0,3,2,0,0,0
2512-12,42,20250922,0,0,2,2,0,0,0
2513-12,42,20250922,0,0,3,2,0,0,0
2514-12,42,20250922,0,0,3,2,0,0,0
2515-12,42,20250922,0,0,3,2,0,0,0
2516-12,42,20250922,0,0,3,2,0,0,0
2517-12,42,20250922,0,0,3,2,0,0,0
2518-12,42,20250922,0,0,3,2,0,0,0
2519-12,42,20250922,0,0,3,2,0,0,0
2520-12,42,20250922,0,0,3,2,0,0,0
2521-12,42,20250922,0,0,2,2,0,0,0
2522-12,42,20250922,0,0,2,2,0,0,0
2523-12,42,20250922,0,0,3,2,0,0,0
2524-12,42,20250922,0,0,3,2,0,0,0
2525-12,42,20250922,0,0,3,2,0,0,0
2526-12,42,20250922,0,0,3,2,0,0,0
2527-12,42,20250922,0,0,2,2,0,0,0
2528-12,42,20250922,0,0,3,2,0,0,0
2529-12,42,20250922,0,0,3,2,0,0,0
2530-12,42,20250922,0,0,3,2,0,0,0
2531-12,42,20250922,0,0,3,2,0,0,0
2532-12,42,20250922,0,0,3,2,0,0,0
2533-12,42,20250922,0,0,3,2,0,0,0
2534-12,42,20250922,0,0,3,2,0,0,0
2535-12,42,20250922,0,0,3,2,0,0,0
2536-12,42,20250922,0,0,3,2,0,0,0
2537-12,42,20250922,0,0,3,2,0,0,0
2538-12,42,20250922,0,0,3,2,0,0,0
2539-12,42,20250922,0,0,2,2,0,0,0
2540-12,42,20250922,0,0,3,2,0,0,0
2541-12,42,20250922,0,0,3,2,0,0,0
2542-12,42,20250922,0,0,3,2,0,0,0
2543-12,42,20250922,0,0,3,2,0,0,0
2544-12,42,20250922,0,0,3,2,0,0,0
2545-12,42,20250922,0,0,3,2,0,0,0
2546-12,42,20250922,0,0,2,2,0,0,0
2547-12,42,20250922,0,0,3,2,0,0,0
2548-12,42,20250922,0,0,3,2,0,0,0
2549-12,42,20250922,0,0,1,1,0,0,0
2550-12,42,20250922,0,0,3,2,0,0,0
2551-12,42,20250922,0,0,3,2,0,0,0
2552-12,42,20250922,0,0,3,2,0,0,0
2553-12,42,20250922,0,0,3,2,0,0,0
2554-12,42,20250922,0,0,3,2,0,0,0
2555-12,42,20250922,0,0,2,2,0,0,0
2556-12,42,20250922,0,0,3,2,0,0,0
2557-12,42,20250922,0,0,3,2,0,0,0
2558-12,42,20250922,0,0,3,2,0,0,0
2559-12,42,20250922,0,0,3,2,0,0,0
2560-12,42,20250922,0,0,3,2,0,0,0
2561-12,42,20250922,0,0,1,1,0,0,0
2562-12,42,20250922,0,0,3,2,0,0,0
2563-12,42,20250922,0,0,3,2,0,0,0
2564-12,42,20250922,0,0,3,2,0,0,0
2565-12,42,20250922,0,0,3,2,0,0,0
2566-12,42,20250922,0,0,3,2,0,0,0
2567-12,42,20250922,0,0,3,2,0,0,0
2568-12,42,20250922,0,0,3,2,0,0,0
2569-12,42,20250922,0,0,1,1,0,0,0
2570-12,42,20250922,0,0,3,2,0,0,0
2571-12,42,20250922,0,0,2,2,0,0,0
2572-12,42,20250922,0,0,3,2,0,0,0
2573-12,42,20250922,0,0,3,2,0,0,0
2574-12,42,20250922,0,0,3,2,0,0,0
2575-12,42,20250922,0,0,3,2,0,0,0
2576-12,42,20250922,0,0,3,2,0,0,0
2577-12,42,20250922,0,0,3,2,0,0,0
2578-12,42,20250922,0,0,3,2,0,0,0
2579-12,42,20250922,0,0,3,2,0,0,0
2580-12,42,20250922,0,0,2,2,0,0,0
2581-12,42,20250922,0,0,2,2,0,0,0
2582-12,42,20250922,0,0,2,2,0,0,0
2583-12,42,20250922,0,0,1,1,0,0,0
2584-12,42,20250922,0,0,3,2,0,0,0
2585-12,42,20250922,0,0,3,2,0,0,0
2586-12,42,20250922,0,0,3,2,0,0,0
2587-12,42,20250922,0,0,3,2,0,0,0
2588-12,42,20250922,0,0,3,2,0,0,0
2589-12,42,20250922,0,0,2,2,0,0,0
2590-12,42,20250922,0,0,3,2,0,0,0
2591-12,42,20250922,0,0,3,2,0,0,0
2592-12,42,20250922,0,0,3,2,0,0,0
2593-12,42,20250922,0,0,3,2,0,0,0
2594-12,42,20250922,0,0,3,2,0,0,0
2595-12,42,20250922,0,0,3,2,0,0,0
2596-12,42,20250922,0,0,3,2,0,0,0
2597-12,42,20250922,0,0,3,2,0,0,0
2598-12,42,20250922,0,0,3,2,0,0,0
2599-12,42,20250922,0,0,3,2,0,0,0
26_PE-1101,42,20250922,0,0,0,0,0,0,0
26_PE-1201,42,20250922,0,0,0,0,0,0,0
26_PE-1301,42,20250922,0,0,0,0,0,0,0
26_PE-1401,42,20250922,0,0,0,0,0,0,0
26_PE-1501,42,20250922,0,0,0,0,0,0,0
26_PE2_M-1105,42,20250922,0,0,0,0,0,0,0
26_PE2_M-1205,42,20250922,0,0,0,0,0,0,0
26_PE2_M-1305,42,20250922,0,0,0,0,0,0,0
26_PE2_M-1405,42,20250922,0,0,0,0,0,0,0
26_PE2_M-1505,42,20250922,0,0,0,0,0,0,0
26_PNE-1102,42,20250922,0,0,0,0,0,0,0
26_PNE-1202,42,20250922,0,0,0,0,0,0,0
26_PNE-1302,42,20250922,0,0,0,0,0,0,0
26_PNE-1402,42,20250922,0,0,0,0,0,0,0
26_PNE-1502,42,20250922,0,0,0,0,0,0,0
26_VERAO-1103,42,20250922,0,0,0,0,0,0,0
26_VERAO-1203,42,20250922,0,0,0,0,0,0,0
26_VERAO-1303,42,20250922,0,0,0,0,0,0,0
26_VERAO-1403,42,20250922,0,0,0,0,0,0,0
26_VERAO-1503,42,20250922,0,0,0,0,0,0,0
2600-12,42,20250922,0,0,3,2,0,0,0
2601-12,42,20250922,0,0,3,2,0,0,0
2602-12,42,20250922,0,0,3,2,0,0,0
2603-12,42,20250922,0,0,3,2,0,0,0
2604-12,42,20250922,0,0,3,2,0,0,0
2605-12,42,20250922,0,0,3,2,0,0,0
2606-12,42,20250922,0,0,3,2,0,0,0
2607-12,42,20250922,0,0,3,2,0,0,0
2608-12,42,20250922,0,0,3,2,0,0,0
2609-12,42,20250922,0,0,2,2,0,0,0
2610-12,42,20250922,0,0,3,2,0,0,0
2611-12,42,20250922,0,0,3,2,0,0,0
2612-12,42,20250922,0,0,3,2,0,0,0
2613-12,42,20250922,0,0,3,2,0,0,0
2614-12,42,20250922,0,0,3,2,0,0,0
2615-12,42,20250922,0,0,3,2,0,0,0
2616-12,42,20250922,0,0,3,2,0,0,0
2617-12,42,20250922,0,0,3,2,0,0,0
2618-12,42,20250922,0,0,3,2,0,0,0
2619-12,42,20250922,0,0,3,2,0,0,0
2620-12,42,20250922,0,0,2,2,0,0,0
2621-12,42,20250922,0,0,3,2,0,0,0
27_PE-1101,42,20250922,0,0,0,0,0,0,0
27_PE-1201,42,20250922,0,0,0,0,0,0,0
27_PE-1301,42,20250922,0,0,0,0,0,0,0
27_PE-1401,42,20250922,0,0,0,0,0,0,0
27_PE-1501,42,20250922,0,0,0,0,0,0,0
27_PE2_M-1105,42,20250922,0,0,0,0,0,0,0
27_PE2_M-1205,42,20250922,0,0,0,0,0,0,0
27_PE2_M-1305,42,20250922,0,0,0,0,0,0,0
27_PE2_M-1405,42,20250922,0,0,0,0,0,0,0
27_PE2_M-1505,42,20250922,0,0,0,0,0,0,0
27_PNE-1102,42,20250922,0,0,0,0,0,0,0
27_PNE-1202,42,20250922,0,0,0,0,0,0,0
27_PNE-1302,42,20250922,0,0,0,0,0,0,0
27_PNE-1402,42,20250922,0,0,0,0,0,0,0
27_PNE-1502,42,20250922,0,0,0,0,0,0,0
27_VERAO-1103,42,20250922,0,0,0,0,0,0,0
27_VERAO-1203,42,20250922,0,0,0,0,0,0,0
27_VERAO-1303,42,20250922,0,0,0,0,0,0,0
27_VERAO-1403,42,20250922,0,0,0,0,0,0,0
27_VERAO-1503,42,20250922,0,0,0,0,0,0,0
2701-12,42,20250922,0,0,3,2,0,0,0
2702-12,42,20250922,0,0,3,2,0,0,0
2703-12,42,20250922,0,0,3,2,0,0,0
2704-12,42,20250922,0,0,3,2,0,0,0
2705-12,42,20250922,0,0,3,2,0,0,0
2706-12,42,20250922,0,0,3,2,0,0,0
2707-12,42,20250922,0,0,5,3,0,0,0
2708-12,42,20250922,0,0,3,2,0,0,0
2709-12,42,20250922,0,0,3,2,0,0,0
2710-12,42,20250922,0,0,5,3,0,0,0
2711-12,42,20250922,0,0,5,3,0,0,0
2712-12,42,20250922,0,0,3,2,0,0,0
2713-12,42,20250922,0,0,5,3,0,0,0
2714-12,42,20250922,0,0,5,3,0,0,0
2715-12,42,20250922,0,0,5,3,0,0,0
2716-12,42,20250922,0,0,5,3,0,0,0
2717-12,42,20250922,0,0,1,1,0,0,0
2718-12,42,20250922,0,0,5,3,0,0,0
2719-12,42,20250922,0,0,5,3,0,0,0
2720-12,42,20250922,0,0,5,3,0,0,0
2721-12,42,20250922,0,0,3,2,0,0,0
2722-12,42,20250922,0,0,5,3,0,0,0
2723-12,42,20250922,0,0,5,3,0,0,0
2724-12,42,20250922,0,0,3,2,0,0,0
2725-12,42,20250922,0,0,5,3,0,0,0
2726-12,42,20250922,0,0,5,3,0,0,0
2727-12,42,20250922,0,0,5,3,0,0,0
2728-12,42,20250922,0,0,5,3,0,0,0
2729-12,42,20250922,0,0,3,2,0,0,0
2730-12,42,20250922,0,0,5,3,0,0,0
2731-12,42,20250922,0,0,5,3,0,0,0
2732-12,42,20250922,0,0,5,3,0,0,0
2733-12,42,20250922,0,0,1,1,0,0,0
2734-12,42,20250922,0,0,5,3,0,0,0
2735-12,42,20250922,0,0,3,2,0,0,0
2736-12,42,20250922,0,0,5,3,0,0,0
2737-12,42,20250922,0,0,5,3,0,0,0
2738-12,42,20250922,0,0,3,2,0,0,0
2739-12,42,20250922,0,0,5,3,0,0,0
2740-12,42,20250922,0,0,5,3,0,0,0
2741-12,42,20250922,0,0,5,3,0,0,0
2742-12,42,20250922,0,0,3,2,0,0,0
2743-12,42,20250922,0,0,5,3,0,0,0
2744-12,42,20250922,0,0,5,3,0,0,0
2745-12,42,20250922,0,0,5,3,0,0,0
2746-12,42,20250922,0,0,5,3,0,0,0
2747-12,42,20250922,0,0,3,2,0,0,0
2749-12,42,20250922,0,0,5,3,0,0,0
2750-12,42,20250922,0,0,5,3,0,0,0
2751-12,42,20250922,0,0,5,3,0,0,0
2752-12,42,20250922,0,0,5,3,0,0,0
2753-12,42,20250922,0,0,5,3,0,0,0
2754-12,42,20250922,0,0,5,3,0,0,0
2755-12,42,20250922,0,0,5,3,0,0,0
2756-12,42,20250922,0,0,3,2,0,0,0
2757-12,42,20250922,0,0,5,3,0,0,0
2758-12,42,20250922,0,0,5,3,0,0,0
28_PE-1101,42,20250922,0,0,0,0,0,0,0
28_PE-1201,42,20250922,0,0,0,0,0,0,0
28_PE-1301,42,20250922,0,0,0,0,0,0,0
28_PE-1401,42,20250922,0,0,0,0,0,0,0
28_PE-1501,42,20250922,0,0,0,0,0,0,0
28_PE2-1105,42,20250922,0,0,0,0,0,0,0
28_PE2-1205,42,20250922,0,0,0,0,0,0,0
28_PE2-1305,42,20250922,0,0,0,0,0,0,0
28_PE2-1405,42,20250922,0,0,0,0,0,0,0
28_PE2-1505,42,20250922,0,0,0,0,0,0,0
28_PNE-1102,42,20250922,0,0,0,0,0,0,0
28_PNE-1202,42,20250922,0,0,0,0,0,0,0
28_PNE-1302,42,20250922,0,0,0,0,0,0,0
28_PNE-1402,42,20250922,0,0,0,0,0,0,0
28_PNE-1502,42,20250922,0,0,0,0,0,0,0
28_VERAO-1103,42,20250922,0,0,0,0,0,0,0
28_VERAO-1203,42,20250922,0,0,0,0,0,0,0
28_VERAO-1303,42,20250922,0,0,0,0,0,0,0
28_VERAO-1403,42,20250922,0,0,0,0,0,0,0
28_VERAO-1503,42,20250922,0,0,0,0,0,0,0
29_PE-1101,42,20250922,0,0,0,0,0,0,0
29_PE-1201,42,20250922,0,0,0,0,0,0,0
29_PE-1301,42,20250922,0,0,0,0,0,0,0
29_PE-1401,42,20250922,0,0,0,0,0,0,0
29_PE-1501,42,20250922,0,0,0,0,0,0,0
29_PE2-1105,42,20250922,0,0,0,0,0,0,0
29_PE2-1205,42,20250922,0,0,0,0,0,0,0
29_PE2-1305,42,20250922,0,0,0,0,0,0,0
29_PE2-1405,42,20250922,0,0,0,0,0,0,0
29_PE2-1505,42,20250922,0,0,0,0,0,0,0
29_PNE-1102,42,20250922,0,0,0,0,0,0,0
29_PNE-1202,42,20250922,0,0,0,0,0,0,0
29_PNE-1302,42,20250922,0,0,0,0,0,0,0
29_PNE-1402,42,20250922,0,0,0,0,0,0,0
29_PNE-1502,42,20250922,0,0,0,0,0,0,0
29_VERAO-1103,42,20250922,0,0,0,0,0,0,0
29_VERAO-1203,42,20250922,0,0,0,0,0,0,0
29_VERAO-1303,42,20250922,0,0,0,0,0,0,0
29_VERAO-1403,42,20250922,0,0,0,0,0,0,0
29_VERAO-1503,42,20250922,0,0,0,0,0,0,0
3_PE-1101,42,20250922,0,0,0,0,0,0,0
3_PE-1201,42,20250922,0,0,0,0,0,0,0
3_PE-1301,42,20250922,0,0,0,0,0,0,0
3_PE-1401,42,20250922,0,0,0,0,0,0,0
3_PE-1501,42,20250922,0,0,0,0,0,0,0
3_PE2-1105,42,20250922,0,0,0,0,0,0,0
3_PE2-1205,42,20250922,0,0,0,0,0,0,0
3_PE2-1305,42,20250922,0,0,0,0,0,0,0
3_PE2-1405,42,20250922,0,0,0,0,0,0,0
3_PE2-1505,42,20250922,0,0,0,0,0,0,0
3_PNE-1102,42,20250922,0,0,0,0,0,0,0
3_PNE-1202,42,20250922,0,0,0,0,0,0,0
3_PNE-1302,42,20250922,0,0,0,0,0,0,0
3_PNE-1402,42,20250922,0,0,0,0,0,0,0
3_PNE-1502,42,20250922,0,0,0,0,0,0,0
3_VERAO-1103,42,20250922,0,0,0,0,0,0,0
3_VERAO-1203,42,20250922,0,0,0,0,0,0,0
3_VERAO-1303,42,20250922,0,0,0,0,0,0,0
3_VERAO-1403,42,20250922,0,0,0,0,0,0,0
3_VERAO-1503,42,20250922,0,0,0,0,0,0,0
30_PE-1101,42,20250922,0,0,0,0,0,0,0
30_PE-1201,42,20250922,0,0,0,0,0,0,0
30_PE-1301,42,20250922,0,0,0,0,0,0,0
30_PE-1401,42,20250922,0,0,0,0,0,0,0
30_PE-1501,42,20250922,0,0,0,0,0,0,0
30_PE2-1105,42,20250922,0,0,0,0,0,0,0
30_PE2-1205,42,20250922,0,0,0,0,0,0,0
30_PE2-1305,42,20250922,0,0,0,0,0,0,0
30_PE2-1405,42,20250922,0,0,0,0,0,0,0
30_PE2-1505,42,20250922,0,0,0,0,0,0,0
30_PNE-1102,42,20250922,0,0,0,0,0,0,0
30_PNE-1202,42,20250922,0,0,0,0,0,0,0
30_PNE-1302,42,20250922,0,0,0,0,0,0,0
30_PNE-1402,42,20250922,0,0,0,0,0,0,0
30_PNE-1502,42,20250922,0,0,0,0,0,0,0
30_VERAO-1103,42,20250922,0,0,0,0,0,0,0
30_VERAO-1203,42,20250922,0,0,0,0,0,0,0
30_VERAO-1303,42,20250922,0,0,0,0,0,0,0
30_VERAO-1403,42,20250922,0,0,0,0,0,0,0
30_VERAO-1503,42,20250922,0,0,0,0,0,0,0
3001-13,42,20250922,0,0,1,1,0,0,0
3002-13,42,20250922,0,0,1,1,0,0,0
3003-13,42,20250922,0,0,1,1,0,0,0
3004-13,42,20250922,0,0,1,1,0,0,0
3005-13,42,20250922,0,0,1,1,0,0,0
3006-13,42,20250922,0,0,3,2,0,0,0
3007-13,42,20250922,0,0,3,2,0,0,0
3008-13,42,20250922,0,0,3,2,0,0,0
3009-13,42,20250922,0,0,3,2,0,0,0
3010-13,42,20250922,0,0,3,2,0,0,0
3011-13,42,20250922,0,0,3,2,0,0,0
3012-13,42,20250922,0,0,3,2,0,0,0
3013-13,42,20250922,0,0,3,2,0,0,0
3014-13,42,20250922,0,0,3,2,0,0,0
3015-13,42,20250922,0,0,3,2,0,0,0
3016-13,42,20250922,0,0,3,2,0,0,0
3017-13,42,20250922,0,0,3,2,0,0,0
3018-13,42,20250922,0,0,3,2,0,0,0
3019-13,42,20250922,0,0,3,2,0,0,0
3020-13,42,20250922,0,0,3,2,0,0,0
3021-13,42,20250922,0,0,3,2,0,0,0
3022-13,42,20250922,0,0,3,2,0,0,0
3023-13,42,20250922,0,0,3,2,0,0,0
3024-13,42,20250922,0,0,3,2,0,0,0
3025-13,42,20250922,0,0,3,2,0,0,0
3026-13,42,20250922,0,0,3,2,0,0,0
3027-13,42,20250922,0,0,3,2,0,0,0
3028-13,42,20250922,0,0,3,2,0,0,0
3029-13,42,20250922,0,0,3,2,0,0,0
3030-13,42,20250922,0,0,3,2,0,0,0
3031-13,42,20250922,0,0,3,2,0,0,0
3032-13,42,20250922,0,0,3,2,0,0,0
3033-13,42,20250922,0,0,3,2,0,0,0
3034-13,42,20250922,0,0,3,2,0,0,0
3035-13,42,20250922,0,0,3,2,0,0,0
3036-13,42,20250922,0,0,3,2,0,0,0
3037-13,42,20250922,0,0,2,2,0,0,0
3038-13,42,20250922,0,0,2,2,0,0,0
3039-13,42,20250922,0,0,2,2,0,0,0
3040-13,42,20250922,0,0,2,2,0,0,0
3041-13,42,20250922,0,0,2,2,0,0,0
3042-13,42,20250922,0,0,2,2,0,0,0
3043-13,42,20250922,0,0,2,2,0,0,0
3044-13,42,20250922,0,0,3,2,0,0,0
3045-13,42,20250922,0,0,3,2,0,0,0
3046-13,42,20250922,0,0,3,2,0,0,0
3047-13,42,20250922,0,0,3,2,0,0,0
3048-13,42,20250922,0,0,3,2,0,0,0
3049-13,42,20250922,0,0,1,1,0,0,0
3050-13,42,20250922,0,0,1,1,0,0,0
3051-13,42,20250922,0,0,3,2,0,0,0
3052-13,42,20250922,0,0,3,2,0,0,0
3053-13,42,20250922,0,0,3,2,0,0,0
3054-13,42,20250922,0,0,2,2,0,0,0
3055-13,42,20250922,0,0,2,2,0,0,0
3056-13,42,20250922,0,0,3,2,0,0,0
3057-13,42,20250922,0,0,3,2,0,0,0
3058-13,42,20250922,0,0,2,2,0,0,0
3059-13,42,20250922,0,0,1,1,0,0,0
3060-13,42,20250922,0,0,3,2,0,0,0
3061-13,42,20250922,0,0,3,2,0,0,0
3062-13,42,20250922,0,0,3,2,0,0,0
3063-13,42,20250922,0,0,3,2,0,0,0
3064-13,42,20250922,0,0,3,2,0,0,0
3065-13,42,20250922,0,0,3,2,0,0,0
3066-13,42,20250922,0,0,3,2,0,0,0
3067-13,42,20250922,0,0,3,2,0,0,0
3068-13,42,20250922,0,0,3,2,0,0,0
3069-13,42,20250922,0,0,3,2,0,0,0
3070-13,42,20250922,0,0,3,2,0,0,0
3071-13,42,20250922,0,0,1,1,0,0,0
3072-13,42,20250922,0,0,1,1,0,0,0
3073-13,42,20250922,0,0,1,1,0,0,0
3074-13,42,20250922,0,0,3,2,0,0,0
3075-13,42,20250922,0,0,3,2,0,0,0
3076-13,42,20250922,0,0,3,2,0,0,0
3077-13,42,20250922,0,0,3,2,0,0,0
3078-13,42,20250922,0,0,3,2,0,0,0
3079-13,42,20250922,0,0,3,2,0,0,0
3080-13,42,20250922,0,0,1,1,0,0,0
3081-13,42,20250922,0,0,3,2,0,0,0
3082-13,42,20250922,0,0,3,2,0,0,0
3083-13,42,20250922,0,0,3,2,0,0,0
3085-13,42,20250922,0,0,2,2,0,0,0
3086-13,42,20250922,0,0,2,2,0,0,0
3087-13,42,20250922,0,0,4,2,0,0,0
3088-13,42,20250922,0,0,4,2,0,0,0
3089-13,42,20250922,0,0,3,2,0,0,0
3090-13,42,20250922,0,0,3,2,0,0,0
3091-13,42,20250922,0,0,3,2,0,0,0
3092-13,42,20250922,0,0,3,2,0,0,0
3093-13,42,20250922,0,0,3,2,0,0,0
3094-13,42,20250922,0,0,3,2,0,0,0
3095-13,42,20250922,0,0,3,2,0,0,0
3096-13,42,20250922,0,0,3,2,0,0,0
3097-13,42,20250922,0,0,3,2,0,0,0
3098-13,42,20250922,0,0,3,2,0,0,0
3099-13,42,20250922,0,0,3,2,0,0,0
31_PE-1101,42,20250922,0,0,0,0,0,0,0
31_PE-1201,42,20250922,0,0,0,0,0,0,0
31_PE-1301,42,20250922,0,0,0,0,0,0,0
31_PE-1401,42,20250922,0,0,0,0,0,0,0
31_PE-1501,42,20250922,0,0,0,0,0,0,0
31_PE2_M-1105,42,20250922,0,0,0,0,0,0,0
31_PE2_M-1205,42,20250922,0,0,0,0,0,0,0
31_PE2_M-1305,42,20250922,0,0,0,0,0,0,0
31_PE2_M-1405,42,20250922,0,0,0,0,0,0,0
31_PE2_M-1505,42,20250922,0,0,0,0,0,0,0
31_PNE-1102,42,20250922,0,0,0,0,0,0,0
31_PNE-1202,42,20250922,0,0,0,0,0,0,0
31_PNE-1302,42,20250922,0,0,0,0,0,0,0
31_PNE-1402,42,20250922,0,0,0,0,0,0,0
31_PNE-1502,42,20250922,0,0,0,0,0,0,0
31_VERAO-1103,42,20250922,0,0,0,0,0,0,0
31_VERAO-1203,42,20250922,0,0,0,0,0,0,0
31_VERAO-1303,42,20250922,0,0,0,0,0,0,0
31_VERAO-1403,42,20250922,0,0,0,0,0,0,0
31_VERAO-1503,42,20250922,0,0,0,0,0,0,0
3100-13,42,20250922,0,0,3,2,0,0,0
3101-13,42,20250922,0,0,3,2,0,0,0
3102-13,42,20250922,0,0,3,2,0,0,0
3103-13,42,20250922,0,0,3,2,0,0,0
3104-13,42,20250922,0,0,4,2,0,0,0
3105-13,42,20250922,0,0,3,2,0,0,0
3106-13,42,20250922,0,0,3,2,0,0,0
3107-13,42,20250922,0,0,3,2,0,0,0
3108-13,42,20250922,0,0,3,2,0,0,0
3109-13,42,20250922,0,0,3,2,0,0,0
3110-13,42,20250922,0,0,3,2,0,0,0
3111-13,42,20250922,0,0,3,2,0,0,0
3112-13,42,20250922,0,0,3,2,0,0,0
3113-13,42,20250922,0,0,3,2,0,0,0
3114-13,42,20250922,0,0,3,2,0,0,0
3115-13,42,20250922,0,0,3,2,0,0,0
3116-13,42,20250922,0,0,3,2,0,0,0
3117-13,42,20250922,0,0,3,2,0,0,0
3118-13,42,20250922,0,0,3,2,0,0,0
3119-13,42,20250922,0,0,5,3,0,0,0
3120-13,42,20250922,0,0,5,3,0,0,0
3121-13,42,20250922,0,0,5,3,0,0,0
3122-13,42,20250922,0,0,5,3,0,0,0
3123-13,42,20250922,0,0,5,3,0,0,0
3124-13,42,20250922,0,0,5,3,0,0,0
3125-13,42,20250922,0,0,5,3,0,0,0
3126-13,42,20250922,0,0,5,3,0,0,0
3127-13,42,20250922,0,0,3,2,0,0,0
3128-13,42,20250922,0,0,3,2,0,0,0
3129-13,42,20250922,0,0,3,2,0,0,0
3130-13,42,20250922,0,0,3,2,0,0,0
3131-13,42,20250922,0,0,3,2,0,0,0
3132-13,42,20250922,0,0,5,3,0,0,0
3133-13,42,20250922,0,0,5,3,0,0,0
3134-13,42,20250922,0,0,5,3,0,0,0
3135-13,42,20250922,0,0,2,2,0,0,0
3136-13,42,20250922,0,0,2,2,0,0,0
3137-13,42,20250922,0,0,3,2,0,0,0
3138-13,42,20250922,0,0,3,2,0,0,0
3139-13,42,20250922,0,0,3,2,0,0,0
3140-13,42,20250922,0,0,2,2,0,0,0
3141-13,42,20250922,0,0,2,2,0,0,0
3142-13,42,20250922,0,0,1,1,0,0,0
3143-13,42,20250922,0,0,3,2,0,0,0
3144-13,42,20250922,0,0,3,2,0,0,0
3145-13,42,20250922,0,0,3,2,0,0,0
3146-13,42,20250922,0,0,1,1,0,0,0
3147-13,42,20250922,0,0,1,1,0,0,0
3148-13,42,20250922,0,0,1,1,0,0,0
3149-13,42,20250922,0,0,1,1,0,0,0
3150-13,42,20250922,0,0,1,1,0,0,0
3151-13,42,20250922,0,0,1,1,0,0,0
3152-13,42,20250922,0,0,3,2,0,0,0
3153-13,42,20250922,0,0,3,2,0,0,0
3154-13,42,20250922,0,0,1,1,0,0,0
3155-13,42,20250922,0,0,1,1,0,0,0
3156-13,42,20250922,0,0,1,1,0,0,0
3157-13,42,20250922,0,0,3,2,0,0,0
3158-13,42,20250922,0,0,1,1,0,0,0
32_PE-1101,42,20250922,0,0,0,0,0,0,0
32_PE-1201,42,20250922,0,0,0,0,0,0,0
32_PE-1301,42,20250922,0,0,0,0,0,0,0
32_PE-1401,42,20250922,0,0,0,0,0,0,0
32_PE-1501,42,20250922,0,0,0,0,0,0,0
32_PE2-1105,42,20250922,0,0,0,0,0,0,0
32_PE2-1205,42,20250922,0,0,0,0,0,0,0
32_PE2-1305,42,20250922,0,0,0,0,0,0,0
32_PE2-1405,42,20250922,0,0,0,0,0,0,0
32_PE2-1505,42,20250922,0,0,0,0,0,0,0
32_PNE-1102,42,20250922,0,0,0,0,0,0,0
32_PNE-1202,42,20250922,0,0,0,0,0,0,0
32_PNE-1302,42,20250922,0,0,0,0,0,0,0
32_PNE-1402,42,20250922,0,0,0,0,0,0,0
32_PNE-1502,42,20250922,0,0,0,0,0,0,0
32_VERAO-1103,42,20250922,0,0,0,0,0,0,0
32_VERAO-1203,42,20250922,0,0,0,0,0,0,0
32_VERAO-1303,42,20250922,0,0,0,0,0,0,0
32_VERAO-1403,42,20250922,0,0,0,0,0,0,0
32_VERAO-1503,42,20250922,0,0,0,0,0,0,0
33_PE-1101,42,20250922,0,0,0,0,0,0,0
33_PE-1201,42,20250922,0,0,0,0,0,0,0
33_PE-1301,42,20250922,0,0,0,0,0,0,0
33_PE-1401,42,20250922,0,0,0,0,0,0,0
33_PE-1501,42,20250922,0,0,0,0,0,0,0
33_PE2_M-1105,42,20250922,0,0,0,0,0,0,0
33_PE2_M-1205,42,20250922,0,0,0,0,0,0,0
33_PE2_M-1305,42,20250922,0,0,0,0,0,0,0
33_PE2_M-1405,42,20250922,0,0,0,0,0,0,0
33_PE2_M-1505,42,20250922,0,0,0,0,0,0,0
33_PNE-1102,42,20250922,0,0,0,0,0,0,0
33_PNE-1202,42,20250922,0,0,0,0,0,0,0
33_PNE-1302,42,20250922,0,0,0,0,0,0,0
33_PNE-1402,42,20250922,0,0,0,0,0,0,0
33_PNE-1502,42,20250922,0,0,0,0,0,0,0
33_VERAO-1103,42,20250922,0,0,0,0,0,0,0
33_VERAO-1203,42,20250922,0,0,0,0,0,0,0
33_VERAO-1303,42,20250922,0,0,0,0,0,0,0
33_VERAO-1403,42,20250922,0,0,0,0,0,0,0
33_VERAO-1503,42,20250922,0,0,0,0,0,0,0
34_PE-1101,42,20250922,0,0,0,0,0,0,0
34_PE-1201,42,20250922,0,0,0,0,0,0,0
34_PE-1301,42,20250922,0,0,0,0,0,0,0
34_PE-1401,42,20250922,0,0,0,0,0,0,0
34_PE-1501,42,20250922,0,0,0,0,0,0,0
34_PE2-1105,42,20250922,0,0,0,0,0,0,0
34_PE2-1205,42,20250922,0,0,0,0,0,0,0
34_PE2-1305,42,20250922,0,0,0,0,0,0,0
34_PE2-1405,42,20250922,0,0,0,0,0,0,0
34_PE2-1505,42,20250922,0,0,0,0,0,0,0
34_PNE-1102,42,20250922,0,0,0,0,0,0,0
34_PNE-1202,42,20250922,0,0,0,0,0,0,0
34_PNE-1302,42,20250922,0,0,0,0,0,0,0
34_PNE-1402,42,20250922,0,0,0,0,0,0,0
34_PNE-1502,42,20250922,0,0,0,0,0,0,0
34_VERAO-1103,42,20250922,0,0,0,0,0,0,0
34_VERAO-1203,42,20250922,0,0,0,0,0,0,0
34_VERAO-1303,42,20250922,0,0,0,0,0,0,0
34_VERAO-1403,42,20250922,0,0,0,0,0,0,0
34_VERAO-1503,42,20250922,0,0,0,0,0,0,0
35_PE-1101,42,20250922,0,0,0,0,0,0,0
35_PE-1201,42,20250922,0,0,0,0,0,0,0
35_PE-1301,42,20250922,0,0,0,0,0,0,0
35_PE-1401,42,20250922,0,0,0,0,0,0,0
35_PE-1501,42,20250922,0,0,0,0,0,0,0
35_PE2-1105,42,20250922,0,0,0,0,0,0,0
35_PE2-1205,42,20250922,0,0,0,0,0,0,0
35_PE2-1305,42,20250922,0,0,0,0,0,0,0
35_PE2-1405,42,20250922,0,0,0,0,0,0,0
35_PE2-1505,42,20250922,0,0,0,0,0,0,0
35_PNE-1102,42,20250922,0,0,0,0,0,0,0
35_PNE-1202,42,20250922,0,0,0,0,0,0,0
35_PNE-1302,42,20250922,0,0,0,0,0,0,0
35_PNE-1402,42,20250922,0,0,0,0,0,0,0
35_PNE-1502,42,20250922,0,0,0,0,0,0,0
35_VERAO-1103,42,20250922,0,0,0,0,0,0,0
35_VERAO-1203,42,20250922,0,0,0,0,0,0,0
35_VERAO-1303,42,20250922,0,0,0,0,0,0,0
35_VERAO-1403,42,20250922,0,0,0,0,0,0,0
35_VERAO-1503,42,20250922,0,0,0,0,0,0,0
3501-13,42,20250922,0,0,3,2,0,0,0
3502-13,42,20250922,0,0,3,2,0,0,0
3503-13,42,20250922,0,0,3,2,0,0,0
3504-13,42,20250922,0,0,2,2,0,0,0
3505-13,42,20250922,0,0,3,2,0,0,0
3506-13,42,20250922,0,0,3,2,0,0,0
3507-13,42,20250922,0,0,3,2,0,0,0
3508-13,42,20250922,0,0,3,2,0,0,0
3509-13,42,20250922,0,0,3,2,0,0,0
3510-13,42,20250922,0,0,3,2,0,0,0
3511-13,42,20250922,0,0,3,2,0,0,0
3512-13,42,20250922,0,0,2,2,0,0,0
3513-13,42,20250922,0,0,3,2,0,0,0
3514-13,42,20250922,0,0,3,2,0,0,0
3515-13,42,20250922,0,0,3,2,0,0,0
3516-13,42,20250922,0,0,3,2,0,0,0
3517-13,42,20250922,0,0,3,2,0,0,0
3518-13,42,20250922,0,0,3,2,0,0,0
3519-13,42,20250922,0,0,3,2,0,0,0
3520-13,42,20250922,0,0,3,2,0,0,0
3521-13,42,20250922,0,0,2,2,0,0,0
3522-13,42,20250922,0,0,2,2,0,0,0
3523-13,42,20250922,0,0,3,2,0,0,0
3524-13,42,20250922,0,0,3,2,0,0,0
3525-13,42,20250922,0,0,3,2,0,0,0
3526-13,42,20250922,0,0,3,2,0,0,0
3527-13,42,20250922,0,0,2,2,0,0,0
3528-13,42,20250922,0,0,3,2,0,0,0
3529-13,42,20250922,0,0,3,2,0,0,0
3530-13,42,20250922,0,0,3,2,0,0,0
3531-13,42,20250922,0,0,3,2,0,0,0
3532-13,42,20250922,0,0,3,2,0,0,0
3533-13,42,20250922,0,0,3,2,0,0,0
3534-13,42,20250922,0,0,3,2,0,0,0
3535-13,42,20250922,0,0,3,2,0,0,0
3536-13,42,20250922,0,0,3,2,0,0,0
3537-13,42,20250922,0,0,3,2,0,0,0
3538-13,42,20250922,0,0,2,2,0,0,0
3539-13,42,20250922,0,0,3,2,0,0,0
3540-13,42,20250922,0,0,3,2,0,0,0
3541-13,42,20250922,0,0,3,2,0,0,0
3542-13,42,20250922,0,0,3,2,0,0,0
3543-13,42,20250922,0,0,3,2,0,0,0
3544-13,42,20250922,0,0,3,2,0,0,0
3545-13,42,20250922,0,0,3,2,0,0,0
3546-13,42,20250922,0,0,2,2,0,0,0
3547-13,42,20250922,0,0,3,2,0,0,0
3548-13,42,20250922,0,0,3,2,0,0,0
3549-13,42,20250922,0,0,3,2,0,0,0
3550-13,42,20250922,0,0,1,1,0,0,0
3551-13,42,20250922,0,0,3,2,0,0,0
3552-13,42,20250922,0,0,3,2,0,0,0
3553-13,42,20250922,0,0,3,2,0,0,0
3554-13,42,20250922,0,0,3,2,0,0,0
3555-13,42,20250922,0,0,2,2,0,0,0
3556-13,42,20250922,0,0,3,2,0,0,0
3557-13,42,20250922,0,0,3,2,0,0,0
3558-13,42,20250922,0,0,3,2,0,0,0
3559-13,42,20250922,0,0,3,2,0,0,0
3560-13,42,20250922,0,0,3,2,0,0,0
3561-13,42,20250922,0,0,1,1,0,0,0
3562-13,42,20250922,0,0,3,2,0,0,0
3563-13,42,20250922,0,0,3,2,0,0,0
3564-13,42,20250922,0,0,3,2,0,0,0
3565-13,42,20250922,0,0,3,2,0,0,0
3566-13,42,20250922,0,0,3,2,0,0,0
3567-13,42,20250922,0,0,3,2,0,0,0
3568-13,42,20250922,0,0,3,2,0,0,0
3569-13,42,20250922,0,0,1,1,0,0,0
3570-13,42,20250922,0,0,3,2,0,0,0
3571-13,42,20250922,0,0,2,2,0,0,0
3572-13,42,20250922,0,0,3,2,0,0,0
3573-13,42,20250922,0,0,3,2,0,0,0
3574-13,42,20250922,0,0,3,2,0,0,0
3575-13,42,20250922,0,0,3,2,0,0,0
3576-13,42,20250922,0,0,3,2,0,0,0
3577-13,42,20250922,0,0,3,2,0,0,0
3578-13,42,20250922,0,0,3,2,0,0,0
3579-13,42,20250922,0,0,3,2,0,0,0
3580-13,42,20250922,0,0,2,2,0,0,0
3581-13,42,20250922,0,0,2,2,0,0,0
3582-13,42,20250922,0,0,2,2,0,0,0
3583-13,42,20250922,0,0,1,1,0,0,0
3584-13,42,20250922,0,0,3,2,0,0,0
3585-13,42,20250922,0,0,3,2,0,0,0
3586-13,42,20250922,0,0,3,2,0,0,0
3587-13,42,20250922,0,0,3,2,0,0,0
3588-13,42,20250922,0,0,3,2,0,0,0
3589-13,42,20250922,0,0,2,2,0,0,0
3590-13,42,20250922,0,0,3,2,0,0,0
3591-13,42,20250922,0,0,3,2,0,0,0
3592-13,42,20250922,0,0,3,2,0,0,0
3593-13,42,20250922,0,0,3,2,0,0,0
3594-13,42,20250922,0,0,3,2,0,0,0
3595-13,42,20250922,0,0,3,2,0,0,0
3596-13,42,20250922,0,0,3,2,0,0,0
3597-13,42,20250922,0,0,3,2,0,0,0
3598-13,42,20250922,0,0,3,2,0,0,0
3599-13,42,20250922,0,0,3,2,0,0,0
36_PE-1101,42,20250922,0,0,0,0,0,0,0
36_PE-1201,42,20250922,0,0,0,0,0,0,0
36_PE-1301,42,20250922,0,0,0,0,0,0,0
36_PE-1401,42,20250922,0,0,0,0,0,0,0
36_PE-1501,42,20250922,0,0,0,0,0,0,0
36_PE2-1105,42,20250922,0,0,0,0,0,0,0
36_PE2-1205,42,20250922,0,0,0,0,0,0,0
36_PE2-1305,42,20250922,0,0,0,0,0,0,0
36_PE2-1405,42,20250922,0,0,0,0,0,0,0
36_PE2-1505,42,20250922,0,0,0,0,0,0,0
36_PNE-1102,42,20250922,0,0,0,0,0,0,0
36_PNE-1202,42,20250922,0,0,0,0,0,0,0
36_PNE-1302,42,20250922,0,0,0,0,0,0,0
36_PNE-1402,42,20250922,0,0,0,0,0,0,0
36_PNE-1502,42,20250922,0,0,0,0,0,0,0
36_VERAO-1103,42,20250922,0,0,0,0,0,0,0
36_VERAO-1203,42,20250922,0,0,0,0,0,0,0
36_VERAO-1303,42,20250922,0,0,0,0,0,0,0
36_VERAO-1403,42,20250922,0,0,0,0,0,0,0
36_VERAO-1503,42,20250922,0,0,0,0,0,0,0
3600-13,42,20250922,0,0,3,2,0,0,0
3601-13,42,20250922,0,0,3,2,0,0,0
3602-13,42,20250922,0,0,3,2,0,0,0
3603-13,42,20250922,0,0,3,2,0,0,0
3604-13,42,20250922,0,0,3,2,0,0,0
3605-13,42,20250922,0,0,3,2,0,0,0
3606-13,42,20250922,0,0,3,2,0,0,0
3607-13,42,20250922,0,0,3,2,0,0,0
3608-13,42,20250922,0,0,3,2,0,0,0
3609-13,42,20250922,0,0,3,2,0,0,0
3610-13,42,20250922,0,0,3,2,0,0,0
3611-13,42,20250922,0,0,3,2,0,0,0
3612-13,42,20250922,0,0,2,2,0,0,0
3613-13,42,20250922,0,0,3,2,0,0,0
3614-13,42,20250922,0,0,3,2,0,0,0
3615-13,42,20250922,0,0,3,2,0,0,0
3616-13,42,20250922,0,0,3,2,0,0,0
3617-13,42,20250922,0,0,3,2,0,0,0
3618-13,42,20250922,0,0,3,2,0,0,0
3619-13,42,20250922,0,0,3,2,0,0,0
3620-13,42,20250922,0,0,3,2,0,0,0
3621-13,42,20250922,0,0,3,2,0,0,0
3622-13,42,20250922,0,0,3,2,0,0,0
3623-13,42,20250922,0,0,2,2,0,0,0
3624-13,42,20250922,0,0,3,2,0,0,0
37_PE-1101,42,20250922,0,0,0,0,0,0,0
37_PE-1201,42,20250922,0,0,0,0,0,0,0
37_PE-1301,42,20250922,0,0,0,0,0,0,0
37_PE-1401,42,20250922,0,0,0,0,0,0,0
37_PE-1501,42,20250922,0,0,0,0,0,0,0
37_PE2_M-1105,42,20250922,0,0,0,0,0,0,0
37_PE2_M-1205,42,20250922,0,0,0,0,0,0,0
37_PE2_M-1305,42,20250922,0,0,0,0,0,0,0
37_PE2_M-1405,42,20250922,0,0,0,0,0,0,0
37_PE2_M-1505,42,20250922,0,0,0,0,0,0,0
37_PNE-1102,42,20250922,0,0,0,0,0,0,0
37_PNE-1202,42,20250922,0,0,0,0,0,0,0
37_PNE-1302,42,20250922,0,0,0,0,0,0,0
37_PNE-1402,42,20250922,0,0,0,0,0,0,0
37_PNE-1502,42,20250922,0,0,0,0,0,0,0
37_VERAO-1103,42,20250922,0,0,0,0,0,0,0
37_VERAO-1203,42,20250922,0,0,0,0,0,0,0
37_VERAO-1303,42,20250922,0,0,0,0,0,0,0
37_VERAO-1403,42,20250922,0,0,0,0,0,0,0
37_VERAO-1503,42,20250922,0,0,0,0,0,0,0
3701-13,42,20250922,0,0,3,2,0,0,0
3702-13,42,20250922,0,0,3,2,0,0,0
3703-13,42,20250922,0,0,3,2,0,0,0
3704-13,42,20250922,0,0,3,2,0,0,0
3705-13,42,20250922,0,0,3,2,0,0,0
3706-13,42,20250922,0,0,3,2,0,0,0
3707-13,42,20250922,0,0,5,3,0,0,0
3708-13,42,20250922,0,0,3,2,0,0,0
3709-13,42,20250922,0,0,3,2,0,0,0
3710-13,42,20250922,0,0,5,3,0,0,0
3711-13,42,20250922,0,0,5,3,0,0,0
3712-13,42,20250922,0,0,3,2,0,0,0
3713-13,42,20250922,0,0,5,3,0,0,0
3714-13,42,20250922,0,0,5,3,0,0,0
3715-13,42,20250922,0,0,5,3,0,0,0
3716-13,42,20250922,0,0,5,3,0,0,0
3717-13,42,20250922,0,0,1,1,0,0,0
3718-13,42,20250922,0,0,5,3,0,0,0
3719-13,42,20250922,0,0,5,3,0,0,0
3720-13,42,20250922,0,0,5,3,0,0,0
3721-13,42,20250922,0,0,3,2,0,0,0
3722-13,42,20250922,0,0,5,3,0,0,0
3723-13,42,20250922,0,0,5,3,0,0,0
3724-13,42,20250922,0,0,3,2,0,0,0
3725-13,42,20250922,0,0,5,3,0,0,0
3726-13,42,20250922,0,0,5,3,0,0,0
3727-13,42,20250922,0,0,5,3,0,0,0
3728-13,42,20250922,0,0,5,3,0,0,0
3729-13,42,20250922,0,0,3,2,0,0,0
3730-13,42,20250922,0,0,5,3,0,0,0
3731-13,42,20250922,0,0,5,3,0,0,0
3732-13,42,20250922,0,0,5,3,0,0,0
3733-13,42,20250922,0,0,1,1,0,0,0
3734-13,42,20250922,0,0,5,3,0,0,0
3735-13,42,20250922,0,0,3,2,0,0,0
3736-13,42,20250922,0,0,5,3,0,0,0
3737-13,42,20250922,0,0,5,3,0,0,0
3738-13,42,20250922,0,0,3,2,0,0,0
3739-13,42,20250922,0,0,5,3,0,0,0
3740-13,42,20250922,0,0,5,3,0,0,0
3741-13,42,20250922,0,0,5,3,0,0,0
3742-13,42,20250922,0,0,3,2,0,0,0
3743-13,42,20250922,0,0,5,3,0,0,0
3744-13,42,20250922,0,0,5,3,0,0,0
3745-13,42,20250922,0,0,5,3,0,0,0
3746-13,42,20250922,0,0,5,3,0,0,0
3747-13,42,20250922,0,0,3,2,0,0,0
3748-13,42,20250922,0,0,5,3,0,0,0
3749-13,42,20250922,0,0,5,3,0,0,0
3750-13,42,20250922,0,0,5,3,0,0,0
3751-13,42,20250922,0,0,5,3,0,0,0
3752-13,42,20250922,0,0,5,3,0,0,0
3753-13,42,20250922,0,0,5,3,0,0,0
3754-13,42,20250922,0,0,5,3,0,0,0
3755-13,42,20250922,0,0,5,3,0,0,0
3756-13,42,20250922,0,0,3,2,0,0,0
3757-13,42,20250922,0,0,5,3,0,0,0
3758-13,42,20250922,0,0,5,3,0,0,0
38_PE-1101,42,20250922,0,0,0,0,0,0,0
38_PE-1201,42,20250922,0,0,0,0,0,0,0
38_PE-1301,42,20250922,0,0,0,0,0,0,0
38_PE-1401,42,20250922,0,0,0,0,0,0,0
38_PE-1501,42,20250922,0,0,0,0,0,0,0
38_PE2-1105,42,20250922,0,0,0,0,0,0,0
38_PE2-1205,42,20250922,0,0,0,0,0,0,0
38_PE2-1305,42,20250922,0,0,0,0,0,0,0
38_PE2-1405,42,20250922,0,0,0,0,0,0,0
38_PE2-1505,42,20250922,0,0,0,0,0,0,0
38_PNE-1102,42,20250922,0,0,0,0,0,0,0
38_PNE-1202,42,20250922,0,0,0,0,0,0,0
38_PNE-1302,42,20250922,0,0,0,0,0,0,0
38_PNE-1402,42,20250922,0,0,0,0,0,0,0
38_PNE-1502,42,20250922,0,0,0,0,0,0,0
38_VERAO-1103,42,20250922,0,0,0,0,0,0,0
38_VERAO-1203,42,20250922,0,0,0,0,0,0,0
38_VERAO-1303,42,20250922,0,0,0,0,0,0,0
38_VERAO-1403,42,20250922,0,0,0,0,0,0,0
38_VERAO-1503,42,20250922,0,0,0,0,0,0,0
39_PE-1101,42,20250922,0,0,0,0,0,0,0
39_PE-1201,42,20250922,0,0,0,0,0,0,0
39_PE-1301,42,20250922,0,0,0,0,0,0,0
39_PE-1401,42,20250922,0,0,0,0,0,0,0
39_PE-1501,42,20250922,0,0,0,0,0,0,0
39_PE2-1105,42,20250922,0,0,0,0,0,0,0
39_PE2-1205,42,20250922,0,0,0,0,0,0,0
39_PE2-1305,42,20250922,0,0,0,0,0,0,0
39_PE2-1405,42,20250922,0,0,0,0,0,0,0
39_PE2-1505,42,20250922,0,0,0,0,0,0,0
39_PNE-1102,42,20250922,0,0,0,0,0,0,0
39_PNE-1202,42,20250922,0,0,0,0,0,0,0
39_PNE-1302,42,20250922,0,0,0,0,0,0,0
39_PNE-1402,42,20250922,0,0,0,0,0,0,0
39_PNE-1502,42,20250922,0,0,0,0,0,0,0
39_VERAO-1103,42,20250922,0,0,0,0,0,0,0
39_VERAO-1203,42,20250922,0,0,0,0,0,0,0
39_VERAO-1303,42,20250922,0,0,0,0,0,0,0
39_VERAO-1403,42,20250922,0,0,0,0,0,0,0
39_VERAO-1503,42,20250922,0,0,0,0,0,0,0
4_PE-1101,42,20250922,0,0,0,0,0,0,0
4_PE-1201,42,20250922,0,0,0,0,0,0,0
4_PE-1301,42,20250922,0,0,0,0,0,0,0
4_PE-1401,42,20250922,0,0,0,0,0,0,0
4_PE-1501,42,20250922,0,0,0,0,0,0,0
4_PE2-1105,42,20250922,0,0,0,0,0,0,0
4_PE2-1205,42,20250922,0,0,0,0,0,0,0
4_PE2-1305,42,20250922,0,0,0,0,0,0,0
4_PE2-1405,42,20250922,0,0,0,0,0,0,0
4_PE2-1505,42,20250922,0,0,0,0,0,0,0
4_PNE-1102,42,20250922,0,0,0,0,0,0,0
4_PNE-1202,42,20250922,0,0,0,0,0,0,0
4_PNE-1302,42,20250922,0,0,0,0,0,0,0
4_PNE-1402,42,20250922,0,0,0,0,0,0,0
4_PNE-1502,42,20250922,0,0,0,0,0,0,0
4_VERAO-1103,42,20250922,0,0,0,0,0,0,0
4_VERAO-1203,42,20250922,0,0,0,0,0,0,0
4_VERAO-1303,42,20250922,0,0,0,0,0,0,0
4_VERAO-1403,42,20250922,0,0,0,0,0,0,0
4_VERAO-1503,42,20250922,0,0,0,0,0,0,0
40_PE-1101,42,20250922,0,0,0,0,0,0,0
40_PE-1201,42,20250922,0,0,0,0,0,0,0
40_PE-1301,42,20250922,0,0,0,0,0,0,0
40_PE-1401,42,20250922,0,0,0,0,0,0,0
40_PE-1501,42,20250922,0,0,0,0,0,0,0
40_PE2_M-1105,42,20250922,0,0,0,0,0,0,0
40_PE2_M-1205,42,20250922,0,0,0,0,0,0,0
40_PE2_M-1305,42,20250922,0,0,0,0,0,0,0
40_PE2_M-1405,42,20250922,0,0,0,0,0,0,0
40_PE2_M-1505,42,20250922,0,0,0,0,0,0,0
40_PNE-1102,42,20250922,0,0,0,0,0,0,0
40_PNE-1202,42,20250922,0,0,0,0,0,0,0
40_PNE-1302,42,20250922,0,0,0,0,0,0,0
40_PNE-1402,42,20250922,0,0,0,0,0,0,0
40_PNE-1502,42,20250922,0,0,0,0,0,0,0
40_VERAO-1103,42,20250922,0,0,0,0,0,0,0
40_VERAO-1203,42,20250922,0,0,0,0,0,0,0
40_VERAO-1303,42,20250922,0,0,0,0,0,0,0
40_VERAO-1403,42,20250922,0,0,0,0,0,0,0
40_VERAO-1503,42,20250922,0,0,0,0,0,0,0
4001-21,42,20250922,0,0,1,1,0,0,0
4001-22,42,20250922,0,0,1,1,0,0,0
4001-23,42,20250922,0,0,1,1,0,0,0
4002-21,42,20250922,0,0,1,1,0,0,0
4002-22,42,20250922,0,0,1,1,0,0,0
4002-23,42,20250922,0,0,1,1,0,0,0
4003-21,42,20250922,0,0,1,1,0,0,0
4003-22,42,20250922,0,0,1,1,0,0,0
4003-23,42,20250922,0,0,1,1,0,0,0
4004-21,42,20250922,0,0,3,2,0,0,0
4004-22,42,20250922,0,0,3,2,0,0,0
4004-23,42,20250922,0,0,3,2,0,0,0
4005-21,42,20250922,0,0,3,2,0,0,0
4005-22,42,20250922,0,0,3,2,0,0,0
4005-23,42,20250922,0,0,3,2,0,0,0
4006-21,42,20250922,0,0,3,2,0,0,0
4006-22,42,20250922,0,0,3,2,0,0,0
4006-23,42,20250922,0,0,3,2,0,0,0
4007-21,42,20250922,0,0,3,2,0,0,0
4007-22,42,20250922,0,0,3,2,0,0,0
4007-23,42,20250922,0,0,3,2,0,0,0
4008-21,42,20250922,0,0,3,2,0,0,0
4008-22,42,20250922,0,0,3,2,0,0,0
4008-23,42,20250922,0,0,3,2,0,0,0
4009-21,42,20250922,0,0,3,2,0,0,0
4009-22,42,20250922,0,0,3,2,0,0,0
4009-23,42,20250922,0,0,3,2,0,0,0
4010-21,42,20250922,0,0,3,2,0,0,0
4010-22,42,20250922,0,0,3,2,0,0,0
4010-23,42,20250922,0,0,3,2,0,0,0
4011-21,42,20250922,0,0,3,2,0,0,0
4011-22,42,20250922,0,0,3,2,0,0,0
4011-23,42,20250922,0,0,3,2,0,0,0
4012-21,42,20250922,0,0,3,2,0,0,0
4012-22,42,20250922,0,0,3,2,0,0,0
4012-23,42,20250922,0,0,3,2,0,0,0
4013-21,42,20250922,0,0,3,2,0,0,0
4013-22,42,20250922,0,0,3,2,0,0,0
4013-23,42,20250922,0,0,3,2,0,0,0
4014-21,42,20250922,0,0,3,2,0,0,0
4014-22,42,20250922,0,0,3,2,0,0,0
4014-23,42,20250922,0,0,3,2,0,0,0
4015-21,42,20250922,0,0,3,2,0,0,0
4015-22,42,20250922,0,0,3,2,0,0,0
4015-23,42,20250922,0,0,3,2,0,0,0
4016-21,42,20250922,0,0,3,2,0,0,0
4016-22,42,20250922,0,0,3,2,0,0,0
4016-23,42,20250922,0,0,3,2,0,0,0
4017-21,42,20250922,0,0,3,2,0,0,0
4017-22,42,20250922,0,0,3,2,0,0,0
4017-23,42,20250922,0,0,3,2,0,0,0
4018-21,42,20250922,0,0,3,2,0,0,0
4018-22,42,20250922,0,0,3,2,0,0,0
4018-23,42,20250922,0,0,3,2,0,0,0
4019-21,42,20250922,0,0,3,2,0,0,0
4019-22,42,20250922,0,0,3,2,0,0,0
4019-23,42,20250922,0,0,3,2,0,0,0
4020-21,42,20250922,0,0,3,2,0,0,0
4020-22,42,20250922,0,0,3,2,0,0,0
4020-23,42,20250922,0,0,3,2,0,0,0
4021-21,42,20250922,0,0,3,2,0,0,0
4021-22,42,20250922,0,0,3,2,0,0,0
4021-23,42,20250922,0,0,3,2,0,0,0
4022-21,42,20250922,0,0,3,2,0,0,0
4022-22,42,20250922,0,0,3,2,0,0,0
4022-23,42,20250922,0,0,3,2,0,0,0
4023-21,42,20250922,0,0,3,2,0,0,0
4023-22,42,20250922,0,0,3,2,0,0,0
4023-23,42,20250922,0,0,3,2,0,0,0
4024-21,42,20250922,0,0,3,2,0,0,0
4024-22,42,20250922,0,0,3,2,0,0,0
4024-23,42,20250922,0,0,3,2,0,0,0
4025-21,42,20250922,0,0,3,2,0,0,0
4025-22,42,20250922,0,0,3,2,0,0,0
4025-23,42,20250922,0,0,3,2,0,0,0
4026-21,42,20250922,0,0,3,2,0,0,0
4026-22,42,20250922,0,0,3,2,0,0,0
4026-23,42,20250922,0,0,3,2,0,0,0
4027-21,42,20250922,0,0,3,2,0,0,0
4027-22,42,20250922,0,0,3,2,0,0,0
4027-23,42,20250922,0,0,3,2,0,0,0
4028-21,42,20250922,0,0,3,2,0,0,0
4028-22,42,20250922,0,0,3,2,0,0,0
4028-23,42,20250922,0,0,3,2,0,0,0
4029-21,42,20250922,0,0,3,2,0,0,0
4029-22,42,20250922,0,0,3,2,0,0,0
4029-23,42,20250922,0,0,3,2,0,0,0
4030-21,42,20250922,0,0,3,2,0,0,0
4030-22,42,20250922,0,0,3,2,0,0,0
4030-23,42,20250922,0,0,3,2,0,0,0
4031-21,42,20250922,0,0,2,2,0,0,0
4031-22,42,20250922,0,0,2,2,0,0,0
4031-23,42,20250922,0,0,2,2,0,0,0
4032-21,42,20250922,0,0,2,2,0,0,0
4032-22,42,20250922,0,0,2,2,0,0,0
4032-23,42,20250922,0,0,2,2,0,0,0
4033-21,42,20250922,0,0,2,2,0,0,0
4033-22,42,20250922,0,0,2,2,0,0,0
4033-23,42,20250922,0,0,2,2,0,0,0
4034-21,42,20250922,0,0,2,2,0,0,0
4034-22,42,20250922,0,0,2,2,0,0,0
4034-23,42,20250922,0,0,2,2,0,0,0
4035-21,42,20250922,0,0,3,2,0,0,0
4035-22,42,20250922,0,0,3,2,0,0,0
4035-23,42,20250922,0,0,3,2,0,0,0
4036-21,42,20250922,0,0,3,2,0,0,0
4036-22,42,20250922,0,0,3,2,0,0,0
4036-23,42,20250922,0,0,3,2,0,0,0
4037-21,42,20250922,0,0,3,2,0,0,0
4037-22,42,20250922,0,0,3,2,0,0,0
4037-23,42,20250922,0,0,3,2,0,0,0
4038-21,42,20250922,0,0,3,2,0,0,0
4038-22,42,20250922,0,0,3,2,0,0,0
4038-23,42,20250922,0,0,3,2,0,0,0
4039-21,42,20250922,0,0,1,1,0,0,0
4039-22,42,20250922,0,0,1,1,0,0,0
4039-23,42,20250922,0,0,1,1,0,0,0
4040-21,42,20250922,0,0,1,1,0,0,0
4040-22,42,20250922,0,0,1,1,0,0,0
4040-23,42,20250922,0,0,1,1,0,0,0
4041-21,42,20250922,0,0,3,2,0,0,0
4041-22,42,20250922,0,0,3,2,0,0,0
4041-23,42,20250922,0,0,3,2,0,0,0
4042-21,42,20250922,0,0,3,2,0,0,0
4042-22,42,20250922,0,0,3,2,0,0,0
4042-23,42,20250922,0,0,3,2,0,0,0
4043-21,42,20250922,0,0,3,2,0,0,0
4043-22,42,20250922,0,0,3,2,0,0,0
4043-23,42,20250922,0,0,3,2,0,0,0
4044-21,42,20250922,0,0,3,2,0,0,0
4044-22,42,20250922,0,0,3,2,0,0,0
4044-23,42,20250922,0,0,3,2,0,0,0
4045-21,42,20250922,0,0,2,2,0,0,0
4045-22,42,20250922,0,0,2,2,0,0,0
4045-23,42,20250922,0,0,2,2,0,0,0
4046-21,42,20250922,0,0,3,2,0,0,0
4046-22,42,20250922,0,0,3,2,0,0,0
4046-23,42,20250922,0,0,3,2,0,0,0
4047-21,42,20250922,0,0,3,2,0,0,0
4047-22,42,20250922,0,0,3,2,0,0,0
4047-23,42,20250922,0,0,3,2,0,0,0
4048-21,42,20250922,0,0,3,2,0,0,0
4048-22,42,20250922,0,0,3,2,0,0,0
4048-23,42,20250922,0,0,3,2,0,0,0
4049-21,42,20250922,0,0,3,2,0,0,0
4049-22,42,20250922,0,0,3,2,0,0,0
4049-23,42,20250922,0,0,3,2,0,0,0
4050-21,42,20250922,0,0,3,2,0,0,0
4050-22,42,20250922,0,0,3,2,0,0,0
4050-23,42,20250922,0,0,3,2,0,0,0
4051-21,42,20250922,0,0,3,2,0,0,0
4051-22,42,20250922,0,0,3,2,0,0,0
4051-23,42,20250922,0,0,3,2,0,0,0
4052-21,42,20250922,0,0,3,2,0,0,0
4052-22,42,20250922,0,0,3,2,0,0,0
4052-23,42,20250922,0,0,3,2,0,0,0
4053-21,42,20250922,0,0,3,2,0,0,0
4053-22,42,20250922,0,0,3,2,0,0,0
4053-23,42,20250922,0,0,3,2,0,0,0
4054-21,42,20250922,0,0,3,2,0,0,0
4054-22,42,20250922,0,0,3,2,0,0,0
4054-23,42,20250922,0,0,3,2,0,0,0
4055-21,42,20250922,0,0,2,2,0,0,0
4055-22,42,20250922,0,0,2,2,0,0,0
4055-23,42,20250922,0,0,2,2,0,0,0
4056-21,42,20250922,0,0,3,2,0,0,0
4056-22,42,20250922,0,0,3,2,0,0,0
4056-23,42,20250922,0,0,3,2,0,0,0
4057-21,42,20250922,0,0,3,2,0,0,0
4057-22,42,20250922,0,0,3,2,0,0,0
4057-23,42,20250922,0,0,3,2,0,0,0
4058-21,42,20250922,0,0,3,2,0,0,0
4058-22,42,20250922,0,0,3,2,0,0,0
4058-23,42,20250922,0,0,3,2,0,0,0
4059-21,42,20250922,0,0,3,2,0,0,0
4059-22,42,20250922,0,0,3,2,0,0,0
4059-23,42,20250922,0,0,3,2,0,0,0
4060-21,42,20250922,0,0,3,2,0,0,0
4060-22,42,20250922,0,0,3,2,0,0,0
4060-23,42,20250922,0,0,3,2,0,0,0
4061-21,42,20250922,0,0,3,2,0,0,0
4061-22,42,20250922,0,0,3,2,0,0,0
4061-23,42,20250922,0,0,3,2,0,0,0
4062-21,42,20250922,0,0,3,2,0,0,0
4062-22,42,20250922,0,0,3,2,0,0,0
4062-23,42,20250922,0,0,3,2,0,0,0
4063-21,42,20250922,0,0,3,2,0,0,0
4063-22,42,20250922,0,0,3,2,0,0,0
4063-23,42,20250922,0,0,3,2,0,0,0
4064-21,42,20250922,0,0,3,2,0,0,0
4064-22,42,20250922,0,0,3,2,0,0,0
4064-23,42,20250922,0,0,3,2,0,0,0
4065-21,42,20250922,0,0,3,2,0,0,0
4065-22,42,20250922,0,0,3,2,0,0,0
4065-23,42,20250922,0,0,3,2,0,0,0
4066-21,42,20250922,0,0,3,2,0,0,0
4066-22,42,20250922,0,0,3,2,0,0,0
4066-23,42,20250922,0,0,3,2,0,0,0
4067-21,42,20250922,0,0,3,2,0,0,0
4067-22,42,20250922,0,0,3,2,0,0,0
4067-23,42,20250922,0,0,3,2,0,0,0
4068-21,42,20250922,0,0,3,2,0,0,0
4068-22,42,20250922,0,0,3,2,0,0,0
4068-23,42,20250922,0,0,3,2,0,0,0
4069-21,42,20250922,0,0,3,2,0,0,0
4069-22,42,20250922,0,0,3,2,0,0,0
4069-23,42,20250922,0,0,3,2,0,0,0
4070-21,42,20250922,0,0,3,2,0,0,0
4070-22,42,20250922,0,0,3,2,0,0,0
4070-23,42,20250922,0,0,3,2,0,0,0
4071-21,42,20250922,0,0,3,2,0,0,0
4071-22,42,20250922,0,0,3,2,0,0,0
4071-23,42,20250922,0,0,3,2,0,0,0
4072-21,42,20250922,0,0,3,2,0,0,0
4072-22,42,20250922,0,0,3,2,0,0,0
4072-23,42,20250922,0,0,3,2,0,0,0
4073-21,42,20250922,0,0,3,2,0,0,0
4073-22,42,20250922,0,0,3,2,0,0,0
4073-23,42,20250922,0,0,3,2,0,0,0
4074-21,42,20250922,0,0,3,2,0,0,0
4074-22,42,20250922,0,0,3,2,0,0,0
4074-23,42,20250922,0,0,3,2,0,0,0
4076-21,42,20250922,0,0,3,2,0,0,0
4076-22,42,20250922,0,0,3,2,0,0,0
4076-23,42,20250922,0,0,3,2,0,0,0
4077-21,42,20250922,0,0,3,2,0,0,0
4077-22,42,20250922,0,0,3,2,0,0,0
4077-23,42,20250922,0,0,3,2,0,0,0
4078-21,42,20250922,0,0,5,3,0,0,0
4078-22,42,20250922,0,0,5,3,0,0,0
4078-23,42,20250922,0,0,5,3,0,0,0
4079-21,42,20250922,0,0,5,3,0,0,0
4079-22,42,20250922,0,0,5,3,0,0,0
4079-23,42,20250922,0,0,5,3,0,0,0
4080-21,42,20250922,0,0,5,3,0,0,0
4080-22,42,20250922,0,0,5,3,0,0,0
4080-23,42,20250922,0,0,5,3,0,0,0
4081-21,42,20250922,0,0,5,3,0,0,0
4081-22,42,20250922,0,0,5,3,0,0,0
4081-23,42,20250922,0,0,5,3,0,0,0
4082-21,42,20250922,0,0,2,2,0,0,0
4082-22,42,20250922,0,0,2,2,0,0,0
4082-23,42,20250922,0,0,2,2,0,0,0
4083-21,42,20250922,0,0,3,2,0,0,0
4083-22,42,20250922,0,0,3,2,0,0,0
4083-23,42,20250922,0,0,3,2,0,0,0
4084-21,42,20250922,0,0,2,2,0,0,0
4084-22,42,20250922,0,0,2,2,0,0,0
4084-23,42,20250922,0,0,2,2,0,0,0
4085-21,42,20250922,0,0,2,2,0,0,0
4085-22,42,20250922,0,0,2,2,0,0,0
4085-23,42,20250922,0,0,2,2,0,0,0
4086-21,42,20250922,0,0,3,2,0,0,0
4086-22,42,20250922,0,0,3,2,0,0,0
4086-23,42,20250922,0,0,3,2,0,0,0
4087-21,42,20250922,0,0,3,2,0,0,0
4087-22,42,20250922,0,0,3,2,0,0,0
4087-23,42,20250922,0,0,3,2,0,0,0
4088-21,42,20250922,0,0,3,2,0,0,0
4088-22,42,20250922,0,0,3,2,0,0,0
4088-23,42,20250922,0,0,3,2,0,0,0
4089-21,42,20250922,0,0,1,1,0,0,0
4089-22,42,20250922,0,0,1,1,0,0,0
4089-23,42,20250922,0,0,1,1,0,0,0
4090-21,42,20250922,0,0,1,1,0,0,0
4090-22,42,20250922,0,0,1,1,0,0,0
4090-23,42,20250922,0,0,1,1,0,0,0
4091-21,42,20250922,0,0,1,1,0,0,0
4091-22,42,20250922,0,0,1,1,0,0,0
4091-23,42,20250922,0,0,1,1,0,0,0
4092-21,42,20250922,0,0,1,1,0,0,0
4092-22,42,20250922,0,0,1,1,0,0,0
4092-23,42,20250922,0,0,1,1,0,0,0
4093-21,42,20250922,0,0,1,1,0,0,0
4093-22,42,20250922,0,0,1,1,0,0,0
4093-23,42,20250922,0,0,1,1,0,0,0
4094-21,42,20250922,0,0,1,1,0,0,0
4094-22,42,20250922,0,0,1,1,0,0,0
4094-23,42,20250922,0,0,1,1,0,0,0
4095-21,42,20250922,0,0,1,1,0,0,0
4095-22,42,20250922,0,0,1,1,0,0,0
4095-23,42,20250922,0,0,1,1,0,0,0
4096-23,42,20250922,0,0,4,2,0,0,0
4097-23,42,20250922,0,0,4,2,0,0,0
41_PE-1101,42,20250922,0,0,0,0,0,0,0
41_PE-1201,42,20250922,0,0,0,0,0,0,0
41_PE-1301,42,20250922,0,0,0,0,0,0,0
41_PE-1401,42,20250922,0,0,0,0,0,0,0
41_PE-1501,42,20250922,0,0,0,0,0,0,0
41_PE2-1105,42,20250922,0,0,0,0,0,0,0
41_PE2-1205,42,20250922,0,0,0,0,0,0,0
41_PE2-1305,42,20250922,0,0,0,0,0,0,0
41_PE2-1405,42,20250922,0,0,0,0,0,0,0
41_PE2-1505,42,20250922,0,0,0,0,0,0,0
41_PNE-1102,42,20250922,0,0,0,0,0,0,0
41_PNE-1202,42,20250922,0,0,0,0,0,0,0
41_PNE-1302,42,20250922,0,0,0,0,0,0,0
41_PNE-1402,42,20250922,0,0,0,0,0,0,0
41_PNE-1502,42,20250922,0,0,0,0,0,0,0
41_VERAO-1103,42,20250922,0,0,0,0,0,0,0
41_VERAO-1203,42,20250922,0,0,0,0,0,0,0
41_VERAO-1303,42,20250922,0,0,0,0,0,0,0
41_VERAO-1403,42,20250922,0,0,0,0,0,0,0
41_VERAO-1503,42,20250922,0,0,0,0,0,0,0
42_PE-1101,42,20250922,0,0,0,0,0,0,0
42_PE-1201,42,20250922,0,0,0,0,0,0,0
42_PE-1301,42,20250922,0,0,0,0,0,0,0
42_PE-1401,42,20250922,0,0,0,0,0,0,0
42_PE-1501,42,20250922,0,0,0,0,0,0,0
42_PE2-1105,42,20250922,0,0,0,0,0,0,0
42_PE2-1205,42,20250922,0,0,0,0,0,0,0
42_PE2-1305,42,20250922,0,0,0,0,0,0,0
42_PE2-1405,42,20250922,0,0,0,0,0,0,0
42_PE2-1505,42,20250922,0,0,0,0,0,0,0
42_PNE-1102,42,20250922,0,0,0,0,0,0,0
42_PNE-1202,42,20250922,0,0,0,0,0,0,0
42_PNE-1302,42,20250922,0,0,0,0,0,0,0
42_PNE-1402,42,20250922,0,0,0,0,0,0,0
42_PNE-1502,42,20250922,0,0,0,0,0,0,0
42_VERAO-1103,42,20250922,0,0,0,0,0,0,0
42_VERAO-1203,42,20250922,0,0,0,0,0,0,0
42_VERAO-1303,42,20250922,0,0,0,0,0,0,0
42_VERAO-1403,42,20250922,0,0,0,0,0,0,0
42_VERAO-1503,42,20250922,0,0,0,0,0,0,0
43_PE-1101,42,20250922,0,0,0,0,0,0,0
43_PE-1201,42,20250922,0,0,0,0,0,0,0
43_PE-1301,42,20250922,0,0,0,0,0,0,0
43_PE-1401,42,20250922,0,0,0,0,0,0,0
43_PE-1501,42,20250922,0,0,0,0,0,0,0
43_PE2_M-1105,42,20250922,0,0,0,0,0,0,0
43_PE2_M-1205,42,20250922,0,0,0,0,0,0,0
43_PE2_M-1305,42,20250922,0,0,0,0,0,0,0
43_PE2_M-1405,42,20250922,0,0,0,0,0,0,0
43_PE2_M-1505,42,20250922,0,0,0,0,0,0,0
43_PNE-1102,42,20250922,0,0,0,0,0,0,0
43_PNE-1202,42,20250922,0,0,0,0,0,0,0
43_PNE-1302,42,20250922,0,0,0,0,0,0,0
43_PNE-1402,42,20250922,0,0,0,0,0,0,0
43_PNE-1502,42,20250922,0,0,0,0,0,0,0
43_VERAO-1103,42,20250922,0,0,0,0,0,0,0
43_VERAO-1203,42,20250922,0,0,0,0,0,0,0
43_VERAO-1303,42,20250922,0,0,0,0,0,0,0
43_VERAO-1403,42,20250922,0,0,0,0,0,0,0
43_VERAO-1503,42,20250922,0,0,0,0,0,0,0
44_PE-1101,42,20250922,0,0,0,0,0,0,0
44_PE-1201,42,20250922,0,0,0,0,0,0,0
44_PE-1301,42,20250922,0,0,0,0,0,0,0
44_PE-1401,42,20250922,0,0,0,0,0,0,0
44_PE-1501,42,20250922,0,0,0,0,0,0,0
44_PE2_M-1105,42,20250922,0,0,0,0,0,0,0
44_PE2_M-1205,42,20250922,0,0,0,0,0,0,0
44_PE2_M-1305,42,20250922,0,0,0,0,0,0,0
44_PE2_M-1405,42,20250922,0,0,0,0,0,0,0
44_PE2_M-1505,42,20250922,0,0,0,0,0,0,0
44_PNE-1102,42,20250922,0,0,0,0,0,0,0
44_PNE-1202,42,20250922,0,0,0,0,0,0,0
44_PNE-1302,42,20250922,0,0,0,0,0,0,0
44_PNE-1402,42,20250922,0,0,0,0,0,0,0
44_PNE-1502,42,20250922,0,0,0,0,0,0,0
44_VERAO-1103,42,20250922,0,0,0,0,0,0,0
44_VERAO-1203,42,20250922,0,0,0,0,0,0,0
44_VERAO-1303,42,20250922,0,0,0,0,0,0,0
44_VERAO-1403,42,20250922,0,0,0,0,0,0,0
44_VERAO-1503,42,20250922,0,0,0,0,0,0,0
45_PE-1101,42,20250922,0,0,0,0,0,0,0
45_PE-1201,42,20250922,0,0,0,0,0,0,0
45_PE-1301,42,20250922,0,0,0,0,0,0,0
45_PE-1401,42,20250922,0,0,0,0,0,0,0
45_PE-1501,42,20250922,0,0,0,0,0,0,0
45_PE2_M-1105,42,20250922,0,0,0,0,0,0,0
45_PE2_M-1205,42,20250922,0,0,0,0,0,0,0
45_PE2_M-1305,42,20250922,0,0,0,0,0,0,0
45_PE2_M-1405,42,20250922,0,0,0,0,0,0,0
45_PE2_M-1505,42,20250922,0,0,0,0,0,0,0
45_PNE-1102,42,20250922,0,0,0,0,0,0,0
45_PNE-1202,42,20250922,0,0,0,0,0,0,0
45_PNE-1302,42,20250922,0,0,0,0,0,0,0
45_PNE-1402,42,20250922,0,0,0,0,0,0,0
45_PNE-1502,42,20250922,0,0,0,0,0,0,0
45_VERAO-1103,42,20250922,0,0,0,0,0,0,0
45_VERAO-1203,42,20250922,0,0,0,0,0,0,0
45_VERAO-1303,42,20250922,0,0,0,0,0,0,0
45_VERAO-1403,42,20250922,0,0,0,0,0,0,0
45_VERAO-1503,42,20250922,0,0,0,0,0,0,0
4501-21,42,20250922,0,0,3,2,0,0,0
4501-22,42,20250922,0,0,3,2,0,0,0
4501-23,42,20250922,0,0,3,2,0,0,0
4502-21,42,20250922,0,0,2,2,0,0,0
4502-22,42,20250922,0,0,2,2,0,0,0
4502-23,42,20250922,0,0,2,2,0,0,0
4503-21,42,20250922,0,0,3,2,0,0,0
4503-22,42,20250922,0,0,3,2,0,0,0
4503-23,42,20250922,0,0,3,2,0,0,0
4504-21,42,20250922,0,0,3,2,0,0,0
4504-22,42,20250922,0,0,3,2,0,0,0
4504-23,42,20250922,0,0,3,2,0,0,0
4505-21,42,20250922,0,0,3,2,0,0,0
4505-22,42,20250922,0,0,3,2,0,0,0
4505-23,42,20250922,0,0,3,2,0,0,0
4506-21,42,20250922,0,0,3,2,0,0,0
4506-22,42,20250922,0,0,3,2,0,0,0
4506-23,42,20250922,0,0,3,2,0,0,0
4507-21,42,20250922,0,0,3,2,0,0,0
4507-22,42,20250922,0,0,3,2,0,0,0
4507-23,42,20250922,0,0,3,2,0,0,0
4508-21,42,20250922,0,0,3,2,0,0,0
4508-22,42,20250922,0,0,3,2,0,0,0
4508-23,42,20250922,0,0,3,2,0,0,0
4509-21,42,20250922,0,0,3,2,0,0,0
4509-22,42,20250922,0,0,3,2,0,0,0
4509-23,42,20250922,0,0,3,2,0,0,0
4510-21,42,20250922,0,0,3,2,0,0,0
4510-22,42,20250922,0,0,3,2,0,0,0
4510-23,42,20250922,0,0,3,2,0,0,0
4511-21,42,20250922,0,0,2,2,0,0,0
4511-22,42,20250922,0,0,2,2,0,0,0
4511-23,42,20250922,0,0,2,2,0,0,0
4512-21,42,20250922,0,0,3,2,0,0,0
4512-22,42,20250922,0,0,3,2,0,0,0
4512-23,42,20250922,0,0,3,2,0,0,0
4513-21,42,20250922,0,0,3,2,0,0,0
4513-22,42,20250922,0,0,3,2,0,0,0
4513-23,42,20250922,0,0,3,2,0,0,0
4514-21,42,20250922,0,0,2,2,0,0,0
4514-22,42,20250922,0,0,2,2,0,0,0
4514-23,42,20250922,0,0,2,2,0,0,0
4515-21,42,20250922,0,0,3,2,0,0,0
4515-22,42,20250922,0,0,3,2,0,0,0
4515-23,42,20250922,0,0,3,2,0,0,0
4516-21,42,20250922,0,0,3,2,0,0,0
4516-22,42,20250922,0,0,3,2,0,0,0
4516-23,42,20250922,0,0,3,2,0,0,0
4517-21,42,20250922,0,0,3,2,0,0,0
4517-22,42,20250922,0,0,3,2,0,0,0
4517-23,42,20250922,0,0,3,2,0,0,0
4518-21,42,20250922,0,0,3,2,0,0,0
4518-22,42,20250922,0,0,3,2,0,0,0
4518-23,42,20250922,0,0,3,2,0,0,0
4519-21,42,20250922,0,0,3,2,0,0,0
4519-22,42,20250922,0,0,3,2,0,0,0
4519-23,42,20250922,0,0,3,2,0,0,0
4520-21,42,20250922,0,0,3,2,0,0,0
4520-22,42,20250922,0,0,3,2,0,0,0
4520-23,42,20250922,0,0,3,2,0,0,0
4521-21,42,20250922,0,0,3,2,0,0,0
4521-22,42,20250922,0,0,3,2,0,0,0
4521-23,42,20250922,0,0,3,2,0,0,0
4522-21,42,20250922,0,0,3,2,0,0,0
4522-22,42,20250922,0,0,3,2,0,0,0
4522-23,42,20250922,0,0,3,2,0,0,0
4523-21,42,20250922,0,0,2,2,0,0,0
4523-22,42,20250922,0,0,2,2,0,0,0
4523-23,42,20250922,0,0,2,2,0,0,0
4524-21,42,20250922,0,0,2,2,0,0,0
4524-22,42,20250922,0,0,2,2,0,0,0
4524-23,42,20250922,0,0,2,2,0,0,0
4525-21,42,20250922,0,0,3,2,0,0,0
4525-22,42,20250922,0,0,3,2,0,0,0
4525-23,42,20250922,0,0,3,2,0,0,0
4526-21,42,20250922,0,0,3,2,0,0,0
4526-22,42,20250922,0,0,3,2,0,0,0
4526-23,42,20250922,0,0,3,2,0,0,0
4527-21,42,20250922,0,0,3,2,0,0,0
4527-22,42,20250922,0,0,3,2,0,0,0
4527-23,42,20250922,0,0,3,2,0,0,0
4528-21,42,20250922,0,0,3,2,0,0,0
4528-22,42,20250922,0,0,3,2,0,0,0
4528-23,42,20250922,0,0,3,2,0,0,0
4529-21,42,20250922,0,0,3,2,0,0,0
4529-22,42,20250922,0,0,3,2,0,0,0
4529-23,42,20250922,0,0,3,2,0,0,0
4530-21,42,20250922,0,0,3,2,0,0,0
4530-22,42,20250922,0,0,3,2,0,0,0
4530-23,42,20250922,0,0,3,2,0,0,0
4531-21,42,20250922,0,0,3,2,0,0,0
4531-22,42,20250922,0,0,3,2,0,0,0
4531-23,42,20250922,0,0,3,2,0,0,0
4532-21,42,20250922,0,0,3,2,0,0,0
4532-22,42,20250922,0,0,3,2,0,0,0
4532-23,42,20250922,0,0,3,2,0,0,0
4533-21,42,20250922,0,0,3,2,0,0,0
4533-22,42,20250922,0,0,3,2,0,0,0
4533-23,42,20250922,0,0,3,2,0,0,0
4534-21,42,20250922,0,0,2,2,0,0,0
4534-22,42,20250922,0,0,2,2,0,0,0
4534-23,42,20250922,0,0,2,2,0,0,0
4535-21,42,20250922,0,0,3,2,0,0,0
4535-22,42,20250922,0,0,3,2,0,0,0
4535-23,42,20250922,0,0,3,2,0,0,0
4536-21,42,20250922,0,0,2,2,0,0,0
4536-22,42,20250922,0,0,2,2,0,0,0
4536-23,42,20250922,0,0,2,2,0,0,0
4537-21,42,20250922,0,0,3,2,0,0,0
4537-22,42,20250922,0,0,3,2,0,0,0
4537-23,42,20250922,0,0,3,2,0,0,0
4538-21,42,20250922,0,0,3,2,0,0,0
4538-22,42,20250922,0,0,3,2,0,0,0
4538-23,42,20250922,0,0,3,2,0,0,0
4539-21,42,20250922,0,0,3,2,0,0,0
4539-22,42,20250922,0,0,3,2,0,0,0
4539-23,42,20250922,0,0,3,2,0,0,0
4540-21,42,20250922,0,0,2,2,0,0,0
4540-22,42,20250922,0,0,2,2,0,0,0
4540-23,42,20250922,0,0,2,2,0,0,0
4541-21,42,20250922,0,0,2,2,0,0,0
4541-22,42,20250922,0,0,2,2,0,0,0
4541-23,42,20250922,0,0,2,2,0,0,0
4542-21,42,20250922,0,0,3,2,0,0,0
4542-22,42,20250922,0,0,3,2,0,0,0
4542-23,42,20250922,0,0,3,2,0,0,0
4543-21,42,20250922,0,0,2,2,0,0,0
4543-22,42,20250922,0,0,2,2,0,0,0
4543-23,42,20250922,0,0,2,2,0,0,0
4544-21,42,20250922,0,0,3,2,0,0,0
4544-22,42,20250922,0,0,3,2,0,0,0
4544-23,42,20250922,0,0,3,2,0,0,0
4545-21,42,20250922,0,0,2,2,0,0,0
4545-22,42,20250922,0,0,2,2,0,0,0
4545-23,42,20250922,0,0,2,2,0,0,0
4546-21,42,20250922,0,0,3,2,0,0,0
4546-22,42,20250922,0,0,3,2,0,0,0
4546-23,42,20250922,0,0,3,2,0,0,0
4547-21,42,20250922,0,0,2,2,0,0,0
4547-22,42,20250922,0,0,2,2,0,0,0
4547-23,42,20250922,0,0,2,2,0,0,0
4548-21,42,20250922,0,0,3,2,0,0,0
4548-22,42,20250922,0,0,3,2,0,0,0
4548-23,42,20250922,0,0,3,2,0,0,0
4549-21,42,20250922,0,0,3,2,0,0,0
4549-22,42,20250922,0,0,3,2,0,0,0
4549-23,42,20250922,0,0,3,2,0,0,0
4550-21,42,20250922,0,0,3,2,0,0,0
4550-22,42,20250922,0,0,3,2,0,0,0
4550-23,42,20250922,0,0,3,2,0,0,0
4551-21,42,20250922,0,0,3,2,0,0,0
4551-22,42,20250922,0,0,3,2,0,0,0
4551-23,42,20250922,0,0,3,2,0,0,0
4552-21,42,20250922,0,0,3,2,0,0,0
4552-22,42,20250922,0,0,3,2,0,0,0
4552-23,42,20250922,0,0,3,2,0,0,0
4553-21,42,20250922,0,0,3,2,0,0,0
4553-22,42,20250922,0,0,3,2,0,0,0
4553-23,42,20250922,0,0,3,2,0,0,0
4554-21,42,20250922,0,0,3,2,0,0,0
4554-22,42,20250922,0,0,3,2,0,0,0
4554-23,42,20250922,0,0,3,2,0,0,0
4555-21,42,20250922,0,0,2,2,0,0,0
4555-22,42,20250922,0,0,2,2,0,0,0
4555-23,42,20250922,0,0,2,2,0,0,0
4556-23,42,20250922,0,0,3,2,0,0,0
4557-23,42,20250922,0,0,3,2,0,0,0
4558-23,42,20250922,0,0,3,2,0,0,0
46_PE-1101,42,20250922,0,0,0,0,0,0,0
46_PE-1201,42,20250922,0,0,0,0,0,0,0
46_PE-1301,42,20250922,0,0,0,0,0,0,0
46_PE-1401,42,20250922,0,0,0,0,0,0,0
46_PE-1501,42,20250922,0,0,0,0,0,0,0
46_PE2-1105,42,20250922,0,0,0,0,0,0,0
46_PE2-1205,42,20250922,0,0,0,0,0,0,0
46_PE2-1305,42,20250922,0,0,0,0,0,0,0
46_PE2-1405,42,20250922,0,0,0,0,0,0,0
46_PE2-1505,42,20250922,0,0,0,0,0,0,0
46_PNE-1102,42,20250922,0,0,0,0,0,0,0
46_PNE-1202,42,20250922,0,0,0,0,0,0,0
46_PNE-1302,42,20250922,0,0,0,0,0,0,0
46_PNE-1402,42,20250922,0,0,0,0,0,0,0
46_PNE-1502,42,20250922,0,0,0,0,0,0,0
46_VERAO-1103,42,20250922,0,0,0,0,0,0,0
46_VERAO-1203,42,20250922,0,0,0,0,0,0,0
46_VERAO-1303,42,20250922,0,0,0,0,0,0,0
46_VERAO-1403,42,20250922,0,0,0,0,0,0,0
46_VERAO-1503,42,20250922,0,0,0,0,0,0,0
47_PE-1101,42,20250922,0,0,0,0,0,0,0
47_PE-1201,42,20250922,0,0,0,0,0,0,0
47_PE-1301,42,20250922,0,0,0,0,0,0,0
47_PE-1401,42,20250922,0,0,0,0,0,0,0
47_PE-1501,42,20250922,0,0,0,0,0,0,0
47_PE2_M-1105,42,20250922,0,0,0,0,0,0,0
47_PE2_M-1205,42,20250922,0,0,0,0,0,0,0
47_PE2_M-1305,42,20250922,0,0,0,0,0,0,0
47_PE2_M-1405,42,20250922,0,0,0,0,0,0,0
47_PE2_M-1505,42,20250922,0,0,0,0,0,0,0
47_PNE-1102,42,20250922,0,0,0,0,0,0,0
47_PNE-1202,42,20250922,0,0,0,0,0,0,0
47_PNE-1302,42,20250922,0,0,0,0,0,0,0
47_PNE-1402,42,20250922,0,0,0,0,0,0,0
47_PNE-1502,42,20250922,0,0,0,0,0,0,0
47_VERAO-1103,42,20250922,0,0,0,0,0,0,0
47_VERAO-1203,42,20250922,0,0,0,0,0,0,0
47_VERAO-1303,42,20250922,0,0,0,0,0,0,0
47_VERAO-1403,42,20250922,0,0,0,0,0,0,0
47_VERAO-1503,42,20250922,0,0,0,0,0,0,0
4701-21,42,20250922,0,0,5,3,0,0,0
4701-22,42,20250922,0,0,5,3,0,0,0
4701-23,42,20250922,0,0,5,3,0,0,0
4702-21,42,20250922,0,0,3,2,0,0,0
4702-22,42,20250922,0,0,3,2,0,0,0
4702-23,42,20250922,0,0,3,2,0,0,0
4703-21,42,20250922,0,0,3,2,0,0,0
4703-22,42,20250922,0,0,3,2,0,0,0
4703-23,42,20250922,0,0,3,2,0,0,0
4704-21,42,20250922,0,0,3,2,0,0,0
4704-22,42,20250922,0,0,3,2,0,0,0
4704-23,42,20250922,0,0,3,2,0,0,0
4705-21,42,20250922,0,0,5,3,0,0,0
4705-22,42,20250922,0,0,5,3,0,0,0
4705-23,42,20250922,0,0,5,3,0,0,0
4706-21,42,20250922,0,0,3,2,0,0,0
4706-22,42,20250922,0,0,3,2,0,0,0
4706-23,42,20250922,0,0,3,2,0,0,0
4707-21,42,20250922,0,0,5,3,0,0,0
4707-22,42,20250922,0,0,5,3,0,0,0
4707-23,42,20250922,0,0,5,3,0,0,0
4708-21,42,20250922,0,0,3,2,0,0,0
4708-22,42,20250922,0,0,3,2,0,0,0
4708-23,42,20250922,0,0,3,2,0,0,0
4709-21,42,20250922,0,0,3,2,0,0,0
4709-22,42,20250922,0,0,3,2,0,0,0
4709-23,42,20250922,0,0,3,2,0,0,0
4710-21,42,20250922,0,0,5,3,0,0,0
4710-22,42,20250922,0,0,5,3,0,0,0
4710-23,42,20250922,0,0,5,3,0,0,0
4711-21,42,20250922,0,0,5,3,0,0,0
4711-22,42,20250922,0,0,5,3,0,0,0
4711-23,42,20250922,0,0,5,3,0,0,0
4712-21,42,20250922,0,0,3,2,0,0,0
4712-22,42,20250922,0,0,3,2,0,0,0
4712-23,42,20250922,0,0,3,2,0,0,0
4713-21,42,20250922,0,0,5,3,0,0,0
4713-22,42,20250922,0,0,5,3,0,0,0
4713-23,42,20250922,0,0,5,3,0,0,0
4714-21,42,20250922,0,0,5,3,0,0,0
4714-22,42,20250922,0,0,5,3,0,0,0
4714-23,42,20250922,0,0,5,3,0,0,0
4715-21,42,20250922,0,0,5,3,0,0,0
4715-22,42,20250922,0,0,5,3,0,0,0
4715-23,42,20250922,0,0,5,3,0,0,0
4716-21,42,20250922,0,0,1,1,0,0,0
4716-22,42,20250922,0,0,1,1,0,0,0
4716-23,42,20250922,0,0,1,1,0,0,0
4717-21,42,20250922,0,0,3,2,0,0,0
4717-22,42,20250922,0,0,3,2,0,0,0
4717-23,42,20250922,0,0,3,2,0,0,0
4718-21,42,20250922,0,0,5,3,0,0,0
4718-22,42,20250922,0,0,5,3,0,0,0
4718-23,42,20250922,0,0,5,3,0,0,0
4719-21,42,20250922,0,0,3,2,0,0,0
4719-22,42,20250922,0,0,3,2,0,0,0
4719-23,42,20250922,0,0,3,2,0,0,0
4720-21,42,20250922,0,0,5,3,0,0,0
4720-22,42,20250922,0,0,5,3,0,0,0
4720-23,42,20250922,0,0,5,3,0,0,0
4721-21,42,20250922,0,0,3,2,0,0,0
4721-22,42,20250922,0,0,3,2,0,0,0
4721-23,42,20250922,0,0,3,2,0,0,0
4722-21,42,20250922,0,0,5,3,0,0,0
4722-22,42,20250922,0,0,5,3,0,0,0
4722-23,42,20250922,0,0,5,3,0,0,0
4723-21,42,20250922,0,0,5,3,0,0,0
4723-22,42,20250922,0,0,5,3,0,0,0
4723-23,42,20250922,0,0,5,3,0,0,0
4724-21,42,20250922,0,0,3,2,0,0,0
4724-22,42,20250922,0,0,3,2,0,0,0
4724-23,42,20250922,0,0,3,2,0,0,0
4725-21,42,20250922,0,0,5,3,0,0,0
4725-22,42,20250922,0,0,5,3,0,0,0
4725-23,42,20250922,0,0,5,3,0,0,0
4726-21,42,20250922,0,0,5,3,0,0,0
4726-22,42,20250922,0,0,5,3,0,0,0
4726-23,42,20250922,0,0,5,3,0,0,0
4727-21,42,20250922,0,0,3,2,0,0,0
4727-22,42,20250922,0,0,3,2,0,0,0
4727-23,42,20250922,0,0,3,2,0,0,0
4728-21,42,20250922,0,0,3,2,0,0,0
4728-22,42,20250922,0,0,3,2,0,0,0
4728-23,42,20250922,0,0,3,2,0,0,0
4729-23,42,20250922,0,0,5,3,0,0,0
48_PE-1101,42,20250922,0,0,0,0,0,0,0
48_PE-1201,42,20250922,0,0,0,0,0,0,0
48_PE-1301,42,20250922,0,0,0,0,0,0,0
48_PE-1401,42,20250922,0,0,0,0,0,0,0
48_PE-1501,42,20250922,0,0,0,0,0,0,0
48_PE2_M-1105,42,20250922,0,0,0,0,0,0,0
48_PE2_M-1205,42,20250922,0,0,0,0,0,0,0
48_PE2_M-1305,42,20250922,0,0,0,0,0,0,0
48_PE2_M-1405,42,20250922,0,0,0,0,0,0,0
48_PE2_M-1505,42,20250922,0,0,0,0,0,0,0
48_PNE-1102,42,20250922,0,0,0,0,0,0,0
48_PNE-1202,42,20250922,0,0,0,0,0,0,0
48_PNE-1302,42,20250922,0,0,0,0,0,0,0
48_PNE-1402,42,20250922,0,0,0,0,0,0,0
48_PNE-1502,42,20250922,0,0,0,0,0,0,0
48_VERAO-1103,42,20250922,0,0,0,0,0,0,0
48_VERAO-1203,42,20250922,0,0,0,0,0,0,0
48_VERAO-1303,42,20250922,0,0,0,0,0,0,0
48_VERAO-1403,42,20250922,0,0,0,0,0,0,0
48_VERAO-1503,42,20250922,0,0,0,0,0,0,0
49_PE-1101,42,20250922,0,0,0,0,0,0,0
49_PE-1201,42,20250922,0,0,0,0,0,0,0
49_PE-1301,42,20250922,0,0,0,0,0,0,0
49_PE-1401,42,20250922,0,0,0,0,0,0,0
49_PE-1501,42,20250922,0,0,0,0,0,0,0
49_PE2-1105,42,20250922,0,0,0,0,0,0,0
49_PE2-1205,42,20250922,0,0,0,0,0,0,0
49_PE2-1305,42,20250922,0,0,0,0,0,0,0
49_PE2-1405,42,20250922,0,0,0,0,0,0,0
49_PE2-1505,42,20250922,0,0,0,0,0,0,0
49_PNE-1102,42,20250922,0,0,0,0,0,0,0
49_PNE-1202,42,20250922,0,0,0,0,0,0,0
49_PNE-1302,42,20250922,0,0,0,0,0,0,0
49_PNE-1402,42,20250922,0,0,0,0,0,0,0
49_PNE-1502,42,20250922,0,0,0,0,0,0,0
49_VERAO-1103,42,20250922,0,0,0,0,0,0,0
49_VERAO-1203,42,20250922,0,0,0,0,0,0,0
49_VERAO-1303,42,20250922,0,0,0,0,0,0,0
49_VERAO-1403,42,20250922,0,0,0,0,0,0,0
49_VERAO-1503,42,20250922,0,0,0,0,0,0,0
5_PE-1101,42,20250922,0,0,0,0,0,0,0
5_PE-1201,42,20250922,0,0,0,0,0,0,0
5_PE-1301,42,20250922,0,0,0,0,0,0,0
5_PE-1401,42,20250922,0,0,0,0,0,0,0
5_PE-1501,42,20250922,0,0,0,0,0,0,0
5_PE2-1105,42,20250922,0,0,0,0,0,0,0
5_PE2-1205,42,20250922,0,0,0,0,0,0,0
5_PE2-1305,42,20250922,0,0,0,0,0,0,0
5_PE2-1405,42,20250922,0,0,0,0,0,0,0
5_PE2-1505,42,20250922,0,0,0,0,0,0,0
5_PNE-1102,42,20250922,0,0,0,0,0,0,0
5_PNE-1202,42,20250922,0,0,0,0,0,0,0
5_PNE-1302,42,20250922,0,0,0,0,0,0,0
5_PNE-1402,42,20250922,0,0,0,0,0,0,0
5_PNE-1502,42,20250922,0,0,0,0,0,0,0
5_VERAO-1103,42,20250922,0,0,0,0,0,0,0
5_VERAO-1203,42,20250922,0,0,0,0,0,0,0
5_VERAO-1303,42,20250922,0,0,0,0,0,0,0
5_VERAO-1403,42,20250922,0,0,0,0,0,0,0
5_VERAO-1503,42,20250922,0,0,0,0,0,0,0
50_PE-1101,42,20250922,0,0,0,0,0,0,0
50_PE-1201,42,20250922,0,0,0,0,0,0,0
50_PE-1301,42,20250922,0,0,0,0,0,0,0
50_PE-1401,42,20250922,0,0,0,0,0,0,0
50_PE-1501,42,20250922,0,0,0,0,0,0,0
50_PE2-1105,42,20250922,0,0,0,0,0,0,0
50_PE2-1205,42,20250922,0,0,0,0,0,0,0
50_PE2-1305,42,20250922,0,0,0,0,0,0,0
50_PE2-1405,42,20250922,0,0,0,0,0,0,0
50_PE2-1505,42,20250922,0,0,0,0,0,0,0
50_PNE-1102,42,20250922,0,0,0,0,0,0,0
50_PNE-1202,42,20250922,0,0,0,0,0,0,0
50_PNE-1302,42,20250922,0,0,0,0,0,0,0
50_PNE-1402,42,20250922,0,0,0,0,0,0,0
50_PNE-1502,42,20250922,0,0,0,0,0,0,0
50_VERAO-1103,42,20250922,0,0,0,0,0,0,0
50_VERAO-1203,42,20250922,0,0,0,0,0,0,0
50_VERAO-1303,42,20250922,0,0,0,0,0,0,0
50_VERAO-1403,42,20250922,0,0,0,0,0,0,0
50_VERAO-1503,42,20250922,0,0,0,0,0,0,0
5001-31,42,20250922,0,0,1,1,0,0,0
5001-32,42,20250922,0,0,1,1,0,0,0
5001-33,42,20250922,0,0,1,1,0,0,0
5002-31,42,20250922,0,0,3,2,0,0,0
5002-32,42,20250922,0,0,3,2,0,0,0
5002-33,42,20250922,0,0,3,2,0,0,0
5003-31,42,20250922,0,0,3,2,0,0,0
5003-32,42,20250922,0,0,3,2,0,0,0
5003-33,42,20250922,0,0,3,2,0,0,0
5004-31,42,20250922,0,0,3,2,0,0,0
5004-32,42,20250922,0,0,3,2,0,0,0
5004-33,42,20250922,0,0,3,2,0,0,0
5005-31,42,20250922,0,0,3,2,0,0,0
5005-32,42,20250922,0,0,3,2,0,0,0
5005-33,42,20250922,0,0,3,2,0,0,0
5006-31,42,20250922,0,0,3,2,0,0,0
5006-32,42,20250922,0,0,3,2,0,0,0
5006-33,42,20250922,0,0,3,2,0,0,0
5007-31,42,20250922,0,0,3,2,0,0,0
5007-32,42,20250922,0,0,3,2,0,0,0
5007-33,42,20250922,0,0,3,2,0,0,0
5008-31,42,20250922,0,0,3,2,0,0,0
5008-32,42,20250922,0,0,3,2,0,0,0
5008-33,42,20250922,0,0,3,2,0,0,0
5009-31,42,20250922,0,0,3,2,0,0,0
5009-32,42,20250922,0,0,3,2,0,0,0
5009-33,42,20250922,0,0,3,2,0,0,0
5010-31,42,20250922,0,0,3,2,0,0,0
5010-32,42,20250922,0,0,3,2,0,0,0
5010-33,42,20250922,0,0,3,2,0,0,0
5011-31,42,20250922,0,0,3,2,0,0,0
5011-32,42,20250922,0,0,3,2,0,0,0
5011-33,42,20250922,0,0,3,2,0,0,0
5012-31,42,20250922,0,0,3,2,0,0,0
5012-32,42,20250922,0,0,3,2,0,0,0
5012-33,42,20250922,0,0,3,2,0,0,0
5013-31,42,20250922,0,0,3,2,0,0,0
5013-32,42,20250922,0,0,3,2,0,0,0
5013-33,42,20250922,0,0,3,2,0,0,0
5014-31,42,20250922,0,0,3,2,0,0,0
5014-32,42,20250922,0,0,3,2,0,0,0
5014-33,42,20250922,0,0,3,2,0,0,0
5015-31,42,20250922,0,0,3,2,0,0,0
5015-32,42,20250922,0,0,3,2,0,0,0
5015-33,42,20250922,0,0,3,2,0,0,0
5016-31,42,20250922,0,0,3,2,0,0,0
5016-32,42,20250922,0,0,3,2,0,0,0
5016-33,42,20250922,0,0,3,2,0,0,0
5017-31,42,20250922,0,0,3,2,0,0,0
5017-32,42,20250922,0,0,3,2,0,0,0
5017-33,42,20250922,0,0,3,2,0,0,0
5018-31,42,20250922,0,0,3,2,0,0,0
5018-32,42,20250922,0,0,3,2,0,0,0
5018-33,42,20250922,0,0,3,2,0,0,0
5019-31,42,20250922,0,0,3,2,0,0,0
5019-32,42,20250922,0,0,3,2,0,0,0
5019-33,42,20250922,0,0,3,2,0,0,0
5020-31,42,20250922,0,0,3,2,0,0,0
5020-32,42,20250922,0,0,3,2,0,0,0
5020-33,42,20250922,0,0,3,2,0,0,0
5021-31,42,20250922,0,0,3,2,0,0,0
5021-32,42,20250922,0,0,3,2,0,0,0
5021-33,42,20250922,0,0,3,2,0,0,0
5022-31,42,20250922,0,0,3,2,0,0,0
5022-32,42,20250922,0,0,3,2,0,0,0
5022-33,42,20250922,0,0,3,2,0,0,0
5023-31,42,20250922,0,0,2,2,0,0,0
5023-32,42,20250922,0,0,2,2,0,0,0
5023-33,42,20250922,0,0,2,2,0,0,0
5024-31,42,20250922,0,0,2,2,0,0,0
5024-32,42,20250922,0,0,2,2,0,0,0
5024-33,42,20250922,0,0,2,2,0,0,0
5025-31,42,20250922,0,0,2,2,0,0,0
5025-32,42,20250922,0,0,2,2,0,0,0
5025-33,42,20250922,0,0,2,2,0,0,0
5026-31,42,20250922,0,0,3,2,0,0,0
5026-32,42,20250922,0,0,3,2,0,0,0
5026-33,42,20250922,0,0,3,2,0,0,0
5027-31,42,20250922,0,0,3,2,0,0,0
5027-32,42,20250922,0,0,3,2,0,0,0
5027-33,42,20250922,0,0,3,2,0,0,0
5028-31,42,20250922,0,0,3,2,0,0,0
5028-32,42,20250922,0,0,3,2,0,0,0
5028-33,42,20250922,0,0,3,2,0,0,0
5029-31,42,20250922,0,0,3,2,0,0,0
5029-32,42,20250922,0,0,3,2,0,0,0
5029-33,42,20250922,0,0,3,2,0,0,0
5030-31,42,20250922,0,0,3,2,0,0,0
5030-32,42,20250922,0,0,3,2,0,0,0
5030-33,42,20250922,0,0,3,2,0,0,0
5031-31,42,20250922,0,0,3,2,0,0,0
5031-32,42,20250922,0,0,3,2,0,0,0
5031-33,42,20250922,0,0,3,2,0,0,0
5032-31,42,20250922,0,0,3,2,0,0,0
5032-32,42,20250922,0,0,3,2,0,0,0
5032-33,42,20250922,0,0,3,2,0,0,0
5033-31,42,20250922,0,0,3,2,0,0,0
5033-32,42,20250922,0,0,3,2,0,0,0
5033-33,42,20250922,0,0,3,2,0,0,0
5034-31,42,20250922,0,0,3,2,0,0,0
5034-32,42,20250922,0,0,3,2,0,0,0
5034-33,42,20250922,0,0,3,2,0,0,0
5035-31,42,20250922,0,0,3,2,0,0,0
5035-32,42,20250922,0,0,3,2,0,0,0
5035-33,42,20250922,0,0,3,2,0,0,0
5036-31,42,20250922,0,0,3,2,0,0,0
5036-32,42,20250922,0,0,3,2,0,0,0
5036-33,42,20250922,0,0,3,2,0,0,0
5037-31,42,20250922,0,0,3,2,0,0,0
5037-32,42,20250922,0,0,3,2,0,0,0
5037-33,42,20250922,0,0,3,2,0,0,0
5038-31,42,20250922,0,0,1,1,0,0,0
5038-32,42,20250922,0,0,1,1,0,0,0
5038-33,42,20250922,0,0,1,1,0,0,0
5039-31,42,20250922,0,0,3,2,0,0,0
5039-32,42,20250922,0,0,3,2,0,0,0
5039-33,42,20250922,0,0,3,2,0,0,0
5040-31,42,20250922,0,0,3,2,0,0,0
5040-32,42,20250922,0,0,3,2,0,0,0
5040-33,42,20250922,0,0,3,2,0,0,0
5041-31,42,20250922,0,0,3,2,0,0,0
5041-32,42,20250922,0,0,3,2,0,0,0
5041-33,42,20250922,0,0,3,2,0,0,0
5042-31,42,20250922,0,0,3,2,0,0,0
5042-32,42,20250922,0,0,3,2,0,0,0
5042-33,42,20250922,0,0,3,2,0,0,0
5043-31,42,20250922,0,0,3,2,0,0,0
5043-32,42,20250922,0,0,3,2,0,0,0
5043-33,42,20250922,0,0,3,2,0,0,0
5044-31,42,20250922,0,0,3,2,0,0,0
5044-32,42,20250922,0,0,3,2,0,0,0
5044-33,42,20250922,0,0,3,2,0,0,0
5045-31,42,20250922,0,0,2,2,0,0,0
5045-32,42,20250922,0,0,2,2,0,0,0
5045-33,42,20250922,0,0,2,2,0,0,0
5046-31,42,20250922,0,0,3,2,0,0,0
5046-32,42,20250922,0,0,3,2,0,0,0
5046-33,42,20250922,0,0,3,2,0,0,0
5047-31,42,20250922,0,0,3,2,0,0,0
5047-32,42,20250922,0,0,3,2,0,0,0
5047-33,42,20250922,0,0,3,2,0,0,0
5048-31,42,20250922,0,0,3,2,0,0,0
5048-32,42,20250922,0,0,3,2,0,0,0
5048-33,42,20250922,0,0,3,2,0,0,0
5049-31,42,20250922,0,0,3,2,0,0,0
5049-32,42,20250922,0,0,3,2,0,0,0
5049-33,42,20250922,0,0,3,2,0,0,0
5050-31,42,20250922,0,0,3,2,0,0,0
5050-32,42,20250922,0,0,3,2,0,0,0
5050-33,42,20250922,0,0,3,2,0,0,0
5051-31,42,20250922,0,0,3,2,0,0,0
5051-32,42,20250922,0,0,3,2,0,0,0
5051-33,42,20250922,0,0,3,2,0,0,0
5052-31,42,20250922,0,0,3,2,0,0,0
5052-32,42,20250922,0,0,3,2,0,0,0
5052-33,42,20250922,0,0,3,2,0,0,0
5053-31,42,20250922,0,0,3,2,0,0,0
5053-32,42,20250922,0,0,3,2,0,0,0
5053-33,42,20250922,0,0,3,2,0,0,0
5054-31,42,20250922,0,0,3,2,0,0,0
5054-32,42,20250922,0,0,3,2,0,0,0
5054-33,42,20250922,0,0,3,2,0,0,0
5055-31,42,20250922,0,0,3,2,0,0,0
5055-32,42,20250922,0,0,3,2,0,0,0
5055-33,42,20250922,0,0,3,2,0,0,0
5056-31,42,20250922,0,0,3,2,0,0,0
5056-32,42,20250922,0,0,3,2,0,0,0
5056-33,42,20250922,0,0,3,2,0,0,0
5057-31,42,20250922,0,0,3,2,0,0,0
5057-32,42,20250922,0,0,3,2,0,0,0
5057-33,42,20250922,0,0,3,2,0,0,0
5058-31,42,20250922,0,0,3,2,0,0,0
5058-32,42,20250922,0,0,3,2,0,0,0
5058-33,42,20250922,0,0,3,2,0,0,0
5059-31,42,20250922,0,0,3,2,0,0,0
5059-32,42,20250922,0,0,3,2,0,0,0
5059-33,42,20250922,0,0,3,2,0,0,0
5060-31,42,20250922,0,0,3,2,0,0,0
5060-32,42,20250922,0,0,3,2,0,0,0
5060-33,42,20250922,0,0,3,2,0,0,0
5061-31,42,20250922,0,0,3,2,0,0,0
5061-32,42,20250922,0,0,3,2,0,0,0
5061-33,42,20250922,0,0,3,2,0,0,0
5062-31,42,20250922,0,0,3,2,0,0,0
5062-32,42,20250922,0,0,3,2,0,0,0
5062-33,42,20250922,0,0,3,2,0,0,0
5063-31,42,20250922,0,0,3,2,0,0,0
5063-32,42,20250922,0,0,3,2,0,0,0
5063-33,42,20250922,0,0,3,2,0,0,0
5064-31,42,20250922,0,0,3,2,0,0,0
5064-32,42,20250922,0,0,3,2,0,0,0
5064-33,42,20250922,0,0,3,2,0,0,0
5065-31,42,20250922,0,0,3,2,0,0,0
5065-32,42,20250922,0,0,3,2,0,0,0
5065-33,42,20250922,0,0,3,2,0,0,0
5066-31,42,20250922,0,0,5,3,0,0,0
5066-32,42,20250922,0,0,5,3,0,0,0
5066-33,42,20250922,0,0,5,3,0,0,0
5067-31,42,20250922,0,0,5,3,0,0,0
5067-32,42,20250922,0,0,5,3,0,0,0
5067-33,42,20250922,0,0,5,3,0,0,0
5068-31,42,20250922,0,0,5,3,0,0,0
5068-32,42,20250922,0,0,5,3,0,0,0
5068-33,42,20250922,0,0,5,3,0,0,0
5069-31,42,20250922,0,0,5,3,0,0,0
5069-32,42,20250922,0,0,5,3,0,0,0
5069-33,42,20250922,0,0,5,3,0,0,0
5070-31,42,20250922,0,0,2,2,0,0,0
5070-32,42,20250922,0,0,2,2,0,0,0
5070-33,42,20250922,0,0,2,2,0,0,0
5071-31,42,20250922,0,0,2,2,0,0,0
5071-32,42,20250922,0,0,2,2,0,0,0
5071-33,42,20250922,0,0,2,2,0,0,0
5072-31,42,20250922,0,0,3,2,0,0,0
5072-32,42,20250922,0,0,3,2,0,0,0
5072-33,42,20250922,0,0,3,2,0,0,0
5073-31,42,20250922,0,0,3,2,0,0,0
5073-32,42,20250922,0,0,3,2,0,0,0
5073-33,42,20250922,0,0,3,2,0,0,0
5074-31,42,20250922,0,0,3,2,0,0,0
5074-32,42,20250922,0,0,3,2,0,0,0
5074-33,42,20250922,0,0,3,2,0,0,0
5075-31,42,20250922,0,0,1,1,0,0,0
5075-32,42,20250922,0,0,1,1,0,0,0
5075-33,42,20250922,0,0,1,1,0,0,0
5076-31,42,20250922,0,0,1,1,0,0,0
5076-32,42,20250922,0,0,1,1,0,0,0
5076-33,42,20250922,0,0,1,1,0,0,0
5077-31,42,20250922,0,0,1,1,0,0,0
5077-32,42,20250922,0,0,1,1,0,0,0
5077-33,42,20250922,0,0,1,1,0,0,0
5078-31,42,20250922,0,0,1,1,0,0,0
5078-32,42,20250922,0,0,1,1,0,0,0
5078-33,42,20250922,0,0,1,1,0,0,0
5079-31,42,20250922,0,0,1,1,0,0,0
5079-32,42,20250922,0,0,1,1,0,0,0
5079-33,42,20250922,0,0,1,1,0,0,0
5080-31,42,20250922,0,0,1,1,0,0,0
5080-32,42,20250922,0,0,1,1,0,0,0
5080-33,42,20250922,0,0,1,1,0,0,0
5081-33,42,20250922,0,0,4,2,0,0,0
5082-33,42,20250922,0,0,4,2,0,0,0
51_PE-1101,42,20250922,0,0,0,0,0,0,0
51_PE-1201,42,20250922,0,0,0,0,0,0,0
51_PE-1301,42,20250922,0,0,0,0,0,0,0
51_PE-1401,42,20250922,0,0,0,0,0,0,0
51_PE-1501,42,20250922,0,0,0,0,0,0,0
51_PE2_M-1105,42,20250922,0,0,0,0,0,0,0
51_PE2_M-1205,42,20250922,0,0,0,0,0,0,0
51_PE2_M-1305,42,20250922,0,0,0,0,0,0,0
51_PE2_M-1405,42,20250922,0,0,0,0,0,0,0
51_PE2_M-1505,42,20250922,0,0,0,0,0,0,0
51_PNE-1102,42,20250922,0,0,0,0,0,0,0
51_PNE-1202,42,20250922,0,0,0,0,0,0,0
51_PNE-1302,42,20250922,0,0,0,0,0,0,0
51_PNE-1402,42,20250922,0,0,0,0,0,0,0
51_PNE-1502,42,20250922,0,0,0,0,0,0,0
51_VERAO-1103,42,20250922,0,0,0,0,0,0,0
51_VERAO-1203,42,20250922,0,0,0,0,0,0,0
51_VERAO-1303,42,20250922,0,0,0,0,0,0,0
51_VERAO-1403,42,20250922,0,0,0,0,0,0,0
51_VERAO-1503,42,20250922,0,0,0,0,0,0,0
52_PE-1101,42,20250922,0,0,0,0,0,0,0
52_PE-1201,42,20250922,0,0,0,0,0,0,0
52_PE-1301,42,20250922,0,0,0,0,0,0,0
52_PE-1401,42,20250922,0,0,0,0,0,0,0
52_PE-1501,42,20250922,0,0,0,0,0,0,0
52_PE2-1105,42,20250922,0,0,0,0,0,0,0
52_PE2-1205,42,20250922,0,0,0,0,0,0,0
52_PE2-1305,42,20250922,0,0,0,0,0,0,0
52_PE2-1405,42,20250922,0,0,0,0,0,0,0
52_PE2-1505,42,20250922,0,0,0,0,0,0,0
52_PNE-1102,42,20250922,0,0,0,0,0,0,0
52_PNE-1202,42,20250922,0,0,0,0,0,0,0
52_PNE-1302,42,20250922,0,0,0,0,0,0,0
52_PNE-1402,42,20250922,0,0,0,0,0,0,0
52_PNE-1502,42,20250922,0,0,0,0,0,0,0
52_VERAO-1103,42,20250922,0,0,0,0,0,0,0
52_VERAO-1203,42,20250922,0,0,0,0,0,0,0
52_VERAO-1303,42,20250922,0,0,0,0,0,0,0
52_VERAO-1403,42,20250922,0,0,0,0,0,0,0
52_VERAO-1503,42,20250922,0,0,0,0,0,0,0
53_PE-1101,42,20250922,0,0,0,0,0,0,0
53_PE-1201,42,20250922,0,0,0,0,0,0,0
53_PE-1301,42,20250922,0,0,0,0,0,0,0
53_PE-1401,42,20250922,0,0,0,0,0,0,0
53_PE-1501,42,20250922,0,0,0,0,0,0,0
53_PE2-1105,42,20250922,0,0,0,0,0,0,0
53_PE2-1205,42,20250922,0,0,0,0,0,0,0
53_PE2-1305,42,20250922,0,0,0,0,0,0,0
53_PE2-1405,42,20250922,0,0,0,0,0,0,0
53_PE2-1505,42,20250922,0,0,0,0,0,0,0
53_PNE-1102,42,20250922,0,0,0,0,0,0,0
53_PNE-1202,42,20250922,0,0,0,0,0,0,0
53_PNE-1302,42,20250922,0,0,0,0,0,0,0
53_PNE-1402,42,20250922,0,0,0,0,0,0,0
53_PNE-1502,42,20250922,0,0,0,0,0,0,0
53_VERAO-1103,42,20250922,0,0,0,0,0,0,0
53_VERAO-1203,42,20250922,0,0,0,0,0,0,0
53_VERAO-1303,42,20250922,0,0,0,0,0,0,0
53_VERAO-1403,42,20250922,0,0,0,0,0,0,0
53_VERAO-1503,42,20250922,0,0,0,0,0,0,0
54_PE-1101,42,20250922,0,0,0,0,0,0,0
54_PE-1201,42,20250922,0,0,0,0,0,0,0
54_PE-1301,42,20250922,0,0,0,0,0,0,0
54_PE-1401,42,20250922,0,0,0,0,0,0,0
54_PE-1501,42,20250922,0,0,0,0,0,0,0
54_PE2-1105,42,20250922,0,0,0,0,0,0,0
54_PE2-1205,42,20250922,0,0,0,0,0,0,0
54_PE2-1305,42,20250922,0,0,0,0,0,0,0
54_PE2-1405,42,20250922,0,0,0,0,0,0,0
54_PE2-1505,42,20250922,0,0,0,0,0,0,0
54_PNE-1102,42,20250922,0,0,0,0,0,0,0
54_PNE-1202,42,20250922,0,0,0,0,0,0,0
54_PNE-1302,42,20250922,0,0,0,0,0,0,0
54_PNE-1402,42,20250922,0,0,0,0,0,0,0
54_PNE-1502,42,20250922,0,0,0,0,0,0,0
54_VERAO-1103,42,20250922,0,0,0,0,0,0,0
54_VERAO-1203,42,20250922,0,0,0,0,0,0,0
54_VERAO-1303,42,20250922,0,0,0,0,0,0,0
54_VERAO-1403,42,20250922,0,0,0,0,0,0,0
54_VERAO-1503,42,20250922,0,0,0,0,0,0,0
55_PE-1101,42,20250922,0,0,0,0,0,0,0
55_PE-1201,42,20250922,0,0,0,0,0,0,0
55_PE-1301,42,20250922,0,0,0,0,0,0,0
55_PE-1401,42,20250922,0,0,0,0,0,0,0
55_PE-1501,42,20250922,0,0,0,0,0,0,0
55_PE2-1105,42,20250922,0,0,0,0,0,0,0
55_PE2-1205,42,20250922,0,0,0,0,0,0,0
55_PE2-1305,42,20250922,0,0,0,0,0,0,0
55_PE2-1405,42,20250922,0,0,0,0,0,0,0
55_PE2-1505,42,20250922,0,0,0,0,0,0,0
55_PNE-1102,42,20250922,0,0,0,0,0,0,0
55_PNE-1202,42,20250922,0,0,0,0,0,0,0
55_PNE-1302,42,20250922,0,0,0,0,0,0,0
55_PNE-1402,42,20250922,0,0,0,0,0,0,0
55_PNE-1502,42,20250922,0,0,0,0,0,0,0
55_VERAO-1103,42,20250922,0,0,0,0,0,0,0
55_VERAO-1203,42,20250922,0,0,0,0,0,0,0
55_VERAO-1303,42,20250922,0,0,0,0,0,0,0
55_VERAO-1403,42,20250922,0,0,0,0,0,0,0
55_VERAO-1503,42,20250922,0,0,0,0,0,0,0
5501-31,42,20250922,0,0,2,2,0,0,0
5501-32,42,20250922,0,0,2,2,0,0,0
5501-33,42,20250922,0,0,2,2,0,0,0
5502-31,42,20250922,0,0,3,2,0,0,0
5502-32,42,20250922,0,0,3,2,0,0,0
5502-33,42,20250922,0,0,3,2,0,0,0
5503-31,42,20250922,0,0,3,2,0,0,0
5503-32,42,20250922,0,0,3,2,0,0,0
5503-33,42,20250922,0,0,3,2,0,0,0
5504-31,42,20250922,0,0,3,2,0,0,0
5504-32,42,20250922,0,0,3,2,0,0,0
5504-33,42,20250922,0,0,3,2,0,0,0
5505-31,42,20250922,0,0,3,2,0,0,0
5505-32,42,20250922,0,0,3,2,0,0,0
5505-33,42,20250922,0,0,3,2,0,0,0
5506-31,42,20250922,0,0,3,2,0,0,0
5506-32,42,20250922,0,0,3,2,0,0,0
5506-33,42,20250922,0,0,3,2,0,0,0
5507-31,42,20250922,0,0,3,2,0,0,0
5507-32,42,20250922,0,0,3,2,0,0,0
5507-33,42,20250922,0,0,3,2,0,0,0
5508-31,42,20250922,0,0,3,2,0,0,0
5508-32,42,20250922,0,0,3,2,0,0,0
5508-33,42,20250922,0,0,3,2,0,0,0
5509-31,42,20250922,0,0,3,2,0,0,0
5509-32,42,20250922,0,0,3,2,0,0,0
5509-33,42,20250922,0,0,3,2,0,0,0
5510-31,42,20250922,0,0,3,2,0,0,0
5510-32,42,20250922,0,0,3,2,0,0,0
5510-33,42,20250922,0,0,3,2,0,0,0
5511-31,42,20250922,0,0,2,2,0,0,0
5511-32,42,20250922,0,0,2,2,0,0,0
5511-33,42,20250922,0,0,2,2,0,0,0
5512-31,42,20250922,0,0,3,2,0,0,0
5512-32,42,20250922,0,0,3,2,0,0,0
5512-33,42,20250922,0,0,3,2,0,0,0
5513-31,42,20250922,0,0,3,2,0,0,0
5513-32,42,20250922,0,0,3,2,0,0,0
5513-33,42,20250922,0,0,3,2,0,0,0
5514-31,42,20250922,0,0,2,2,0,0,0
5514-32,42,20250922,0,0,2,2,0,0,0
5514-33,42,20250922,0,0,2,2,0,0,0
5515-31,42,20250922,0,0,3,2,0,0,0
5515-32,42,20250922,0,0,3,2,0,0,0
5515-33,42,20250922,0,0,2,2,0,0,0
5516-31,42,20250922,0,0,3,2,0,0,0
5516-32,42,20250922,0,0,3,2,0,0,0
5516-33,42,20250922,0,0,3,2,0,0,0
5517-31,42,20250922,0,0,3,2,0,0,0
5517-32,42,20250922,0,0,3,2,0,0,0
5517-33,42,20250922,0,0,3,2,0,0,0
5518-31,42,20250922,0,0,3,2,0,0,0
5518-32,42,20250922,0,0,3,2,0,0,0
5518-33,42,20250922,0,0,3,2,0,0,0
5519-31,42,20250922,0,0,3,2,0,0,0
5519-32,42,20250922,0,0,3,2,0,0,0
5519-33,42,20250922,0,0,3,2,0,0,0
5520-31,42,20250922,0,0,3,2,0,0,0
5520-32,42,20250922,0,0,3,2,0,0,0
5520-33,42,20250922,0,0,3,2,0,0,0
5521-31,42,20250922,0,0,3,2,0,0,0
5521-32,42,20250922,0,0,3,2,0,0,0
5521-33,42,20250922,0,0,3,2,0,0,0
5522-31,42,20250922,0,0,2,2,0,0,0
5522-32,42,20250922,0,0,2,2,0,0,0
5522-33,42,20250922,0,0,2,2,0,0,0
5523-31,42,20250922,0,0,3,2,0,0,0
5523-32,42,20250922,0,0,3,2,0,0,0
5523-33,42,20250922,0,0,3,2,0,0,0
5524-31,42,20250922,0,0,2,2,0,0,0
5524-32,42,20250922,0,0,2,2,0,0,0
5524-33,42,20250922,0,0,2,2,0,0,0
5525-31,42,20250922,0,0,3,2,0,0,0
5525-32,42,20250922,0,0,3,2,0,0,0
5525-33,42,20250922,0,0,3,2,0,0,0
5526-31,42,20250922,0,0,3,2,0,0,0
5526-32,42,20250922,0,0,3,2,0,0,0
5526-33,42,20250922,0,0,3,2,0,0,0
5527-31,42,20250922,0,0,3,2,0,0,0
5527-32,42,20250922,0,0,3,2,0,0,0
5527-33,42,20250922,0,0,3,2,0,0,0
5528-31,42,20250922,0,0,3,2,0,0,0
5528-32,42,20250922,0,0,3,2,0,0,0
5528-33,42,20250922,0,0,3,2,0,0,0
5529-31,42,20250922,0,0,3,2,0,0,0
5529-32,42,20250922,0,0,3,2,0,0,0
5529-33,42,20250922,0,0,3,2,0,0,0
5530-31,42,20250922,0,0,3,2,0,0,0
5530-32,42,20250922,0,0,3,2,0,0,0
5530-33,42,20250922,0,0,3,2,0,0,0
5531-31,42,20250922,0,0,3,2,0,0,0
5531-32,42,20250922,0,0,3,2,0,0,0
5531-33,42,20250922,0,0,3,2,0,0,0
5532-31,42,20250922,0,0,3,2,0,0,0
5532-32,42,20250922,0,0,3,2,0,0,0
5532-33,42,20250922,0,0,3,2,0,0,0
5533-31,42,20250922,0,0,2,2,0,0,0
5533-32,42,20250922,0,0,2,2,0,0,0
5533-33,42,20250922,0,0,2,2,0,0,0
5534-31,42,20250922,0,0,3,2,0,0,0
5534-32,42,20250922,0,0,3,2,0,0,0
5534-33,42,20250922,0,0,3,2,0,0,0
5535-31,42,20250922,0,0,2,2,0,0,0
5535-32,42,20250922,0,0,2,2,0,0,0
5535-33,42,20250922,0,0,2,2,0,0,0
5536-31,42,20250922,0,0,3,2,0,0,0
5536-32,42,20250922,0,0,3,2,0,0,0
5536-33,42,20250922,0,0,3,2,0,0,0
5537-31,42,20250922,0,0,3,2,0,0,0
5537-32,42,20250922,0,0,3,2,0,0,0
5537-33,42,20250922,0,0,3,2,0,0,0
5538-31,42,20250922,0,0,3,2,0,0,0
5538-32,42,20250922,0,0,3,2,0,0,0
5538-33,42,20250922,0,0,3,2,0,0,0
5539-31,42,20250922,0,0,3,2,0,0,0
5539-32,42,20250922,0,0,3,2,0,0,0
5539-33,42,20250922,0,0,3,2,0,0,0
5540-31,42,20250922,0,0,2,2,0,0,0
5540-32,42,20250922,0,0,2,2,0,0,0
5540-33,42,20250922,0,0,2,2,0,0,0
5541-31,42,20250922,0,0,2,2,0,0,0
5541-32,42,20250922,0,0,2,2,0,0,0
5541-33,42,20250922,0,0,2,2,0,0,0
5542-31,42,20250922,0,0,3,2,0,0,0
5542-32,42,20250922,0,0,3,2,0,0,0
5542-33,42,20250922,0,0,3,2,0,0,0
5543-31,42,20250922,0,0,2,2,0,0,0
5543-32,42,20250922,0,0,2,2,0,0,0
5543-33,42,20250922,0,0,2,2,0,0,0
5544-31,42,20250922,0,0,3,2,0,0,0
5544-32,42,20250922,0,0,3,2,0,0,0
5544-33,42,20250922,0,0,3,2,0,0,0
5545-31,42,20250922,0,0,3,2,0,0,0
5545-32,42,20250922,0,0,3,2,0,0,0
5545-33,42,20250922,0,0,3,2,0,0,0
5546-31,42,20250922,0,0,3,2,0,0,0
5546-32,42,20250922,0,0,3,2,0,0,0
5546-33,42,20250922,0,0,3,2,0,0,0
5547-31,42,20250922,0,0,3,2,0,0,0
5547-32,42,20250922,0,0,3,2,0,0,0
5547-33,42,20250922,0,0,3,2,0,0,0
5548-31,42,20250922,0,0,3,2,0,0,0
5548-32,42,20250922,0,0,3,2,0,0,0
5548-33,42,20250922,0,0,3,2,0,0,0
5549-31,42,20250922,0,0,3,2,0,0,0
5549-32,42,20250922,0,0,3,2,0,0,0
5549-33,42,20250922,0,0,3,2,0,0,0
5550-31,42,20250922,0,0,3,2,0,0,0
5550-32,42,20250922,0,0,3,2,0,0,0
5550-33,42,20250922,0,0,3,2,0,0,0
5551-31,42,20250922,0,0,2,2,0,0,0
5551-32,42,20250922,0,0,2,2,0,0,0
5551-33,42,20250922,0,0,2,2,0,0,0
5552-31,42,20250922,0,0,3,2,0,0,0
5552-32,42,20250922,0,0,3,2,0,0,0
5552-33,42,20250922,0,0,3,2,0,0,0
5553-31,42,20250922,0,0,2,2,0,0,0
5553-32,42,20250922,0,0,2,2,0,0,0
5553-33,42,20250922,0,0,2,2,0,0,0
5554-31,42,20250922,0,0,3,2,0,0,0
5554-32,42,20250922,0,0,3,2,0,0,0
5554-33,42,20250922,0,0,3,2,0,0,0
5555-33,42,20250922,0,0,3,2,0,0,0
5556-33,42,20250922,0,0,3,2,0,0,0
5557-33,42,20250922,0,0,3,2,0,0,0
56_PE-1101,42,20250922,0,0,0,0,0,0,0
56_PE-1201,42,20250922,0,0,0,0,0,0,0
56_PE-1301,42,20250922,0,0,0,0,0,0,0
56_PE-1401,42,20250922,0,0,0,0,0,0,0
56_PE-1501,42,20250922,0,0,0,0,0,0,0
56_PE2-1105,42,20250922,0,0,0,0,0,0,0
56_PE2-1205,42,20250922,0,0,0,0,0,0,0
56_PE2-1305,42,20250922,0,0,0,0,0,0,0
56_PE2-1405,42,20250922,0,0,0,0,0,0,0
56_PE2-1505,42,20250922,0,0,0,0,0,0,0
56_PNE-1102,42,20250922,0,0,0,0,0,0,0
56_PNE-1202,42,20250922,0,0,0,0,0,0,0
56_PNE-1302,42,20250922,0,0,0,0,0,0,0
56_PNE-1402,42,20250922,0,0,0,0,0,0,0
56_PNE-1502,42,20250922,0,0,0,0,0,0,0
56_VERAO-1103,42,20250922,0,0,0,0,0,0,0
56_VERAO-1203,42,20250922,0,0,0,0,0,0,0
56_VERAO-1303,42,20250922,0,0,0,0,0,0,0
56_VERAO-1403,42,20250922,0,0,0,0,0,0,0
56_VERAO-1503,42,20250922,0,0,0,0,0,0,0
57_PE-1101,42,20250922,0,0,0,0,0,0,0
57_PE-1201,42,20250922,0,0,0,0,0,0,0
57_PE-1301,42,20250922,0,0,0,0,0,0,0
57_PE-1401,42,20250922,0,0,0,0,0,0,0
57_PE-1501,42,20250922,0,0,0,0,0,0,0
57_PE2-1105,42,20250922,0,0,0,0,0,0,0
57_PE2-1205,42,20250922,0,0,0,0,0,0,0
57_PE2-1305,42,20250922,0,0,0,0,0,0,0
57_PE2-1405,42,20250922,0,0,0,0,0,0,0
57_PE2-1505,42,20250922,0,0,0,0,0,0,0
57_PNE-1102,42,20250922,0,0,0,0,0,0,0
57_PNE-1202,42,20250922,0,0,0,0,0,0,0
57_PNE-1302,42,20250922,0,0,0,0,0,0,0
57_PNE-1402,42,20250922,0,0,0,0,0,0,0
57_PNE-1502,42,20250922,0,0,0,0,0,0,0
57_VERAO-1103,42,20250922,0,0,0,0,0,0,0
57_VERAO-1203,42,20250922,0,0,0,0,0,0,0
57_VERAO-1303,42,20250922,0,0,0,0,0,0,0
57_VERAO-1403,42,20250922,0,0,0,0,0,0,0
57_VERAO-1503,42,20250922,0,0,0,0,0,0,0
5701-31,42,20250922,0,0,3,2,0,0,0
5701-32,42,20250922,0,0,3,2,0,0,0
5701-33,42,20250922,0,0,3,2,0,0,0
5702-31,42,20250922,0,0,3,2,0,0,0
5702-32,42,20250922,0,0,3,2,0,0,0
5702-33,42,20250922,0,0,3,2,0,0,0
5703-31,42,20250922,0,0,3,2,0,0,0
5703-32,42,20250922,0,0,3,2,0,0,0
5703-33,42,20250922,0,0,3,2,0,0,0
5704-31,42,20250922,0,0,3,2,0,0,0
5704-32,42,20250922,0,0,3,2,0,0,0
5704-33,42,20250922,0,0,3,2,0,0,0
5705-31,42,20250922,0,0,3,2,0,0,0
5705-32,42,20250922,0,0,3,2,0,0,0
5705-33,42,20250922,0,0,3,2,0,0,0
5706-31,42,20250922,0,0,3,2,0,0,0
5706-32,42,20250922,0,0,3,2,0,0,0
5706-33,42,20250922,0,0,3,2,0,0,0
5707-31,42,20250922,0,0,5,3,0,0,0
5707-32,42,20250922,0,0,5,3,0,0,0
5707-33,42,20250922,0,0,5,3,0,0,0
5708-31,42,20250922,0,0,5,3,0,0,0
5708-32,42,20250922,0,0,5,3,0,0,0
5708-33,42,20250922,0,0,5,3,0,0,0
5709-31,42,20250922,0,0,5,3,0,0,0
5709-32,42,20250922,0,0,5,3,0,0,0
5709-33,42,20250922,0,0,5,3,0,0,0
5710-31,42,20250922,0,0,5,3,0,0,0
5710-32,42,20250922,0,0,5,3,0,0,0
5710-33,42,20250922,0,0,5,3,0,0,0
5711-31,42,20250922,0,0,3,2,0,0,0
5711-32,42,20250922,0,0,3,2,0,0,0
5711-33,42,20250922,0,0,3,2,0,0,0
5712-31,42,20250922,0,0,5,3,0,0,0
5712-32,42,20250922,0,0,5,3,0,0,0
5712-33,42,20250922,0,0,5,3,0,0,0
5713-31,42,20250922,0,0,5,3,0,0,0
5713-32,42,20250922,0,0,5,3,0,0,0
5713-33,42,20250922,0,0,5,3,0,0,0
5714-31,42,20250922,0,0,5,3,0,0,0
5714-32,42,20250922,0,0,5,3,0,0,0
5714-33,42,20250922,0,0,5,3,0,0,0
5715-31,42,20250922,0,0,1,1,0,0,0
5715-32,42,20250922,0,0,1,1,0,0,0
5715-33,42,20250922,0,0,1,1,0,0,0
5716-31,42,20250922,0,0,3,2,0,0,0
5716-32,42,20250922,0,0,3,2,0,0,0
5716-33,42,20250922,0,0,3,2,0,0,0
5717-31,42,20250922,0,0,5,3,0,0,0
5717-32,42,20250922,0,0,5,3,0,0,0
5717-33,42,20250922,0,0,5,3,0,0,0
5718-31,42,20250922,0,0,5,3,0,0,0
5718-32,42,20250922,0,0,5,3,0,0,0
5718-33,42,20250922,0,0,5,3,0,0,0
5719-31,42,20250922,0,0,5,3,0,0,0
5719-32,42,20250922,0,0,5,3,0,0,0
5719-33,42,20250922,0,0,5,3,0,0,0
5720-31,42,20250922,0,0,3,2,0,0,0
5720-32,42,20250922,0,0,3,2,0,0,0
5720-33,42,20250922,0,0,3,2,0,0,0
5721-31,42,20250922,0,0,3,2,0,0,0
5721-32,42,20250922,0,0,3,2,0,0,0
5721-33,42,20250922,0,0,3,2,0,0,0
5722-33,42,20250922,0,0,5,3,0,0,0
58_PE-1101,42,20250922,0,0,0,0,0,0,0
58_PE-1201,42,20250922,0,0,0,0,0,0,0
58_PE-1301,42,20250922,0,0,0,0,0,0,0
58_PE-1401,42,20250922,0,0,0,0,0,0,0
58_PE-1501,42,20250922,0,0,0,0,0,0,0
58_PE2_M-1105,42,20250922,0,0,0,0,0,0,0
58_PE2_M-1205,42,20250922,0,0,0,0,0,0,0
58_PE2_M-1305,42,20250922,0,0,0,0,0,0,0
58_PE2_M-1405,42,20250922,0,0,0,0,0,0,0
58_PE2_M-1505,42,20250922,0,0,0,0,0,0,0
58_PNE-1102,42,20250922,0,0,0,0,0,0,0
58_PNE-1202,42,20250922,0,0,0,0,0,0,0
58_PNE-1302,42,20250922,0,0,0,0,0,0,0
58_PNE-1402,42,20250922,0,0,0,0,0,0,0
58_PNE-1502,42,20250922,0,0,0,0,0,0,0
58_VERAO-1103,42,20250922,0,0,0,0,0,0,0
58_VERAO-1203,42,20250922,0,0,0,0,0,0,0
58_VERAO-1303,42,20250922,0,0,0,0,0,0,0
58_VERAO-1403,42,20250922,0,0,0,0,0,0,0
58_VERAO-1503,42,20250922,0,0,0,0,0,0,0
59_PE-1101,42,20250922,0,0,0,0,0,0,0
59_PE-1201,42,20250922,0,0,0,0,0,0,0
59_PE-1301,42,20250922,0,0,0,0,0,0,0
59_PE-1401,42,20250922,0,0,0,0,0,0,0
59_PE-1501,42,20250922,0,0,0,0,0,0,0
59_PE2_M-1105,42,20250922,0,0,0,0,0,0,0
59_PE2_M-1205,42,20250922,0,0,0,0,0,0,0
59_PE2_M-1305,42,20250922,0,0,0,0,0,0,0
59_PE2_M-1405,42,20250922,0,0,0,0,0,0,0
59_PE2_M-1505,42,20250922,0,0,0,0,0,0,0
59_PNE-1102,42,20250922,0,0,0,0,0,0,0
59_PNE-1202,42,20250922,0,0,0,0,0,0,0
59_PNE-1302,42,20250922,0,0,0,0,0,0,0
59_PNE-1402,42,20250922,0,0,0,0,0,0,0
59_PNE-1502,42,20250922,0,0,0,0,0,0,0
59_VERAO-1103,42,20250922,0,0,0,0,0,0,0
59_VERAO-1203,42,20250922,0,0,0,0,0,0,0
59_VERAO-1303,42,20250922,0,0,0,0,0,0,0
59_VERAO-1403,42,20250922,0,0,0,0,0,0,0
59_VERAO-1503,42,20250922,0,0,0,0,0,0,0
6_PE-1101,42,20250922,0,0,0,0,0,0,0
6_PE-1201,42,20250922,0,0,0,0,0,0,0
6_PE-1301,42,20250922,0,0,0,0,0,0,0
6_PE-1401,42,20250922,0,0,0,0,0,0,0
6_PE-1501,42,20250922,0,0,0,0,0,0,0
6_PE2-1105,42,20250922,0,0,0,0,0,0,0
6_PE2-1205,42,20250922,0,0,0,0,0,0,0
6_PE2-1305,42,20250922,0,0,0,0,0,0,0
6_PE2-1405,42,20250922,0,0,0,0,0,0,0
6_PE2-1505,42,20250922,0,0,0,0,0,0,0
6_PNE-1102,42,20250922,0,0,0,0,0,0,0
6_PNE-1202,42,20250922,0,0,0,0,0,0,0
6_PNE-1302,42,20250922,0,0,0,0,0,0,0
6_PNE-1402,42,20250922,0,0,0,0,0,0,0
6_PNE-1502,42,20250922,0,0,0,0,0,0,0
6_VERAO-1103,42,20250922,0,0,0,0,0,0,0
6_VERAO-1203,42,20250922,0,0,0,0,0,0,0
6_VERAO-1303,42,20250922,0,0,0,0,0,0,0
6_VERAO-1403,42,20250922,0,0,0,0,0,0,0
6_VERAO-1503,42,20250922,0,0,0,0,0,0,0
60_PE-1101,42,20250922,0,0,0,0,0,0,0
60_PE-1201,42,20250922,0,0,0,0,0,0,0
60_PE-1301,42,20250922,0,0,0,0,0,0,0
60_PE-1401,42,20250922,0,0,0,0,0,0,0
60_PE-1501,42,20250922,0,0,0,0,0,0,0
60_PE2_M-1105,42,20250922,0,0,0,0,0,0,0
60_PE2_M-1205,42,20250922,0,0,0,0,0,0,0
60_PE2_M-1305,42,20250922,0,0,0,0,0,0,0
60_PE2_M-1405,42,20250922,0,0,0,0,0,0,0
60_PE2_M-1505,42,20250922,0,0,0,0,0,0,0
60_PNE-1102,42,20250922,0,0,0,0,0,0,0
60_PNE-1202,42,20250922,0,0,0,0,0,0,0
60_PNE-1302,42,20250922,0,0,0,0,0,0,0
60_PNE-1402,42,20250922,0,0,0,0,0,0,0
60_PNE-1502,42,20250922,0,0,0,0,0,0,0
60_VERAO-1103,42,20250922,0,0,0,0,0,0,0
60_VERAO-1203,42,20250922,0,0,0,0,0,0,0
60_VERAO-1303,42,20250922,0,0,0,0,0,0,0
60_VERAO-1403,42,20250922,0,0,0,0,0,0,0
60_VERAO-1503,42,20250922,0,0,0,0,0,0,0
61_PE-1101,42,20250922,0,0,0,0,0,0,0
61_PE-1201,42,20250922,0,0,0,0,0,0,0
61_PE-1301,42,20250922,0,0,0,0,0,0,0
61_PE-1401,42,20250922,0,0,0,0,0,0,0
61_PE-1501,42,20250922,0,0,0,0,0,0,0
61_PE2_M-1105,42,20250922,0,0,0,0,0,0,0
61_PE2_M-1205,42,20250922,0,0,0,0,0,0,0
61_PE2_M-1305,42,20250922,0,0,0,0,0,0,0
61_PE2_M-1405,42,20250922,0,0,0,0,0,0,0
61_PE2_M-1505,42,20250922,0,0,0,0,0,0,0
61_PNE-1102,42,20250922,0,0,0,0,0,0,0
61_PNE-1202,42,20250922,0,0,0,0,0,0,0
61_PNE-1302,42,20250922,0,0,0,0,0,0,0
61_PNE-1402,42,20250922,0,0,0,0,0,0,0
61_PNE-1502,42,20250922,0,0,0,0,0,0,0
61_VERAO-1103,42,20250922,0,0,0,0,0,0,0
61_VERAO-1203,42,20250922,0,0,0,0,0,0,0
61_VERAO-1303,42,20250922,0,0,0,0,0,0,0
61_VERAO-1403,42,20250922,0,0,0,0,0,0,0
61_VERAO-1503,42,20250922,0,0,0,0,0,0,0
62_PE-1101,42,20250922,0,0,0,0,0,0,0
62_PE-1201,42,20250922,0,0,0,0,0,0,0
62_PE-1301,42,20250922,0,0,0,0,0,0,0
62_PE-1401,42,20250922,0,0,0,0,0,0,0
62_PE-1501,42,20250922,0,0,0,0,0,0,0
62_PE2_M-1105,42,20250922,0,0,0,0,0,0,0
62_PE2_M-1205,42,20250922,0,0,0,0,0,0,0
62_PE2_M-1305,42,20250922,0,0,0,0,0,0,0
62_PE2_M-1405,42,20250922,0,0,0,0,0,0,0
62_PE2_M-1505,42,20250922,0,0,0,0,0,0,0
62_PNE-1102,42,20250922,0,0,0,0,0,0,0
62_PNE-1202,42,20250922,0,0,0,0,0,0,0
62_PNE-1302,42,20250922,0,0,0,0,0,0,0
62_PNE-1402,42,20250922,0,0,0,0,0,0,0
62_PNE-1502,42,20250922,0,0,0,0,0,0,0
62_VERAO-1103,42,20250922,0,0,0,0,0,0,0
62_VERAO-1203,42,20250922,0,0,0,0,0,0,0
62_VERAO-1303,42,20250922,0,0,0,0,0,0,0
62_VERAO-1403,42,20250922,0,0,0,0,0,0,0
62_VERAO-1503,42,20250922,0,0,0,0,0,0,0
63_PE-1101,42,20250922,0,0,0,0,0,0,0
63_PE-1201,42,20250922,0,0,0,0,0,0,0
63_PE-1301,42,20250922,0,0,0,0,0,0,0
63_PE-1401,42,20250922,0,0,0,0,0,0,0
63_PE-1501,42,20250922,0,0,0,0,0,0,0
63_PE2-1105,42,20250922,0,0,0,0,0,0,0
63_PE2-1205,42,20250922,0,0,0,0,0,0,0
63_PE2-1305,42,20250922,0,0,0,0,0,0,0
63_PE2-1405,42,20250922,0,0,0,0,0,0,0
63_PE2-1505,42,20250922,0,0,0,0,0,0,0
63_PNE-1102,42,20250922,0,0,0,0,0,0,0
63_PNE-1202,42,20250922,0,0,0,0,0,0,0
63_PNE-1302,42,20250922,0,0,0,0,0,0,0
63_PNE-1402,42,20250922,0,0,0,0,0,0,0
63_PNE-1502,42,20250922,0,0,0,0,0,0,0
63_VERAO-1103,42,20250922,0,0,0,0,0,0,0
63_VERAO-1203,42,20250922,0,0,0,0,0,0,0
63_VERAO-1303,42,20250922,0,0,0,0,0,0,0
63_VERAO-1403,42,20250922,0,0,0,0,0,0,0
63_VERAO-1503,42,20250922,0,0,0,0,0,0,0
64_PE-1101,42,20250922,0,0,0,0,0,0,0
64_PE-1201,42,20250922,0,0,0,0,0,0,0
64_PE-1301,42,20250922,0,0,0,0,0,0,0
64_PE-1401,42,20250922,0,0,0,0,0,0,0
64_PE-1501,42,20250922,0,0,0,0,0,0,0
64_PE2-1105,42,20250922,0,0,0,0,0,0,0
64_PE2-1205,42,20250922,0,0,0,0,0,0,0
64_PE2-1305,42,20250922,0,0,0,0,0,0,0
64_PE2-1405,42,20250922,0,0,0,0,0,0,0
64_PE2-1505,42,20250922,0,0,0,0,0,0,0
64_PNE-1102,42,20250922,0,0,0,0,0,0,0
64_PNE-1202,42,20250922,0,0,0,0,0,0,0
64_PNE-1302,42,20250922,0,0,0,0,0,0,0
64_PNE-1402,42,20250922,0,0,0,0,0,0,0
64_PNE-1502,42,20250922,0,0,0,0,0,0,0
65_PE-1101,42,20250922,0,0,0,0,0,0,0
65_PE-1201,42,20250922,0,0,0,0,0,0,0
65_PE-1301,42,20250922,0,0,0,0,0,0,0
65_PE-1401,42,20250922,0,0,0,0,0,0,0
65_PE-1501,42,20250922,0,0,0,0,0,0,0
65_PE2_M-1105,42,20250922,0,0,0,0,0,0,0
65_PE2_M-1205,42,20250922,0,0,0,0,0,0,0
65_PE2_M-1305,42,20250922,0,0,0,0,0,0,0
65_PE2_M-1405,42,20250922,0,0,0,0,0,0,0
65_PE2_M-1505,42,20250922,0,0,0,0,0,0,0
65_PNE-1102,42,20250922,0,0,0,0,0,0,0
65_PNE-1202,42,20250922,0,0,0,0,0,0,0
65_PNE-1302,42,20250922,0,0,0,0,0,0,0
65_PNE-1402,42,20250922,0,0,0,0,0,0,0
65_PNE-1502,42,20250922,0,0,0,0,0,0,0
66_PE-1101,42,20250922,0,0,0,0,0,0,0
66_PE-1201,42,20250922,0,0,0,0,0,0,0
66_PE-1301,42,20250922,0,0,0,0,0,0,0
66_PE-1401,42,20250922,0,0,0,0,0,0,0
66_PE-1501,42,20250922,0,0,0,0,0,0,0
66_PE2-1105,42,20250922,0,0,0,0,0,0,0
66_PE2-1205,42,20250922,0,0,0,0,0,0,0
66_PE2-1305,42,20250922,0,0,0,0,0,0,0
66_PE2-1405,42,20250922,0,0,0,0,0,0,0
66_PE2-1505,42,20250922,0,0,0,0,0,0,0
67_PE-1101,42,20250922,0,0,0,0,0,0,0
67_PE-1201,42,20250922,0,0,0,0,0,0,0
67_PE-1301,42,20250922,0,0,0,0,0,0,0
67_PE-1401,42,20250922,0,0,0,0,0,0,0
67_PE-1501,42,20250922,0,0,0,0,0,0,0
67_PE2-1105,42,20250922,0,0,0,0,0,0,0
67_PE2-1205,42,20250922,0,0,0,0,0,0,0
67_PE2-1305,42,20250922,0,0,0,0,0,0,0
67_PE2-1405,42,20250922,0,0,0,0,0,0,0
67_PE2-1505,42,20250922,0,0,0,0,0,0,0
68_PE-1101,42,20250922,0,0,0,0,0,0,0
68_PE-1201,42,20250922,0,0,0,0,0,0,0
68_PE-1301,42,20250922,0,0,0,0,0,0,0
68_PE-1401,42,20250922,0,0,0,0,0,0,0
68_PE-1501,42,20250922,0,0,0,0,0,0,0
68_PE2-1105,42,20250922,0,0,0,0,0,0,0
68_PE2-1205,42,20250922,0,0,0,0,0,0,0
68_PE2-1305,42,20250922,0,0,0,0,0,0,0
68_PE2-1405,42,20250922,0,0,0,0,0,0,0
68_PE2-1505,42,20250922,0,0,0,0,0,0,0
69_PE-1101,42,20250922,0,0,0,0,0,0,0
69_PE-1201,42,20250922,0,0,0,0,0,0,0
69_PE-1301,42,20250922,0,0,0,0,0,0,0
69_PE-1401,42,20250922,0,0,0,0,0,0,0
69_PE-1501,42,20250922,0,0,0,0,0,0,0
69_PE2-1105,42,20250922,0,0,0,0,0,0,0
69_PE2-1205,42,20250922,0,0,0,0,0,0,0
69_PE2-1305,42,20250922,0,0,0,0,0,0,0
69_PE2-1405,42,20250922,0,0,0,0,0,0,0
69_PE2-1505,42,20250922,0,0,0,0,0,0,0
7_PE-1101,42,20250922,0,0,0,0,0,0,0
7_PE-1201,42,20250922,0,0,0,0,0,0,0
7_PE-1301,42,20250922,0,0,0,0,0,0,0
7_PE-1401,42,20250922,0,0,0,0,0,0,0
7_PE-1501,42,20250922,0,0,0,0,0,0,0
7_PE2-1105,42,20250922,0,0,0,0,0,0,0
7_PE2-1205,42,20250922,0,0,0,0,0,0,0
7_PE2-1305,42,20250922,0,0,0,0,0,0,0
7_PE2-1405,42,20250922,0,0,0,0,0,0,0
7_PE2-1505,42,20250922,0,0,0,0,0,0,0
7_PNE-1102,42,20250922,0,0,0,0,0,0,0
7_PNE-1202,42,20250922,0,0,0,0,0,0,0
7_PNE-1302,42,20250922,0,0,0,0,0,0,0
7_PNE-1402,42,20250922,0,0,0,0,0,0,0
7_PNE-1502,42,20250922,0,0,0,0,0,0,0
7_VERAO-1103,42,20250922,0,0,0,0,0,0,0
7_VERAO-1203,42,20250922,0,0,0,0,0,0,0
7_VERAO-1303,42,20250922,0,0,0,0,0,0,0
7_VERAO-1403,42,20250922,0,0,0,0,0,0,0
7_VERAO-1503,42,20250922,0,0,0,0,0,0,0
70_PE-1101,42,20250922,0,0,0,0,0,0,0
70_PE-1201,42,20250922,0,0,0,0,0,0,0
70_PE-1301,42,20250922,0,0,0,0,0,0,0
70_PE-1401,42,20250922,0,0,0,0,0,0,0
70_PE-1501,42,20250922,0,0,0,0,0,0,0
70_PE2_M-1105,42,20250922,0,0,0,0,0,0,0
70_PE2_M-1205,42,20250922,0,0,0,0,0,0,0
70_PE2_M-1305,42,20250922,0,0,0,0,0,0,0
70_PE2_M-1405,42,20250922,0,0,0,0,0,0,0
70_PE2_M-1505,42,20250922,0,0,0,0,0,0,0
7001_PE2_PNE-1601,42,20250922,0,0,0,0,0,0,0
7001_PE2_PNE-1602,42,20250922,0,0,0,0,0,0,0
7001_VERAO-1603,42,20250922,0,0,0,0,0,0,0
7002_PE2_PNE-1601,42,20250922,0,0,0,0,0,0,0
7002_PE2_PNE-1602,42,20250922,0,0,0,0,0,0,0
7002_VERAO-1603,42,20250922,0,0,0,0,0,0,0
7003_PE2_PNE-1601,42,20250922,0,0,0,0,0,0,0
7003_PE2_PNE-1602,42,20250922,0,0,0,0,0,0,0
7003_VERAO-1603,42,20250922,0,0,0,0,0,0,0
7004_PE2_PNE-1601,42,20250922,0,0,0,0,0,0,0
7004_PE2_PNE-1602,42,20250922,0,0,0,0,0,0,0
7004_VERAO-1603,42,20250922,0,0,0,0,0,0,0
7005_PE2_PNE-1601,42,20250922,0,0,0,0,0,0,0
7005_PE2_PNE-1602,42,20250922,0,0,0,0,0,0,0
7005_VERAO-1603,42,20250922,0,0,0,0,0,0,0
7006_PE2_PNE-1601,42,20250922,0,0,0,0,0,0,0
7006_PE2_PNE-1602,42,20250922,0,0,0,0,0,0,0
7006_VERAO-1603,42,20250922,0,0,0,0,0,0,0
7007_PE2_PNE-1601,42,20250922,0,0,0,0,0,0,0
7007_PE2_PNE-1602,42,20250922,0,0,0,0,0,0,0
7007_VERAO-1603,42,20250922,0,0,0,0,0,0,0
7008_PE2_PNE-1601,42,20250922,0,0,0,0,0,0,0
7008_PE2_PNE-1602,42,20250922,0,0,0,0,0,0,0
7008_VERAO-1603,42,20250922,0,0,0,0,0,0,0
7009_PE2_PNE-1601,42,20250922,0,0,0,0,0,0,0
7009_PE2_PNE-1602,42,20250922,0,0,0,0,0,0,0
7009_VERAO-1603,42,20250922,0,0,0,0,0,0,0
7010_PE2_PNE-1601,42,20250922,0,0,0,0,0,0,0
7010_PE2_PNE-1602,42,20250922,0,0,0,0,0,0,0
7010_VERAO-1603,42,20250922,0,0,0,0,0,0,0
7011_PE2_PNE-1601,42,20250922,0,0,0,0,0,0,0
7011_PE2_PNE-1602,42,20250922,0,0,0,0,0,0,0
7011_VERAO-1603,42,20250922,0,0,0,0,0,0,0
7012_PE2_PNE-1601,42,20250922,0,0,0,0,0,0,0
7012_PE2_PNE-1602,42,20250922,0,0,0,0,0,0,0
7012_VERAO-1603,42,20250922,0,0,0,0,0,0,0
7013_PE2_PNE-1601,42,20250922,0,0,0,0,0,0,0
7013_PE2_PNE-1602,42,20250922,0,0,0,0,0,0,0
7013_VERAO-1603,42,20250922,0,0,0,0,0,0,0
7014_PE2_PNE-1601,42,20250922,0,0,0,0,0,0,0
7014_PE2_PNE-1602,42,20250922,0,0,0,0,0,0,0
7014_VERAO-1603,42,20250922,0,0,0,0,0,0,0
7015_PE2_PNE-1601,42,20250922,0,0,0,0,0,0,0
7015_PE2_PNE-1602,42,20250922,0,0,0,0,0,0,0
7015_VERAO-1603,42,20250922,0,0,0,0,0,0,0
7016_PE2_PNE-1601,42,20250922,0,0,0,0,0,0,0
7016_PE2_PNE-1602,42,20250922,0,0,0,0,0,0,0
7016_VERAO-1603,42,20250922,0,0,0,0,0,0,0
71_PE-1101,42,20250922,0,0,0,0,0,0,0
71_PE-1201,42,20250922,0,0,0,0,0,0,0
71_PE-1301,42,20250922,0,0,0,0,0,0,0
71_PE-1401,42,20250922,0,0,0,0,0,0,0
71_PE-1501,42,20250922,0,0,0,0,0,0,0
71_PE2-1105,42,20250922,0,0,0,0,0,0,0
71_PE2-1205,42,20250922,0,0,0,0,0,0,0
71_PE2-1305,42,20250922,0,0,0,0,0,0,0
71_PE2-1405,42,20250922,0,0,0,0,0,0,0
71_PE2-1505,42,20250922,0,0,0,0,0,0,0
7101_PE2_PNE-1601,42,20250922,0,0,0,0,0,0,0
7101_PE2_PNE-1602,42,20250922,0,0,0,0,0,0,0
7101_VERAO-1603,42,20250922,0,0,0,0,0,0,0
7102_PE2_PNE-1601,42,20250922,0,0,0,0,0,0,0
7102_PE2_PNE-1602,42,20250922,0,0,0,0,0,0,0
7102_VERAO-1603,42,20250922,0,0,0,0,0,0,0
7103_PE2_PNE-1601,42,20250922,0,0,0,0,0,0,0
7103_PE2_PNE-1602,42,20250922,0,0,0,0,0,0,0
7103_VERAO-1603,42,20250922,0,0,0,0,0,0,0
7104_PE2_PNE-1601,42,20250922,0,0,0,0,0,0,0
7104_PE2_PNE-1602,42,20250922,0,0,0,0,0,0,0
7104_VERAO-1603,42,20250922,0,0,0,0,0,0,0
7105_PE2_PNE-1601,42,20250922,0,0,0,0,0,0,0
7105_PE2_PNE-1602,42,20250922,0,0,0,0,0,0,0
7105_VERAO-1603,42,20250922,0,0,0,0,0,0,0
7106_PE2_PNE-1601,42,20250922,0,0,0,0,0,0,0
7106_PE2_PNE-1602,42,20250922,0,0,0,0,0,0,0
7106_VERAO-1603,42,20250922,0,0,0,0,0,0,0
7107_PE2_PNE-1601,42,20250922,0,0,0,0,0,0,0
7107_PE2_PNE-1602,42,20250922,0,0,0,0,0,0,0
7107_VERAO-1603,42,20250922,0,0,0,0,0,0,0
7108_PE2_PNE-1601,42,20250922,0,0,0,0,0,0,0
7108_PE2_PNE-1602,42,20250922,0,0,0,0,0,0,0
7108_VERAO-1603,42,20250922,0,0,0,0,0,0,0
7109_PE2_PNE-1601,42,20250922,0,0,0,0,0,0,0
7109_PE2_PNE-1602,42,20250922,0,0,0,0,0,0,0
7109_VERAO-1603,42,20250922,0,0,0,0,0,0,0
7110_PE2_PNE-1601,42,20250922,0,0,0,0,0,0,0
7110_PE2_PNE-1602,42,20250922,0,0,0,0,0,0,0
7110_VERAO-1603,42,20250922,0,0,0,0,0,0,0
7111_PE2_PNE-1601,42,20250922,0,0,0,0,0,0,0
7111_PE2_PNE-1602,42,20250922,0,0,0,0,0,0,0
7111_VERAO-1603,42,20250922,0,0,0,0,0,0,0
7112_PE2_PNE-1601,42,20250922,0,0,0,0,0,0,0
7112_PE2_PNE-1602,42,20250922,0,0,0,0,0,0,0
7112_VERAO-1603,42,20250922,0,0,0,0,0,0,0
7113_PE2_PNE-1601,42,20250922,0,0,0,0,0,0,0
7113_PE2_PNE-1602,42,20250922,0,0,0,0,0,0,0
7113_VERAO-1603,42,20250922,0,0,0,0,0,0,0
7114_PE2_PNE-1601,42,20250922,0,0,0,0,0,0,0
7114_PE2_PNE-1602,42,20250922,0,0,0,0,0,0,0
7114_VERAO-1603,42,20250922,0,0,0,0,0,0,0
7115_PE2_PNE-1601,42,20250922,0,0,0,0,0,0,0
7115_PE2_PNE-1602,42,20250922,0,0,0,0,0,0,0
7115_VERAO-1603,42,20250922,0,0,0,0,0,0,0
7116_PE2_PNE-1601,42,20250922,0,0,0,0,0,0,0
7116_PE2_PNE-1602,42,20250922,0,0,0,0,0,0,0
7116_VERAO-1603,42,20250922,0,0,0,0,0,0,0
7117_PE2_PNE-1601,42,20250922,0,0,0,0,0,0,0
7117_PE2_PNE-1602,42,20250922,0,0,0,0,0,0,0
7117_VERAO-1603,42,20250922,0,0,0,0,0,0,0
72_PE-1101,42,20250922,0,0,0,0,0,0,0
72_PE-1201,42,20250922,0,0,0,0,0,0,0
72_PE-1301,42,20250922,0,0,0,0,0,0,0
72_PE-1401,42,20250922,0,0,0,0,0,0,0
72_PE-1501,42,20250922,0,0,0,0,0,0,0
72_PE2_M-1105,42,20250922,0,0,0,0,0,0,0
72_PE2_M-1205,42,20250922,0,0,0,0,0,0,0
72_PE2_M-1305,42,20250922,0,0,0,0,0,0,0
72_PE2_M-1405,42,20250922,0,0,0,0,0,0,0
72_PE2_M-1505,42,20250922,0,0,0,0,0,0,0
73_PE-1101,42,20250922,0,0,0,0,0,0,0
73_PE-1201,42,20250922,0,0,0,0,0,0,0
73_PE-1301,42,20250922,0,0,0,0,0,0,0
73_PE-1401,42,20250922,0,0,0,0,0,0,0
73_PE-1501,42,20250922,0,0,0,0,0,0,0
73_PE2_M-1105,42,20250922,0,0,0,0,0,0,0
73_PE2_M-1205,42,20250922,0,0,0,0,0,0,0
73_PE2_M-1305,42,20250922,0,0,0,0,0,0,0
73_PE2_M-1405,42,20250922,0,0,0,0,0,0,0
73_PE2_M-1505,42,20250922,0,0,0,0,0,0,0
74_PE-1101,42,20250922,0,0,0,0,0,0,0
74_PE-1201,42,20250922,0,0,0,0,0,0,0
74_PE-1301,42,20250922,0,0,0,0,0,0,0
74_PE-1401,42,20250922,0,0,0,0,0,0,0
74_PE-1501,42,20250922,0,0,0,0,0,0,0
74_PE2-1105,42,20250922,0,0,0,0,0,0,0
74_PE2-1205,42,20250922,0,0,0,0,0,0,0
74_PE2-1305,42,20250922,0,0,0,0,0,0,0
74_PE2-1405,42,20250922,0,0,0,0,0,0,0
74_PE2-1505,42,20250922,0,0,0,0,0,0,0
75_PE-1101,42,20250922,0,0,0,0,0,0,0
75_PE-1201,42,20250922,0,0,0,0,0,0,0
75_PE-1301,42,20250922,0,0,0,0,0,0,0
75_PE-1401,42,20250922,0,0,0,0,0,0,0
75_PE-1501,42,20250922,0,0,0,0,0,0,0
75_PE2-1105,42,20250922,0,0,0,0,0,0,0
75_PE2-1205,42,20250922,0,0,0,0,0,0,0
75_PE2-1305,42,20250922,0,0,0,0,0,0,0
75_PE2-1405,42,20250922,0,0,0,0,0,0,0
75_PE2-1505,42,20250922,0,0,0,0,0,0,0
76_PE-1101,42,20250922,0,0,0,0,0,0,0
76_PE-1201,42,20250922,0,0,0,0,0,0,0
76_PE-1301,42,20250922,0,0,0,0,0,0,0
76_PE-1401,42,20250922,0,0,0,0,0,0,0
76_PE-1501,42,20250922,0,0,0,0,0,0,0
76_PE2_M-1105,42,20250922,0,0,0,0,0,0,0
76_PE2_M-1205,42,20250922,0,0,0,0,0,0,0
76_PE2_M-1305,42,20250922,0,0,0,0,0,0,0
76_PE2_M-1405,42,20250922,0,0,0,0,0,0,0
76_PE2_M-1505,42,20250922,0,0,0,0,0,0,0
77_PE-1101,42,20250922,0,0,0,0,0,0,0
77_PE-1201,42,20250922,0,0,0,0,0,0,0
77_PE-1301,42,20250922,0,0,0,0,0,0,0
77_PE-1401,42,20250922,0,0,0,0,0,0,0
77_PE-1501,42,20250922,0,0,0,0,0,0,0
77_PE2_M-1105,42,20250922,0,0,0,0,0,0,0
77_PE2_M-1205,42,20250922,0,0,0,0,0,0,0
77_PE2_M-1305,42,20250922,0,0,0,0,0,0,0
77_PE2_M-1405,42,20250922,0,0,0,0,0,0,0
77_PE2_M-1505,42,20250922,0,0,0,0,0,0,0
78_PE-1101,42,20250922,0,0,0,0,0,0,0
78_PE-1201,42,20250922,0,0,0,0,0,0,0
78_PE-1301,42,20250922,0,0,0,0,0,0,0
78_PE-1401,42,20250922,0,0,0,0,0,0,0
78_PE-1501,42,20250922,0,0,0,0,0,0,0
78_PE2-1105,42,20250922,0,0,0,0,0,0,0
78_PE2-1205,42,20250922,0,0,0,0,0,0,0
78_PE2-1305,42,20250922,0,0,0,0,0,0,0
78_PE2-1405,42,20250922,0,0,0,0,0,0,0
78_PE2-1505,42,20250922,0,0,0,0,0,0,0
79_PE-1101,42,20250922,0,0,0,0,0,0,0
79_PE-1201,42,20250922,0,0,0,0,0,0,0
79_PE-1301,42,20250922,0,0,0,0,0,0,0
79_PE-1401,42,20250922,0,0,0,0,0,0,0
79_PE-1501,42,20250922,0,0,0,0,0,0,0
79_PE2_M-1105,42,20250922,0,0,0,0,0,0,0
79_PE2_M-1205,42,20250922,0,0,0,0,0,0,0
79_PE2_M-1305,42,20250922,0,0,0,0,0,0,0
79_PE2_M-1405,42,20250922,0,0,0,0,0,0,0
79_PE2_M-1505,42,20250922,0,0,0,0,0,0,0
8_PE-1101,42,20250922,0,0,0,0,0,0,0
8_PE-1201,42,20250922,0,0,0,0,0,0,0
8_PE-1301,42,20250922,0,0,0,0,0,0,0
8_PE-1401,42,20250922,0,0,0,0,0,0,0
8_PE-1501,42,20250922,0,0,0,0,0,0,0
8_PE2_M-1105,42,20250922,0,0,0,0,0,0,0
8_PE2_M-1205,42,20250922,0,0,0,0,0,0,0
8_PE2_M-1305,42,20250922,0,0,0,0,0,0,0
8_PE2_M-1405,42,20250922,0,0,0,0,0,0,0
8_PE2_M-1505,42,20250922,0,0,0,0,0,0,0
8_PNE-1102,42,20250922,0,0,0,0,0,0,0
8_PNE-1202,42,20250922,0,0,0,0,0,0,0
8_PNE-1302,42,20250922,0,0,0,0,0,0,0
8_PNE-1402,42,20250922,0,0,0,0,0,0,0
8_PNE-1502,42,20250922,0,0,0,0,0,0,0
8_VERAO-1103,42,20250922,0,0,0,0,0,0,0
8_VERAO-1203,42,20250922,0,0,0,0,0,0,0
8_VERAO-1303,42,20250922,0,0,0,0,0,0,0
8_VERAO-1403,42,20250922,0,0,0,0,0,0,0
8_VERAO-1503,42,20250922,0,0,0,0,0,0,0
80_PE-1101,42,20250922,0,0,0,0,0,0,0
80_PE-1201,42,20250922,0,0,0,0,0,0,0
80_PE-1301,42,20250922,0,0,0,0,0,0,0
80_PE-1401,42,20250922,0,0,0,0,0,0,0
80_PE-1501,42,20250922,0,0,0,0,0,0,0
80_PE2_M-1105,42,20250922,0,0,0,0,0,0,0
80_PE2_M-1205,42,20250922,0,0,0,0,0,0,0
80_PE2_M-1305,42,20250922,0,0,0,0,0,0,0
80_PE2_M-1405,42,20250922,0,0,0,0,0,0,0
80_PE2_M-1505,42,20250922,0,0,0,0,0,0,0
81_PE-1101,42,20250922,0,0,0,0,0,0,0
81_PE-1105,42,20250922,0,0,0,0,0,0,0
81_PE-1201,42,20250922,0,0,0,0,0,0,0
81_PE-1205,42,20250922,0,0,0,0,0,0,0
81_PE-1301,42,20250922,0,0,0,0,0,0,0
81_PE-1305,42,20250922,0,0,0,0,0,0,0
81_PE-1401,42,20250922,0,0,0,0,0,0,0
81_PE-1405,42,20250922,0,0,0,0,0,0,0
81_PE-1501,42,20250922,0,0,0,0,0,0,0
81_PE-1505,42,20250922,0,0,0,0,0,0,0
82_PE-1101,42,20250922,0,0,0,0,0,0,0
82_PE-1201,42,20250922,0,0,0,0,0,0,0
82_PE-1301,42,20250922,0,0,0,0,0,0,0
82_PE-1401,42,20250922,0,0,0,0,0,0,0
82_PE-1501,42,20250922,0,0,0,0,0,0,0
82_PE2-1105,42,20250922,0,0,0,0,0,0,0
82_PE2-1205,42,20250922,0,0,0,0,0,0,0
82_PE2-1305,42,20250922,0,0,0,0,0,0,0
82_PE2-1405,42,20250922,0,0,0,0,0,0,0
82_PE2-1505,42,20250922,0,0,0,0,0,0,0
83_PE-1101,42,20250922,0,0,0,0,0,0,0
83_PE-1201,42,20250922,0,0,0,0,0,0,0
83_PE-1301,42,20250922,0,0,0,0,0,0,0
83_PE-1401,42,20250922,0,0,0,0,0,0,0
83_PE-1501,42,20250922,0,0,0,0,0,0,0
83_PE2-1105,42,20250922,0,0,0,0,0,0,0
83_PE2-1205,42,20250922,0,0,0,0,0,0,0
83_PE2-1305,42,20250922,0,0,0,0,0,0,0
83_PE2-1405,42,20250922,0,0,0,0,0,0,0
83_PE2-1505,42,20250922,0,0,0,0,0,0,0
84_PE-1101,42,20250922,0,0,0,0,0,0,0
84_PE-1201,42,20250922,0,0,0,0,0,0,0
84_PE-1301,42,20250922,0,0,0,0,0,0,0
84_PE-1401,42,20250922,0,0,0,0,0,0,0
84_PE-1501,42,20250922,0,0,0,0,0,0,0
84_PE2-1105,42,20250922,0,0,0,0,0,0,0
84_PE2-1205,42,20250922,0,0,0,0,0,0,0
84_PE2-1305,42,20250922,0,0,0,0,0,0,0
84_PE2-1405,42,20250922,0,0,0,0,0,0,0
84_PE2-1505,42,20250922,0,0,0,0,0,0,0
85_PE-1101,42,20250922,0,0,0,0,0,0,0
85_PE-1201,42,20250922,0,0,0,0,0,0,0
85_PE-1301,42,20250922,0,0,0,0,0,0,0
85_PE-1401,42,20250922,0,0,0,0,0,0,0
85_PE-1501,42,20250922,0,0,0,0,0,0,0
85_PE2-1105,42,20250922,0,0,0,0,0,0,0
85_PE2-1205,42,20250922,0,0,0,0,0,0,0
85_PE2-1305,42,20250922,0,0,0,0,0,0,0
85_PE2-1405,42,20250922,0,0,0,0,0,0,0
85_PE2-1505,42,20250922,0,0,0,0,0,0,0
86_PE-1101,42,20250922,0,0,0,0,0,0,0
86_PE-1201,42,20250922,0,0,0,0,0,0,0
86_PE-1301,42,20250922,0,0,0,0,0,0,0
86_PE-1401,42,20250922,0,0,0,0,0,0,0
86_PE-1501,42,20250922,0,0,0,0,0,0,0
86_PE2-1105,42,20250922,0,0,0,0,0,0,0
86_PE2-1205,42,20250922,0,0,0,0,0,0,0
86_PE2-1305,42,20250922,0,0,0,0,0,0,0
86_PE2-1405,42,20250922,0,0,0,0,0,0,0
86_PE2-1505,42,20250922,0,0,0,0,0,0,0
87_PE-1101,42,20250922,0,0,0,0,0,0,0
87_PE-1201,42,20250922,0,0,0,0,0,0,0
87_PE-1301,42,20250922,0,0,0,0,0,0,0
87_PE-1401,42,20250922,0,0,0,0,0,0,0
87_PE-1501,42,20250922,0,0,0,0,0,0,0
87_PE2-1105,42,20250922,0,0,0,0,0,0,0
87_PE2-1205,42,20250922,0,0,0,0,0,0,0
87_PE2-1305,42,20250922,0,0,0,0,0,0,0
87_PE2-1405,42,20250922,0,0,0,0,0,0,0
87_PE2-1505,42,20250922,0,0,0,0,0,0,0
9_PE-1101,42,20250922,0,0,0,0,0,0,0
9_PE-1201,42,20250922,0,0,0,0,0,0,0
9_PE-1301,42,20250922,0,0,0,0,0,0,0
9_PE-1401,42,20250922,0,0,0,0,0,0,0
9_PE-1501,42,20250922,0,0,0,0,0,0,0
9_PE2_M-1105,42,20250922,0,0,0,0,0,0,0
9_PE2_M-1205,42,20250922,0,0,0,0,0,0,0
9_PE2_M-1305,42,20250922,0,0,0,0,0,0,0
9_PE2_M-1405,42,20250922,0,0,0,0,0,0,0
9_PE2_M-1505,42,20250922,0,0,0,0,0,0,0
9_PNE-1102,42,20250922,0,0,0,0,0,0,0
9_PNE-1202,42,20250922,0,0,0,0,0,0,0
9_PNE-1302,42,20250922,0,0,0,0,0,0,0
9_PNE-1402,42,20250922,0,0,0,0,0,0,0
9_PNE-1502,42,20250922,0,0,0,0,0,0,0
9_VERAO-1103,42,20250922,0,0,0,0,0,0,0
9_VERAO-1203,42,20250922,0,0,0,0,0,0,0
9_VERAO-1303,42,20250922,0,0,0,0,0,0,0
9_VERAO-1403,42,20250922,0,0,0,0,0,0,0
9_VERAO-1503,42,20250922,0,0,0,0,0,0,0
