stop_id,stop_id_stepp,stop_code,stop_name,stop_desc,stop_remarks,stop_lat,stop_lon,zone_shift,stop_url,location_type,parent_station,stop_timezone,wheelchair_boarding,level_id,platform_code,entrance_restriction,exit_restriction,slot,signalling,shelter,bench,network_map,schedule,real_time_information,tariff,preservation_state,equipment,observations,region,municipality
010001,0,010001,Rua Carlos Manuel Rodrigues Francisco (Escola),,,38.754244,-8.959557,0,,0,,,0,,,0,0,0,0,0,0,0,0,0,0,0,,,PT170,1502
010002,0,010002,R Carlos M. Francisco 229 (Escola Monte Novo),,,38.754572,-8.959615,0,,0,,,0,,,0,0,0,0,0,0,0,0,0,0,0,,,PT170,1502
010005,0,010005,ALCOCHETE (R CIPRIÃO FIGUEIREDO),,,38.754175,-8.961806,0,,0,,,0,,,0,0,0,0,0,0,0,0,0,0,0,,,PT170,1502
010007,0,010007,ALCOCHETE (R LEITE CUNHA) BIBLIOTECA,,,38.753196,-8.963687,0,,0,,,0,,,0,0,0,0,0,0,0,0,0,0,0,,,PT170,1502
010008,0,010008,ALCOCHETE (R LEITE CUNHA) BIBLIOTECA,,,38.753271,-8.963504,0,,0,,,0,,,0,0,0,0,0,0,0,0,0,0,0,,,PT170,1502
010009,0,010009,ALCOCHETE (AV RESTAURAÇÃO) EB MANUEL I,,,38.750706,-8.962749,0,,0,,,0,,,0,0,0,0,0,0,0,0,0,0,0,,,PT170,1502
010010,0,010010,ALCOCHETE (AV RESTAURAÇÃO) EB MANUEL I,,,38.751002,-8.962783,0,,0,,,0,,,0,0,0,0,0,0,0,0,0,0,0,,,PT170,1502
010011,0,010011,ALCOCHETE (R JOSÉ GRILO EVANGELISTA),,,38.748855,-8.962159,0,,0,,,0,,,0,0,0,0,0,0,0,0,0,0,0,,,PT170,1502
010012,0,010012,ALCOCHETE (R JOSÉ GRILO EVANGELISTA),,,38.748866,-8.961929,0,,0,,,0,,,0,0,0,0,0,0,0,0,0,0,0,,,PT170,1502
010015,0,010015,ALCOCHETE (R LIBERDADE) ESCOLA VALBOM,,,38.748758,-8.967106,0,,0,,,0,,,0,0,0,0,0,0,0,0,0,0,0,,,PT170,1502
010016,0,010016,ALCOCHETE (R LIBERDADE) ESCOLA VALBOM,,,38.749364,-8.966956,0,,0,,,0,,,0,0,0,0,0,0,0,0,0,0,0,,,PT170,1502
010017,0,010017,ALCOCHETE (AV D MANUEL I 25),,,38.750122,-8.96804,0,,0,,,0,,,0,0,0,0,0,0,0,0,0,0,0,,,PT170,1502
010018,0,010018,ALCOCHETE (AV D MANUEL I 25),,,38.749981,-8.967987,0,,0,,,0,,,0,0,0,0,0,0,0,0,0,0,0,,,PT170,1502
010019,0,010019,ALCOCH (AV INF D JOÃO) PRAIA MOINHOS,,,38.748365,-8.970791,0,,0,,,0,,,0,0,0,0,0,0,0,0,0,0,0,,,PT170,1502
010021,0,010021,PASSEIO CARAVELAS (FÓRUM ALCOCHETE),,,38.746655,-8.971506,0,,0,,,0,,,0,0,0,0,0,0,0,0,0,0,0,,,PT170,1502
010023,0,010023,ALCOCHETE (R 25 DE ABRIL 8),,,38.747993,-8.969371,0,,0,,,0,,,0,0,0,0,0,0,0,0,0,0,0,,,PT170,1502
010025,0,010025,ALCOCHETE (R Mª TERESA NORONHA),,,38.75266,-8.961294,0,,0,,,0,,,0,0,0,0,0,0,0,0,0,0,0,,,PT170,1502
010027,0,010027,ALCOCHETE (R CARLOS M ROD FRANCISCO 408),,,38.753259,-8.95813,0,,0,,,0,,,0,0,0,0,0,0,0,0,0,0,0,,,PT170,1502
010028,0,010028,ALCOCHETE (R CARLOS M ROD FRANCISCO 408),,,38.753307,-8.958037,0,,0,,,0,,,0,0,0,0,0,0,0,0,0,0,0,,,PT170,1502
010029,0,010029,ALCOCHETE (R LÁPARO) SUPERMERCADO,,,38.751255,-8.956741,0,,0,,,0,,,0,0,0,0,0,0,0,0,0,0,0,,,PT170,1502
010030,0,010030,ALCOCHETE (R LÁPARO) SUPERMERCADO,,,38.751242,-8.956625,0,,0,,,0,,,0,0,0,0,0,0,0,0,0,0,0,,,PT170,1502
010031,0,010031,ALCOCHETE (R LÁPARO) ESTALEIRO MUN,,,38.749842,-8.953465,0,,0,,,0,,,0,0,0,0,0,0,0,0,0,0,0,,,PT170,1502
010032,0,010032,ALCOCHETE (R LÁPARO) ESTALEIRO MUN,,,38.749911,-8.953472,0,,0,,,0,,,0,0,0,0,0,0,0,0,0,0,0,,,PT170,1502
010033,0,010033,ALCOCHETE (R LÁPARO X R BRACIEIRA),,,38.748189,-8.951511,0,,0,,,0,,,0,0,0,0,0,0,0,0,0,0,0,,,PT170,1502
010034,0,010034,ALCOCHETE (R LÁPARO X R BRACIEIRA),,,38.748278,-8.951503,0,,0,,,0,,,0,0,0,0,0,0,0,0,0,0,0,,,PT170,1502
010035,0,010035,ALCOCHETE (LAGOA LÁPARO),,,38.746343,-8.948745,0,,0,,,0,,,0,0,0,0,0,0,0,0,0,0,0,,,PT170,1502
010036,0,010036,ALCOCHETE (LAGOA LÁPARO),,,38.745936,-8.948375,0,,0,,,0,,,0,0,0,0,0,0,0,0,0,0,0,,,PT170,1502
010039,0,010039,R DOS DAMASCOS,,,38.748707,-8.945941,0,,0,,,0,,,0,0,0,0,0,0,0,0,0,0,0,,,PT170,1502
010040,0,010040,R DOS DAMASCOS,,,38.748758,-8.945841,0,,0,,,0,,,0,0,0,0,0,0,0,0,0,0,0,,,PT170,1502
010041,0,010041,Acesso à Rua dos Damascos (Supermercado),,,38.751652,-8.94458,0,,0,,,0,,,0,0,0,0,0,0,0,0,0,0,0,,,PT170,1502
010043,0,010043,ALCOCHETE (AV BARRIS) CENTRO SAÚDE,,,38.748435,-8.964307,0,,0,,,0,,,0,0,0,0,0,0,0,0,0,0,0,,,PT170,1502
010045,0,010045,AV DOS BARRIS - PQ DESP DO VALBOM (ROT),,,38.745904,-8.96679,0,,0,,,0,,,0,0,0,0,0,0,0,0,0,0,0,,,PT170,1502
010047,0,010047,R VALE FIGUEIRA (CASAS NOVAS),,,38.740462,-8.960715,0,,0,,,0,,,0,0,0,0,0,0,0,0,0,0,0,,,PT170,1502
010048,0,010048,R VALE FIGUEIRA (CASAS NOVAS),,,38.74049,-8.960615,0,,0,,,0,,,0,0,0,0,0,0,0,0,0,0,0,,,PT170,1502
010049,0,010049,ESTR LAGOA DA CHEIA AGROPECUÁRIA,,,38.735205,-8.956538,0,,0,,,0,,,0,0,0,0,0,0,0,0,0,0,0,,,PT170,1502
010050,0,010050,ESTR LAGOA DA CHEIA AGROPECUÁRIA,,,38.735227,-8.956456,0,,0,,,0,,,0,0,0,0,0,0,0,0,0,0,0,,,PT170,1502
010051,0,010051,ESTR LAGOA DA CHEIA 610,,,38.732272,-8.954484,0,,0,,,0,,,0,0,0,0,0,0,0,0,0,0,0,,,PT170,1502
010052,0,010052,ESTR LAGOA DA CHEIA 610,,,38.732396,-8.954452,0,,0,,,0,,,0,0,0,0,0,0,0,0,0,0,0,,,PT170,1502
010053,0,010053,ESTR DOS MALMEQUERES 316,,,38.731476,-8.956327,0,,0,,,0,,,0,0,0,0,0,0,0,0,0,0,0,,,PT170,1502
010054,0,010054,ESTR DOS MALMEQUERES 316,,,38.731377,-8.956669,0,,0,,,0,,,0,0,0,0,0,0,0,0,0,0,0,,,PT170,1502
010055,0,010055,R FUTEBOL CLUBE S FRANCISCO (CERCAL),,,38.732838,-8.960893,0,,0,,,0,,,0,0,0,0,0,0,0,0,0,0,0,,,PT170,1502
010056,0,010056,R FUTEBOL CLUBE S FRANCISCO (CERCAL),,,38.732718,-8.960852,0,,0,,,0,,,0,0,0,0,0,0,0,0,0,0,0,,,PT170,1502
010057,0,010057,R FUTEBOL CLUBE S FRANC X R ANT ALEIXO 1,,,38.732284,-8.970956,0,,0,,,0,,,0,0,0,0,0,0,0,0,0,0,0,,,PT170,1502
010058,0,010058,R FUTEBOL CLUBE S FRANC X R ANT ALEIXO 1,,,38.732255,-8.970549,0,,0,,,0,,,0,0,0,0,0,0,0,0,0,0,0,,,PT170,1502
010059,0,010059,S FRANCISCO (EN 119 31),,,38.732385,-8.972425,0,,0,,,0,,,0,0,0,0,0,0,0,0,0,0,0,,,PT170,1502
010061,0,010061,S FRANCISCO (PRAÇA DAS AVES DO TEJO),,,38.731198,-8.973869,0,,0,,,0,,,0,0,0,0,0,0,0,0,0,0,0,,,PT170,1502
010062,0,010062,S FRANCISCO (PRAÇA DAS AVES DO TEJO),,,38.731293,-8.97383,0,,0,,,0,,,0,0,0,0,0,0,0,0,0,0,0,,,PT170,1502
010063,0,010063,AV CORVO MARINHO URB VILLAS DO DUQUE,,,38.728616,-8.973287,0,,0,,,0,,,0,0,0,0,0,0,0,0,0,0,0,,,PT170,1502
010064,0,010064,Urbanização Villas do Duque (Fte Espaço Comercial),,,38.728807,-8.973181,0,,0,,,0,,,0,0,0,0,0,0,0,0,0,0,0,,,PT170,1502
010066,0,010066,S FRANCISCO (EN 119 114),,,38.731723,-8.972361,0,,0,,,0,,,0,0,0,0,0,0,0,0,0,0,0,,,PT170,1502
010067,0,010067,R FUTEBOL CLUBE S FRANCISCO (VILA AZUL),,,38.731588,-8.965834,0,,0,,,0,,,0,0,0,0,0,0,0,0,0,0,0,,,PT170,1502
090228,0,090228,VALE AMOREIRA (LGO CRAVO 47),,,38.642598,-9.037131,0,,0,,,0,,,0,0,0,0,0,0,0,0,0,0,0,,,PT170,1506
090229,0,090229,VALE AMOREIRA (R JOAO VILLARET 3),,,38.647293,-9.040559,0,,0,,,0,,,0,0,0,0,0,0,0,0,0,0,0,,,PT170,1506
090231,0,090231,VALE AMOREIRA (R JOSE ALM NEGREIROS 28),,,38.65056,-9.039994,0,,0,,,0,,,0,0,0,0,0,0,0,0,0,0,0,,,PT170,1506
090233,0,090233,B BANHEIRA (R J GOMES FERRE)ESC D JOAO I,,,38.654264,-9.038125,0,,0,,,0,,,0,0,0,0,0,0,0,0,0,0,0,,,PT170,1506
090234,0,090234,B BANHEIRA (R J GOMES FERRE)ESC D JOAO I,,,38.654101,-9.037877,0,,0,,,0,,,0,0,0,0,0,0,0,0,0,0,0,,,PT170,1506
090235,0,090235,BAIXA BANHEIRA (R AUGUSTO GIL 73),,,38.654238,-9.042311,0,,0,,,0,,,0,0,0,0,0,0,0,0,0,0,0,,,PT170,1506
090236,0,090236,BAIXA BANHEIRA (R AUGUSTO GIL 73),,,38.654216,-9.042054,0,,0,,,0,,,0,0,0,0,0,0,0,0,0,0,0,,,PT170,1506
090237,0,090237,BAIXA BANHEIRA(R AUGUSTO GIL 30),,,38.654426,-9.045158,0,,0,,,0,,,0,0,0,0,0,0,0,0,0,0,0,,,PT170,1506
090238,0,090238,BAIXA BANHEIRA(R AUGUSTO GIL 30),,,38.654477,-9.045037,0,,0,,,0,,,0,0,0,0,0,0,0,0,0,0,0,,,PT170,1506
090239,0,090239,B BANHEIRA (R LIBERDADE) SUPERMERCADO,,,38.653871,-9.046231,0,,0,,,0,,,0,0,0,0,0,0,0,0,0,0,0,,,PT170,1506
090240,0,090240,B BANHEIRA (R LIBERDADE) SUPERMERCADO,,,38.653893,-9.046134,0,,0,,,0,,,0,0,0,0,0,0,0,0,0,0,0,,,PT170,1506
090241,0,090241,BAIXA BANHEIRA (R LIBERDADE) ESCOLA,,,38.650165,-9.045351,0,,0,,,0,,,0,0,0,0,0,0,0,0,0,0,0,,,PT170,1506
090242,0,090242,BAIXA BANHEIRA (R LIBERDADE) ESCOLA,,,38.650377,-9.045336,0,,0,,,0,,,0,0,0,0,0,0,0,0,0,0,0,,,PT170,1506
090243,0,090243,ALTO DA SERRA,,,38.650029,-9.046642,0,,0,,,0,,,0,0,0,0,0,0,0,0,0,0,0,,,PT170,1506
090247,0,090247,R Ville Plaisir 28,,,38.659822,-9.049492,0,,0,,,0,,,0,0,0,0,0,0,0,0,0,0,0,,,PT170,1506
090248,0,090248,R VILLE PLAISIR 28,,,38.659822,-9.049396,0,,0,,,0,,,0,0,0,0,0,0,0,0,0,0,0,,,PT170,1506
090249,0,090249,VALE AMOREIRA (R JOSE ALM NEGREIROS 18),,,38.64997,-9.04042,0,,0,,,0,,,0,0,0,0,0,0,0,0,0,0,0,,,PT170,1506
090251,0,090251,VALE DA AMOREIRA (BILBIOTECA),,,38.648421,-9.041504,0,,0,,,0,,,0,0,0,0,0,0,0,0,0,0,0,,,PT170,1506
090253,0,090253,VALE AMOREIRA (ESC SEC BAIXA BANHEIRA),,,38.646318,-9.039391,0,,0,,,0,,,0,0,0,0,0,0,0,0,0,0,0,,,PT170,1506
090255,0,090255,VALE AMOREIRA (R BORDALO PINHEIRO 3),,,38.650972,-9.038347,0,,0,,,0,,,0,0,0,0,0,0,0,0,0,0,0,,,PT170,1506
090257,0,090257,R VILLE PLAISIR,,,38.657691,-9.049329,0,,0,,,0,,,0,0,0,0,0,0,0,0,0,0,0,,,PT170,1504
090259,0,090259,AV 1º DE MAIO - ESC MOUZINHO DA SILVEIRA,,,38.649578,-9.043672,0,,0,,,0,,,0,0,0,0,0,0,0,0,0,0,0,,,PT170,1506
090260,0,090260,AV 1º DE MAIO - ESC MOUZINHO DA SILVEIRA,,,38.649312,-9.043971,0,,0,,,0,,,0,0,0,0,0,0,0,0,0,0,0,,,PT170,1506
090261,0,090261,AV 1 DE MAIO X R DA UNIÃO,,,38.651196,-9.039784,0,,0,,,0,,,0,0,0,0,0,0,0,0,0,0,0,,,PT170,1506
090262,0,090262,AV 1 DE MAIO X R DA UNIÃO,,,38.65137,-9.038844,0,,0,,,0,,,0,0,0,0,0,0,0,0,0,0,0,,,PT170,1506
090263,0,090263,Bº VILA ROSA (R D JOÃO ALMEIDA 17),,,38.648721,-9.022946,0,,0,,,0,,,0,0,0,0,0,0,0,0,0,0,0,,,PT170,1506
090264,0,090264,Bº VILA ROSA (R D JOÃO ALMEIDA 17),,,38.648825,-9.022853,0,,0,,,0,,,0,0,0,0,0,0,0,0,0,0,0,,,PT170,1506
090265,0,090265,Bº VILA ROSA (R D JOÃO ALMEIDA 12),,,38.650349,-9.02368,0,,0,,,0,,,0,0,0,0,0,0,0,0,0,0,0,,,PT170,1506
090266,0,090266,Bº VILA ROSA (R D JOÃO ALMEIDA 12),,,38.650452,-9.023605,0,,0,,,0,,,0,0,0,0,0,0,0,0,0,0,0,,,PT170,1506
090267,0,090267,ALHOS VEDROS (R ARTUR PAIVA 56),,,38.650582,-9.021842,0,,0,,,0,,,0,0,0,0,0,0,0,0,0,0,0,,,PT170,1506
090268,0,090268,ALHOS VEDROS (R ARTUR PAIVA 56),,,38.650748,-9.022184,0,,0,,,0,,,0,0,0,0,0,0,0,0,0,0,0,,,PT170,1506
090269,0,090269,ARROTEIAS (R PADRE ANTÓNIO VIEIRA 10),,,38.649364,-9.018087,0,,0,,,0,,,0,0,0,0,0,0,0,0,0,0,0,,,PT170,1506
090270,0,090270,ARROTEIAS (R PADRE ANTÓNIO VIEIRA 10),,,38.649393,-9.017977,0,,0,,,0,,,0,0,0,0,0,0,0,0,0,0,0,,,PT170,1506
090271,0,090271,ARROTEIAS (EN 11-2) SUPERMERCADO,,,38.64297,-9.000365,0,,0,,,0,,,0,0,0,0,0,0,0,0,0,0,0,,,PT170,1506
090272,0,090272,Estrada Regional 11 (Comércio Automóvel),,,38.642737,-9.000396,0,,0,,,0,,,0,0,0,0,0,0,0,0,0,0,0,,,PT170,1506
090277,0,090277,BAIXA BANHEIRA (R V PLAISIR/R AMIZADE),,,38.658417,-9.049419,0,,0,,,0,,,0,0,0,0,0,0,0,0,0,0,0,,,PT170,1506
090279,0,090279,ARROTEIAS (EN 11-2) Bº JOSÉ FERRO,,,38.64162,-9.00358,0,,0,,,0,,,0,0,0,0,0,0,0,0,0,0,0,,,PT170,1506
090280,0,090280,ARROTEIAS (EN 11-2) Bº JOSÉ FERRO,,,38.641766,-9.002392,0,,0,,,0,,,0,0,0,0,0,0,0,0,0,0,0,,,PT170,1506
090281,0,090281,EM PINHAL FORNO X R ANDORINHAS),,,38.636795,-9.004405,0,,0,,,0,,,0,0,0,0,0,0,0,0,0,0,0,,,PT170,1506
090282,0,090282,EM PINHAL FORNO X R ANDORINHAS),,,38.6369,-9.00433,0,,0,,,0,,,0,0,0,0,0,0,0,0,0,0,0,,,PT170,1506
090284,0,090284,PINHAL FORNO (CEMITÉRIO),,,38.635737,-9.001199,0,,0,,,0,,,0,0,0,0,0,0,0,0,0,0,0,,,PT170,1506
090289,0,090289,BARRA CHEIA (ESTR MUN PINHAL FORNO),,,38.605612,-9.004108,0,,0,,,0,,,0,0,0,0,0,0,0,0,0,0,0,,,PT170,1506
090290,0,090290,BARRA CHEIA (ESTR MUN PINHAL FORNO),,,38.605731,-9.003859,0,,0,,,0,,,0,0,0,0,0,0,0,0,0,0,0,,,PT170,1506
090291,0,090291,BARRA CHEIA (EM 1020) CAPELA,,,38.608121,-9.001904,0,,0,,,0,,,0,0,0,0,0,0,0,0,0,0,0,,,PT170,1506
090292,0,090292,BARRA CHEIA (EM 1020) CAPELA,,,38.607999,-9.00186,0,,0,,,0,,,0,0,0,0,0,0,0,0,0,0,0,,,PT170,1506
090293,0,090293,BARRA CHEIA (EM 1020 6),,,38.610082,-8.999371,0,,0,,,0,,,0,0,0,0,0,0,0,0,0,0,0,,,PT170,1506
090294,0,090294,BARRA CHEIA (EM 1020 6),,,38.609897,-8.999482,0,,0,,,0,,,0,0,0,0,0,0,0,0,0,0,0,,,PT170,1506
090295,0,090295,BREJOS MOITA (EM 1020) X SANTA,,,38.612301,-8.991931,0,,0,,,0,,,0,0,0,0,0,0,0,0,0,0,0,,,PT170,1506
090296,0,090296,BREJOS MOITA (EM 1020) X SANTA,,,38.612232,-8.99185,0,,0,,,0,,,0,0,0,0,0,0,0,0,0,0,0,,,PT170,1506
090297,0,090297,BREJOS MOITA (EM 1020) XESTR L CAMÕES,,,38.617058,-8.987582,0,,0,,,0,,,0,0,0,0,0,0,0,0,0,0,0,,,PT170,1506
090298,0,090298,BREJOS MOITA (EM 1020) XESTR L CAMÕES,,,38.616938,-8.987483,0,,0,,,0,,,0,0,0,0,0,0,0,0,0,0,0,,,PT170,1506
090299,0,090299,BREJOS MOITA (EM 1020) VACARIA,,,38.622707,-8.98848,0,,0,,,0,,,0,0,0,0,0,0,0,0,0,0,0,,,PT170,1506
090300,0,090300,BREJOS MOITA (EM 1020) VACARIA,,,38.622599,-8.988337,0,,0,,,0,,,0,0,0,0,0,0,0,0,0,0,0,,,PT170,1506
090301,0,090301,BREJOS MOITA (EM 1020) ESC PRIMÁRIA,,,38.62571,-8.988929,0,,0,,,0,,,0,0,0,0,0,0,0,0,0,0,0,,,PT170,1506
090302,0,090302,BREJOS MOITA (EM 1020) ESC PRIMÁRIA,,,38.625881,-8.98884,0,,0,,,0,,,0,0,0,0,0,0,0,0,0,0,0,,,PT170,1506
090303,0,090303,BREJOS MOITA (EM 1020)CENTRAL ELECTR,,,38.629121,-8.989403,0,,0,,,0,,,0,0,0,0,0,0,0,0,0,0,0,,,PT170,1506
090304,0,090304,BREJOS MOITA (EM 1020)CENTRAL ELECTR,,,38.629269,-8.98932,0,,0,,,0,,,0,0,0,0,0,0,0,0,0,0,0,,,PT170,1506
090305,0,090305,BREJOS MOITA (EM 1020) X ACESSO IC13,,,38.637474,-8.989775,0,,0,,,0,,,0,0,0,0,0,0,0,0,0,0,0,,,PT170,1506
090306,0,090306,BREJOS MOITA (EM 1020) X ACESSO IC13,,,38.637584,-8.989668,0,,0,,,0,,,0,0,0,0,0,0,0,0,0,0,0,,,PT170,1506
090307,0,090307,MOITA (R SANTOS SILVA 15),,,38.646496,-8.991086,0,,0,,,0,,,0,0,0,0,0,0,0,0,0,0,0,,,PT170,1506
090308,0,090308,MOITA (R SANTOS SILVA 15),,,38.646674,-8.991135,0,,0,,,0,,,0,0,0,0,0,0,0,0,0,0,0,,,PT170,1506
090311,0,090311,CABEÇO VERDE (EN11-2) X FONTE FETO 11,,,38.629009,-9.021681,0,,0,,,0,,,0,0,0,0,0,0,0,0,0,0,0,,,PT170,1506
090312,0,090312,MOITA (AV 1º MAIO 14),,,38.65309,-9.025638,0,,0,,,0,,,0,0,0,0,0,0,0,0,0,0,0,,,PT170,1506
090313,0,090313,FIDALGUINHOS,,,38.652744,-9.046957,0,,0,,,0,,,0,0,0,0,0,0,0,0,0,0,0,,,PT170,1506
090314,0,090314,ALHOS VEDROS (AV 1º MAIO 14),,,38.652957,-9.0259,0,,0,,,0,,,0,0,0,0,0,0,0,0,0,0,0,,,PT170,1506
090315,0,090315,Estrada Municipal 1024 (Frente Quinta Cruz do Campo),,,38.652125,-8.955715,0,,0,,,0,,,0,0,0,0,0,0,0,0,0,0,0,,,PT170,1506
090316,0,090316,Estrada Municipal 1024 (Quinta Cruz do Campo),,,38.652009,-8.95576,0,,0,,,0,,,0,0,0,0,0,0,0,0,0,0,0,,,PT170,1506
090317,0,090317,Rua dos Pomares (Quinta das Laranjeiras),,,38.650222,-8.95939,0,,0,,,0,,,0,0,0,0,0,0,0,0,0,0,0,,,PT170,1506
090318,0,090318,Rua dos Pomares (Frente Quinta das Laranjeiras),,,38.650193,-8.95948,0,,0,,,0,,,0,0,0,0,0,0,0,0,0,0,0,,,PT170,1506
090319,0,090319,Rua dos Pomares (X) Rua Mário Sacramento,,,38.647767,-8.959436,0,,0,,,0,,,0,0,0,0,0,0,0,0,0,0,0,,,PT170,1506
091080,0,091080,Rua dos Descobrimentos 7,,,38.64822,-8.98832,0,,0,,,0,,,0,0,0,0,0,0,0,0,0,0,0,,,PT170,1506
091398,0,091398,Rua Dom Manuel I (Frente Piscinas Municipais),,,38.648861,-8.984778,0,,0,,,0,,,0,0,0,0,0,0,0,0,0,0,0,,,PT170,1506
091719,0,091719,Rua Aquilino Ribeiro (X) Rua Maria Matos,,,38.652186,-8.987089,0,,0,,,0,,,0,0,0,0,0,0,0,0,0,0,0,,,PT170,1506
094856,0,094856,Avenida José Almada Negreiros (Frente Biblioteca),,,38.648265,-9.04107,0,,0,,,0,,,0,0,0,0,0,0,0,0,0,0,0,,,PT170,1506
096222,0,096222,Rua José Dias Coelho 30,,,38.652656,-8.988406,0,,0,,,0,,,0,0,0,0,0,0,0,0,0,0,0,,,PT170,1506
096805,0,096805,Rua General Humberto Delgado (Frente Parque Municipal),,,38.652395,-8.989355,0,,0,,,0,,,0,0,0,0,0,0,0,0,0,0,0,,,PT170,1506
097374,0,097374,Rua da Paz 11,,,38.646465,-8.988463,0,,0,,,0,,,0,0,0,0,0,0,0,0,0,0,0,,,PT170,1506
097528,0,097528,Rua António Sérgio 16,,,38.650678,-8.986223,0,,0,,,0,,,0,0,0,0,0,0,0,0,0,0,0,,,PT170,1506
098007,0,098007,Rua António Sérgio (X) Largo dos Lusíadas,,,38.650639,-8.986473,0,,0,,,0,,,0,0,0,0,0,0,0,0,0,0,0,,,PT170,1506
099291,0,099291,Rua Aquilino Ribeiro (X) Rua Antero de Quental,,,38.65179,-8.98653,0,,0,,,0,,,0,0,0,0,0,0,0,0,0,0,0,,,PT170,1506
099421,0,099421,Rua Dom Manuel I (Casa dos Marcos),,,38.64884,-8.984521,0,,0,,,0,,,0,0,0,0,0,0,0,0,0,0,0,,,PT170,1506
099938,0,099938,Rua Eduardo Duarte Nunes,,,38.650415,-8.974528,0,,0,,,0,,,0,0,0,0,0,0,0,0,0,0,0,,,PT170,1506
100001,0,100001,Rua Dom João de Castro 4,,,38.700532,-8.954064,0,,0,,,0,,,0,0,0,0,0,0,0,0,0,0,0,,,PT170,1507
100002,0,100002,BELA VISTA (R AFONSO ALBUQUERQUE 9),,,38.700529,-8.953926,0,,0,,,0,,,0,0,0,0,0,0,0,0,0,0,0,,,PT170,1507
100003,0,100003,BELA VISTA (R FERNÃO MAGALHÃES 61),,,38.699539,-8.955257,0,,0,,,0,,,0,0,0,0,0,0,0,0,0,0,0,,,PT170,1507
100004,0,100004,BELA VISTA (R FERNÃO MAGALHÃES 61),,,38.699572,-8.955101,0,,0,,,0,,,0,0,0,0,0,0,0,0,0,0,0,,,PT170,1507
100005,0,100005,BELA VISTA (EN 5) SEMÁFOROS,,,38.699393,-8.957025,0,,0,,,0,,,0,0,0,0,0,0,0,0,0,0,0,,,PT170,1507
100006,0,100006,BELA VISTA (EN 5) SEMÁFOROS,,,38.70012,-8.957407,0,,0,,,0,,,0,0,0,0,0,0,0,0,0,0,0,,,PT170,1507
100007,0,100007,MONTIJO (R JOSÉ JOAQ MARQUES) SUPERMERCADO,,,38.702666,-8.961441,0,,0,,,0,,,0,0,0,0,0,0,0,0,0,0,0,,,PT170,1507
100008,0,100008,Rua José Joaquim Marques (X) Rua Alexandre Bell,,,38.702834,-8.961382,0,,0,,,0,,,0,0,0,0,0,0,0,0,0,0,0,,,PT170,1507
100009,0,100009,Rua José Joaquim Marques (Policlínica),,,38.703464,-8.966314,0,,0,,,0,,,0,0,0,0,0,0,0,0,0,0,0,,,PT170,1507
100011,0,100011,Rua José Joaquim Marques 91,,,38.704055,-8.970651,0,,0,,,0,,,0,0,0,0,0,0,0,0,0,0,0,,,PT170,1507
100012,0,100012,Estrada Nacional 10 Frente (X) Alameda dos Moinhos,,,38.717058,-8.973114,0,,0,,,0,,,0,0,0,0,0,0,0,0,0,0,0,,,PT170,1507
100013,0,100013,Praça Gomes Freire de Andrade (Terminal) P1,,,38.705735,-8.97624,0,,0,,,0,,,0,0,0,0,0,0,0,0,0,0,0,,,PT170,1507
100014,0,100014,Estrada Nacional 119 (X) Alameda dos Moinhos,,,38.717111,-8.973,0,,0,,,0,,,0,0,0,0,0,0,0,0,0,0,0,,,PT170,1507
100015,0,100015,MONTIJO (PÇA REPÚBLICA 64),,,38.706328,-8.974613,0,,0,,,0,,,0,0,0,0,0,0,0,0,0,0,0,,,PT170,1507
100016,0,100016,MONTIJO (PÇA REPÚBLICA 64),,,38.706314,-8.974103,0,,0,,,0,,,0,0,0,0,0,0,0,0,0,0,0,,,PT170,1507
100017,0,100017,MONTIJO (PÇA 1º MAIO),,,38.707362,-8.972731,0,,0,,,0,,,0,0,0,0,0,0,0,0,0,0,0,,,PT170,1507
100019,0,100019,MONTIJO (R GAGO COUTINHO 92),,,38.710318,-8.972546,0,,0,,,0,,,0,0,0,0,0,0,0,0,0,0,0,,,PT170,1507
100021,0,100021,Bº LIB (R G COUTINHO)XR LUIS CORR MOR,,,38.712855,-8.972925,0,,0,,,0,,,0,0,0,0,0,0,0,0,0,0,0,,,PT170,1507
100022,0,100022,Bº LIB (R G COUTINHO)XR LUIS CORR MOR,,,38.713189,-8.972832,0,,0,,,0,,,0,0,0,0,0,0,0,0,0,0,0,,,PT170,1507
100023,0,100023,MONTIJO (R MANUEL GERALDES SILVA 2),,,38.71157,-8.973114,0,,0,,,0,,,0,0,0,0,0,0,0,0,0,0,0,,,PT170,1507
100025,0,100025,MONTIJO (R SERPA PINTO 149),,,38.710204,-8.973498,0,,0,,,0,,,0,0,0,0,0,0,0,0,0,0,0,,,PT170,1507
100027,0,100027,Praça Gomes Freire de Andrade (Terminal) P2,,,38.705879,-8.97657,0,,0,,,0,,,0,0,0,0,0,0,0,0,0,0,0,,,PT170,1507
100029,0,100029,MONTIJO (R BELA VISTA 103),,,38.701713,-8.971738,0,,0,,,0,,,0,0,0,0,0,0,0,0,0,0,0,,,PT170,1507
100031,0,100031,MONTIJO (R BELA VISTA) X R BARROSA,,,38.700531,-8.968938,0,,0,,,0,,,0,0,0,0,0,0,0,0,0,0,0,,,PT170,1507
100033,0,100033,MONTIJO (R JOSÉ MUNDET 79),,,38.702386,-8.964118,0,,0,,,0,,,0,0,0,0,0,0,0,0,0,0,0,,,PT170,1507
100035,0,100035,AFONSOEIRO (AL ZECA AFONSO) IGREJA,,,38.700927,-8.952037,0,,0,,,0,,,0,0,0,0,0,0,0,0,0,0,0,,,PT170,1507
100037,0,100037,AFONSOEIRO (AL ZECA AFONSO 253),,,38.702615,-8.95327,0,,0,,,0,,,0,0,0,0,0,0,0,0,0,0,0,,,PT170,1507
100038,0,100038,Avenida Pedro Nunes (Escola),,,38.703502,-8.952891,0,,0,,,0,,,0,0,0,0,0,0,0,0,0,0,0,,,PT170,1507
100039,0,100039,AFONSOEIRO (ALTO VINHAS GRANDES 745),,,38.703406,-8.949809,0,,0,,,0,,,0,0,0,0,0,0,0,0,0,0,0,,,PT170,1507
100040,0,100040,AFONSOEIRO (ALTO VINHAS GRANDES 745),,,38.703604,-8.949764,0,,0,,,0,,,0,0,0,0,0,0,0,0,0,0,0,,,PT170,1507
100041,0,100041,AFONSOEIRO (AV PEDRO NUNES 968),,,38.702572,-8.948031,0,,0,,,0,,,0,0,0,0,0,0,0,0,0,0,0,,,PT170,1507
100042,0,100042,AFONSOEIRO (AV PEDRO NUNES 968),,,38.702574,-8.94781,0,,0,,,0,,,0,0,0,0,0,0,0,0,0,0,0,,,PT170,1507
100043,0,100043,Avenida Rainha Santa Isabel (Hotel),,,38.709741,-8.946556,0,,0,,,0,,,0,0,0,0,0,0,0,0,0,0,0,,,PT170,1507
100044,0,100044,Avenida Rainha Santa Isabel (Frente Hotel),,,38.709896,-8.946604,0,,0,,,0,,,0,0,0,0,0,0,0,0,0,0,0,,,PT170,1507
100045,0,100045,Bº AREIAS (R FERNANDO PESSOA 569),,,38.710696,-8.947562,0,,0,,,0,,,0,0,0,0,0,0,0,0,0,0,0,,,PT170,1507
100046,0,100046,Bº AREIAS (R FERNANDO PESSOA 569),,,38.710774,-8.947465,0,,0,,,0,,,0,0,0,0,0,0,0,0,0,0,0,,,PT170,1507
100047,0,100047,Bº AREIAS (R FERNANDO PESSOA 358A),,,38.710861,-8.949688,0,,0,,,0,,,0,0,0,0,0,0,0,0,0,0,0,,,PT170,1507
100048,0,100048,Bº AREIAS (R FERNANDO PESSOA 358A),,,38.710801,-8.949544,0,,0,,,0,,,0,0,0,0,0,0,0,0,0,0,0,,,PT170,1507
100049,0,100049,Bº AREIAS (AV BARBOSA BOCAGE 1204),,,38.711056,-8.952007,0,,0,,,0,,,0,0,0,0,0,0,0,0,0,0,0,,,PT170,1507
100050,0,100050,Bº AREIAS (AV BARBOSA BOCAGE 1204),,,38.710982,-8.952249,0,,0,,,0,,,0,0,0,0,0,0,0,0,0,0,0,,,PT170,1507
100053,0,100053,Bº AREIAS (PÇA LIBERDADE) PQUE INFANTIL,,,38.708967,-8.95441,0,,0,,,0,,,0,0,0,0,0,0,0,0,0,0,0,,,PT170,1507
100055,0,100055,Bº AREIAS (R LEITÃO BARROS) ESCOLA,,,38.708228,-8.956364,0,,0,,,0,,,0,0,0,0,0,0,0,0,0,0,0,,,PT170,1507
100056,0,100056,Bº AREIAS (R LEITÃO BARROS) ESCOLA,,,38.708337,-8.956266,0,,0,,,0,,,0,0,0,0,0,0,0,0,0,0,0,,,PT170,1507
100057,0,100057,Bº AREIAS (R EUGÉNIO SALVADOR 12),,,38.70959,-8.957693,0,,0,,,0,,,0,0,0,0,0,0,0,0,0,0,0,,,PT170,1507
100058,0,100058,Bº AREIAS (R EUGÉNIO SALVADOR 12),,,38.709565,-8.95755,0,,0,,,0,,,0,0,0,0,0,0,0,0,0,0,0,,,PT170,1507
100059,0,100059,Bº AREIAS (AV BARBOSA BOCAGE 444),,,38.708925,-8.960182,0,,0,,,0,,,0,0,0,0,0,0,0,0,0,0,0,,,PT170,1507
100060,0,100060,Avenida Barbosa Du Bocage 444,,,38.708879,-8.959792,0,,0,,,0,,,0,0,0,0,0,0,0,0,0,0,0,,,PT170,1507
100061,0,100061,Bº ESTEVAL (AV AFONSO V 67) TERMINAL,,,38.71408,-8.957211,0,,0,,,0,,,0,0,0,0,0,0,0,0,0,0,0,,,PT170,1507
100063,0,100063,Bº ESTEVAL (R EÇA QUEIROZ)R J GOMES FERR,,,38.713015,-8.958507,0,,0,,,0,,,0,0,0,0,0,0,0,0,0,0,0,,,PT170,1507
100064,0,100064,Bº ESTEVAL (R EÇA QUEIROZ)R J GOMES FERR,,,38.71294,-8.958476,0,,0,,,0,,,0,0,0,0,0,0,0,0,0,0,0,,,PT170,1507
100065,0,100065,Bº ESTEVAL (R JOSÉ MALHOA 58),,,38.712336,-8.960887,0,,0,,,0,,,0,0,0,0,0,0,0,0,0,0,0,,,PT170,1507
100066,0,100066,Bº ESTEVAL (R JOSÉ MALHOA 58),,,38.712522,-8.960679,0,,0,,,0,,,0,0,0,0,0,0,0,0,0,0,0,,,PT170,1507
100067,0,100067,Bº ESTEVAL (R ANTONIO C F TRINDADE 152),,,38.713169,-8.962685,0,,0,,,0,,,0,0,0,0,0,0,0,0,0,0,0,,,PT170,1507
100068,0,100068,Bº ESTEVAL (R ANTONIO C F TRINDADE 152),,,38.713063,-8.96267,0,,0,,,0,,,0,0,0,0,0,0,0,0,0,0,0,,,PT170,1507
100069,0,100069,Bº ESTEVAL (PRACETA SÁ CARNEIRO),,,38.713208,-8.965311,0,,0,,,0,,,0,0,0,0,0,0,0,0,0,0,0,,,PT170,1507
100071,0,100071,Bº MOINHO (R D INÊS CASTRO 65),,,38.715177,-8.967555,0,,0,,,0,,,0,0,0,0,0,0,0,0,0,0,0,,,PT170,1507
100073,0,100073,MONTIJO (AV OLIVENÇA ) PÇA TOIROS,,,38.708454,-8.965508,0,,0,,,0,,,0,0,0,0,0,0,0,0,0,0,0,,,PT170,1507
100074,0,100074,Via Circular do Montijo (Praça de Touros),,,38.708424,-8.96529,0,,0,,,0,,,0,0,0,0,0,0,0,0,0,0,0,,,PT170,1507
100075,0,100075,MONTIJO (R JOSÉ JOAQ ALMEIDA 205),,,38.706953,-8.965997,0,,0,,,0,,,0,0,0,0,0,0,0,0,0,0,0,,,PT170,1507
100077,0,100077,MONTIJO (R JOSÉ JOAQ ALMEIDA 88A),,,38.706496,-8.969541,0,,0,,,0,,,0,0,0,0,0,0,0,0,0,0,0,,,PT170,1507
100079,0,100079,MONTIJO (R JOAO PEDRO IÇA 52),,,38.704606,-8.969377,0,,0,,,0,,,0,0,0,0,0,0,0,0,0,0,0,,,PT170,1507
100081,0,100081,Avenida dos Pescadores 70,,,38.706785,-8.977108,0,,0,,,0,,,0,0,0,0,0,0,0,0,0,0,0,,,PT170,1507
100083,0,100083,MONTIJO (AV PESCADORES 158),,,38.707077,-8.979691,0,,0,,,0,,,0,0,0,0,0,0,0,0,0,0,0,,,PT170,1507
100085,0,100085,MONTIJO (R HORTENSES),,,38.708649,-8.981172,0,,0,,,0,,,0,0,0,0,0,0,0,0,0,0,0,,,PT170,1507
100087,0,100087,MONTIJO (AV INF D HENRIQUE 421) ESC SEC,,,38.708854,-8.983605,0,,0,,,0,,,0,0,0,0,0,0,0,0,0,0,0,,,PT170,1507
100088,0,100088,MONTIJO (AV INF D HENRIQUE 421) ESC SEC,,,38.708765,-8.983498,0,,0,,,0,,,0,0,0,0,0,0,0,0,0,0,0,,,PT170,1507
100089,0,100089,MONTIJO (AV INF D HENR689)Bº SALDANHA,,,38.708256,-8.986593,0,,0,,,0,,,0,0,0,0,0,0,0,0,0,0,0,,,PT170,1507
100090,0,100090,MONTIJO (AV INF D HENR689)Bº SALDANHA,,,38.708374,-8.98658,0,,0,,,0,,,0,0,0,0,0,0,0,0,0,0,0,,,PT170,1507
100091,0,100091,MONTIJO (AV INF D HENRIQUE 119),,,38.709571,-8.980317,0,,0,,,0,,,0,0,0,0,0,0,0,0,0,0,0,,,PT170,1507
100093,0,100093,MONTIJO (AV LUIS CAMÕES) ESC PRIMÁRIA,,,38.707757,-8.978992,0,,0,,,0,,,0,0,0,0,0,0,0,0,0,0,0,,,PT170,1507
100094,0,100094,MONTIJO (AV LUIS CAMÕES) ESC PRIMÁRIA,,,38.707638,-8.978789,0,,0,,,0,,,0,0,0,0,0,0,0,0,0,0,0,,,PT170,1507
100095,0,100095,MONTIJO (AV PESCADORES 107),,,38.706834,-8.978894,0,,0,,,0,,,0,0,0,0,0,0,0,0,0,0,0,,,PT170,1507
100097,0,100097,MONTIJO (AV CORREGEDOR ROD DIAS 325),,,38.703935,-8.964493,0,,0,,,0,,,0,0,0,0,0,0,0,0,0,0,0,,,PT170,1507
100099,0,100099,MONTIJO (AV CORREGEDOR ROD DIAS 9),,,38.706252,-8.965177,0,,0,,,0,,,0,0,0,0,0,0,0,0,0,0,0,,,PT170,1507
100101,0,100101,Via Circular do Montijo (X) Rua Gil Vicente,,,38.711715,-8.965531,0,,0,,,0,,,0,0,0,0,0,0,0,0,0,0,0,,,PT170,1507
100103,0,100103,Bº ESTEVAL (AV D JOÃO LL 639),,,38.714357,-8.965012,0,,0,,,0,,,0,0,0,0,0,0,0,0,0,0,0,,,PT170,1507
100105,0,100105,Bº ESTEVAL (R MIGUEL TORGA 64),,,38.714502,-8.961824,0,,0,,,0,,,0,0,0,0,0,0,0,0,0,0,0,,,PT170,1507
100107,0,100107,Bº ESTEVAL (R MIGUEL TORGA 306),,,38.714168,-8.964601,0,,0,,,0,,,0,0,0,0,0,0,0,0,0,0,0,,,PT170,1507
100109,0,100109,Bº ESTEVAL(R DR FRANC SÁ CARNEIRO)RINGUE,,,38.713208,-8.9643,0,,0,,,0,,,0,0,0,0,0,0,0,0,0,0,0,,,PT170,1507
100111,0,100111,Bº AREIAS (R AQUILINO RIBEIRO 227),,,38.708248,-8.953782,0,,0,,,0,,,0,0,0,0,0,0,0,0,0,0,0,,,PT170,1507
100113,0,100113,Bº AREIAS (R ALVES CUNHA),,,38.710054,-8.952945,0,,0,,,0,,,0,0,0,0,0,0,0,0,0,0,0,,,PT170,1507
100115,0,100115,AFONSOEIRO (AL ZECA AFONSO 263),,,38.70258,-8.953529,0,,0,,,0,,,0,0,0,0,0,0,0,0,0,0,0,,,PT170,1507
100117,0,100117,Bº LIBERDADE (AV OLIVENÇA 6),,,38.713968,-8.971342,0,,0,,,0,,,0,0,0,0,0,0,0,0,0,0,0,,,PT170,1507
100118,0,100118,Bº LIBERDADE (AV OLIVENÇA 6),,,38.713774,-8.971445,0,,0,,,0,,,0,0,0,0,0,0,0,0,0,0,0,,,PT170,1507
100119,0,100119,MONTIJO (AV LUIS CAMÕES 412),,,38.710764,-8.979015,0,,0,,,0,,,0,0,0,0,0,0,0,0,0,0,0,,,PT170,1507
100120,0,100120,MONTIJO (AV LUIS CAMÕES 412),,,38.710972,-8.978811,0,,0,,,0,,,0,0,0,0,0,0,0,0,0,0,0,,,PT170,1507
100121,0,100121,MONTIJO (R PAPOILAS 11),,,38.712255,-8.979562,0,,0,,,0,,,0,0,0,0,0,0,0,0,0,0,0,,,PT170,1507
100122,0,100122,MONTIJO (R PAPOILAS 11),,,38.712184,-8.979475,0,,0,,,0,,,0,0,0,0,0,0,0,0,0,0,0,,,PT170,1507
100123,0,100123,MONTIJO (R PAPOILAS 53F),,,38.711834,-8.981161,0,,0,,,0,,,0,0,0,0,0,0,0,0,0,0,0,,,PT170,1507
100124,0,100124,MONTIJO (R PAPOILAS 53F),,,38.711713,-8.981234,0,,0,,,0,,,0,0,0,0,0,0,0,0,0,0,0,,,PT170,1507
100125,0,100125,MONTIJO (R PAPOILAS 348),,,38.711335,-8.982778,0,,0,,,0,,,0,0,0,0,0,0,0,0,0,0,0,,,PT170,1507
100126,0,100126,MONTIJO (R PAPOILAS 348),,,38.71118,-8.982873,0,,0,,,0,,,0,0,0,0,0,0,0,0,0,0,0,,,PT170,1507
100127,0,100127,MONTIJO(AV JOSÉ SILVA LEITE) ESC SEC,,,38.71016,-8.982904,0,,0,,,0,,,0,0,0,0,0,0,0,0,0,0,0,,,PT170,1507
100129,0,100129,Rua Cidade Guimarães Frente 190,,,38.707526,-8.988704,0,,0,,,0,,,0,0,0,0,0,0,0,0,0,0,0,,,PT170,1507
100130,0,100130,Rua Cidade Guimarães (X) Rua Cidade de Coimbra,,,38.707082,-8.988286,0,,0,,,0,,,0,0,0,0,0,0,0,0,0,0,0,,,PT170,1507
100131,0,100131,Estrada do Seixalinho (Frente Vivenda Teigão),,,38.705765,-8.993731,0,,0,,,0,,,0,0,0,0,0,0,0,0,0,0,0,,,PT170,1507
100132,0,100132,Estrada do Seixalinho (Vivenda Teigão),,,38.705884,-8.993809,0,,0,,,0,,,0,0,0,0,0,0,0,0,0,0,0,,,PT170,1507
100133,0,100133,Estrada do Seixalinho (Frente Estufas),,,38.705914,-8.999218,0,,0,,,0,,,0,0,0,0,0,0,0,0,0,0,0,,,PT170,1507
100134,0,100134,Estrada do Seixalinho (Estufas),,,38.70601,-8.998981,0,,0,,,0,,,0,0,0,0,0,0,0,0,0,0,0,,,PT170,1507
100135,0,100135,Estrada do Seixalinho (Vivenda Amorim),,,38.706225,-9.003153,0,,0,,,0,,,0,0,0,0,0,0,0,0,0,0,0,,,PT170,1507
100136,0,100136,Estrada do Seixalinho (Frente Vivenda Amorim),,,38.706255,-9.002721,0,,0,,,0,,,0,0,0,0,0,0,0,0,0,0,0,,,PT170,1507
100137,0,100137,Cais do Seixalinho (Terminal Fluvial) P1,,,38.700279,-9.005617,0,,0,,,0,,,0,0,0,0,0,0,0,0,0,0,0,,,PT170,1507
100138,0,100138,CAIS DO SEIXALINHO - P2,,,38.700272,-9.005513,0,,0,,,0,,,0,0,0,0,0,0,0,0,0,0,0,,,PT170,1507
100139,0,100139,MONTIJO(AV JOSÉ SILVA LEITE148) ESC SEC,,,38.710201,-8.982591,0,,0,,,0,,,0,0,0,0,0,0,0,0,0,0,0,,,PT170,1507
100140,0,100140,CAIS DO SEIXALINHO - P3,,,38.700266,-9.005419,0,,0,,,0,,,0,0,0,0,0,0,0,0,0,0,0,,,PT170,1507
100143,0,100143,MONTIJO (AV PESCADORES 39),,,38.706569,-8.977057,0,,0,,,0,,,0,0,0,0,0,0,0,0,0,0,0,,,PT170,1507
100145,0,100145,ESTR VAZA BORRACHAS,,,38.686112,-8.935045,0,,0,,,0,,,0,0,0,0,0,0,0,0,0,0,0,,,PT170,1507
100147,0,100147,Bº CHARQUEIRÃO (R BOA ESPERANÇA),,,38.691791,-8.936814,0,,0,,,0,,,0,0,0,0,0,0,0,0,0,0,0,,,PT170,1507
100148,0,100148,Bº CHARQUEIRÃO (R BOA ESPERANÇA),,,38.691925,-8.936727,0,,0,,,0,,,0,0,0,0,0,0,0,0,0,0,0,,,PT170,1507
100149,0,100149,SARILHOS APEADEIRO (EN 5) ZONA COMERCIAL,,,38.68874,-8.946068,0,,0,,,0,,,0,0,0,0,0,0,0,0,0,0,0,,,PT170,1507
100151,0,100151,Estrada Nacional 5 (Frente Zona Comercial),,,38.691676,-8.949268,0,,0,,,0,,,0,0,0,0,0,0,0,0,0,0,0,,,PT170,1507
100152,0,100152,AFONSOEIRO (EN 5) ZONA COMERCIAL,,,38.692303,-8.949622,0,,0,,,0,,,0,0,0,0,0,0,0,0,0,0,0,,,PT170,1507
100153,0,100153,Estrada Nacional 4 (Zona Comercial),,,38.696912,-8.945241,0,,0,,,0,,,0,0,0,0,0,0,0,0,0,0,0,,,PT170,1507
100155,0,100155,AFONSOEIRO (R CABO VERDE 43),,,38.700178,-8.952458,0,,0,,,0,,,0,0,0,0,0,0,0,0,0,0,0,,,PT170,1507
100156,0,100156,AFONSOEIRO (R CABO VERDE 43),,,38.700077,-8.952358,0,,0,,,0,,,0,0,0,0,0,0,0,0,0,0,0,,,PT170,1507
100157,0,100157,CAIS DO SEIXALINHO - P4,,,38.700259,-9.005325,0,,0,,,0,,,0,0,0,0,0,0,0,0,0,0,0,,,PT170,1507
100159,0,100159,AFONSOEIRO (CENTRO COMERCIAL),,,38.697051,-8.945485,0,,0,,,0,,,0,0,0,0,0,0,0,0,0,0,0,,,PT170,1507
100161,0,100161,SARILHOS APEADEIRO (EN11)POSTO COMBUST,,,38.687805,-8.945531,0,,0,,,0,,,0,0,0,0,0,0,0,0,0,0,0,,,PT170,1507
100163,0,100163,ESTRADA VAZA BORRACHAS,,,38.691367,-8.936121,0,,0,,,0,,,0,0,0,0,0,0,0,0,0,0,0,,,PT170,1507
100164,0,100164,ESTRADA VAZA BORRACHAS,,,38.691428,-8.935828,0,,0,,,0,,,0,0,0,0,0,0,0,0,0,0,0,,,PT170,1507
100166,0,100166,CAMINHO VAZA BORRACHAS 47,,,38.695408,-8.922384,0,,0,,,0,,,0,0,0,0,0,0,0,0,0,0,0,,,PT170,1507
100167,0,100167,ESTR DO BREJO COMPRIDO 4307,,,38.688962,-8.91496,0,,0,,,0,,,0,0,0,0,0,0,0,0,0,0,0,,,PT170,1507
100169,0,100169,CM1123 (QTA DA FLOR),,,38.695453,-8.916726,0,,0,,,0,,,0,0,0,0,0,0,0,0,0,0,0,,,PT170,1507
100171,0,100171,ATALAIA (R EMIGRANTE 37),,,38.695468,-8.928746,0,,0,,,0,,,0,0,0,0,0,0,0,0,0,0,0,,,PT170,1507
100172,0,100172,ATALAIA (R EMIGRANTE 37),,,38.695501,-8.928611,0,,0,,,0,,,0,0,0,0,0,0,0,0,0,0,0,,,PT170,1507
100173,0,100173,AFONSOEIRO (EN 5 36),,,38.69723,-8.954796,0,,0,,,0,,,0,0,0,0,0,0,0,0,0,0,0,,,PT170,1507
100174,0,100174,AFONSOEIRO (EN 5 36),,,38.698169,-8.955498,0,,0,,,0,,,0,0,0,0,0,0,0,0,0,0,0,,,PT170,1507
100175,0,100175,AFONSOEIRO (R VASCO DA GAMA 99),,,38.694569,-8.952145,0,,0,,,0,,,0,0,0,0,0,0,0,0,0,0,0,,,PT170,1507
100176,0,100176,AFONSOEIRO (R VASCO DA GAMA 99),,,38.694694,-8.952102,0,,0,,,0,,,0,0,0,0,0,0,0,0,0,0,0,,,PT170,1507
100177,0,100177,SARILHOS APEADEIRO (EN11) X CEMITÉRIO,,,38.685845,-8.946806,0,,0,,,0,,,0,0,0,0,0,0,0,0,0,0,0,,,PT170,1507
100178,0,100178,SARILHOS APEADEIRO (EN11) X CEMITÉRIO,,,38.685738,-8.946323,0,,0,,,0,,,0,0,0,0,0,0,0,0,0,0,0,,,PT170,1507
100179,0,100179,LANÇADA (R AGRICULTURA 195),,,38.687133,-8.955516,0,,0,,,0,,,0,0,0,0,0,0,0,0,0,0,0,,,PT170,1507
100180,0,100180,LANÇADA (R AGRICULTURA 195),,,38.687265,-8.955566,0,,0,,,0,,,0,0,0,0,0,0,0,0,0,0,0,,,PT170,1507
100181,0,100181,LANÇADA (R AGRICULTURA 195),,,38.688046,-8.962104,0,,0,,,0,,,0,0,0,0,0,0,0,0,0,0,0,,,PT170,1507
100182,0,100182,LANÇADA (R AGRICULTURA 195),,,38.687934,-8.962212,0,,0,,,0,,,0,0,0,0,0,0,0,0,0,0,0,,,PT170,1507
100183,0,100183,ESTR DO ARCE,,,38.68339,-8.962011,0,,0,,,0,,,0,0,0,0,0,0,0,0,0,0,0,,,PT170,1507
100184,0,100184,ESTR DO ARCE,,,38.683475,-8.961893,0,,0,,,0,,,0,0,0,0,0,0,0,0,0,0,0,,,PT170,1507
100185,0,100185,Escola Básica de Sarilhos Grandes,,,38.681219,-8.963607,0,,0,,,0,,,0,0,0,0,0,0,0,0,0,0,0,,,PT170,1507
100186,0,100186,Frente Escola Básica de Sarilhos Grandes,,,38.681309,-8.962972,0,,0,,,0,,,0,0,0,0,0,0,0,0,0,0,0,,,PT170,1507
100187,0,100187,Estrada Nacional 11 9,,,38.680264,-8.966539,0,,0,,,0,,,0,0,0,0,0,0,0,0,0,0,0,,,PT170,1507
100188,0,100188,Avenida da República 2,,,38.680235,-8.966194,0,,0,,,0,,,0,0,0,0,0,0,0,0,0,0,0,,,PT170,1507
100189,0,100189,SARILHOS GRANDES PRAÇA LIBERDADE,,,38.678726,-8.968384,0,,0,,,0,,,0,0,0,0,0,0,0,0,0,0,0,,,PT170,1507
100190,0,100190,SARILHOS GRANDES PRAÇA LIBERDADE,,,38.678291,-8.968273,0,,0,,,0,,,0,0,0,0,0,0,0,0,0,0,0,,,PT170,1507
100191,0,100191,SARILHOS GR L (R GIRASSOL) Z INDUSTRIA,,,38.6702,-8.963008,0,,0,,,0,,,0,0,0,0,0,0,0,0,0,0,0,,,PT170,1507
100192,0,100192,SARILHOS GR L (R GIRASSOL) Z INDUSTRIA,,,38.670287,-8.962947,0,,0,,,0,,,0,0,0,0,0,0,0,0,0,0,0,,,PT170,1507
100193,0,100193,ESTRADA DOS PAULINOS,,,38.663478,-8.961934,0,,0,,,0,,,0,0,0,0,0,0,0,0,0,0,0,,,PT170,1507
100194,0,100194,ESTRADA DOS PAULINOS,,,38.663415,-8.961826,0,,0,,,0,,,0,0,0,0,0,0,0,0,0,0,0,,,PT170,1507
100195,0,100195,ESTR DOS 4 MARCOS,,,38.659077,-8.953181,0,,0,,,0,,,0,0,0,0,0,0,0,0,0,0,0,,,PT170,1507
100196,0,100196,ESTR DOS 4 MARCOS,,,38.659119,-8.95302,0,,0,,,0,,,0,0,0,0,0,0,0,0,0,0,0,,,PT170,1507
100197,0,100197,ESTR DOS 4 MARCOS 8,,,38.668218,-8.955491,0,,0,,,0,,,0,0,0,0,0,0,0,0,0,0,0,,,PT170,1507
100198,0,100198,ESTR DOS 4 MARCOS 8,,,38.668522,-8.955393,0,,0,,,0,,,0,0,0,0,0,0,0,0,0,0,0,,,PT170,1507
100199,0,100199,SARILHOS APEADEIRO (EN11)XEN252,,,38.685985,-8.944701,0,,0,,,0,,,0,0,0,0,0,0,0,0,0,0,0,,,PT170,1507
100201,0,100201,CANHA (R CASTELO) TERMINAL,,,38.768191,-8.626242,0,,0,,,0,,,0,0,0,0,0,0,0,0,0,0,0,,,PT170,1507
100202,0,100202,CANHA (R CASTELO) TERMINAL,,,38.767993,-8.626225,0,,0,,,0,,,0,0,0,0,0,0,0,0,0,0,0,,,PT170,1507
100203,0,100203,CANHA (EN 251) LGO MANUEL MAURICIO,,,38.765884,-8.626894,0,,0,,,0,,,0,0,0,0,0,0,0,0,0,0,0,,,PT170,1507
100204,0,100204,CANHA (EN 251) LGO MANUEL MAURICIO,,,38.76573,-8.626863,0,,0,,,0,,,0,0,0,0,0,0,0,0,0,0,0,,,PT170,1507
100205,0,100205,CANHA (R POVO UNIDO 9),,,38.764798,-8.627397,0,,0,,,0,,,0,0,0,0,0,0,0,0,0,0,0,,,PT170,1507
100206,0,100206,CANHA (R POVO UNIDO 9),,,38.764781,-8.627307,0,,0,,,0,,,0,0,0,0,0,0,0,0,0,0,0,,,PT170,1507
100207,0,100207,FOROS BOAVISTA X ESTR FOROS AZINHAL,,,38.761445,-8.627064,0,,0,,,0,,,0,0,0,0,0,0,0,0,0,0,0,,,PT170,1507
100208,0,100208,FOROS BOAVISTA X ESTR FOROS AZINHAL,,,38.761336,-8.627028,0,,0,,,0,,,0,0,0,0,0,0,0,0,0,0,0,,,PT170,1507
100209,0,100209,FOROS BOAVISTA,,,38.758701,-8.626305,0,,0,,,0,,,0,0,0,0,0,0,0,0,0,0,0,,,PT170,1507
100210,0,100210,FOROS BOAVISTA,,,38.758718,-8.626222,0,,0,,,0,,,0,0,0,0,0,0,0,0,0,0,0,,,PT170,1507
100211,0,100211,FOROS BOAVISTA,,,38.755346,-8.624266,0,,0,,,0,,,0,0,0,0,0,0,0,0,0,0,0,,,PT170,1507
100212,0,100212,FOROS BOAVISTA,,,38.755381,-8.624156,0,,0,,,0,,,0,0,0,0,0,0,0,0,0,0,0,,,PT170,1507
100213,0,100213,FOROS BOAVISTA (ESTR CIRCUNV) VIVENDA,,,38.755241,-8.622395,0,,0,,,0,,,0,0,0,0,0,0,0,0,0,0,0,,,PT170,1507
100214,0,100214,FOROS BOAVISTA (ESTR CIRCUNV) VIVENDA,,,38.75515,-8.622447,0,,0,,,0,,,0,0,0,0,0,0,0,0,0,0,0,,,PT170,1507
100215,0,100215,FOROS BOAVISTA ( MONTE SERÔDIOS),,,38.754064,-8.61715,0,,0,,,0,,,0,0,0,0,0,0,0,0,0,0,0,,,PT170,1507
100216,0,100216,FOROS BOAVISTA ( MONTE SERÔDIOS),,,38.754106,-8.617067,0,,0,,,0,,,0,0,0,0,0,0,0,0,0,0,0,,,PT170,1507
100217,0,100217,FOROS BOAVISTA (QTA VERÍSSIMOS),,,38.7504,-8.621576,0,,0,,,0,,,0,0,0,0,0,0,0,0,0,0,0,,,PT170,1507
100218,0,100218,FOROS BOAVISTA (QTA VERÍSSIMOS),,,38.750459,-8.621546,0,,0,,,0,,,0,0,0,0,0,0,0,0,0,0,0,,,PT170,1507
100221,0,100221,ESTACAO SÃO JOÃO DAS CRAVEIRAS,,,38.667557,-8.585911,0,,0,,,0,,,0,0,0,0,0,0,0,0,0,0,0,,,PT170,1507
100223,0,100223,R MANUEL AFONSO ( QTA DOS MOCHOS),,,38.673609,-8.584516,0,,0,,,0,,,0,0,0,0,0,0,0,0,0,0,0,,,PT170,1507
100224,0,100224,R MANUEL AFONSO ( QTA DOS MOCHOS),,,38.673674,-8.584415,0,,0,,,0,,,0,0,0,0,0,0,0,0,0,0,0,,,PT170,1507
100225,0,100225,RUA DA ESTREMADURA (X) R DOS MARMELEIROS,,,38.674695,-8.592882,0,,0,,,0,,,0,0,0,0,0,0,0,0,0,0,0,,,PT170,1507
100227,0,100227,RUA DA ESTREMADURA (X) R JOSÉ BONIFÁCIO,,,38.674867,-8.597136,0,,0,,,0,,,0,0,0,0,0,0,0,0,0,0,0,,,PT170,1507
100229,0,100229,R ESTREMADURA X R GABRIEL NUNES CALÇADO,,,38.67571,-8.605334,0,,0,,,0,,,0,0,0,0,0,0,0,0,0,0,0,,,PT170,1507
100231,0,100231,PEGÕES CRUZ (FABRICA),,,38.673057,-8.61447,0,,0,,,0,,,0,0,0,0,0,0,0,0,0,0,0,,,PT170,1507
100232,0,100232,PEGÕES CRUZ (FABRICA),,,38.672839,-8.614393,0,,0,,,0,,,0,0,0,0,0,0,0,0,0,0,0,,,PT170,1507
100233,0,100233,PEGÕES GARE (ESTAÇÃO),,,38.664886,-8.618385,0,,0,,,0,,,0,0,0,0,0,0,0,0,0,0,0,,,PT170,1507
100234,0,100234,PEGÕES GARE (ESTAÇÃO),,,38.664982,-8.618357,0,,0,,,0,,,0,0,0,0,0,0,0,0,0,0,0,,,PT170,1507
100235,0,100235,PEGÕES X EN 10,,,38.682016,-8.612424,0,,0,,,0,,,0,0,0,0,0,0,0,0,0,0,0,,,PT170,1507
100237,0,100237,PEGÕES CRUZ (EN 4 388),,,38.683104,-8.607137,0,,0,,,0,,,0,0,0,0,0,0,0,0,0,0,0,,,PT170,1507
100238,0,100238,PEGÕES CRUZ (EN 4 388),,,38.683264,-8.607808,0,,0,,,0,,,0,0,0,0,0,0,0,0,0,0,0,,,PT170,1507
100239,0,100239,N4 4700 (CARMO),,,38.682812,-8.598342,0,,0,,,0,,,0,0,0,0,0,0,0,0,0,0,0,,,PT170,1507
100240,0,100240,N4 4700 (ZONA INDUSTRIAL) PQ INFANTIL,,,38.682943,-8.598646,0,,0,,,0,,,0,0,0,0,0,0,0,0,0,0,0,,,PT170,1507
100241,0,100241,N4 4700 (ZONA INDUSTRIAL),,,38.681996,-8.591382,0,,0,,,0,,,0,0,0,0,0,0,0,0,0,0,0,,,PT170,1507
100242,0,100242,N4 (X) R ANT LUIS FIDALGO (ZN IND),,,38.682202,-8.591571,0,,0,,,0,,,0,0,0,0,0,0,0,0,0,0,0,,,PT170,1507
100243,0,100243,R MANUEL AFONSO - N4 (MINIMERCADO),,,38.680835,-8.582494,0,,0,,,0,,,0,0,0,0,0,0,0,0,0,0,0,,,PT170,1507
100244,0,100244,R MANUEL AFONSO - N4 (MINIMERCADO),,,38.680977,-8.582541,0,,0,,,0,,,0,0,0,0,0,0,0,0,0,0,0,,,PT170,1507
100245,0,100245,CANHA (EN 251) X EM 533,,,38.759749,-8.633218,0,,0,,,0,,,0,0,0,0,0,0,0,0,0,0,0,,,PT170,1507
100246,0,100246,CANHA (EN 251) X EM 533,,,38.759679,-8.633275,0,,0,,,0,,,0,0,0,0,0,0,0,0,0,0,0,,,PT170,1507
100247,0,100247,VALE POUSADA (EM 533),,,38.75385,-8.649476,0,,0,,,0,,,0,0,0,0,0,0,0,0,0,0,0,,,PT170,1507
100248,0,100248,VALE POUSADA (EM 533),,,38.753728,-8.649542,0,,0,,,0,,,0,0,0,0,0,0,0,0,0,0,0,,,PT170,1507
100249,0,100249,FOROS CARRAPATAL (EM 1127) QTA PEREIRAS,,,38.756072,-8.658574,0,,0,,,0,,,0,0,0,0,0,0,0,0,0,0,0,,,PT170,1507
100250,0,100250,FOROS CARRAPATAL (EM 1127) QTA PEREIRAS,,,38.756103,-8.658472,0,,0,,,0,,,0,0,0,0,0,0,0,0,0,0,0,,,PT170,1507
100251,0,100251,FOROS CARRAPATAL (EM 1127) QTA ANACLETO,,,38.760675,-8.657361,0,,0,,,0,,,0,0,0,0,0,0,0,0,0,0,0,,,PT170,1507
100252,0,100252,FOROS CARRAPATAL (EM 1127) QTA ANACLETO,,,38.760666,-8.657274,0,,0,,,0,,,0,0,0,0,0,0,0,0,0,0,0,,,PT170,1507
100253,0,100253,FOROS CARRAPATAL (EM 1127) LAR 3 IDADE,,,38.76523,-8.656205,0,,0,,,0,,,0,0,0,0,0,0,0,0,0,0,0,,,PT170,1507
100254,0,100254,FOROS CARRAPATAL (EM 1127) LAR 3 IDADE,,,38.765195,-8.656112,0,,0,,,0,,,0,0,0,0,0,0,0,0,0,0,0,,,PT170,1507
100256,0,100256,FOROS CARRAPATAL (EM 1127),,,38.767505,-8.655487,0,,0,,,0,,,0,0,0,0,0,0,0,0,0,0,0,,,PT170,1507
100257,0,100257,CARRAPATAL (EM 533) X EM 1127,,,38.751432,-8.658028,0,,0,,,0,,,0,0,0,0,0,0,0,0,0,0,0,,,PT170,1507
100258,0,100258,CARRAPATAL (EM 533) X EM 1127,,,38.751397,-8.657827,0,,0,,,0,,,0,0,0,0,0,0,0,0,0,0,0,,,PT170,1507
100259,0,100259,VALÉRIO (EM 533) X EN 10 KM 3000,,,38.749444,-8.664357,0,,0,,,0,,,0,0,0,0,0,0,0,0,0,0,0,,,PT170,1507
100260,0,100260,VALÉRIO (EM 533) X EN 10 KM 3000,,,38.749193,-8.664907,0,,0,,,0,,,0,0,0,0,0,0,0,0,0,0,0,,,PT170,1507
100261,0,100261,TAIPADAS (EN 10) CASA CANTONEIROS,,,38.746828,-8.664236,0,,0,,,0,,,0,0,0,0,0,0,0,0,0,0,0,,,PT170,1507
100262,0,100262,TAIPADAS (EN 10) CASA CANTONEIROS,,,38.74696,-8.664162,0,,0,,,0,,,0,0,0,0,0,0,0,0,0,0,0,,,PT170,1507
100263,0,100263,TAIPADAS (EN 10 1335),,,38.742925,-8.66032,0,,0,,,0,,,0,0,0,0,0,0,0,0,0,0,0,,,PT170,1507
100264,0,100264,TAIPADAS (EN 10 1335),,,38.742798,-8.65993,0,,0,,,0,,,0,0,0,0,0,0,0,0,0,0,0,,,PT170,1507
100265,0,100265,TAIPADAS (EN 10) SOCIEDADE RECREATIVA,,,38.740483,-8.657885,0,,0,,,0,,,0,0,0,0,0,0,0,0,0,0,0,,,PT170,1507
100266,0,100266,Estrada Nacional 10 (Sociedade Recreativa e Cultural das Taipadas),,,38.740593,-8.657807,0,,0,,,0,,,0,0,0,0,0,0,0,0,0,0,0,,,PT170,1507
100267,0,100267,MONTE CARINHAS (EN 10),,,38.733037,-8.650433,0,,0,,,0,,,0,0,0,0,0,0,0,0,0,0,0,,,PT170,1507
100268,0,100268,MONTE CARINHAS (EN 10),,,38.733041,-8.650254,0,,0,,,0,,,0,0,0,0,0,0,0,0,0,0,0,,,PT170,1507
100269,0,100269,MONTE JOSÉ FRANCISQUINHO (EN 10),,,38.722778,-8.638158,0,,0,,,0,,,0,0,0,0,0,0,0,0,0,0,0,,,PT170,1507
100270,0,100270,MONTE JOSÉ FRANCISQUINHO (EN 10),,,38.722885,-8.63797,0,,0,,,0,,,0,0,0,0,0,0,0,0,0,0,0,,,PT170,1507
100271,0,100271,EN 10 X EN 251,,,38.714189,-8.616882,0,,0,,,0,,,0,0,0,0,0,0,0,0,0,0,0,,,PT170,1507
100272,0,100272,EN 10 X EN 251,,,38.714261,-8.61672,0,,0,,,0,,,0,0,0,0,0,0,0,0,0,0,0,,,PT170,1507
100273,0,100273,EN 10 (MONTE MELÍCIA),,,38.703151,-8.612571,0,,0,,,0,,,0,0,0,0,0,0,0,0,0,0,0,,,PT170,1507
100274,0,100274,EN 10 (MONTE MELÍCIA),,,38.703687,-8.612571,0,,0,,,0,,,0,0,0,0,0,0,0,0,0,0,0,,,PT170,1507
100275,0,100275,PEGÕES (EN 10) MONTE JOSÉ JÚLIO,,,38.694381,-8.611971,0,,0,,,0,,,0,0,0,0,0,0,0,0,0,0,0,,,PT170,1507
100276,0,100276,PEGÕES (EN 10) MONTE JOSÉ JÚLIO,,,38.69447,-8.611815,0,,0,,,0,,,0,0,0,0,0,0,0,0,0,0,0,,,PT170,1507
100277,0,100277,PEGÕES (EN 10 422),,,38.687538,-8.612992,0,,0,,,0,,,0,0,0,0,0,0,0,0,0,0,0,,,PT170,1507
100278,0,100278,PEGÕES (EN 10 422),,,38.687677,-8.612822,0,,0,,,0,,,0,0,0,0,0,0,0,0,0,0,0,,,PT170,1507
100279,0,100279,PEGÕES CRUZAMENTO,,,38.682673,-8.612583,0,,0,,,0,,,0,0,0,0,0,0,0,0,0,0,0,,,PT170,1507
100281,0,100281,PEGÕES (ESC BÁSICA 23),,,38.678962,-8.609434,0,,0,,,0,,,0,0,0,0,0,0,0,0,0,0,0,,,PT170,1507
100283,0,100283,SAMOUCO (EM 501 46) Bº BOA ESPERANÇA,,,38.71826,-8.997528,0,,0,,,0,,,0,0,0,0,0,0,0,0,0,0,0,,,PT170,1507
100284,0,100284,SAMOUCO (EM 501 46) Bº BOA ESPERANÇA,,,38.718351,-8.99744,0,,0,,,0,,,0,0,0,0,0,0,0,0,0,0,0,,,PT170,1507
100285,0,100285,Bº CANEIRA (EM 501) X ESTR REAL,,,38.71579,-8.99467,0,,0,,,0,,,0,0,0,0,0,0,0,0,0,0,0,,,PT170,1507
100286,0,100286,Rua Oceano (X) Rua do Príncipe Real,,,38.715848,-8.994556,0,,0,,,0,,,0,0,0,0,0,0,0,0,0,0,0,,,PT170,1507
100287,0,100287,Bº CANEIRA (EM 501 48),,,38.711978,-8.991258,0,,0,,,0,,,0,0,0,0,0,0,0,0,0,0,0,,,PT170,1507
100288,0,100288,Bº CANEIRA (EM 501 48),,,38.712275,-8.991215,0,,0,,,0,,,0,0,0,0,0,0,0,0,0,0,0,,,PT170,1507
100289,0,100289,ATALAIA (EN 4) CHAFARIZ,,,38.706494,-8.924998,0,,0,,,0,,,0,0,0,0,0,0,0,0,0,0,0,,,PT170,1507
100290,0,100290,ATALAIA (EN 4) CHAFARIZ,,,38.706639,-8.924802,0,,0,,,0,,,0,0,0,0,0,0,0,0,0,0,0,,,PT170,1507
100291,0,100291,ATALAIA (IGREJA),,,38.708099,-8.923088,0,,0,,,0,,,0,0,0,0,0,0,0,0,0,0,0,,,PT170,1507
100292,0,100292,ATALAIA (IGREJA),,,38.708095,-8.922878,0,,0,,,0,,,0,0,0,0,0,0,0,0,0,0,0,,,PT170,1507
100293,0,100293,ATALAIA (EM 502 586),,,38.701202,-8.928798,0,,0,,,0,,,0,0,0,0,0,0,0,0,0,0,0,,,PT170,1507
100294,0,100294,ATALAIA (EM 502 586),,,38.701238,-8.928626,0,,0,,,0,,,0,0,0,0,0,0,0,0,0,0,0,,,PT170,1507
100295,0,100295,ATALAIA (EM 502 309),,,38.703977,-8.927785,0,,0,,,0,,,0,0,0,0,0,0,0,0,0,0,0,,,PT170,1507
100296,0,100296,ATALAIA (EM 502 309),,,38.704086,-8.927635,0,,0,,,0,,,0,0,0,0,0,0,0,0,0,0,0,,,PT170,1507
100297,0,100297,ESTR CHARNEQUINHA X EN 5,,,38.675457,-8.911463,0,,0,,,0,,,0,0,0,0,0,0,0,0,0,0,0,,,PT170,1507
100299,0,100299,ESTR CHARNEQUINHA (BRAÇO FORTE),,,38.672868,-8.911386,0,,0,,,0,,,0,0,0,0,0,0,0,0,0,0,0,,,PT170,1507
100301,0,100301,ESTR CHARNEQUINHA (QUINTA),,,38.671659,-8.912911,0,,0,,,0,,,0,0,0,0,0,0,0,0,0,0,0,,,PT170,1507
100302,0,100302,ESTR CHARNEQUINHA (QUINTA),,,38.671674,-8.912782,0,,0,,,0,,,0,0,0,0,0,0,0,0,0,0,0,,,PT170,1507
100303,0,100303,ESTR CHARNEQUINHA JUNTO X ESTR BREJOS,,,38.673629,-8.916346,0,,0,,,0,,,0,0,0,0,0,0,0,0,0,0,0,,,PT170,1507
100304,0,100304,ESTR CHARNEQUINHA JUNTO X ESTR BREJOS,,,38.673725,-8.916341,0,,0,,,0,,,0,0,0,0,0,0,0,0,0,0,0,,,PT170,1507
100305,0,100305,Estrada da Charnequinha (X) Caminho Mun. 1026,,,38.67519,-8.91982,0,,0,,,0,,,0,0,0,0,0,0,0,0,0,0,0,,,PT170,1507
100306,0,100306,Estrada da Charnequinha (X) Caminho Mun. 1026,,,38.675205,-8.919729,0,,0,,,0,,,0,0,0,0,0,0,0,0,0,0,0,,,PT170,1507
100307,0,100307,CHARNEQUINHA (INFANTÁRIO),,,38.673674,-8.920947,0,,0,,,0,,,0,0,0,0,0,0,0,0,0,0,0,,,PT170,1507
100308,0,100308,CHARNEQUINHA (INFANTÁRIO),,,38.673633,-8.920771,0,,0,,,0,,,0,0,0,0,0,0,0,0,0,0,0,,,PT170,1507
100309,0,100309,JARDIA (CAMINHO PINHAL AREIA),,,38.671343,-8.922586,0,,0,,,0,,,0,0,0,0,0,0,0,0,0,0,0,,,PT170,1507
100310,0,100310,JARDIA (CAMINHO PINHAL AREIA),,,38.671391,-8.922512,0,,0,,,0,,,0,0,0,0,0,0,0,0,0,0,0,,,PT170,1507
100311,0,100311,JARDIA (R FERNANDO FERREIRA 245),,,38.664946,-8.925369,0,,0,,,0,,,0,0,0,0,0,0,0,0,0,0,0,,,PT170,1507
100313,0,100313,EN 252 (FÁBRICA CEREAIS),,,38.669551,-8.93011,0,,0,,,0,,,0,0,0,0,0,0,0,0,0,0,0,,,PT170,1507
100314,0,100314,Estrada Nacional 252 (Zona Indústrial),,,38.668767,-8.929249,0,,0,,,0,,,0,0,0,0,0,0,0,0,0,0,0,,,PT170,1507
100315,0,100315,ALTO ESTANQUEIRO (N252 X R CANÁRIOS),,,38.671878,-8.932057,0,,0,,,0,,,0,0,0,0,0,0,0,0,0,0,0,,,PT170,1507
100316,0,100316,Estrada Nacional 252 (X) Rua dos Canários,,,38.672274,-8.932235,0,,0,,,0,,,0,0,0,0,0,0,0,0,0,0,0,,,PT170,1507
100317,0,100317,ALTO ESTANQUEIRO X Bº FLORINDO,,,38.674415,-8.934181,0,,0,,,0,,,0,0,0,0,0,0,0,0,0,0,0,,,PT170,1507
100318,0,100318,Estrada Nacional 252 (X) Rua da Vinha,,,38.675402,-8.934762,0,,0,,,0,,,0,0,0,0,0,0,0,0,0,0,0,,,PT170,1507
100319,0,100319,RUA DAS OLIVEIRAS 374,,,38.679639,-8.933177,0,,0,,,0,,,0,0,0,0,0,0,0,0,0,0,0,,,PT170,1507
100320,0,100320,RUA DAS OLIVEIRAS 374,,,38.679547,-8.933271,0,,0,,,0,,,0,0,0,0,0,0,0,0,0,0,0,,,PT170,1507
100321,0,100321,ALTO ESTANQUEIRO (EN 5) X R VITÓRIA,,,38.681965,-8.932322,0,,0,,,0,,,0,0,0,0,0,0,0,0,0,0,0,,,PT170,1507
100322,0,100322,ALTO ESTANQUEIRO (EN 5) X R VITÓRIA,,,38.68188,-8.931244,0,,0,,,0,,,0,0,0,0,0,0,0,0,0,0,0,,,PT170,1507
100323,0,100323,ALTO ESTANQUEIRO (EN 5) Bº BOA ESPERANÇA,,,38.682906,-8.935479,0,,0,,,0,,,0,0,0,0,0,0,0,0,0,0,0,,,PT170,1507
100324,0,100324,ALTO ESTANQUEIRO (EN 5) Bº BOA ESPERANÇA,,,38.682973,-8.935192,0,,0,,,0,,,0,0,0,0,0,0,0,0,0,0,0,,,PT170,1507
100325,0,100325,ALTO ESTANQUEIRO (EN5) X R VINTE MAIO,,,38.683866,-8.93907,0,,0,,,0,,,0,0,0,0,0,0,0,0,0,0,0,,,PT170,1507
100326,0,100326,ALTO ESTANQUEIRO (EN5) X R VINTE MAIO,,,38.684066,-8.939009,0,,0,,,0,,,0,0,0,0,0,0,0,0,0,0,0,,,PT170,1507
100327,0,100327,AFONSOEIRO (R MOÇAMBIQUE 32),,,38.698152,-8.95202,0,,0,,,0,,,0,0,0,0,0,0,0,0,0,0,0,,,PT170,1507
100328,0,100328,AFONSOEIRO (R MOÇAMBIQUE 32),,,38.698342,-8.952073,0,,0,,,0,,,0,0,0,0,0,0,0,0,0,0,0,,,PT170,1507
100331,0,100331,AFONSOEIRO (R PEDRO NUNES 400),,,38.70365,-8.953914,0,,0,,,0,,,0,0,0,0,0,0,0,0,0,0,0,,,PT170,1507
100332,0,100332,AFONSOEIRO (R PEDRO NUNES 400),,,38.703814,-8.953949,0,,0,,,0,,,0,0,0,0,0,0,0,0,0,0,0,,,PT170,1507
100333,0,100333,AFONSOEIRO (AL ZECA AFONSO) IGREJA,,,38.700735,-8.952251,0,,0,,,0,,,0,0,0,0,0,0,0,0,0,0,0,,,PT170,1507
100335,0,100335,MONTIJO (EN4) SAIDA PASSAGEM DESNIVELADA,,,38.706865,-8.943046,0,,0,,,0,,,0,0,0,0,0,0,0,0,0,0,0,,,PT170,1507
100336,0,100336,MONTIJO (EN4) SAIDA PASSAGEM DESNIVELADA,,,38.707004,-8.943435,0,,0,,,0,,,0,0,0,0,0,0,0,0,0,0,0,,,PT170,1507
100337,0,100337,ATALAIA (EN 4) X (ESTR DA FIGUEIRA),,,38.706906,-8.934488,0,,0,,,0,,,0,0,0,0,0,0,0,0,0,0,0,,,PT170,1507
100338,0,100338,ATALAIA (EN 4) X (ESTR DA FIGUEIRA),,,38.707006,-8.934441,0,,0,,,0,,,0,0,0,0,0,0,0,0,0,0,0,,,PT170,1507
100339,0,100339,Estrada Nacional 4 (X) Rua das Forças Armadas,,,38.706844,-8.928636,0,,0,,,0,,,0,0,0,0,0,0,0,0,0,0,0,,,PT170,1507
100340,0,100340,ATALAIA (EN 4) ROTUNDA PROVIMI,,,38.70698,-8.928684,0,,0,,,0,,,0,0,0,0,0,0,0,0,0,0,0,,,PT170,1507
100341,0,100341,EN 119 (DEPOIS VIADUTO AE A12),,,38.723772,-8.972905,0,,0,,,0,,,0,0,0,0,0,0,0,0,0,0,0,,,PT170,1507
100343,0,100343,EN 119 (QTA CANDEIAS),,,38.720385,-8.973,0,,0,,,0,,,0,0,0,0,0,0,0,0,0,0,0,,,PT170,1507
100344,0,100344,EN 119 (QTA CANDEIAS),,,38.720475,-8.972882,0,,0,,,0,,,0,0,0,0,0,0,0,0,0,0,0,,,PT170,1507
100345,0,100345,EN 119 (ANTES VIADUTO AE A12),,,38.723672,-8.972708,0,,0,,,0,,,0,0,0,0,0,0,0,0,0,0,0,,,PT170,1507
100347,0,100347,MONTIJO (ESTR CIRCULAR) SUPERMERCADO,,,38.711315,-8.989071,0,,0,,,0,,,0,0,0,0,0,0,0,0,0,0,0,,,PT170,1507
100348,0,100348,MONTIJO (ESTR CIRCULAR) SUPERMERCADO,,,38.711091,-8.98898,0,,0,,,0,,,0,0,0,0,0,0,0,0,0,0,0,,,PT170,1507
100349,0,100349,Rua Mártires do Tarrafal 215,,,38.710352,-8.984914,0,,0,,,0,,,0,0,0,0,0,0,0,0,0,0,0,,,PT170,1507
100351,0,100351,MONTIJO(R MART TARRAFAL)ESC PEDRO VARELA,,,38.710775,-8.985573,0,,0,,,0,,,0,0,0,0,0,0,0,0,0,0,0,,,PT170,1507
100353,0,100353,ALTO ESTANQUEIRO (Bº BOA ESPERANÇA43),,,38.680372,-8.93922,0,,0,,,0,,,0,0,0,0,0,0,0,0,0,0,0,,,PT170,1507
100354,0,100354,ALTO ESTANQUEIRO (Bº BOA ESPERANÇA43),,,38.680628,-8.939264,0,,0,,,0,,,0,0,0,0,0,0,0,0,0,0,0,,,PT170,1507
100355,0,100355,ALTO ESTANQUEIRO (ESC PRIMÁRIA),,,38.67952,-8.928561,0,,0,,,0,,,0,0,0,0,0,0,0,0,0,0,0,,,PT170,1507
100356,0,100356,ALTO ESTANQUEIRO (ESC PRIMÁRIA),,,38.679623,-8.928605,0,,0,,,0,,,0,0,0,0,0,0,0,0,0,0,0,,,PT170,1507
100357,0,100357,ALTO ESTANQUEIRO (RUA DA VINHA) ANTES BAIRRO DO MIRANDA,,,38.674985,-8.93298,0,,0,,,0,,,0,0,0,0,0,0,0,0,0,0,0,,,PT170,1507
100358,0,100358,ALTO ESTANQUEIRO (RUA DA VINHA) ANTES BAIRRO DO MIRANDA,,,38.674888,-8.932966,0,,0,,,0,,,0,0,0,0,0,0,0,0,0,0,0,,,PT170,1507
100359,0,100359,JARDIA(EN 252 X R JOSÉ QUENDERA MIRANDA),,,38.664546,-8.925925,0,,0,,,0,,,0,0,0,0,0,0,0,0,0,0,0,,,PT170,1507
100361,0,100361,JARDIA (EN 252 X R PINHEIRO),,,38.661696,-8.923665,0,,0,,,0,,,0,0,0,0,0,0,0,0,0,0,0,,,PT170,1507
100362,0,100362,Estrada Nacional 252 Frente (X) Estrada do Pinheiro,,,38.66178,-8.923588,0,,0,,,0,,,0,0,0,0,0,0,0,0,0,0,0,,,PT170,1507
100363,0,100363,EN 252 (ECOPISTA),,,38.659165,-8.921777,0,,0,,,0,,,0,0,0,0,0,0,0,0,0,0,0,,,PT170,1507
100364,0,100364,Estrada Nacional 252 (X) Estrada do Pinheiro,,,38.659572,-8.921945,0,,0,,,0,,,0,0,0,0,0,0,0,0,0,0,0,,,PT170,1507
100365,0,100365,Estrada Nacional 252 (X) Rua Ventura,,,38.665817,-8.926753,0,,0,,,0,,,0,0,0,0,0,0,0,0,0,0,0,,,PT170,1507
100367,0,100367,PEGÕES X(EN4 311),,,38.683335,-8.614046,0,,0,,,0,,,0,0,0,0,0,0,0,0,0,0,0,,,PT170,1507
100368,0,100368,PEGÕES X(EN4 311),,,38.683453,-8.61402,0,,0,,,0,,,0,0,0,0,0,0,0,0,0,0,0,,,PT170,1507
100369,0,100369,PEGÕES X EN 4 (SAIBREIRA),,,38.683487,-8.618798,0,,0,,,0,,,0,0,0,0,0,0,0,0,0,0,0,,,PT170,1507
100370,0,100370,PEGÕES X EN 4 (SAIBREIRA),,,38.683671,-8.618345,0,,0,,,0,,,0,0,0,0,0,0,0,0,0,0,0,,,PT170,1507
100371,0,100371,PEGÕES X EN 4 ( QTA MOREIRA),,,38.684335,-8.624705,0,,0,,,0,,,0,0,0,0,0,0,0,0,0,0,0,,,PT170,1507
100372,0,100372,Estrada Nacional 4 (Frente Estufas),,,38.684382,-8.624079,0,,0,,,0,,,0,0,0,0,0,0,0,0,0,0,0,,,PT170,1507
100373,0,100373,PEGÕES VELHOS (EN 4) ESTUFA FLORES,,,38.689096,-8.645792,0,,0,,,0,,,0,0,0,0,0,0,0,0,0,0,0,,,PT170,1507
100374,0,100374,PEGÕES VELHOS (EN 4) ESTUFA FLORES,,,38.689202,-8.645801,0,,0,,,0,,,0,0,0,0,0,0,0,0,0,0,0,,,PT170,1507
100375,0,100375,PEGÕES VELHOS (EN 4) CASAL FIGUEIRA,,,38.689182,-8.650616,0,,0,,,0,,,0,0,0,0,0,0,0,0,0,0,0,,,PT170,1507
100376,0,100376,Estrada Nacional 4 76,,,38.689382,-8.650986,0,,0,,,0,,,0,0,0,0,0,0,0,0,0,0,0,,,PT170,1507
100377,0,100377,PEGÕES VELHOS (EN4) FONTANÁRIO ANA REAL,,,38.688144,-8.658241,0,,0,,,0,,,0,0,0,0,0,0,0,0,0,0,0,,,PT170,1507
100378,0,100378,PEGÕES VELHOS (EN4) FONTANÁRIO ANA REAL,,,38.688007,-8.658077,0,,0,,,0,,,0,0,0,0,0,0,0,0,0,0,0,,,PT170,1507
100379,0,100379,PEGÕES VELHOS (EN 4) X FERNANDO PÓ,,,38.684639,-8.665768,0,,0,,,0,,,0,0,0,0,0,0,0,0,0,0,0,,,PT170,1507
100381,0,100381,FIGUEIRAS (EN 4) X R HERÓIS ULTRAMAR,,,38.68409,-8.683733,0,,0,,,0,,,0,0,0,0,0,0,0,0,0,0,0,,,PT170,1507
100382,0,100382,FIGUEIRAS (EN 4) X R HERÓIS ULTRAMAR,,,38.683904,-8.683273,0,,0,,,0,,,0,0,0,0,0,0,0,0,0,0,0,,,PT170,1507
100383,0,100383,FIGUEIRAS (EN 4) MARCO 37,,,38.68348,-8.692437,0,,0,,,0,,,0,0,0,0,0,0,0,0,0,0,0,,,PT170,1507
100384,0,100384,FIGUEIRAS (EN 4) MARCO 37,,,38.683339,-8.69161,0,,0,,,0,,,0,0,0,0,0,0,0,0,0,0,0,,,PT170,1507
100385,0,100385,FOROS TRAPO (EM 533) X R VASCO SANTANA,,,38.697724,-8.725366,0,,0,,,0,,,0,0,0,0,0,0,0,0,0,0,0,,,PT170,1507
100387,0,100387,ALDEIA NOVA AROEIRA (R ANT HORTA) X EM533,,,38.713729,-8.714535,0,,0,,,0,,,0,0,0,0,0,0,0,0,0,0,0,,,PT170,1507
100389,0,100389,FOROS TRAPO (EM 533) X R VASCO SANTANA,,,38.697325,-8.725767,0,,0,,,0,,,0,0,0,0,0,0,0,0,0,0,0,,,PT170,1507
100391,0,100391,FAIAS (EN 4) ESC PRIMÁRIA,,,38.690109,-8.746303,0,,0,,,0,,,0,0,0,0,0,0,0,0,0,0,0,,,PT170,1507
100392,0,100392,FAIAS (EN 4) ESC PRIMÁRIA,,,38.690349,-8.746421,0,,0,,,0,,,0,0,0,0,0,0,0,0,0,0,0,,,PT170,1507
100393,0,100393,CASA TIMÓTEO (EN 4) R DEOLINDA MARIA,,,38.691586,-8.755502,0,,0,,,0,,,0,0,0,0,0,0,0,0,0,0,0,,,PT170,1507
100395,0,100395,FAIAS (N4)PARAGEM PEREIRAS (PST COMBUST),,,38.693673,-8.768563,0,,0,,,0,,,0,0,0,0,0,0,0,0,0,0,0,,,PT170,1507
100397,0,100397,MONTIJO (R JOAQ ALMEIDA X R ALM GARRET,,,38.706966,-8.960601,0,,0,,,0,,,0,0,0,0,0,0,0,0,0,0,0,,,PT170,1507
100398,0,100398,MONTIJO (R JOAQ ALMEIDA X R ALM GARRET,,,38.706853,-8.960561,0,,0,,,0,,,0,0,0,0,0,0,0,0,0,0,0,,,PT170,1507
100399,0,100399,Avenida Garcia da Orta (Frente Supermercado),,,38.706832,-8.95767,0,,0,,,0,,,0,0,0,0,0,0,0,0,0,0,0,,,PT170,1507
100401,0,100401,PEGÕES VELHOS (EN 4) X FERNANDO PÓ,,,38.684792,-8.664636,0,,0,,,0,,,0,0,0,0,0,0,0,0,0,0,0,,,PT170,1507
100403,0,100403,CANHA (EM 533) FÁBRICA CORTIÇA,,,38.745768,-8.673261,0,,0,,,0,,,0,0,0,0,0,0,0,0,0,0,0,,,PT170,1507
100405,0,100405,COLARES PERDIZES (EM 533) HERDADE,,,38.729946,-8.702469,0,,0,,,0,,,0,0,0,0,0,0,0,0,0,0,0,,,PT170,1507
100407,0,100407,Rua de Cabo Verde Frente 56,,,38.69953,-8.953707,0,,0,,,0,,,0,0,0,0,0,0,0,0,0,0,0,,,PT170,1507
100408,0,100408,Rua de Cabo Verde 46,,,38.699389,-8.953806,0,,0,,,0,,,0,0,0,0,0,0,0,0,0,0,0,,,PT170,1507
100409,0,100409,JARDIA (RUA DAS ROLAS) BAIRRO MIRANDA,,,38.67389,-8.925137,0,,0,,,0,,,0,0,0,0,0,0,0,0,0,0,0,,,PT170,1507
100410,0,100410,JARDIA (RUA DAS ROLAS) BAIRRO MIRANDA,,,38.673914,-8.92491,0,,0,,,0,,,0,0,0,0,0,0,0,0,0,0,0,,,PT170,1507
100411,0,100411,PEGÕES VELHOS X AV 25 ABRIL (CORREIOS),,,38.683487,-8.66487,0,,0,,,0,,,0,0,0,0,0,0,0,0,0,0,0,,,PT170,1507
100413,0,100413,CARREGUEIRA (EM 1024) (X) ACEIRO PRINCIPAL,,,38.654253,-8.943648,0,,0,,,0,,,0,0,0,0,0,0,0,0,0,0,0,,,PT170,1507
100415,0,100415,FONTE VACA NORTE (EM 1024),,,38.656824,-8.926388,0,,0,,,0,,,0,0,0,0,0,0,0,0,0,0,0,,,PT170,1507
150501,0,150501,R GLÓRIA - CORREIOS,,,38.569382,-9.038013,0,,0,,,0,,,0,0,0,0,0,0,0,0,0,0,0,,,PT170,1511
150589,0,150589,AVª LIBERDADE 1931 - ROTUNDA,,,38.558917,-9.05203,0,,0,,,0,,,0,0,0,0,0,0,0,0,0,0,0,,,PT170,1511
160001,0,160001,LOJA NOVA GÂMBIA (EN 10 X R GÂMBIA),,,38.56657,-8.773724,0,,0,,,0,,,0,0,0,0,0,0,0,0,0,0,0,,,PT170,1512
160002,0,160002,Avenida António Sérgio (Frente CheSetubal),,,38.52277,-8.860303,0,,0,,,0,,,0,0,0,0,0,0,0,0,0,0,0,,,PT170,1512
160003,0,160003,EN 10 X VALE ABRUNHEIRA KM 50,,,38.56218,-8.783794,0,,0,,,0,,,0,0,0,0,0,0,0,0,0,0,0,,,PT170,1512
160004,0,160004,Avenida António Sérgio (CheSetubal),,,38.522635,-8.860837,0,,0,,,0,,,0,0,0,0,0,0,0,0,0,0,0,,,PT170,1512
160005,0,160005,EN10 (R JOSÉ PEIXOTO 1) EST ALGERUZ,,,38.561009,-8.786496,0,,0,,,0,,,0,0,0,0,0,0,0,0,0,0,0,,,PT170,1512
160007,0,160007,ALGERUZ (EN10) ANT EST ALGERUZ,,,38.559518,-8.78991,0,,0,,,0,,,0,0,0,0,0,0,0,0,0,0,0,,,PT170,1512
160009,0,160009,EN 10 (MOVALPA) VALE ABRUNHEIRA,,,38.558165,-8.792992,0,,0,,,0,,,0,0,0,0,0,0,0,0,0,0,0,,,PT170,1512
160011,0,160011,CACHOFARRA,,,38.513252,-8.860247,0,,0,,,0,,,0,0,0,0,0,0,0,0,0,0,0,,,PT170,1512
160012,0,160012,CACHOFARRA,,,38.513302,-8.860179,0,,0,,,0,,,0,0,0,0,0,0,0,0,0,0,0,,,PT170,1512
160013,0,160013,SETÚBAL (AV BELO HORIZONTE)Bº VILA MARIA,,,38.515149,-8.86437,0,,0,,,0,,,0,0,0,0,0,0,0,0,0,0,0,,,PT170,1512
160014,0,160014,SETÚBAL (AV BELO HORIZONTE)Bº VILA MARIA,,,38.515223,-8.864169,0,,0,,,0,,,0,0,0,0,0,0,0,0,0,0,0,,,PT170,1512
160015,0,160015,SETÚBAL (AV FRANCISCO FERNANDES) CÁRITAS,,,38.520328,-8.870237,0,,0,,,0,,,0,0,0,0,0,0,0,0,0,0,0,,,PT170,1512
160016,0,160016,SETÚBAL (AV FRANCISCO FERNANDES) CÁRITAS,,,38.520432,-8.86996,0,,0,,,0,,,0,0,0,0,0,0,0,0,0,0,0,,,PT170,1512
160017,0,160017,SETÚBAL (AV FRANCISCO FERNANDES) ESC,,,38.522115,-8.868699,0,,0,,,0,,,0,0,0,0,0,0,0,0,0,0,0,,,PT170,1512
160018,0,160018,SETÚBAL (AV FRANCISCO FERNANDES) ESC,,,38.522018,-8.86854,0,,0,,,0,,,0,0,0,0,0,0,0,0,0,0,0,,,PT170,1512
160019,0,160019,SETÚBAL (MERCADO 2 ABRIL),,,38.52364,-8.868338,0,,0,,,0,,,0,0,0,0,0,0,0,0,0,0,0,,,PT170,1512
160020,0,160020,SETÚBAL (MERCADO 2 ABRIL),,,38.523618,-8.867942,0,,0,,,0,,,0,0,0,0,0,0,0,0,0,0,0,,,PT170,1512
160021,0,160021,Rua Doutor Luís Teixeira de Macedo e Castro 49,,,38.529394,-8.87047,0,,0,,,0,,,0,0,0,0,0,0,0,0,0,0,0,,,PT170,1512
160022,0,160022,SETÚBAL (R DR LUIS T MACEDO CASTRO 27),,,38.529584,-8.870359,0,,0,,,0,,,0,0,0,0,0,0,0,0,0,0,0,,,PT170,1512
160023,0,160023,SETÚBAL (AV AFONSO ALBUQUERQUE 9),,,38.530212,-8.871629,0,,0,,,0,,,0,0,0,0,0,0,0,0,0,0,0,,,PT170,1512
160024,0,160024,SETÚBAL (AV AFONSO ALBUQUERQUE 9),,,38.530065,-8.871417,0,,0,,,0,,,0,0,0,0,0,0,0,0,0,0,0,,,PT170,1512
160025,0,160025,SETÚBAL (AV AFONSO ALBUQUERQUE 58),,,38.530177,-8.873881,0,,0,,,0,,,0,0,0,0,0,0,0,0,0,0,0,,,PT170,1512
160026,0,160026,SETÚBAL (AV AFONSO ALBUQUERQUE 58),,,38.530057,-8.873638,0,,0,,,0,,,0,0,0,0,0,0,0,0,0,0,0,,,PT170,1512
160027,0,160027,SETÚBAL (AV JOÃO II 6) ESC PINHEIRINHOS,,,38.530116,-8.878024,0,,0,,,0,,,0,0,0,0,0,0,0,0,0,0,0,,,PT170,1512
160028,0,160028,Avenida Dom João II (Escola),,,38.529989,-8.877554,0,,0,,,0,,,0,0,0,0,0,0,0,0,0,0,0,,,PT170,1512
160029,0,160029,Avenida Dom João II (Praça de Touros),,,38.529225,-8.881982,0,,0,,,0,,,0,0,0,0,0,0,0,0,0,0,0,,,PT170,1512
160031,0,160031,SETÚBAL (PÇA TOUROS) HOSPITAL,,,38.529541,-8.881414,0,,0,,,0,,,0,0,0,0,0,0,0,0,0,0,0,,,PT170,1512
160035,0,160035,SETÚBAL(AV BENTO JESUS CARAÇA 164),,,38.525791,-8.871286,0,,0,,,0,,,0,0,0,0,0,0,0,0,0,0,0,,,PT170,1512
160037,0,160037,SETÚBAL (AV B J CARAÇA) IGREJA N S CONC,,,38.525556,-8.870781,0,,0,,,0,,,0,0,0,0,0,0,0,0,0,0,0,,,PT170,1512
160041,0,160041,ESTEFANILHA ( 74),,,38.523469,-8.834714,0,,0,,,0,,,0,0,0,0,0,0,0,0,0,0,0,,,PT170,1512
160042,0,160042,ESTEFANILHA ( 74),,,38.523563,-8.834542,0,,0,,,0,,,0,0,0,0,0,0,0,0,0,0,0,,,PT170,1512
160043,0,160043,ALTO ESTEFANILHA (IPS),,,38.523497,-8.839303,0,,0,,,0,,,0,0,0,0,0,0,0,0,0,0,0,,,PT170,1512
160044,0,160044,ALTO ESTEFANILHA (IPS),,,38.523719,-8.839456,0,,0,,,0,,,0,0,0,0,0,0,0,0,0,0,0,,,PT170,1512
160045,0,160045,TANOEIRA X,,,38.524023,-8.844831,0,,0,,,0,,,0,0,0,0,0,0,0,0,0,0,0,,,PT170,1512
160047,0,160047,BAIXA SANTAS (FÁB ALCATRÃO),,,38.523156,-8.847039,0,,0,,,0,,,0,0,0,0,0,0,0,0,0,0,0,,,PT170,1512
160048,0,160048,BAIXA SANTAS (FÁB ALCATRÃO),,,38.523233,-8.846533,0,,0,,,0,,,0,0,0,0,0,0,0,0,0,0,0,,,PT170,1512
160049,0,160049,Frente Escola Profissional de Setúbal,,,38.520889,-8.848197,0,,0,,,0,,,0,0,0,0,0,0,0,0,0,0,0,,,PT170,1512
160050,0,160050,Escola Profissional de Setúbal,,,38.520662,-8.848111,0,,0,,,0,,,0,0,0,0,0,0,0,0,0,0,0,,,PT170,1512
160051,0,160051,MANTEIGADAS,,,38.522661,-8.851059,0,,0,,,0,,,0,0,0,0,0,0,0,0,0,0,0,,,PT170,1512
160053,0,160053,SETÚBAL (ESC SEC D MANUEL MARTINS),,,38.522838,-8.855979,0,,0,,,0,,,0,0,0,0,0,0,0,0,0,0,0,,,PT170,1512
160054,0,160054,SETÚBAL (ESC SEC D MANUEL MARTINS),,,38.523077,-8.855665,0,,0,,,0,,,0,0,0,0,0,0,0,0,0,0,0,,,PT170,1512
160055,0,160055,SETÚBAL (AV ANTÓNIO SÉRGIO 8),,,38.523545,-8.863136,0,,0,,,0,,,0,0,0,0,0,0,0,0,0,0,0,,,PT170,1512
160056,0,160056,SETÚBAL (AV ANTÓNIO SÉRGIO 8),,,38.523649,-8.862869,0,,0,,,0,,,0,0,0,0,0,0,0,0,0,0,0,,,PT170,1512
160057,0,160057,SETÚBAL (AV B JESUS CARAÇA) ESC LANCHOA,,,38.52555,-8.866488,0,,0,,,0,,,0,0,0,0,0,0,0,0,0,0,0,,,PT170,1512
160059,0,160059,SETÚBAL (AV JAIME CORTESÃO 4),,,38.525214,-8.876556,0,,0,,,0,,,0,0,0,0,0,0,0,0,0,0,0,,,PT170,1512
160060,0,160060,SETÚBAL (AV JAIME CORTESÃO 4),,,38.525125,-8.876164,0,,0,,,0,,,0,0,0,0,0,0,0,0,0,0,0,,,PT170,1512
160061,0,160061,Avenida Jaime Cortesão 104,,,38.524779,-8.881876,0,,0,,,0,,,0,0,0,0,0,0,0,0,0,0,0,,,PT170,1512
160062,0,160062,SETÚBAL (AV JAIME CORTESÃO) FARMÁCIA PT,,,38.524723,-8.88111,0,,0,,,0,,,0,0,0,0,0,0,0,0,0,0,0,,,PT170,1512
160063,0,160063,SETÚBAL (AV JAIME CORTESÃO 146),,,38.52487,-8.884049,0,,0,,,0,,,0,0,0,0,0,0,0,0,0,0,0,,,PT170,1512
160064,0,160064,Avenida Jaime Cortesão 148,,,38.524995,-8.884065,0,,0,,,0,,,0,0,0,0,0,0,0,0,0,0,0,,,PT170,1512
160065,0,160065,SETÚBAL (AV BENTO GONÇ)CENTRO COMERCIAL,,,38.528087,-8.882955,0,,0,,,0,,,0,0,0,0,0,0,0,0,0,0,0,,,PT170,1512
160066,0,160066,SETÚBAL (AV BENTO GONÇ)CENTRO COMERCIAL,,,38.528296,-8.882522,0,,0,,,0,,,0,0,0,0,0,0,0,0,0,0,0,,,PT170,1512
160067,0,160067,Avenida dos Ciprestes (ITS) P1,,,38.529982,-8.885836,0,,0,,,0,,,0,0,0,0,0,0,0,0,0,0,0,,,PT170,1512
160068,0,160068,Avenida dos Ciprestes (ITS) P2,,,38.529845,-8.885899,0,,0,,,0,,,0,0,0,0,0,0,0,0,0,0,0,,,PT170,1512
160069,0,160069,SETÚBAL (AV BENTO JESUS CARAÇA 15),,,38.524845,-8.865651,0,,0,,,0,,,0,0,0,0,0,0,0,0,0,0,0,,,PT170,1512
160072,0,160072,MANTEIGADAS,,,38.522469,-8.852049,0,,0,,,0,,,0,0,0,0,0,0,0,0,0,0,0,,,PT170,1512
160073,0,160073,SETÚBAL (FERRO ENGOMAR) TERMINAL,,,38.54708,-8.899182,0,,0,,,0,,,0,0,0,0,0,0,0,0,0,0,0,,,PT170,1512
160075,0,160075,SETÚBAL (AV RODRIGUES MANITO 201),,,38.543676,-8.896609,0,,0,,,0,,,0,0,0,0,0,0,0,0,0,0,0,,,PT170,1512
160076,0,160076,SETÚBAL (AV RODRIGUES MANITO 201),,,38.543788,-8.896551,0,,0,,,0,,,0,0,0,0,0,0,0,0,0,0,0,,,PT170,1512
160077,0,160077,SETÚBAL (AV RODRIGUES MANITO) IMTT,,,38.541002,-8.895505,0,,0,,,0,,,0,0,0,0,0,0,0,0,0,0,0,,,PT170,1512
160078,0,160078,SETÚBAL (AV RODRIGUES MANITO) IMTT,,,38.541067,-8.895326,0,,0,,,0,,,0,0,0,0,0,0,0,0,0,0,0,,,PT170,1512
160079,0,160079,SETÚBAL (AV RODRIGUES MANITO 113B),,,38.539379,-8.895063,0,,0,,,0,,,0,0,0,0,0,0,0,0,0,0,0,,,PT170,1512
160080,0,160080,SETÚBAL (AV RODRIGUES MANITO 113B),,,38.53945,-8.894854,0,,0,,,0,,,0,0,0,0,0,0,0,0,0,0,0,,,PT170,1512
160081,0,160081,SETÚBAL (AV MOÇAMBIQUE 68),,,38.538689,-8.894027,0,,0,,,0,,,0,0,0,0,0,0,0,0,0,0,0,,,PT170,1512
160082,0,160082,SETÚBAL (AV MOÇAMBIQUE 68),,,38.538614,-8.89375,0,,0,,,0,,,0,0,0,0,0,0,0,0,0,0,0,,,PT170,1512
160085,0,160085,SETÚBAL (AV ANGOLA 18),,,38.537461,-8.892403,0,,0,,,0,,,0,0,0,0,0,0,0,0,0,0,0,,,PT170,1512
160087,0,160087,Avenida Doutor António Rodrigues Manito 69,,,38.535452,-8.893727,0,,0,,,0,,,0,0,0,0,0,0,0,0,0,0,0,,,PT170,1512
160088,0,160088,Avenida Doutor António Rodrigues Manito (Farmácia),,,38.535327,-8.893541,0,,0,,,0,,,0,0,0,0,0,0,0,0,0,0,0,,,PT170,1512
160089,0,160089,Frente Escola Secundária du Bocage,,,38.533746,-8.893149,0,,0,,,0,,,0,0,0,0,0,0,0,0,0,0,0,,,PT170,1512
160090,0,160090,Escola Secundária du Bocage,,,38.534026,-8.893111,0,,0,,,0,,,0,0,0,0,0,0,0,0,0,0,0,,,PT170,1512
160091,0,160091,SETÚBAL (R ANTÓNIO MANUEL GAMITO 17),,,38.533096,-8.889959,0,,0,,,0,,,0,0,0,0,0,0,0,0,0,0,0,,,PT170,1512
160092,0,160092,SETÚBAL (R ANTÓNIO MANUEL GAMITO 17),,,38.532923,-8.889957,0,,0,,,0,,,0,0,0,0,0,0,0,0,0,0,0,,,PT170,1512
160093,0,160093,SETÚBAL (AV INDEPENDÊNCIA COLÓNIAS) PAV,,,38.531404,-8.889676,0,,0,,,0,,,0,0,0,0,0,0,0,0,0,0,0,,,PT170,1512
160095,0,160095,Avenida dos Ciprestes (ITS) P3,,,38.529872,-8.886131,0,,0,,,0,,,0,0,0,0,0,0,0,0,0,0,0,,,PT170,1512
160097,0,160097,SETÚBAL (AV 22 DEZEMBRO 25),,,38.527695,-8.893135,0,,0,,,0,,,0,0,0,0,0,0,0,0,0,0,0,,,PT170,1512
160099,0,160099,Avenida 22 de Dezembro Frente 74,,,38.526269,-8.893866,0,,0,,,0,,,0,0,0,0,0,0,0,0,0,0,0,,,PT170,1512
160101,0,160101,SETÚBAL (AV LUISA TODI 137),,,38.522868,-8.892911,0,,0,,,0,,,0,0,0,0,0,0,0,0,0,0,0,,,PT170,1512
160103,0,160103,Avenida Luisa Todi (Biblioteca),,,38.523202,-8.890126,0,,0,,,0,,,0,0,0,0,0,0,0,0,0,0,0,,,PT170,1512
160105,0,160105,Avenida 22 de Dezembro 52,,,38.52518,-8.89396,0,,0,,,0,,,0,0,0,0,0,0,0,0,0,0,0,,,PT170,1512
160107,0,160107,SETÚBAL (AV 22 DEZEMBRO) CORREIOS,,,38.527594,-8.892795,0,,0,,,0,,,0,0,0,0,0,0,0,0,0,0,0,,,PT170,1512
160109,0,160109,SETÚBAL (AV 22 DEZEMBRO) BONFIM,,,38.529199,-8.891957,0,,0,,,0,,,0,0,0,0,0,0,0,0,0,0,0,,,PT170,1512
160111,0,160111,SETÚBAL (AV INDEPENDÊNCIA COLÓNIAS 24),,,38.532416,-8.889098,0,,0,,,0,,,0,0,0,0,0,0,0,0,0,0,0,,,PT170,1512
160113,0,160113,SETÚBAL (AV ANGOLA 23),,,38.537089,-8.89204,0,,0,,,0,,,0,0,0,0,0,0,0,0,0,0,0,,,PT170,1512
160115,0,160115,SETÚBAL (AV RODRIGUES MANITO 45),,,38.546644,-8.898208,0,,0,,,0,,,0,0,0,0,0,0,0,0,0,0,0,,,PT170,1512
160117,0,160117,SETÚBAL (AV REP GUINÉ-BISSAU11) MACONDE,,,38.530803,-8.887117,0,,0,,,0,,,0,0,0,0,0,0,0,0,0,0,0,,,PT170,1512
160118,0,160118,SETÚBAL (AV REP GUINÉ-BISSAU11) MACONDE,,,38.530557,-8.887672,0,,0,,,0,,,0,0,0,0,0,0,0,0,0,0,0,,,PT170,1512
160123,0,160123,Avenida Alexandre Herculano (Escola) P1,,,38.526801,-8.890521,0,,0,,,0,,,0,0,0,0,0,0,0,0,0,0,0,,,PT170,1512
160127,0,160127,Estrada Nacional 10 59,,,38.522595,-8.889836,0,,0,,,0,,,0,0,0,0,0,0,0,0,0,0,0,,,PT170,1512
160129,0,160129,SETÚBAL (R ENG FERREIRA DA CUNHA),,,38.521918,-8.889464,0,,0,,,0,,,0,0,0,0,0,0,0,0,0,0,0,,,PT170,1512
160131,0,160131,SETÚBAL (AV JAIME REBELO),,,38.52188,-8.887274,0,,0,,,0,,,0,0,0,0,0,0,0,0,0,0,0,,,PT170,1512
160133,0,160133,SETÚBAL (AV LUISA TODI 92),,,38.522962,-8.887236,0,,0,,,0,,,0,0,0,0,0,0,0,0,0,0,0,,,PT170,1512
160135,0,160135,SETÚBAL (AV LUISA TODI 310),,,38.523532,-8.893702,0,,0,,,0,,,0,0,0,0,0,0,0,0,0,0,0,,,PT170,1512
160137,0,160137,SETÚBAL (AV 5 OUTUBRO 136),,,38.525414,-8.891874,0,,0,,,0,,,0,0,0,0,0,0,0,0,0,0,0,,,PT170,1512
160139,0,160139,Avenida 5 de Outubro 31,,,38.52529,-8.889235,0,,0,,,0,,,0,0,0,0,0,0,0,0,0,0,0,,,PT170,1512
160141,0,160141,Avenida Manuel Maria Portela Frente 77,,,38.528136,-8.886478,0,,0,,,0,,,0,0,0,0,0,0,0,0,0,0,0,,,PT170,1512
160143,0,160143,SETÚBAL (AV M LIMA FREITAS)C COMERCIAL,,,38.539881,-8.868305,0,,0,,,0,,,0,0,0,0,0,0,0,0,0,0,0,,,PT170,1512
160145,0,160145,SETÚBAL (AV MESTRE LIMA FREITAS 20),,,38.541046,-8.874539,0,,0,,,0,,,0,0,0,0,0,0,0,0,0,0,0,,,PT170,1512
160146,0,160146,SETÚBAL (AV MESTRE LIMA FREITAS 20),,,38.541199,-8.874486,0,,0,,,0,,,0,0,0,0,0,0,0,0,0,0,0,,,PT170,1512
160147,0,160147,SETÚBAL (NOVA SINTRA) ESC BÁSICA AZEDA,,,38.539687,-8.876773,0,,0,,,0,,,0,0,0,0,0,0,0,0,0,0,0,,,PT170,1512
160148,0,160148,SETÚBAL (NOVA SINTRA) ESC BÁSICA AZEDA,,,38.539549,-8.876609,0,,0,,,0,,,0,0,0,0,0,0,0,0,0,0,0,,,PT170,1512
160149,0,160149,Rua da Nova Sintra (Frente Supermercado),,,38.538421,-8.878516,0,,0,,,0,,,0,0,0,0,0,0,0,0,0,0,0,,,PT170,1512
160151,0,160151,Rua da Nova Sintra 52,,,38.538011,-8.881373,0,,0,,,0,,,0,0,0,0,0,0,0,0,0,0,0,,,PT170,1512
160157,0,160157,KM 39200 - LGO COMBATENTES,,,38.524809,-8.895002,0,,0,,,0,,,0,0,0,0,0,0,0,0,0,0,0,,,PT170,1512
160159,0,160159,Avenida Luísa Todi 281,,,38.522706,-8.897424,0,,0,,,0,,,0,0,0,0,0,0,0,0,0,0,0,,,PT170,1512
160161,0,160161,Avenida Luísa Todi (Mercado),,,38.522927,-8.894998,0,,0,,,0,,,0,0,0,0,0,0,0,0,0,0,0,,,PT170,1512
160163,0,160163,SETÚBAL (AV LUISA TODI 3) FINANÇAS,,,38.522801,-8.887339,0,,0,,,0,,,0,0,0,0,0,0,0,0,0,0,0,,,PT170,1512
160165,0,160165,ESTRADA DA GRAÇA 288,,,38.520137,-8.879113,0,,0,,,0,,,0,0,0,0,0,0,0,0,0,0,0,,,PT170,1512
160166,0,160166,ESTRADA DA GRAÇA 288,,,38.520254,-8.879084,0,,0,,,0,,,0,0,0,0,0,0,0,0,0,0,0,,,PT170,1512
160167,0,160167,SETÚBAL (AV D MANUEL I),,,38.523007,-8.875112,0,,0,,,0,,,0,0,0,0,0,0,0,0,0,0,0,,,PT170,1512
160168,0,160168,Rua Dom Manuel I Frente 74,,,38.52326,-8.874901,0,,0,,,0,,,0,0,0,0,0,0,0,0,0,0,0,,,PT170,1512
160169,0,160169,SETÚBAL (R PD JOSÉ M N SILVA)XR CEVEDE,,,38.524227,-8.874017,0,,0,,,0,,,0,0,0,0,0,0,0,0,0,0,0,,,PT170,1512
160170,0,160170,SETÚBAL (R PD JOSÉ M N SILVA)XR CEVEDE,,,38.524108,-8.873715,0,,0,,,0,,,0,0,0,0,0,0,0,0,0,0,0,,,PT170,1512
160171,0,160171,SETÚBAL (R PD JOSÉ M NUNES SILVA 113),,,38.524195,-8.870177,0,,0,,,0,,,0,0,0,0,0,0,0,0,0,0,0,,,PT170,1512
160172,0,160172,SETÚBAL (R PD JOSÉ M NUNES SILVA 113),,,38.524369,-8.870281,0,,0,,,0,,,0,0,0,0,0,0,0,0,0,0,0,,,PT170,1512
160173,0,160173,SETÚBAL (R PD JOSÉ Mª NUNES SILVA 30),,,38.522469,-8.866329,0,,0,,,0,,,0,0,0,0,0,0,0,0,0,0,0,,,PT170,1512
160174,0,160174,SETÚBAL (R PD JOSÉ Mª NUNES SILVA 30),,,38.52255,-8.866203,0,,0,,,0,,,0,0,0,0,0,0,0,0,0,0,0,,,PT170,1512
160175,0,160175,SETÚBAL (AV SOEIRO PEREIRA GOMES)CAB LUZ,,,38.522729,-8.864268,0,,0,,,0,,,0,0,0,0,0,0,0,0,0,0,0,,,PT170,1512
160177,0,160177,SETÚBAL (AV BENTO JESUS CARAÇA 22),,,38.524354,-8.864295,0,,0,,,0,,,0,0,0,0,0,0,0,0,0,0,0,,,PT170,1512
160179,0,160179,SETÚBAL(AV BENTO JESUS CARAÇA)JD LANCHOA,,,38.525938,-8.86842,0,,0,,,0,,,0,0,0,0,0,0,0,0,0,0,0,,,PT170,1512
160183,0,160183,Avenida das Descobertas Lote 9,,,38.533576,-8.866793,0,,0,,,0,,,0,0,0,0,0,0,0,0,0,0,0,,,PT170,1512
160184,0,160184,Avenida das Descobertas 11,,,38.533697,-8.866522,0,,0,,,0,,,0,0,0,0,0,0,0,0,0,0,0,,,PT170,1512
160186,0,160186,ESTR ALGERUZ (BOMBEIROS),,,38.538827,-8.866634,0,,0,,,0,,,0,0,0,0,0,0,0,0,0,0,0,,,PT170,1512
160189,0,160189,SETÚBAL (AV M LIMA FREITAS)C COMERCIAL,,,38.539679,-8.868238,0,,0,,,0,,,0,0,0,0,0,0,0,0,0,0,0,,,PT170,1512
160191,0,160191,ESTR ALGERUZ ( BOMBEIROS),,,38.537658,-8.867075,0,,0,,,0,,,0,0,0,0,0,0,0,0,0,0,0,,,PT170,1512
160193,0,160193,SETÚBAL (R ROSMANINHO 9),,,38.531161,-8.868951,0,,0,,,0,,,0,0,0,0,0,0,0,0,0,0,0,,,PT170,1512
160194,0,160194,SETÚBAL (R ROSMANINHO 9),,,38.531195,-8.868733,0,,0,,,0,,,0,0,0,0,0,0,0,0,0,0,0,,,PT170,1512
160195,0,160195,SETÚBAL (AV BENTO JESUS CARAÇA 1A),,,38.524014,-8.863987,0,,0,,,0,,,0,0,0,0,0,0,0,0,0,0,0,,,PT170,1512
160197,0,160197,SETÚBAL (AV SOEIRO PEREIRA GOMES)CAB LUZ,,,38.522885,-8.864533,0,,0,,,0,,,0,0,0,0,0,0,0,0,0,0,0,,,PT170,1512
160199,0,160199,SETÚBAL (AV LUISA TODI 418),,,38.5233,-8.897492,0,,0,,,0,,,0,0,0,0,0,0,0,0,0,0,0,,,PT170,1512
160201,0,160201,Avenida dos Ciprestes 54,,,38.533445,-8.884069,0,,0,,,0,,,0,0,0,0,0,0,0,0,0,0,0,,,PT170,1512
160205,0,160205,SETÚBAL (AV ANTERO QUENTAL 71) VIADUTO,,,38.535839,-8.883437,0,,0,,,0,,,0,0,0,0,0,0,0,0,0,0,0,,,PT170,1512
160207,0,160207,Viaduto Arrábida (Centro Comercial),,,38.538015,-8.877655,0,,0,,,0,,,0,0,0,0,0,0,0,0,0,0,0,,,PT170,1512
160209,0,160209,Alameda do Pinheiro 65,,,38.525953,-8.861948,0,,0,,,0,,,0,0,0,0,0,0,0,0,0,0,0,,,PT170,1512
160211,0,160211,SETÚBAL (AV JAIME CORTESÃO 40),,,38.525009,-8.87908,0,,0,,,0,,,0,0,0,0,0,0,0,0,0,0,0,,,PT170,1512
160213,0,160213,Rua Almeida Garrett Frente 9,,,38.528472,-8.887129,0,,0,,,0,,,0,0,0,0,0,0,0,0,0,0,0,,,PT170,1512
160215,0,160215,SETÚBAL (R ALJUBARROTA 1),,,38.533252,-8.868225,0,,0,,,0,,,0,0,0,0,0,0,0,0,0,0,0,,,PT170,1512
160217,0,160217,SETÚBAL (R TRATADO TORDESILHAS),,,38.533241,-8.867019,0,,0,,,0,,,0,0,0,0,0,0,0,0,0,0,0,,,PT170,1512
160218,0,160218,SETÚBAL (R TRATADO TORDESILHAS),,,38.533407,-8.866922,0,,0,,,0,,,0,0,0,0,0,0,0,0,0,0,0,,,PT170,1512
160219,0,160219,SETÚBAL (AV ALENTEJO 6),,,38.533923,-8.869345,0,,0,,,0,,,0,0,0,0,0,0,0,0,0,0,0,,,PT170,1512
160220,0,160220,Avenida do Alentejo Frente 6,,,38.533857,-8.869155,0,,0,,,0,,,0,0,0,0,0,0,0,0,0,0,0,,,PT170,1512
160221,0,160221,SETÚBAL (AV INFANTE D HENRIQUE 39),,,38.528028,-8.875405,0,,0,,,0,,,0,0,0,0,0,0,0,0,0,0,0,,,PT170,1512
160222,0,160222,SETÚBAL (AV INFANTE D HENRIQUE 39),,,38.52807,-8.875176,0,,0,,,0,,,0,0,0,0,0,0,0,0,0,0,0,,,PT170,1512
160223,0,160223,SETÚBAL (AV ALEXANDRE HERCULANO) BONFIM,,,38.526864,-8.890486,0,,0,,,0,,,0,0,0,0,0,0,0,0,0,0,0,,,PT170,1512
160225,0,160225,Avenida Luísa Todi (Largo do Carmo),,,38.523487,-8.895376,0,,0,,,0,,,0,0,0,0,0,0,0,0,0,0,0,,,PT170,1512
160227,0,160227,SETÚBAL (R GIL EANES 16),,,38.522699,-8.874173,0,,0,,,0,,,0,0,0,0,0,0,0,0,0,0,0,,,PT170,1512
160229,0,160229,Avenida Bela Vista (Supermercado),,,38.522073,-8.872432,0,,0,,,0,,,0,0,0,0,0,0,0,0,0,0,0,,,PT170,1512
160230,0,160230,SETÚBAL (AV BELA VISTA) SUPERMERCADO,,,38.522089,-8.87224,0,,0,,,0,,,0,0,0,0,0,0,0,0,0,0,0,,,PT170,1512
160231,0,160231,SETÚBAL (AV BELA VISTA BLOCO 5),,,38.5227,-8.869116,0,,0,,,0,,,0,0,0,0,0,0,0,0,0,0,0,,,PT170,1512
160232,0,160232,SETÚBAL (AV BELA VISTA BLOCO 5),,,38.522839,-8.869072,0,,0,,,0,,,0,0,0,0,0,0,0,0,0,0,0,,,PT170,1512
160233,0,160233,SETÚBAL (R PITEIRAS) CENTRO CULTURAL,,,38.521346,-8.862843,0,,0,,,0,,,0,0,0,0,0,0,0,0,0,0,0,,,PT170,1512
160234,0,160234,SETÚBAL (R PITEIRAS) CENTRO CULTURAL,,,38.521458,-8.8629,0,,0,,,0,,,0,0,0,0,0,0,0,0,0,0,0,,,PT170,1512
160235,0,160235,SETÚBAL (R PITEIRAS),,,38.521361,-8.860939,0,,0,,,0,,,0,0,0,0,0,0,0,0,0,0,0,,,PT170,1512
160237,0,160237,SETÚBAL (R ESTEVAS 3),,,38.522133,-8.861478,0,,0,,,0,,,0,0,0,0,0,0,0,0,0,0,0,,,PT170,1512
160239,0,160239,SETÚBAL (R ADRIANO CORREIA OLIVEIRA) ESC,,,38.530725,-8.866188,0,,0,,,0,,,0,0,0,0,0,0,0,0,0,0,0,,,PT170,1512
160240,0,160240,SETÚBAL (R ADRIANO CORREIA OLIVEIRA) ESC,,,38.530845,-8.866276,0,,0,,,0,,,0,0,0,0,0,0,0,0,0,0,0,,,PT170,1512
160241,0,160241,SETÚBAL (R ADRIANO CORREIA OLIVEIRA),,,38.532309,-8.865388,0,,0,,,0,,,0,0,0,0,0,0,0,0,0,0,0,,,PT170,1512
160242,0,160242,Avenida Fernando Lopes Graça (Espaço Comercial),,,38.532258,-8.865225,0,,0,,,0,,,0,0,0,0,0,0,0,0,0,0,0,,,PT170,1512
160243,0,160243,SETÚBAL (AV ALENTEJO) X (4 CAMINHOS),,,38.532478,-8.87381,0,,0,,,0,,,0,0,0,0,0,0,0,0,0,0,0,,,PT170,1512
160245,0,160245,SETÚBAL (AV PEDRO ÁLVARES CABRAL 11),,,38.5313,-8.875481,0,,0,,,0,,,0,0,0,0,0,0,0,0,0,0,0,,,PT170,1512
160247,0,160247,SETÚBAL (R LÁCIA ENCARNAÇÃO MARACOTO 5),,,38.528864,-8.873505,0,,0,,,0,,,0,0,0,0,0,0,0,0,0,0,0,,,PT170,1512
160249,0,160249,SETÚBAL (R JOSÉ LEITE VASCONCELOS 13),,,38.52913,-8.874083,0,,0,,,0,,,0,0,0,0,0,0,0,0,0,0,0,,,PT170,1512
160251,0,160251,SETÚBAL (R JORGE SOUSA 18),,,38.527912,-8.894344,0,,0,,,0,,,0,0,0,0,0,0,0,0,0,0,0,,,PT170,1512
160253,0,160253,Avenida General Daniel de Sousa 11,,,38.529941,-8.89871,0,,0,,,0,,,0,0,0,0,0,0,0,0,0,0,0,,,PT170,1512
160254,0,160254,Avenida General Daniel de Sousa (Posto Combustíveis),,,38.530692,-8.898759,0,,0,,,0,,,0,0,0,0,0,0,0,0,0,0,0,,,PT170,1512
160255,0,160255,SETÚBAL (R ALVES SILVA 12),,,38.526819,-8.90017,0,,0,,,0,,,0,0,0,0,0,0,0,0,0,0,0,,,PT170,1512
160256,0,160256,SETÚBAL (R ALVES SILVA 12),,,38.526929,-8.900262,0,,0,,,0,,,0,0,0,0,0,0,0,0,0,0,0,,,PT170,1512
160257,0,160257,SETÚBAL (R NOSSA S CARMO) ESC,,,38.525937,-8.902114,0,,0,,,0,,,0,0,0,0,0,0,0,0,0,0,0,,,PT170,1512
160259,0,160259,SETÚBAL (R BATALHA VISO 103) C SAÚDE,,,38.525098,-8.905336,0,,0,,,0,,,0,0,0,0,0,0,0,0,0,0,0,,,PT170,1512
160260,0,160260,SETÚBAL (R BATALHA VISO 103) C SAÚDE,,,38.525192,-8.905349,0,,0,,,0,,,0,0,0,0,0,0,0,0,0,0,0,,,PT170,1512
160261,0,160261,SETÚBAL (R BATALHA VISO 84),,,38.525776,-8.907785,0,,0,,,0,,,0,0,0,0,0,0,0,0,0,0,0,,,PT170,1512
160262,0,160262,SETÚBAL (R BATALHA VISO 84),,,38.52586,-8.907719,0,,0,,,0,,,0,0,0,0,0,0,0,0,0,0,0,,,PT170,1512
160263,0,160263,SETÚBAL (R BATALHA VISO 203),,,38.526032,-8.909981,0,,0,,,0,,,0,0,0,0,0,0,0,0,0,0,0,,,PT170,1512
160264,0,160264,SETÚBAL (R BATALHA VISO 203),,,38.525938,-8.909982,0,,0,,,0,,,0,0,0,0,0,0,0,0,0,0,0,,,PT170,1512
160265,0,160265,SETÚBAL (Bº NOVO VISO) ASSOC MORADORES,,,38.524665,-8.912337,0,,0,,,0,,,0,0,0,0,0,0,0,0,0,0,0,,,PT170,1512
160266,0,160266,SETÚBAL (Bº NOVO VISO) ASSOC MORADORES,,,38.524569,-8.91212,0,,0,,,0,,,0,0,0,0,0,0,0,0,0,0,0,,,PT170,1512
160268,0,160268,SETÚBAL ( ESC SECUNDÁRIA VISO),,,38.522811,-8.915596,0,,0,,,0,,,0,0,0,0,0,0,0,0,0,0,0,,,PT170,1512
160269,0,160269,SETÚBAL (R BATALHA VISO 49) ESC,,,38.525468,-8.90259,0,,0,,,0,,,0,0,0,0,0,0,0,0,0,0,0,,,PT170,1512
160271,0,160271,SETÚBAL (R GEN DANIEL SOUSA 110),,,38.530434,-8.898402,0,,0,,,0,,,0,0,0,0,0,0,0,0,0,0,0,,,PT170,1512
160272,0,160272,SETÚBAL (R GEN DANIEL SOUSA 110),,,38.530393,-8.898219,0,,0,,,0,,,0,0,0,0,0,0,0,0,0,0,0,,,PT170,1512
160273,0,160273,SETÚBAL (R JORGE SOUSA 12),,,38.527485,-8.894064,0,,0,,,0,,,0,0,0,0,0,0,0,0,0,0,0,,,PT170,1512
160275,0,160275,AV PEDRO ÁLVARES CABRAL 11,,,38.531459,-8.875292,0,,0,,,0,,,0,0,0,0,0,0,0,0,0,0,0,,,PT170,1512
160279,0,160279,SETÚBAL (AV. JÚLIO SANTOS),,,38.522208,-8.860032,0,,0,,,0,,,0,0,0,0,0,0,0,0,0,0,0,,,PT170,1512
160281,0,160281,SETÚBAL (AV JOAQUIM CAMPOS D),,,38.5203,-8.861967,0,,0,,,0,,,0,0,0,0,0,0,0,0,0,0,0,,,PT170,1512
160283,0,160283,PARQUE DA BELA VISTA,,,38.517152,-8.864534,0,,0,,,0,,,0,0,0,0,0,0,0,0,0,0,0,,,PT170,1512
160285,0,160285,SETÚBAL (AV BELA VISTA 14),,,38.521736,-8.8673,0,,0,,,0,,,0,0,0,0,0,0,0,0,0,0,0,,,PT170,1512
160286,0,160286,SETÚBAL (AV BELA VISTA 14),,,38.521866,-8.867244,0,,0,,,0,,,0,0,0,0,0,0,0,0,0,0,0,,,PT170,1512
160287,0,160287,ESTR ALGERUZ (CEMITÉRIO) X,,,38.543382,-8.860752,0,,0,,,0,,,0,0,0,0,0,0,0,0,0,0,0,,,PT170,1512
160289,0,160289,ESTR ALGERUZ (VALE ANA GOMES) X,,,38.544844,-8.855804,0,,0,,,0,,,0,0,0,0,0,0,0,0,0,0,0,,,PT170,1512
160291,0,160291,QTA AMIZADE,,,38.544205,-8.853911,0,,0,,,0,,,0,0,0,0,0,0,0,0,0,0,0,,,PT170,1512
160293,0,160293,ESTR ALGERUZ (VALE ANA GOMES) X,,,38.545057,-8.856113,0,,0,,,0,,,0,0,0,0,0,0,0,0,0,0,0,,,PT170,1512
160295,0,160295,ESTR ALGERUZ (CEMITÉRIO) X,,,38.543587,-8.86044,0,,0,,,0,,,0,0,0,0,0,0,0,0,0,0,0,,,PT170,1512
160297,0,160297,Centro Comercial (Porta da Baía),,,38.536641,-8.875225,0,,0,,,0,,,0,0,0,0,0,0,0,0,0,0,0,,,PT170,1512
160299,0,160299,SETÚBAL (AV NATÁLIA CORREIA 8),,,38.516983,-8.86427,0,,0,,,0,,,0,0,0,0,0,0,0,0,0,0,0,,,PT170,1512
160301,0,160301,SETÚBAL (AV JOAQUIM CAMPOS),,,38.520615,-8.861196,0,,0,,,0,,,0,0,0,0,0,0,0,0,0,0,0,,,PT170,1512
160303,0,160303,SETÚBAL (AV JÚLIO SANTOS),,,38.522211,-8.859814,0,,0,,,0,,,0,0,0,0,0,0,0,0,0,0,0,,,PT170,1512
160305,0,160305,Estrada da Morgada (Rotunda),,,38.520976,-8.792251,0,,0,,,0,,,0,0,0,0,0,0,0,0,0,0,0,,,PT170,1512
160307,0,160307,ESTR MORGADA ( 42),,,38.520998,-8.795668,0,,0,,,0,,,0,0,0,0,0,0,0,0,0,0,0,,,PT170,1512
160308,0,160308,ESTR MORGADA ( 42),,,38.521079,-8.795668,0,,0,,,0,,,0,0,0,0,0,0,0,0,0,0,0,,,PT170,1512
160309,0,160309,ESTR MORGADA (96),,,38.521226,-8.799377,0,,0,,,0,,,0,0,0,0,0,0,0,0,0,0,0,,,PT170,1512
160310,0,160310,ESTR MORGADA (96),,,38.521306,-8.799364,0,,0,,,0,,,0,0,0,0,0,0,0,0,0,0,0,,,PT170,1512
160311,0,160311,ESTR MORGADA (182),,,38.521499,-8.803718,0,,0,,,0,,,0,0,0,0,0,0,0,0,0,0,0,,,PT170,1512
160312,0,160312,ESTR MORGADA (182),,,38.521589,-8.803761,0,,0,,,0,,,0,0,0,0,0,0,0,0,0,0,0,,,PT170,1512
160313,0,160313,ESTR MORGADA (240),,,38.5217,-8.806663,0,,0,,,0,,,0,0,0,0,0,0,0,0,0,0,0,,,PT170,1512
160314,0,160314,ESTR MORGADA (240),,,38.521792,-8.806965,0,,0,,,0,,,0,0,0,0,0,0,0,0,0,0,0,,,PT170,1512
160315,0,160315,ESTR MORGADA (282),,,38.521915,-8.810281,0,,0,,,0,,,0,0,0,0,0,0,0,0,0,0,0,,,PT170,1512
160316,0,160316,ESTR MORGADA (282),,,38.521993,-8.810304,0,,0,,,0,,,0,0,0,0,0,0,0,0,0,0,0,,,PT170,1512
160317,0,160317,ALTO FARALHÃO,,,38.522246,-8.814811,0,,0,,,0,,,0,0,0,0,0,0,0,0,0,0,0,,,PT170,1512
160318,0,160318,ALTO FARALHÃO,,,38.522322,-8.814939,0,,0,,,0,,,0,0,0,0,0,0,0,0,0,0,0,,,PT170,1512
160319,0,160319,FARALHÃO ( ESC),,,38.522026,-8.817649,0,,0,,,0,,,0,0,0,0,0,0,0,0,0,0,0,,,PT170,1512
160320,0,160320,FARALHÃO ( ESC),,,38.522172,-8.818266,0,,0,,,0,,,0,0,0,0,0,0,0,0,0,0,0,,,PT170,1512
160321,0,160321,STO OVÍDIO (43),,,38.521614,-8.821984,0,,0,,,0,,,0,0,0,0,0,0,0,0,0,0,0,,,PT170,1512
160322,0,160322,Estrada Municipal 1125 (Posto de Combustível),,,38.52156,-8.82186,0,,0,,,0,,,0,0,0,0,0,0,0,0,0,0,0,,,PT170,1512
160323,0,160323,FARALHÃO (EM536-1 11),,,38.520649,-8.826207,0,,0,,,0,,,0,0,0,0,0,0,0,0,0,0,0,,,PT170,1512
160324,0,160324,FARALHÃO (EM536-1 11),,,38.520752,-8.826162,0,,0,,,0,,,0,0,0,0,0,0,0,0,0,0,0,,,PT170,1512
160325,0,160325,CURVAS X,,,38.524508,-8.829969,0,,0,,,0,,,0,0,0,0,0,0,0,0,0,0,0,,,PT170,1512
160326,0,160326,CURVAS X,,,38.524387,-8.829945,0,,0,,,0,,,0,0,0,0,0,0,0,0,0,0,0,,,PT170,1512
160328,0,160328,OUTÃO (HOSPITAL ORTOPÉDICO),,,38.4897,-8.934075,0,,0,,,0,,,0,0,0,0,0,0,0,0,0,0,0,,,PT170,1512
160329,0,160329,OUTÃO X,,,38.492204,-8.934546,0,,0,,,0,,,0,0,0,0,0,0,0,0,0,0,0,,,PT170,1512
160330,0,160330,OUTÃO X,,,38.492134,-8.93442,0,,0,,,0,,,0,0,0,0,0,0,0,0,0,0,0,,,PT170,1512
160331,0,160331,SÉCIL,,,38.494937,-8.931431,0,,0,,,0,,,0,0,0,0,0,0,0,0,0,0,0,,,PT170,1512
160332,0,160332,SÉCIL,,,38.494768,-8.931417,0,,0,,,0,,,0,0,0,0,0,0,0,0,0,0,0,,,PT170,1512
160333,0,160333,RASCA (ECOPARQUE),,,38.50374,-8.928444,0,,0,,,0,,,0,0,0,0,0,0,0,0,0,0,0,,,PT170,1512
160334,0,160334,RASCA (ECOPARQUE),,,38.50363,-8.928384,0,,0,,,0,,,0,0,0,0,0,0,0,0,0,0,0,,,PT170,1512
160335,0,160335,COMENDA (PARQUE MERENDAS),,,38.508034,-8.929226,0,,0,,,0,,,0,0,0,0,0,0,0,0,0,0,0,,,PT170,1512
160336,0,160336,COMENDA (PARQUE MERENDAS),,,38.507899,-8.928798,0,,0,,,0,,,0,0,0,0,0,0,0,0,0,0,0,,,PT170,1512
160341,0,160341,ALBARQUEL (N10-4),,,38.513919,-8.911441,0,,0,,,0,,,0,0,0,0,0,0,0,0,0,0,0,,,PT170,1512
160342,0,160342,ALBARQUEL (N10-4),,,38.514365,-8.91087,0,,0,,,0,,,0,0,0,0,0,0,0,0,0,0,0,,,PT170,1512
160343,0,160343,EN 379-1 (TOCA PAI LOPES),,,38.515139,-8.909983,0,,0,,,0,,,0,0,0,0,0,0,0,0,0,0,0,,,PT170,1512
160344,0,160344,EN 379-1 (TOCA PAI LOPES),,,38.51508,-8.909862,0,,0,,,0,,,0,0,0,0,0,0,0,0,0,0,0,,,PT170,1512
160345,0,160345,EN 379-1 X PARQUE URBANO ALBARQUEL,,,38.517921,-8.905669,0,,0,,,0,,,0,0,0,0,0,0,0,0,0,0,0,,,PT170,1512
160346,0,160346,EN 379-1 X PARQUE URBANO ALBARQUEL,,,38.517859,-8.905623,0,,0,,,0,,,0,0,0,0,0,0,0,0,0,0,0,,,PT170,1512
160347,0,160347,SETÚBAL (AV LUÍSA TODI 353),,,38.52081,-8.901268,0,,0,,,0,,,0,0,0,0,0,0,0,0,0,0,0,,,PT170,1512
160351,0,160351,SETÚBAL (AV LUISA TODI 472) PIRILAMPOS,,,38.52293,-8.898745,0,,0,,,0,,,0,0,0,0,0,0,0,0,0,0,0,,,PT170,1512
160353,0,160353,Avenida Luisa Todi 618,,,38.521026,-8.902175,0,,0,,,0,,,0,0,0,0,0,0,0,0,0,0,0,,,PT170,1512
160355,0,160355,FÁBRICA SÉCIL (PORTARIA),,,38.503904,-8.930997,0,,0,,,0,,,0,0,0,0,0,0,0,0,0,0,0,,,PT170,1512
160356,0,160356,FÁBRICA SÉCIL (PORTARIA),,,38.504277,-8.930275,0,,0,,,0,,,0,0,0,0,0,0,0,0,0,0,0,,,PT170,1512
160357,0,160357,FÁBRICA SÉCIL (FORNO),,,38.502429,-8.934527,0,,0,,,0,,,0,0,0,0,0,0,0,0,0,0,0,,,PT170,1512
160358,0,160358,FÁBRICA SÉCIL (FORNO),,,38.502323,-8.934452,0,,0,,,0,,,0,0,0,0,0,0,0,0,0,0,0,,,PT170,1512
160359,0,160359,VALE RASCA ( BECO DA RIBEIRA),,,38.504313,-8.951315,0,,0,,,0,,,0,0,0,0,0,0,0,0,0,0,0,,,PT170,1512
160360,0,160360,VALE RASCA ( BECO DA RIBEIRA),,,38.504424,-8.951183,0,,0,,,0,,,0,0,0,0,0,0,0,0,0,0,0,,,PT170,1512
160361,0,160361,RASCA,,,38.505508,-8.958081,0,,0,,,0,,,0,0,0,0,0,0,0,0,0,0,0,,,PT170,1512
160362,0,160362,RASCA,,,38.505395,-8.958099,0,,0,,,0,,,0,0,0,0,0,0,0,0,0,0,0,,,PT170,1512
160363,0,160363,ALTO RASCA ( 3),,,38.503257,-8.962894,0,,0,,,0,,,0,0,0,0,0,0,0,0,0,0,0,,,PT170,1512
160364,0,160364,ALTO RASCA ( 3),,,38.503358,-8.963017,0,,0,,,0,,,0,0,0,0,0,0,0,0,0,0,0,,,PT170,1512
160365,0,160365,CASAL CRAMUAL,,,38.504807,-8.970561,0,,0,,,0,,,0,0,0,0,0,0,0,0,0,0,0,,,PT170,1512
160366,0,160366,Estrada Nacional 10 (Casal Cramual),,,38.504823,-8.97044,0,,0,,,0,,,0,0,0,0,0,0,0,0,0,0,0,,,PT170,1512
160367,0,160367,CASAL FORRETA X,,,38.507700,-8.973240,0,,0,,,0,,,0,0,0,0,0,0,0,0,0,0,0,,,PT170,1512
160368,0,160368,Estrada Nacional 10 (X) Estrada dos Picheleiro,,,38.507681,-8.973257,0,,0,,,0,,,0,0,0,0,0,0,0,0,0,0,0,,,PT170,1512
160369,0,160369,RASCA X,,,38.504437,-8.928457,0,,0,,,0,,,0,0,0,0,0,0,0,0,0,0,0,,,PT170,1512
160370,0,160370,RASCA X,,,38.504527,-8.928395,0,,0,,,0,,,0,0,0,0,0,0,0,0,0,0,0,,,PT170,1512
160371,0,160371,PÇ MOURO(R HENR ROSA)DEP RETIRO FERNANDO,,,38.541212,-8.854109,0,,0,,,0,,,0,0,0,0,0,0,0,0,0,0,0,,,PT170,1512
160374,0,160374,QTA AMIZADE (1 ROTUNDA),,,38.54295,-8.855815,0,,0,,,0,,,0,0,0,0,0,0,0,0,0,0,0,,,PT170,1512
160375,0,160375,Avenida Mestre Lima de Freitas 41,,,38.541667,-8.877296,0,,0,,,0,,,0,0,0,0,0,0,0,0,0,0,0,,,PT170,1512
160377,0,160377,QTA AMIZADE (R ANT J ROSA) DEPOIS ROT,,,38.543629,-8.853955,0,,0,,,0,,,0,0,0,0,0,0,0,0,0,0,0,,,PT170,1512
160379,0,160379,BREJOS CANES (208),,,38.540163,-8.807139,0,,0,,,0,,,0,0,0,0,0,0,0,0,0,0,0,,,PT170,1512
160380,0,160380,BREJOS CANES (208),,,38.540271,-8.807086,0,,0,,,0,,,0,0,0,0,0,0,0,0,0,0,0,,,PT170,1512
160381,0,160381,BREJOS CANES ( QTA CANTINHO AMOR),,,38.536649,-8.807002,0,,0,,,0,,,0,0,0,0,0,0,0,0,0,0,0,,,PT170,1512
160382,0,160382,BREJOS CANES ( QTA CANTINHO AMOR),,,38.536747,-8.80697,0,,0,,,0,,,0,0,0,0,0,0,0,0,0,0,0,,,PT170,1512
160383,0,160383,MOURISCA (R BAÍA SADO 12),,,38.531898,-8.811769,0,,0,,,0,,,0,0,0,0,0,0,0,0,0,0,0,,,PT170,1512
160384,0,160384,MOURISCA (R BAÍA SADO 12),,,38.531729,-8.81179,0,,0,,,0,,,0,0,0,0,0,0,0,0,0,0,0,,,PT170,1512
160385,0,160385,ESTR VL ROSA-MOUR (URB NV)XQTA FRAGOSO,,,38.536519,-8.82239,0,,0,,,0,,,0,0,0,0,0,0,0,0,0,0,0,,,PT170,1512
160386,0,160386,ESTR VL ROSA-MOUR (URB NV)XQTA FRAGOSO,,,38.536579,-8.822289,0,,0,,,0,,,0,0,0,0,0,0,0,0,0,0,0,,,PT170,1512
160387,0,160387,VALE ROSA,,,38.538894,-8.831752,0,,0,,,0,,,0,0,0,0,0,0,0,0,0,0,0,,,PT170,1512
160388,0,160388,VALE ROSA,,,38.539067,-8.83198,0,,0,,,0,,,0,0,0,0,0,0,0,0,0,0,0,,,PT170,1512
160389,0,160389,R DO ALTO GUERRA 2,,,38.539323,-8.83767,0,,0,,,0,,,0,0,0,0,0,0,0,0,0,0,0,,,PT170,1512
160390,0,160390,R DO ALTO GUERRA 2,,,38.539211,-8.837578,0,,0,,,0,,,0,0,0,0,0,0,0,0,0,0,0,,,PT170,1512
160391,0,160391,R DO ALTO GUERRA 20,,,38.538345,-8.84202,0,,0,,,0,,,0,0,0,0,0,0,0,0,0,0,0,,,PT170,1512
160393,0,160393,R DO ALTO GUERRA 68,,,38.538125,-8.844762,0,,0,,,0,,,0,0,0,0,0,0,0,0,0,0,0,,,PT170,1512
160395,0,160395,ALTO GUERRA (ACESSO EN 10),,,38.537923,-8.846823,0,,0,,,0,,,0,0,0,0,0,0,0,0,0,0,0,,,PT170,1512
160397,0,160397,POÇO MOURO (EN 10) VIV MALAGUETA,,,38.537647,-8.854694,0,,0,,,0,,,0,0,0,0,0,0,0,0,0,0,0,,,PT170,1512
160398,0,160398,POÇO MOURO (EN 10) VIV MALAGUETA,,,38.537504,-8.854544,0,,0,,,0,,,0,0,0,0,0,0,0,0,0,0,0,,,PT170,1512
160399,0,160399,SETÚBAL(R ENG FERR DIAS)XR ENG PAULO B,,,38.53481,-8.86106,0,,0,,,0,,,0,0,0,0,0,0,0,0,0,0,0,,,PT170,1512
160401,0,160401,SETÚBAL (AV DESCOBERTAS 45),,,38.532523,-8.862224,0,,0,,,0,,,0,0,0,0,0,0,0,0,0,0,0,,,PT170,1512
160403,0,160403,SETÚBAL (AV DESCOBERTAS) CENTRO SAÚDE,,,38.532405,-8.863938,0,,0,,,0,,,0,0,0,0,0,0,0,0,0,0,0,,,PT170,1512
160404,0,160404,SETÚBAL (AV DESCOBERTAS) CENTRO SAÚDE,,,38.532633,-8.863884,0,,0,,,0,,,0,0,0,0,0,0,0,0,0,0,0,,,PT170,1512
160405,0,160405,SETÚBAL (R ALJUBARROTA 20),,,38.532953,-8.868802,0,,0,,,0,,,0,0,0,0,0,0,0,0,0,0,0,,,PT170,1512
160407,0,160407,Avenida Luísa Todi (Farmácia),,,38.521877,-8.900643,0,,0,,,0,,,0,0,0,0,0,0,0,0,0,0,0,,,PT170,1512
160411,0,160411,Rua Gama Braga 31,,,38.527709,-8.888525,0,,0,,,0,,,0,0,0,0,0,0,0,0,0,0,0,,,PT170,1512
160413,0,160413,SETÚBAL (R ENGº MAMEDE FIALHO 6),,,38.533029,-8.862552,0,,0,,,0,,,0,0,0,0,0,0,0,0,0,0,0,,,PT170,1512
160415,0,160415,ALTO GUERRA (EN 10) SEMÁFOROS,,,38.537605,-8.848362,0,,0,,,0,,,0,0,0,0,0,0,0,0,0,0,0,,,PT170,1512
160417,0,160417,VALE ROSA,,,38.540086,-8.835215,0,,0,,,0,,,0,0,0,0,0,0,0,0,0,0,0,,,PT170,1512
160419,0,160419,SETÚBAL(AV AVELAR BROTERO)BºCAMOLAS-TERM,,,38.542404,-8.882878,0,,0,,,0,,,0,0,0,0,0,0,0,0,0,0,0,,,PT170,1512
160421,0,160421,SETÚBAL (LGO CAMPO FLORES 31),,,38.541648,-8.883518,0,,0,,,0,,,0,0,0,0,0,0,0,0,0,0,0,,,PT170,1512
160423,0,160423,SETÚBAL (R GREGÓRIO LOPES 7),,,38.54052,-8.884588,0,,0,,,0,,,0,0,0,0,0,0,0,0,0,0,0,,,PT170,1512
160426,0,160426,Avenida dos Ciprestes 112,,,38.538743,-8.885197,0,,0,,,0,,,0,0,0,0,0,0,0,0,0,0,0,,,PT170,1512
160427,0,160427,SETÚBAL (R BOMBEIROS SETÚBAL 13),,,38.533838,-8.877652,0,,0,,,0,,,0,0,0,0,0,0,0,0,0,0,0,,,PT170,1512
160428,0,160428,SETÚBAL (R BOMBEIROS SETÚBAL 13),,,38.533659,-8.877548,0,,0,,,0,,,0,0,0,0,0,0,0,0,0,0,0,,,PT170,1512
160429,0,160429,SETÚBAL (R PINHEIRINHOS 6),,,38.531952,-8.879796,0,,0,,,0,,,0,0,0,0,0,0,0,0,0,0,0,,,PT170,1512
160430,0,160430,SETÚBAL (R PINHEIRINHOS 6),,,38.532074,-8.879617,0,,0,,,0,,,0,0,0,0,0,0,0,0,0,0,0,,,PT170,1512
160431,0,160431,SETÚBAL (R 4 CAMINHOS 9),,,38.532556,-8.876607,0,,0,,,0,,,0,0,0,0,0,0,0,0,0,0,0,,,PT170,1512
160432,0,160432,SETÚBAL (R 4 CAMINHOS 9),,,38.532585,-8.876413,0,,0,,,0,,,0,0,0,0,0,0,0,0,0,0,0,,,PT170,1512
160433,0,160433,Avenida General Daniel de Sousa Frente 4,,,38.525599,-8.898661,0,,0,,,0,,,0,0,0,0,0,0,0,0,0,0,0,,,PT170,1512
160434,0,160434,Avenida General Daniel de Sousa 4,,,38.525693,-8.898472,0,,0,,,0,,,0,0,0,0,0,0,0,0,0,0,0,,,PT170,1512
160435,0,160435,SETÚBAL (R NOSSA S CARMO) JARDIM,,,38.527114,-8.902512,0,,0,,,0,,,0,0,0,0,0,0,0,0,0,0,0,,,PT170,1512
160436,0,160436,SETÚBAL (R NOSSA S CARMO) JARDIM,,,38.527086,-8.902385,0,,0,,,0,,,0,0,0,0,0,0,0,0,0,0,0,,,PT170,1512
160437,0,160437,SETÚBAL (R NOSSA S CARMO 25),,,38.52861,-8.902961,0,,0,,,0,,,0,0,0,0,0,0,0,0,0,0,0,,,PT170,1512
160438,0,160438,SETÚBAL (R NOSSA S CARMO 25),,,38.528308,-8.902758,0,,0,,,0,,,0,0,0,0,0,0,0,0,0,0,0,,,PT170,1512
160439,0,160439,SETÚBAL (R S JESUS AFLITOS 31),,,38.529412,-8.903452,0,,0,,,0,,,0,0,0,0,0,0,0,0,0,0,0,,,PT170,1512
160440,0,160440,SETÚBAL (R S JESUS AFLITOS 31),,,38.529324,-8.90345,0,,0,,,0,,,0,0,0,0,0,0,0,0,0,0,0,,,PT170,1512
160441,0,160441,SETÚBAL (R S JESUS AFLITOS 11),,,38.526977,-8.904791,0,,0,,,0,,,0,0,0,0,0,0,0,0,0,0,0,,,PT170,1512
160442,0,160442,SETÚBAL (R S JESUS AFLITOS 11),,,38.527083,-8.90461,0,,0,,,0,,,0,0,0,0,0,0,0,0,0,0,0,,,PT170,1512
160443,0,160443,SETÚBAL (R SANTIAGO 7),,,38.527227,-8.905811,0,,0,,,0,,,0,0,0,0,0,0,0,0,0,0,0,,,PT170,1512
160444,0,160444,SETÚBAL (R SANTIAGO 7),,,38.527205,-8.905679,0,,0,,,0,,,0,0,0,0,0,0,0,0,0,0,0,,,PT170,1512
160445,0,160445,SETÚBAL (PÇA REBOREDA 17),,,38.529377,-8.904971,0,,0,,,0,,,0,0,0,0,0,0,0,0,0,0,0,,,PT170,1512
160447,0,160447,SETÚBAL (R VIDAIS) ESC X,,,38.528728,-8.908431,0,,0,,,0,,,0,0,0,0,0,0,0,0,0,0,0,,,PT170,1512
160448,0,160448,SETÚBAL (R VIDAIS) ESC X,,,38.528584,-8.908734,0,,0,,,0,,,0,0,0,0,0,0,0,0,0,0,0,,,PT170,1512
160449,0,160449,SETÚBAL (R VIDAIS 25),,,38.528364,-8.910455,0,,0,,,0,,,0,0,0,0,0,0,0,0,0,0,0,,,PT170,1512
160450,0,160450,SETÚBAL (R VIDAIS 25),,,38.52823,-8.910557,0,,0,,,0,,,0,0,0,0,0,0,0,0,0,0,0,,,PT170,1512
160451,0,160451,SETÚBAL (R VIDAIS 1),,,38.526472,-8.912955,0,,0,,,0,,,0,0,0,0,0,0,0,0,0,0,0,,,PT170,1512
160453,0,160453,SETÚBAL (PÇA REBOREDA 1),,,38.529555,-8.905172,0,,0,,,0,,,0,0,0,0,0,0,0,0,0,0,0,,,PT170,1512
160455,0,160455,Avenida dos Ciprestes Frente 148,,,38.540993,-8.88544,0,,0,,,0,,,0,0,0,0,0,0,0,0,0,0,0,,,PT170,1512
160456,0,160456,Avenida dos Ciprestes 144,,,38.540925,-8.885289,0,,0,,,0,,,0,0,0,0,0,0,0,0,0,0,0,,,PT170,1512
160457,0,160457,SETÚBAL (R MARQUES COSTA 5),,,38.522078,-8.901788,0,,0,,,0,,,0,0,0,0,0,0,0,0,0,0,0,,,PT170,1512
160458,0,160458,SETÚBAL (R MARQUES COSTA 5),,,38.522081,-8.901679,0,,0,,,0,,,0,0,0,0,0,0,0,0,0,0,0,,,PT170,1512
160459,0,160459,SETÚBAL (R JOSÉ CARLOS MAIA 128),,,38.522674,-8.903398,0,,0,,,0,,,0,0,0,0,0,0,0,0,0,0,0,,,PT170,1512
160460,0,160460,SETÚBAL (R JOSÉ CARLOS MAIA 128),,,38.522784,-8.903411,0,,0,,,0,,,0,0,0,0,0,0,0,0,0,0,0,,,PT170,1512
160461,0,160461,SETÚBAL (R S FRANCISCO XAVIER 111),,,38.524783,-8.906143,0,,0,,,0,,,0,0,0,0,0,0,0,0,0,0,0,,,PT170,1512
160462,0,160462,SETÚBAL (R S FRANCISCO XAVIER 111),,,38.524908,-8.906113,0,,0,,,0,,,0,0,0,0,0,0,0,0,0,0,0,,,PT170,1512
160467,0,160467,SETÚBAL (AV D PEDRO V) TERMINAL,,,38.542309,-8.893748,0,,0,,,0,,,0,0,0,0,0,0,0,0,0,0,0,,,PT170,1512
160469,0,160469,SETÚBAL (R ESTEVÃO L VELHO 19),,,38.522902,-8.881764,0,,0,,,0,,,0,0,0,0,0,0,0,0,0,0,0,,,PT170,1512
160470,0,160470,SETÚBAL (R ESTEVÃO L VELHO 19),,,38.522955,-8.881592,0,,0,,,0,,,0,0,0,0,0,0,0,0,0,0,0,,,PT170,1512
160471,0,160471,SETÚBAL (R D PEDRO F SARDINHA 31),,,38.523107,-8.877801,0,,0,,,0,,,0,0,0,0,0,0,0,0,0,0,0,,,PT170,1512
160472,0,160472,SETÚBAL (R D PEDRO F SARDINHA 31),,,38.523036,-8.877793,0,,0,,,0,,,0,0,0,0,0,0,0,0,0,0,0,,,PT170,1512
160473,0,160473,SETÚBAL (R D PEDRO F SARDINHA 2),,,38.523277,-8.876098,0,,0,,,0,,,0,0,0,0,0,0,0,0,0,0,0,,,PT170,1512
160474,0,160474,SETÚBAL (R D PEDRO F SARDINHA 2),,,38.523348,-8.876282,0,,0,,,0,,,0,0,0,0,0,0,0,0,0,0,0,,,PT170,1512
160475,0,160475,MANTEIGADAS (PISCINAS MUNICIPAIS),,,38.519978,-8.856408,0,,0,,,0,,,0,0,0,0,0,0,0,0,0,0,0,,,PT170,1512
160477,0,160477,SETÚBAL (MANTEIGADAS)PISCINAS MUNICIPAIS,,,38.520403,-8.856829,0,,0,,,0,,,0,0,0,0,0,0,0,0,0,0,0,,,PT170,1512
160479,0,160479,ESTR MITRENA (ESTALEIRO ETERMAR),,,38.51093,-8.85484,0,,0,,,0,,,0,0,0,0,0,0,0,0,0,0,0,,,PT170,1512
160480,0,160480,Avenida Baía de Setúbal (Frente Estaleiros),,,38.511006,-8.854772,0,,0,,,0,,,0,0,0,0,0,0,0,0,0,0,0,,,PT170,1512
160481,0,160481,ESTR MITRENA ( BOLA SAPEC),,,38.499472,-8.839537,0,,0,,,0,,,0,0,0,0,0,0,0,0,0,0,0,,,PT170,1512
160482,0,160482,Estrada Nacional 10 (Frente Terminal Portuário Sapec),,,38.499545,-8.839397,0,,0,,,0,,,0,0,0,0,0,0,0,0,0,0,0,,,PT170,1512
160483,0,160483,SAPEC X,,,38.496497,-8.835414,0,,0,,,0,,,0,0,0,0,0,0,0,0,0,0,0,,,PT170,1512
160484,0,160484,SAPEC X,,,38.49598,-8.834392,0,,0,,,0,,,0,0,0,0,0,0,0,0,0,0,0,,,PT170,1512
160485,0,160485,SAPEC (ADMINISTRAÇÃO),,,38.496535,-8.832466,0,,0,,,0,,,0,0,0,0,0,0,0,0,0,0,0,,,PT170,1512
160486,0,160486,SAPEC (ADMINISTRAÇÃO),,,38.496329,-8.832346,0,,0,,,0,,,0,0,0,0,0,0,0,0,0,0,0,,,PT170,1512
160487,0,160487,SAPEC (FÁBRICA),,,38.497958,-8.831441,0,,0,,,0,,,0,0,0,0,0,0,0,0,0,0,0,,,PT170,1512
160488,0,160488,SAPEC (FÁBRICA),,,38.497913,-8.831295,0,,0,,,0,,,0,0,0,0,0,0,0,0,0,0,0,,,PT170,1512
160489,0,160489,ESTR MITRENA (ALSTOM),,,38.491731,-8.821207,0,,0,,,0,,,0,0,0,0,0,0,0,0,0,0,0,,,PT170,1512
160490,0,160490,ESTR MITRENA (ALSTOM),,,38.491742,-8.820824,0,,0,,,0,,,0,0,0,0,0,0,0,0,0,0,0,,,PT170,1512
160491,0,160491,INAPA,,,38.490459,-8.814988,0,,0,,,0,,,0,0,0,0,0,0,0,0,0,0,0,,,PT170,1512
160493,0,160493,PORTUCEL X,,,38.488792,-8.810529,0,,0,,,0,,,0,0,0,0,0,0,0,0,0,0,0,,,PT170,1512
160494,0,160494,PORTUCEL X,,,38.488893,-8.810507,0,,0,,,0,,,0,0,0,0,0,0,0,0,0,0,0,,,PT170,1512
160495,0,160495,PORTUCEL (ESCRITÓRIOS),,,38.490174,-8.807029,0,,0,,,0,,,0,0,0,0,0,0,0,0,0,0,0,,,PT170,1512
160496,0,160496,PORTUCEL (ESCRITÓRIOS),,,38.490189,-8.80683,0,,0,,,0,,,0,0,0,0,0,0,0,0,0,0,0,,,PT170,1512
160497,0,160497,PORTUCEL (FÁBRICA),,,38.491882,-8.80727,0,,0,,,0,,,0,0,0,0,0,0,0,0,0,0,0,,,PT170,1512
160499,0,160499,ESTR MITRENA X LISNAVE,,,38.489894,-8.795504,0,,0,,,0,,,0,0,0,0,0,0,0,0,0,0,0,,,PT170,1512
160500,0,160500,ESTR MITRENA X LISNAVE,,,38.489963,-8.795228,0,,0,,,0,,,0,0,0,0,0,0,0,0,0,0,0,,,PT170,1512
160502,0,160502,MITRENA LISNAVE (N10-4),,,38.482095,-8.793234,0,,0,,,0,,,0,0,0,0,0,0,0,0,0,0,0,,,PT170,1512
160503,0,160503,Estrada Nacional 10 (Parque Indústrial),,,38.490186,-8.799637,0,,0,,,0,,,0,0,0,0,0,0,0,0,0,0,0,,,PT170,1512
160504,0,160504,ESTR MITRENA X PARQUE INDUSTRIAL,,,38.490374,-8.799575,0,,0,,,0,,,0,0,0,0,0,0,0,0,0,0,0,,,PT170,1512
160505,0,160505,Estrada Nacional 10 (Frente Restauração),,,38.488532,-8.808305,0,,0,,,0,,,0,0,0,0,0,0,0,0,0,0,0,,,PT170,1512
160507,0,160507,SETÚBAL (AV COMBATENTES) SADINO,,,38.524823,-8.896738,0,,0,,,0,,,0,0,0,0,0,0,0,0,0,0,0,,,PT170,1512
160508,0,160508,SETÚBAL (AV COMBATENTES) SADINO,,,38.524941,-8.896738,0,,0,,,0,,,0,0,0,0,0,0,0,0,0,0,0,,,PT170,1512
160509,0,160509,SETÚBAL (PÇA OLGA MORAIS SARMENTO),,,38.524471,-8.875041,0,,0,,,0,,,0,0,0,0,0,0,0,0,0,0,0,,,PT170,1512
160510,0,160510,SETÚBAL (PÇA OLGA MORAIS SARMENTO),,,38.524732,-8.874863,0,,0,,,0,,,0,0,0,0,0,0,0,0,0,0,0,,,PT170,1512
160515,0,160515,SETÚBAL (ESTR VALE MULATAS) COLÉGIO,,,38.542773,-8.881413,0,,0,,,0,,,0,0,0,0,0,0,0,0,0,0,0,,,PT170,1512
160516,0,160516,SETÚBAL (ESTR VALE MULATAS) COLÉGIO,,,38.542678,-8.881347,0,,0,,,0,,,0,0,0,0,0,0,0,0,0,0,0,,,PT170,1512
160517,0,160517,SETÚBAL (AV MESTRE LIMA FREITAS 34),,,38.541712,-8.876593,0,,0,,,0,,,0,0,0,0,0,0,0,0,0,0,0,,,PT170,1512
160521,0,160521,SETÚBAL (R OLIVEIRA MARTINS 17),,,38.527534,-8.896392,0,,0,,,0,,,0,0,0,0,0,0,0,0,0,0,0,,,PT170,1512
160522,0,160522,SETÚBAL (R OLIVEIRA MARTINS 17),,,38.527444,-8.896294,0,,0,,,0,,,0,0,0,0,0,0,0,0,0,0,0,,,PT170,1512
160523,0,160523,SETÚBAL (R FREI ANT CHAGAS) IGRJ JUBILEU,,,38.529002,-8.89778,0,,0,,,0,,,0,0,0,0,0,0,0,0,0,0,0,,,PT170,1512
160524,0,160524,SETÚBAL (R FREI ANT CHAGAS) IGRJ JUBILEU,,,38.528886,-8.897667,0,,0,,,0,,,0,0,0,0,0,0,0,0,0,0,0,,,PT170,1512
160525,0,160525,SETÚBAL (ESTR CIPRESTES) ÁGUAS SADO,,,38.544204,-8.884618,0,,0,,,0,,,0,0,0,0,0,0,0,0,0,0,0,,,PT170,1512
160526,0,160526,SETÚBAL (ESTR CIPRESTES) ÁGUAS SADO,,,38.544205,-8.884449,0,,0,,,0,,,0,0,0,0,0,0,0,0,0,0,0,,,PT170,1512
160527,0,160527,SETÚBAL (ESTR CIPRESTES) X VARZINHA,,,38.54609,-8.884783,0,,0,,,0,,,0,0,0,0,0,0,0,0,0,0,0,,,PT170,1512
160528,0,160528,SETÚBAL (ESTR CIPRESTES) X VARZINHA,,,38.54642,-8.884604,0,,0,,,0,,,0,0,0,0,0,0,0,0,0,0,0,,,PT170,1512
160529,0,160529,SETÚBAL (QTA VARZINHA),,,38.549266,-8.882345,0,,0,,,0,,,0,0,0,0,0,0,0,0,0,0,0,,,PT170,1512
160530,0,160530,SETÚBAL (QTA VARZINHA),,,38.549216,-8.88223,0,,0,,,0,,,0,0,0,0,0,0,0,0,0,0,0,,,PT170,1512
160531,0,160531,Praça Almirante Reis (Combatentes),,,38.525053,-8.89466,0,,0,,,0,,,0,0,0,0,0,0,0,0,0,0,0,,,PT170,1512
160533,0,160533,EN 10 KM 37500 - QTA SANTANA,,,38.533329,-8.902216,0,,0,,,0,,,0,0,0,0,0,0,0,0,0,0,0,,,PT170,1512
160534,0,160534,EN 10 KM 37500 - QTA SANTANA,,,38.533297,-8.901935,0,,0,,,0,,,0,0,0,0,0,0,0,0,0,0,0,,,PT170,1512
160535,0,160535,Estrada de Poçoilos (Frente Parque Municipal),,,38.553845,-8.866094,0,,0,,,0,,,0,0,0,0,0,0,0,0,0,0,0,,,PT170,1512
160536,0,160536,Hospital da Luz de Setúbal,,,38.532635,-8.910096,0,,0,,,0,,,0,0,0,0,0,0,0,0,0,0,0,,,PT170,1512
160537,0,160537,Estrada Nacional 10 146,,,38.532309,-8.913891,0,,0,,,0,,,0,0,0,0,0,0,0,0,0,0,0,,,PT170,1512
160538,0,160538,EN10 KM365 - QTA VIDAIS 146,,,38.532236,-8.91363,0,,0,,,0,,,0,0,0,0,0,0,0,0,0,0,0,,,PT170,1512
160539,0,160539,EN10 KM362 - PST COMBUST,,,38.531516,-8.917503,0,,0,,,0,,,0,0,0,0,0,0,0,0,0,0,0,,,PT170,1512
160540,0,160540,EN10 KM362 - PST COMBUST,,,38.531378,-8.917469,0,,0,,,0,,,0,0,0,0,0,0,0,0,0,0,0,,,PT170,1512
160541,0,160541,Estrada Nacional 10 (Frente Grelhal),,,38.529917,-8.922289,0,,0,,,0,,,0,0,0,0,0,0,0,0,0,0,0,,,PT170,1512
160542,0,160542,S LUIS SERRA (EN10 KM35800),,,38.529731,-8.922343,0,,0,,,0,,,0,0,0,0,0,0,0,0,0,0,0,,,PT170,1512
160543,0,160543,S LUIS SERRA (EN 10 KM 35400),,,38.528188,-8.926652,0,,0,,,0,,,0,0,0,0,0,0,0,0,0,0,0,,,PT170,1512
160544,0,160544,Estrada Nacional 10 (Frente Alojamento Local),,,38.52804,-8.92658,0,,0,,,0,,,0,0,0,0,0,0,0,0,0,0,0,,,PT170,1512
160545,0,160545,EN10 KM345 - ALTO SERRADOR,,,38.525729,-8.936513,0,,0,,,0,,,0,0,0,0,0,0,0,0,0,0,0,,,PT170,1512
160546,0,160546,Estrada São Luis da Serra (Alto do Serrador),,,38.52559,-8.936477,0,,0,,,0,,,0,0,0,0,0,0,0,0,0,0,0,,,PT170,1512
160547,0,160547,ALDEIA GRANDE (EN 10) QTA ESTEVAL,,,38.524612,-8.946451,0,,0,,,0,,,0,0,0,0,0,0,0,0,0,0,0,,,PT170,1512
160548,0,160548,Estrada Nacional 10 (Frente Hotel),,,38.525016,-8.947432,0,,0,,,0,,,0,0,0,0,0,0,0,0,0,0,0,,,PT170,1512
160549,0,160549,Estrada Nacional 10 42,,,38.522722,-8.958784,0,,0,,,0,,,0,0,0,0,0,0,0,0,0,0,0,,,PT170,1512
160550,0,160550,Estrada Nacional 10 Frente 42,,,38.522574,-8.958719,0,,0,,,0,,,0,0,0,0,0,0,0,0,0,0,0,,,PT170,1512
160551,0,160551,ALDEIA GRANDE (EN 10 KM 32000 92),,,38.520913,-8.963743,0,,0,,,0,,,0,0,0,0,0,0,0,0,0,0,0,,,PT170,1512
160552,0,160552,Estrada Nacional 10 Frente 92,,,38.520804,-8.963524,0,,0,,,0,,,0,0,0,0,0,0,0,0,0,0,0,,,PT170,1512
160553,0,160553,Estrada Nacional 10 132,,,38.518447,-8.968927,0,,0,,,0,,,0,0,0,0,0,0,0,0,0,0,0,,,PT170,1512
160555,0,160555,VILA F AZEITÃO (EN 10) HERD ARNEIROS,,,38.517781,-8.981228,0,,0,,,0,,,0,0,0,0,0,0,0,0,0,0,0,,,PT170,1512
160556,0,160556,Estrada Nacional 10 (Herdade Arneiros),,,38.517801,-8.980973,0,,0,,,0,,,0,0,0,0,0,0,0,0,0,0,0,,,PT170,1512
160557,0,160557,Estrada Nacional 10 (X) Rua de Setúbal,,,38.527891,-8.986405,0,,0,,,0,,,0,0,0,0,0,0,0,0,0,0,0,,,PT170,1512
160559,0,160559,V F AZEITÃO (EN10 KM 27900) GARE RODOV,,,38.525451,-8.991369,0,,0,,,0,,,0,0,0,0,0,0,0,0,0,0,0,,,PT170,1512
160560,0,160560,V F AZEITÃO (EN10 KM 27900) GARE RODOV,,,38.525399,-8.991264,0,,0,,,0,,,0,0,0,0,0,0,0,0,0,0,0,,,PT170,1512
160561,0,160561,V F AZEITÃO(EN10)ENTRECERCAS(QT MÁ PART),,,38.524154,-8.994053,0,,0,,,0,,,0,0,0,0,0,0,0,0,0,0,0,,,PT170,1512
160562,0,160562,V F AZEITÃO(EN10)ENTRECERCAS(QT MÁ PART),,,38.524239,-8.993607,0,,0,,,0,,,0,0,0,0,0,0,0,0,0,0,0,,,PT170,1512
160563,0,160563,V F AZEITÃO (EN10) URB BOM PASTOR,,,38.524009,-8.998219,0,,0,,,0,,,0,0,0,0,0,0,0,0,0,0,0,,,PT170,1512
160564,0,160564,Estrada Nacional 10 (Urbanização Bom Pastor),,,38.524037,-8.997442,0,,0,,,0,,,0,0,0,0,0,0,0,0,0,0,0,,,PT170,1512
160565,0,160565,AZINHAGA PASMADOS (SUPERMERCADO),,,38.527075,-9.001863,0,,0,,,0,,,0,0,0,0,0,0,0,0,0,0,0,,,PT170,1512
160567,0,160567,GALEOTAS - R FLORES (X) R COELHEIRAS 2,,,38.535933,-9.007543,0,,0,,,0,,,0,0,0,0,0,0,0,0,0,0,0,,,PT170,1512
160568,0,160568,GALEOTAS - R FLORES (X) R COELHEIRAS 2,,,38.535884,-9.007376,0,,0,,,0,,,0,0,0,0,0,0,0,0,0,0,0,,,PT170,1512
160569,0,160569,GALEOTAS (R DA FELICIDADE 21),,,38.53923,-9.011032,0,,0,,,0,,,0,0,0,0,0,0,0,0,0,0,0,,,PT170,1512
160570,0,160570,GALEOTAS (R DA FELICIDADE 21),,,38.539209,-9.010765,0,,0,,,0,,,0,0,0,0,0,0,0,0,0,0,0,,,PT170,1512
160571,0,160571,GALEOTAS (R RAINHA DONA AMÉLIA 26),,,38.538661,-9.014034,0,,0,,,0,,,0,0,0,0,0,0,0,0,0,0,0,,,PT170,1512
160572,0,160572,GALEOTAS (R RAINHA DONA AMÉLIA 26),,,38.538578,-9.014088,0,,0,,,0,,,0,0,0,0,0,0,0,0,0,0,0,,,PT170,1512
160573,0,160573,CHOILO (R FAMÍLIA BRONZE 29),,,38.537447,-9.018085,0,,0,,,0,,,0,0,0,0,0,0,0,0,0,0,0,,,PT170,1512
160574,0,160574,Rua Família Bronze 33,,,38.537366,-9.018069,0,,0,,,0,,,0,0,0,0,0,0,0,0,0,0,0,,,PT170,1512
160575,0,160575,CHOILO (R JOÃO GONÇALVES ZARCO 180),,,38.534706,-9.016305,0,,0,,,0,,,0,0,0,0,0,0,0,0,0,0,0,,,PT170,1512
160578,0,160578,CHOILO (R DIOGO DE SILVES 26),,,38.535235,-9.013704,0,,0,,,0,,,0,0,0,0,0,0,0,0,0,0,0,,,PT170,1512
160580,0,160580,CHOILO (R SOC MUSICAL BREJO CLÉRIGO 29),,,38.536798,-9.014123,0,,0,,,0,,,0,0,0,0,0,0,0,0,0,0,0,,,PT170,1512
160581,0,160581,CHOILO (R SOC MUSICAL BREJO CLÉRIGO 1),,,38.540201,-9.015926,0,,0,,,0,,,0,0,0,0,0,0,0,0,0,0,0,,,PT170,1512
160582,0,160582,CHOILO (R SOC MUSICAL BREJO CLÉRIGO 1),,,38.540364,-9.015913,0,,0,,,0,,,0,0,0,0,0,0,0,0,0,0,0,,,PT170,1512
160583,0,160583,CHOILO (R SOC MUSICAL BREJO CLÉRIGO 123),,,38.543135,-9.01756,0,,0,,,0,,,0,0,0,0,0,0,0,0,0,0,0,,,PT170,1512
160584,0,160584,CHOILO (R SOC MUSICAL BREJO CLÉRIGO 123),,,38.543001,-9.017326,0,,0,,,0,,,0,0,0,0,0,0,0,0,0,0,0,,,PT170,1512
160585,0,160585,Escola Básica de Brejos do Clérigo,,,38.545512,-9.016694,0,,0,,,0,,,0,0,0,0,0,0,0,0,0,0,0,,,PT170,1512
160586,0,160586,BREJOS AZ (R S GONÇALO)X R ESC (ESCOLA),,,38.545466,-9.01654,0,,0,,,0,,,0,0,0,0,0,0,0,0,0,0,0,,,PT170,1512
160587,0,160587,BREJOS (RUA SÃO GONÇALO),,,38.546141,-9.012675,0,,0,,,0,,,0,0,0,0,0,0,0,0,0,0,0,,,PT170,1512
010068,0,010068,R FUTEBOL CLUBE S FRANCISCO (VILA AZUL),,,38.731771,-8.966098,0,,0,,,0,,,0,0,0,0,0,0,0,0,0,0,0,,,PT170,1502
010069,0,010069,AV DOS BARRIS (PQ DESP DO VALBOM),,,38.745981,-8.966255,0,,0,,,0,,,0,0,0,0,0,0,0,0,0,0,0,,,PT170,1502
010071,0,010071,AV DOS BARRIS (ESCOLA SECUNDÁRIA),,,38.74789,-8.964495,0,,0,,,0,,,0,0,0,0,0,0,0,0,0,0,0,,,PT170,1502
010075,0,010075,ESTR DO BREJO COMPRIDO 4307,,,38.688647,-8.914773,0,,0,,,0,,,0,0,0,0,0,0,0,0,0,0,0,,,PT170,1502
010077,0,010077,CM1123 (QTA DA FLOR),,,38.69541,-8.916467,0,,0,,,0,,,0,0,0,0,0,0,0,0,0,0,0,,,PT170,1502
010079,0,010079,Avenida da Revolução 86,,,38.753276,-8.960039,0,,0,,,0,,,0,0,0,0,0,0,0,0,0,0,0,,,PT170,1502
010080,0,010080,Avenida da Revolução 43,,,38.753388,-8.959593,0,,0,,,0,,,0,0,0,0,0,0,0,0,0,0,0,,,PT170,1502
010081,0,010081,Rua do Salineiro (X) Rua Capitão Salgueiro Maia,,,38.74924,-8.965488,0,,0,,,0,,,0,0,0,0,0,0,0,0,0,0,0,,,PT170,1502
010082,0,010082,Rua do Salineiro Frente 81,,,38.749071,-8.965811,0,,0,,,0,,,0,0,0,0,0,0,0,0,0,0,0,,,PT170,1502
010083,0,010083,VALBOM (R CERRADINHO PRAIA),,,38.745965,-8.968585,0,,0,,,0,,,0,0,0,0,0,0,0,0,0,0,0,,,PT170,1502
010084,0,010084,VALBOM (R CERRADINHO PRAIA),,,38.746213,-8.968874,0,,0,,,0,,,0,0,0,0,0,0,0,0,0,0,0,,,PT170,1502
010085,0,010085,Avenida Dom João II,,,38.739188,-8.970525,0,,0,,,0,,,0,0,0,0,0,0,0,0,0,0,0,,,PT170,1502
010086,0,010086,Avenida D. João II (X) Rua do Cercal,,,38.739504,-8.97034,0,,0,,,0,,,0,0,0,0,0,0,0,0,0,0,0,,,PT170,1502
010087,0,010087,R DA SOCIEDADE 95,,,38.731976,-8.975904,0,,0,,,0,,,0,0,0,0,0,0,0,0,0,0,0,,,PT170,1502
010088,0,010088,R DA SOCIEDADE 95,,,38.732086,-8.975856,0,,0,,,0,,,0,0,0,0,0,0,0,0,0,0,0,,,PT170,1502
010089,0,010089,Estrada Municipal 501 (X) Rua da Pacheca,,,38.735989,-8.981469,0,,0,,,0,,,0,0,0,0,0,0,0,0,0,0,0,,,PT170,1502
010090,0,010090,QTA PACHECA (EM 501) X R PACHECA,,,38.735783,-8.981473,0,,0,,,0,,,0,0,0,0,0,0,0,0,0,0,0,,,PT170,1502
010091,0,010091,EM 501 (VIAD PT VASCO GAMA) EST SERVIÇO,,,38.728153,-8.991644,0,,0,,,0,,,0,0,0,0,0,0,0,0,0,0,0,,,PT170,1502
010092,0,010092,EM 501 (VIAD PT VASCO GAMA) EST SERVIÇO,,,38.728098,-8.991504,0,,0,,,0,,,0,0,0,0,0,0,0,0,0,0,0,,,PT170,1502
010093,0,010093,SAMOUCO (EM 501) PORTO VELHO FÁB BOLOS,,,38.72337,-8.994983,0,,0,,,0,,,0,0,0,0,0,0,0,0,0,0,0,,,PT170,1502
010094,0,010094,SAMOUCO (EM 501) PORTO VELHO FÁB BOLOS,,,38.723261,-8.994897,0,,0,,,0,,,0,0,0,0,0,0,0,0,0,0,0,,,PT170,1502
010095,0,010095,SAMOUCO (EM 501) BAIRRO NOVO 210,,,38.722196,-8.998414,0,,0,,,0,,,0,0,0,0,0,0,0,0,0,0,0,,,PT170,1502
010096,0,010096,SAMOUCO (EM 501) BAIRRO NOVO 210,,,38.722084,-8.998532,0,,0,,,0,,,0,0,0,0,0,0,0,0,0,0,0,,,PT170,1502
010097,0,010097,SAMOUCO (EM 501 46),,,38.721525,-9.000315,0,,0,,,0,,,0,0,0,0,0,0,0,0,0,0,0,,,PT170,1502
010098,0,010098,SAMOUCO (EM 501 46),,,38.721444,-9.000258,0,,0,,,0,,,0,0,0,0,0,0,0,0,0,0,0,,,PT170,1502
010107,0,010107,ALCOCHETE (EM 502) VILA SOL,,,38.744593,-8.957867,0,,0,,,0,,,0,0,0,0,0,0,0,0,0,0,0,,,PT170,1502
010108,0,010108,ALCOCHETE (EM 502) VILA SOL,,,38.744518,-8.95768,0,,0,,,0,,,0,0,0,0,0,0,0,0,0,0,0,,,PT170,1502
010109,0,010109,EM 502 (ARMAZENS),,,38.72658,-8.939894,0,,0,,,0,,,0,0,0,0,0,0,0,0,0,0,0,,,PT170,1502
010110,0,010110,EM 502 (ARMAZENS),,,38.726712,-8.939746,0,,0,,,0,,,0,0,0,0,0,0,0,0,0,0,0,,,PT170,1502
010111,0,010111,FONTE SENHORA (R HORTAS 17),,,38.710779,-8.920074,0,,0,,,0,,,0,0,0,0,0,0,0,0,0,0,0,,,PT170,1502
010112,0,010112,FONTE SENHORA (R HORTAS 17),,,38.710717,-8.920006,0,,0,,,0,,,0,0,0,0,0,0,0,0,0,0,0,,,PT170,1502
010113,0,010113,FONTE SENHORA (R ANT RODRIGUES DIAS) FONTE,,,38.711488,-8.917419,0,,0,,,0,,,0,0,0,0,0,0,0,0,0,0,0,,,PT170,1502
010114,0,010114,FONTE SENHORA (R ANT RODRIGUES DIAS) FONTE,,,38.711492,-8.917189,0,,0,,,0,,,0,0,0,0,0,0,0,0,0,0,0,,,PT170,1502
010115,0,010115,R ANT RODRIGUES DIAS (X) EN4 (QTA MORGADO),,,38.707531,-8.914769,0,,0,,,0,,,0,0,0,0,0,0,0,0,0,0,0,,,PT170,1502
010116,0,010116,R ANT RODRIGUES DIAS (X) EN4 (QTA MORGADO),,,38.707325,-8.914608,0,,0,,,0,,,0,0,0,0,0,0,0,0,0,0,0,,,PT170,1502
010117,0,010117,EN 4 (VIV MARICATO),,,38.707245,-8.911405,0,,0,,,0,,,0,0,0,0,0,0,0,0,0,0,0,,,PT170,1502
010118,0,010118,EN 4 (VIV MARICATO),,,38.707276,-8.910207,0,,0,,,0,,,0,0,0,0,0,0,0,0,0,0,0,,,PT170,1502
010119,0,010119,EN4 (Viaduto),,,38.707923,-8.905727,0,,0,,,0,,,0,0,0,0,0,0,0,0,0,0,0,,,PT170,1502
010120,0,010120,EN 4 ANTES VIADUTO A12,,,38.707814,-8.905808,0,,0,,,0,,,0,0,0,0,0,0,0,0,0,0,0,,,PT170,1502
010121,0,010121,Rua do Aceiro Frente Lote 7,,,38.709056,-8.898717,0,,0,,,0,,,0,0,0,0,0,0,0,0,0,0,0,,,PT170,1502
010122,0,010122,Rua do Aceiro 8,,,38.709301,-8.898597,0,,0,,,0,,,0,0,0,0,0,0,0,0,0,0,0,,,PT170,1502
010123,0,010123,R DO ACEIRO (FÁBRICA CORTIÇA),,,38.711581,-8.899968,0,,0,,,0,,,0,0,0,0,0,0,0,0,0,0,0,,,PT170,1502
010124,0,010124,Rua do Aceiro (Frente Fábrica da Cortiça),,,38.711717,-8.899887,0,,0,,,0,,,0,0,0,0,0,0,0,0,0,0,0,,,PT170,1502
010125,0,010125,R DO ACEIRO (TERROAL) QTA GUIA,,,38.716252,-8.902807,0,,0,,,0,,,0,0,0,0,0,0,0,0,0,0,0,,,PT170,1502
010126,0,010126,R DO ACEIRO (TERROAL) QTA GUIA,,,38.716112,-8.902556,0,,0,,,0,,,0,0,0,0,0,0,0,0,0,0,0,,,PT170,1502
010129,0,010129,ESTR CHARNEQUINHA X EN 5,,,38.675331,-8.911371,0,,0,,,0,,,0,0,0,0,0,0,0,0,0,0,0,,,PT170,1502
010131,0,010131,ESTR CHARNEQUINHA ( BRAÇO FORTE),,,38.672871,-8.911252,0,,0,,,0,,,0,0,0,0,0,0,0,0,0,0,0,,,PT170,1502
010133,0,010133,EN4 1,,,38.708862,-8.897853,0,,0,,,0,,,0,0,0,0,0,0,0,0,0,0,0,,,PT170,1502
010134,0,010134,Estrada Nacional 4 (X) Rua do Aceiro,,,38.708691,-8.898154,0,,0,,,0,,,0,0,0,0,0,0,0,0,0,0,0,,,PT170,1502
010135,0,010135,ALCOCHETE (AV EURO 2004) FREEPORT,,,38.751109,-8.942944,0,,0,,,0,,,0,0,0,0,0,0,0,0,0,0,0,,,PT170,1502
010136,0,010136,ALCOCHETE (AV EURO 2004) FREEPORT,,,38.751395,-8.942829,0,,0,,,0,,,0,0,0,0,0,0,0,0,0,0,0,,,PT170,1502
010137,0,010137,ALCOCHETE (AV CANTO DO PINHEIRO 698),,,38.75332,-8.94663,0,,0,,,0,,,0,0,0,0,0,0,0,0,0,0,0,,,PT170,1502
010138,0,010138,ALCOCHETE (AV CANTO DO PINHEIRO 698),,,38.753445,-8.946569,0,,0,,,0,,,0,0,0,0,0,0,0,0,0,0,0,,,PT170,1502
010139,0,010139,AV CANTO DO PINHEIROXR FERNANDO PESSOA,,,38.755532,-8.950663,0,,0,,,0,,,0,0,0,0,0,0,0,0,0,0,0,,,PT170,1502
010140,0,010140,AV CANTO DO PINHEIROXR FERNANDO PESSOA,,,38.755596,-8.950482,0,,0,,,0,,,0,0,0,0,0,0,0,0,0,0,0,,,PT170,1502
010141,0,010141,ALCOCHETE (R MARIA LAMAS LT1),,,38.753306,-8.955895,0,,0,,,0,,,0,0,0,0,0,0,0,0,0,0,0,,,PT170,1502
010142,0,010142,ALCOCHETE (R MARIA LAMAS LT1),,,38.753284,-8.956831,0,,0,,,0,,,0,0,0,0,0,0,0,0,0,0,0,,,PT170,1502
010143,0,010143,Rua 25 de Abril (X) Passeio das Caravelas,,,38.746564,-8.970576,0,,0,,,0,,,0,0,0,0,0,0,0,0,0,0,0,,,PT170,1502
010145,0,010145,EM501 (X) Estrada dos Canaviais,,,38.742415,-8.974439,0,,0,,,0,,,0,0,0,0,0,0,0,0,0,0,0,,,PT170,1502
010146,0,010146,EM 501 X ESTR DOS CANAVIAIS,,,38.741912,-8.974646,0,,0,,,0,,,0,0,0,0,0,0,0,0,0,0,0,,,PT170,1502
010147,0,010147,R 25 ABRIL (EM501) X PASSEIO CARAVELAS,,,38.746529,-8.970179,0,,0,,,0,,,0,0,0,0,0,0,0,0,0,0,0,,,PT170,1502
010149,0,010149,EN4 X ACADEMIA SPORTING,,,38.715281,-8.857895,0,,0,,,0,,,0,0,0,0,0,0,0,0,0,0,0,,,PT170,1502
010150,0,010150,EN4 X ACADEMIA SPORTING,,,38.715128,-8.857999,0,,0,,,0,,,0,0,0,0,0,0,0,0,0,0,0,,,PT170,1502
010151,0,010151,EN 4 (MONTE LARANJO),,,38.712435,-8.872841,0,,0,,,0,,,0,0,0,0,0,0,0,0,0,0,0,,,PT170,1502
010152,0,010152,Estrada Nacional 4 (Monte Laranjo),,,38.712387,-8.87208,0,,0,,,0,,,0,0,0,0,0,0,0,0,0,0,0,,,PT170,1502
010153,0,010153,EN 4 (RILVAS),,,38.710751,-8.88454,0,,0,,,0,,,0,0,0,0,0,0,0,0,0,0,0,,,PT170,1502
010154,0,010154,EN 4 (RILVAS),,,38.710483,-8.884705,0,,0,,,0,,,0,0,0,0,0,0,0,0,0,0,0,,,PT170,1502
010155,0,010155,EN4 (Fábrica),,,38.710724,-8.835418,0,,0,,,0,,,0,0,0,0,0,0,0,0,0,0,0,,,PT170,1502
010157,0,010157,EN 5 (AGRO ALBUQUERQUE),,,38.673511,-8.902444,0,,0,,,0,,,0,0,0,0,0,0,0,0,0,0,0,,,PT170,1502
010158,0,010158,EN 5 (AGRO ALBUQUERQUE),,,38.673577,-8.901926,0,,0,,,0,,,0,0,0,0,0,0,0,0,0,0,0,,,PT170,1502
010159,0,010159,ALCOCHETE (ROTUNDA DO ENTRONCAMENTO),,,38.745733,-8.929951,0,,0,,,0,,,0,0,0,0,0,0,0,0,0,0,0,,,PT170,1502
010161,0,010161,Rua Padre Cruz 3,,,38.756701,-8.960425,0,,0,,,0,,,0,0,0,0,0,0,0,0,0,0,0,,,PT170,1502
010167,0,010167,ROT ENTRONCAMENTO (POSTO COMBUST),,,38.745417,-8.930505,0,,0,,,0,,,0,0,0,0,0,0,0,0,0,0,0,,,PT170,1502
010175,0,010175,Zona Industrial do Passil P2,,,38.722679,-8.905679,0,,0,,,0,,,0,0,0,0,0,0,0,0,0,0,0,,,PT170,1502
010176,0,010176,Rua Doutor Manuel da Cruz Junior 128,,,38.720098,-8.999771,0,,0,,,0,,,0,0,0,0,0,0,0,0,0,0,0,,,PT170,1502
010177,0,010177,Rua Doutor Manuel da Cruz Junior Frente 128,,,38.720169,-8.999645,0,,0,,,0,,,0,0,0,0,0,0,0,0,0,0,0,,,PT170,1502
010178,0,010178,Rua da Quinta da Praia (X) Rua Bento Jesus Caraça,,,38.72282,-9.001466,0,,0,,,0,,,0,0,0,0,0,0,0,0,0,0,0,,,PT170,1502
010179,0,010179,Rua Conde de Vale de Reis Frente 10,,,38.72369,-9.003895,0,,0,,,0,,,0,0,0,0,0,0,0,0,0,0,0,,,PT170,1502
010180,0,010180,Praça José Coelho 2,,,38.721047,-9.002773,0,,0,,,0,,,0,0,0,0,0,0,0,0,0,0,0,,,PT170,1502
011321,0,011321,Rua da Cooperação (Piscinas),,,38.747159,-8.966163,0,,0,,,0,,,0,0,0,0,0,0,0,0,0,0,0,,,PT170,1502
012215,0,012215,Rua dos Jasmins 336,,,38.744935,-8.943709,0,,0,,,0,,,0,0,0,0,0,0,0,0,0,0,0,,,PT170,1502
012317,0,012317,Rua da Cooperação (Polidesportivo),,,38.747329,-8.966437,0,,0,,,0,,,0,0,0,0,0,0,0,0,0,0,0,,,PT170,1502
012854,0,012854,Zona Industrial do Passil P3,,,38.720204,-8.905053,0,,0,,,0,,,0,0,0,0,0,0,0,0,0,0,0,,,PT170,1502
013004,0,013004,Rua do Cercal Frente 70,,,38.73998,-8.969515,0,,0,,,0,,,0,0,0,0,0,0,0,0,0,0,0,,,PT170,1502
013357,0,013357,Rua do Cercal 76,,,38.73994,-8.96912,0,,0,,,0,,,0,0,0,0,0,0,0,0,0,0,0,,,PT170,1502
013652,0,013652,Rua do Vale da Fonte Coberta (Central Distribuição),,,38.724675,-8.910619,0,,0,,,0,,,0,0,0,0,0,0,0,0,0,0,0,,,PT170,1502
014349,0,014349,Estrada da Atalaia Frente 310,,,38.74777,-8.96026,0,,0,,,0,,,0,0,0,0,0,0,0,0,0,0,0,,,PT170,1502
014759,0,014759,Zona Industrial do Passil P1,,,38.723056,-8.906011,0,,0,,,0,,,0,0,0,0,0,0,0,0,0,0,0,,,PT170,1502
016685,0,016685,Rua dos Jasmins Frente 336,,,38.745024,-8.943649,0,,0,,,0,,,0,0,0,0,0,0,0,0,0,0,0,,,PT170,1502
016737,0,016737,Zona Industrial do Passil P4,,,38.720176,-8.905019,0,,0,,,0,,,0,0,0,0,0,0,0,0,0,0,0,,,PT170,1502
016972,0,016972,Rua do Vale da Fonte Coberta (Frente Central Distribuição),,,38.72474,-8.910674,0,,0,,,0,,,0,0,0,0,0,0,0,0,0,0,0,,,PT170,1502
017218,0,017218,Rua das Madressilvas Frente 178,,,38.74164,-8.94068,0,,0,,,0,,,0,0,0,0,0,0,0,0,0,0,0,,,PT170,1502
017997,0,017997,Rua das Madressilvas 178,,,38.74172,-8.94082,0,,0,,,0,,,0,0,0,0,0,0,0,0,0,0,0,,,PT170,1502
018009,0,018009,Rua dos Alecrins (Frente Zona Industrial),,,38.74309,-8.94484,0,,0,,,0,,,0,0,0,0,0,0,0,0,0,0,0,,,PT170,1502
018346,0,018346,Rua do Cercal (X) Rua do Pinhal,,,38.736861,-8.964222,0,,0,,,0,,,0,0,0,0,0,0,0,0,0,0,0,,,PT170,1502
018552,0,018552,Rua do Cercal 681,,,38.736667,-8.963778,0,,0,,,0,,,0,0,0,0,0,0,0,0,0,0,0,,,PT170,1502
019626,0,019626,Estrada da Atalaia 272,,,38.74817,-8.9607,0,,0,,,0,,,0,0,0,0,0,0,0,0,0,0,0,,,PT170,1502
019709,0,019709,Estrada Nacional 4 (Fábrica),,,38.710928,-8.835511,0,,0,,,0,,,0,0,0,0,0,0,0,0,0,0,0,,,PT170,1502
019739,0,019739,Rua dos Alecrins (Zona Industrial),,,38.74304,-8.94493,0,,0,,,0,,,0,0,0,0,0,0,0,0,0,0,0,,,PT170,1502
020001,0,020001,Ponte 25 de Abril (Portagens),,,38.673804,-9.173993,0,,0,,,0,,,0,0,0,0,0,0,0,0,0,0,0,,,PT170,1503
020003,0,020003,PRAGAL (PORTAGEM),,,38.673946,-9.173301,0,,0,,,0,,,0,0,0,0,0,0,0,0,0,0,0,,,PT170,1503
040001,0,040001,LAVRADIO (AL ARY SANTOS) ROTUNDA,,,38.662204,-9.054431,0,,0,,,0,,,0,0,0,0,0,0,0,0,0,0,0,,,PT170,1504
040003,0,040003,ESCOLA AUGUSTO CABRITA,,,38.656738,-9.058742,0,,0,,,0,,,0,0,0,0,0,0,0,0,0,0,0,,,PT170,1504
040005,0,040005,BARREIRO (AV BOCAGE) HOSPITAL,,,38.656409,-9.060448,0,,0,,,0,,,0,0,0,0,0,0,0,0,0,0,0,,,PT170,1504
040006,0,040006,BARREIRO (AV BOCAGE) HOSPITAL,,,38.656259,-9.06015,0,,0,,,0,,,0,0,0,0,0,0,0,0,0,0,0,,,PT170,1504
040007,0,040007,BARREIRO (AV BOCAGE) T L P,,,38.655113,-9.065248,0,,0,,,0,,,0,0,0,0,0,0,0,0,0,0,0,,,PT170,1504
040008,0,040008,BARREIRO (AV BOCAGE) T L P,,,38.654395,-9.066025,0,,0,,,0,,,0,0,0,0,0,0,0,0,0,0,0,,,PT170,1504
040009,0,040009,BARREIRO (AV BOCAGE 52),,,38.653163,-9.068168,0,,0,,,0,,,0,0,0,0,0,0,0,0,0,0,0,,,PT170,1504
040011,0,040011,BARREIRO (AV DA LIBERDADE),,,38.652088,-9.072265,0,,0,,,0,,,0,0,0,0,0,0,0,0,0,0,0,,,PT170,1504
040012,0,040012,Avenida da Liberdade 17,,,38.652436,-9.072465,0,,0,,,0,,,0,0,0,0,0,0,0,0,0,0,0,,,PT170,1504
040013,0,040013,Barreiro (Terminal) P10,,,38.652284,-9.077639,0,,0,,,0,,,0,0,0,0,0,0,0,0,0,0,0,,,PT170,1504
040016,0,040016,BARREIRO (AV BOCAGE 52),,,38.653353,-9.067581,0,,0,,,0,,,0,0,0,0,0,0,0,0,0,0,0,,,PT170,1504
040018,0,040018,LAVRADIO (AL ARY SANTOS) ROTUNDA,,,38.662319,-9.05369,0,,0,,,0,,,0,0,0,0,0,0,0,0,0,0,0,,,PT170,1504
040020,0,040020,Barreiro (Terminal) P11,,,38.652142,-9.077699,0,,0,,,0,,,0,0,0,0,0,0,0,0,0,0,0,,,PT170,1504
040021,0,040021,BAIXA BANHEIRA (R AMIZADE) CENT 3ª IDADE,,,38.655455,-9.047769,0,,0,,,0,,,0,0,0,0,0,0,0,0,0,0,0,,,PT170,1506
040022,0,040022,Barreiro (Terminal) P12,,,38.652006,-9.077755,0,,0,,,0,,,0,0,0,0,0,0,0,0,0,0,0,,,PT170,1504
040023,0,040023,Rua da Amizade (Frente Creche),,,38.655788,-9.048323,0,,0,,,0,,,0,0,0,0,0,0,0,0,0,0,0,,,PT170,1504
040024,0,040024,Barreiro (Terminal) P13,,,38.651974,-9.077252,0,,0,,,0,,,0,0,0,0,0,0,0,0,0,0,0,,,PT170,1504
040026,0,040026,Barreiro (Terminal) P14,,,38.652111,-9.077197,0,,0,,,0,,,0,0,0,0,0,0,0,0,0,0,0,,,PT170,1504
040031,0,040031,Bº MARINHEIROS (ESTR 3 CONCEL),,,38.599532,-9.012544,0,,0,,,0,,,0,0,0,0,0,0,0,0,0,0,0,,,PT170,1504
040033,0,040033,PENALVA - CRUZAMENTO,,,38.601831,-9.015573,0,,0,,,0,,,0,0,0,0,0,0,0,0,0,0,0,,,PT170,1504
040034,0,040034,PENALVA - CRUZAMENTO,,,38.601973,-9.015524,0,,0,,,0,,,0,0,0,0,0,0,0,0,0,0,0,,,PT170,1504
040035,0,040035,PENALVA - QTA DA SAÚDE,,,38.605545,-9.016861,0,,0,,,0,,,0,0,0,0,0,0,0,0,0,0,0,,,PT170,1504
040036,0,040036,PENALVA - QTA DA SAÚDE,,,38.605807,-9.016731,0,,0,,,0,,,0,0,0,0,0,0,0,0,0,0,0,,,PT170,1504
040037,0,040037,FONTE FETO X EM 510 (R 1º MAIO),,,38.609672,-9.017682,0,,0,,,0,,,0,0,0,0,0,0,0,0,0,0,0,,,PT170,1504
040038,0,040038,FONTE FETO X EM 510 (R 1º MAIO),,,38.609298,-9.017501,0,,0,,,0,,,0,0,0,0,0,0,0,0,0,0,0,,,PT170,1504
040039,0,040039,FONTE FETO - CENTRO,,,38.611323,-9.017605,0,,0,,,0,,,0,0,0,0,0,0,0,0,0,0,0,,,PT170,1504
040040,0,040040,FONTE FETO - CENTRO,,,38.61111,-9.01744,0,,0,,,0,,,0,0,0,0,0,0,0,0,0,0,0,,,PT170,1504
040041,0,040041,FONTE FETO X EM 510,,,38.616511,-9.019651,0,,0,,,0,,,0,0,0,0,0,0,0,0,0,0,0,,,PT170,1504
040042,0,040042,FONTE FETO X EM 510,,,38.616489,-9.019147,0,,0,,,0,,,0,0,0,0,0,0,0,0,0,0,0,,,PT170,1504
040043,0,040043,QTA AMASSADOR ( 20),,,38.616311,-9.026295,0,,0,,,0,,,0,0,0,0,0,0,0,0,0,0,0,,,PT170,1504
040044,0,040044,QTA AMASSADOR ( 20),,,38.616247,-9.026162,0,,0,,,0,,,0,0,0,0,0,0,0,0,0,0,0,,,PT170,1504
040045,0,040045,AMASSADOR,,,38.618435,-9.026909,0,,0,,,0,,,0,0,0,0,0,0,0,0,0,0,0,,,PT170,1504
040046,0,040046,AMASSADOR,,,38.618606,-9.026805,0,,0,,,0,,,0,0,0,0,0,0,0,0,0,0,0,,,PT170,1504
040047,0,040047,STO ANTÓNIO (QTA ABRANTES 14),,,38.621157,-9.027966,0,,0,,,0,,,0,0,0,0,0,0,0,0,0,0,0,,,PT170,1504
040048,0,040048,STO ANTÓNIO (QTA ABRANTES 14),,,38.621383,-9.028421,0,,0,,,0,,,0,0,0,0,0,0,0,0,0,0,0,,,PT170,1504
040049,0,040049,SANTO ANTÓNIO - CENTRO,,,38.624559,-9.031282,0,,0,,,0,,,0,0,0,0,0,0,0,0,0,0,0,,,PT170,1504
040051,0,040051,SANTO ANTÓNIO - ESCOLA BÁSICA,,,38.626298,-9.033423,0,,0,,,0,,,0,0,0,0,0,0,0,0,0,0,0,,,PT170,1504
040052,0,040052,SANTO ANTÓNIO - ESCOLA BÁSICA,,,38.626911,-9.033966,0,,0,,,0,,,0,0,0,0,0,0,0,0,0,0,0,,,PT170,1504
040053,0,040053,STO ANTÓNIO ( CAMPO FUTEBOL),,,38.627882,-9.03511,0,,0,,,0,,,0,0,0,0,0,0,0,0,0,0,0,,,PT170,1504
040054,0,040054,STO ANTÓNIO ( CAMPO FUTEBOL),,,38.628155,-9.035215,0,,0,,,0,,,0,0,0,0,0,0,0,0,0,0,0,,,PT170,1504
040055,0,040055,CIDADE SOL - CRUZAMENTO,,,38.629659,-9.037143,0,,0,,,0,,,0,0,0,0,0,0,0,0,0,0,0,,,PT170,1504
040056,0,040056,CIDADE SOL - CRUZAMENTO,,,38.629986,-9.037313,0,,0,,,0,,,0,0,0,0,0,0,0,0,0,0,0,,,PT170,1504
040057,0,040057,VILA CHÃ - VELHA,,,38.633423,-9.041228,0,,0,,,0,,,0,0,0,0,0,0,0,0,0,0,0,,,PT170,1504
040059,0,040059,QT S JOÃO,,,38.628887,-9.045565,0,,0,,,0,,,0,0,0,0,0,0,0,0,0,0,0,,,PT170,1504
040060,0,040060,QT S JOÃO,,,38.628825,-9.045442,0,,0,,,0,,,0,0,0,0,0,0,0,0,0,0,0,,,PT170,1504
040061,0,040061,PALHAIS (EN 10-3) ESC PRIMÁRIA,,,38.624957,-9.049269,0,,0,,,0,,,0,0,0,0,0,0,0,0,0,0,0,,,PT170,1504
040063,0,040063,QTA TORRÃO (EN10-3)PQUE EMPRESARIAL,,,38.630631,-9.050141,0,,0,,,0,,,0,0,0,0,0,0,0,0,0,0,0,,,PT170,1504
040064,0,040064,QTA TORRÃO (EN10-3)PQUE EMPRESARIAL,,,38.630539,-9.049861,0,,0,,,0,,,0,0,0,0,0,0,0,0,0,0,0,,,PT170,1504
040065,0,040065,QTA TORRÃO (EN10-3)PQUE EMPRESARIAL,,,38.633625,-9.052735,0,,0,,,0,,,0,0,0,0,0,0,0,0,0,0,0,,,PT170,1504
040066,0,040066,QTA TORRÃO (EN10-3)PQUE EMPRESARIAL,,,38.634145,-9.052939,0,,0,,,0,,,0,0,0,0,0,0,0,0,0,0,0,,,PT170,1504
040067,0,040067,TELHA VELHA (EN 10-3) DEPÓSITO ÁGUA,,,38.639413,-9.055456,0,,0,,,0,,,0,0,0,0,0,0,0,0,0,0,0,,,PT170,1504
040068,0,040068,TELHA VELHA (EN 10-3) DEPÓSITO ÁGUA,,,38.63953,-9.055391,0,,0,,,0,,,0,0,0,0,0,0,0,0,0,0,0,,,PT170,1504
040069,0,040069,TELHA VELHA (AV FUZILEIROS NAVAIS 105),,,38.64169,-9.058159,0,,0,,,0,,,0,0,0,0,0,0,0,0,0,0,0,,,PT170,1504
040070,0,040070,TELHA VELHA (AV FUZILEIROS NAVAIS 105),,,38.641881,-9.058238,0,,0,,,0,,,0,0,0,0,0,0,0,0,0,0,0,,,PT170,1504
040071,0,040071,ESC SEC SANTO ANDRÉ,,,38.644903,-9.060452,0,,0,,,0,,,0,0,0,0,0,0,0,0,0,0,0,,,PT170,1504
040073,0,040073,QTA LOMBA (AV ESC FUZILE NAVAIS)Bº CAIXA,,,38.648356,-9.062502,0,,0,,,0,,,0,0,0,0,0,0,0,0,0,0,0,,,PT170,1504
040075,0,040075,BARREIRO (VERDERENA),,,38.652426,-9.065309,0,,0,,,0,,,0,0,0,0,0,0,0,0,0,0,0,,,PT170,1504
040077,0,040077,MISERICORDIA,,,38.655037,-9.068058,0,,0,,,0,,,0,0,0,0,0,0,0,0,0,0,0,,,PT170,1504
040079,0,040079,BARREIRO (AV A SILVA)PQ CATARINA EUFÉMIA,,,38.660916,-9.078559,0,,0,,,0,,,0,0,0,0,0,0,0,0,0,0,0,,,PT170,1504
040080,0,040080,BARREIRO (AV A SILVA)PQ CATARINA EUFÉMIA,,,38.660746,-9.078625,0,,0,,,0,,,0,0,0,0,0,0,0,0,0,0,0,,,PT170,1504
040081,0,040081,Rua Miguel Bombarda 194,,,38.655787,-9.069111,0,,0,,,0,,,0,0,0,0,0,0,0,0,0,0,0,,,PT170,1504
040083,0,040083,VERDERENA (AV ESC FUZ NAVAIS)CPO FUTEBOL,,,38.65148,-9.064868,0,,0,,,0,,,0,0,0,0,0,0,0,0,0,0,0,,,PT170,1504
040085,0,040085,BAIRRO 25 DE ABRIL,,,38.647878,-9.062515,0,,0,,,0,,,0,0,0,0,0,0,0,0,0,0,0,,,PT170,1504
040087,0,040087,QTA LOMBA(AV ESC FUZ NAV)ESC SC ST ANDRÉ,,,38.644852,-9.060663,0,,0,,,0,,,0,0,0,0,0,0,0,0,0,0,0,,,PT170,1504
040089,0,040089,PALHAIS (EN 10-3) JUNTA FREGUESIA,,,38.626404,-9.049926,0,,0,,,0,,,0,0,0,0,0,0,0,0,0,0,0,,,PT170,1504
040091,0,040091,Estrada Municipal 510 19,,,38.632882,-9.040902,0,,0,,,0,,,0,0,0,0,0,0,0,0,0,0,0,,,PT170,1504
040093,0,040093,SANTO ANTÓNIO - CENTRO,,,38.624335,-9.031822,0,,0,,,0,,,0,0,0,0,0,0,0,0,0,0,0,,,PT170,1504
040095,0,040095,PENALVA - ESC PRIMÁRIA,,,38.600332,-9.017734,0,,0,,,0,,,0,0,0,0,0,0,0,0,0,0,0,,,PT170,1504
040096,0,040096,PENALVA - ESC PRIMÁRIA,,,38.600225,-9.017791,0,,0,,,0,,,0,0,0,0,0,0,0,0,0,0,0,,,PT170,1504
040097,0,040097,PENALVA (R PROF JOSÉ VALE PETRONILO 9),,,38.600883,-9.015506,0,,0,,,0,,,0,0,0,0,0,0,0,0,0,0,0,,,PT170,1504
040098,0,040098,PENALVA (R PROF JOSÉ VALE PETRONILO 9),,,38.600787,-9.015406,0,,0,,,0,,,0,0,0,0,0,0,0,0,0,0,0,,,PT170,1504
040101,0,040101,R DOS FAZENDEIROS X R DO SOL,,,38.579852,-9.023561,0,,0,,,0,,,0,0,0,0,0,0,0,0,0,0,0,,,PT170,1504
040102,0,040102,R DOS FAZENDEIROS X R DO SOL,,,38.580045,-9.023365,0,,0,,,0,,,0,0,0,0,0,0,0,0,0,0,0,,,PT170,1504
040103,0,040103,BAIRRO DA CÂMARA - SANTA,,,38.660684,-9.060755,0,,0,,,0,,,0,0,0,0,0,0,0,0,0,0,0,,,PT170,1504
040105,0,040105,PALHAIS - SECA DO BACALHAU,,,38.622192,-9.048169,0,,0,,,0,,,0,0,0,0,0,0,0,0,0,0,0,,,PT170,1504
040106,0,040106,PALHAIS - SECA DO BACALHAU,,,38.621886,-9.047816,0,,0,,,0,,,0,0,0,0,0,0,0,0,0,0,0,,,PT170,1504
040107,0,040107,FUZILEIROS,,,38.617098,-9.047384,0,,0,,,0,,,0,0,0,0,0,0,0,0,0,0,0,,,PT170,1504
040108,0,040108,FUZILEIROS,,,38.616351,-9.047162,0,,0,,,0,,,0,0,0,0,0,0,0,0,0,0,0,,,PT170,1504
040109,0,040109,QUINTA DO PORTO DA RAMAGEM,,,38.603509,-9.048388,0,,0,,,0,,,0,0,0,0,0,0,0,0,0,0,0,,,PT170,1504
040110,0,040110,QUINTA DO PORTO DA RAMAGEM,,,38.60409,-9.048292,0,,0,,,0,,,0,0,0,0,0,0,0,0,0,0,0,,,PT170,1504
040111,0,040111,R DOM MANUEL PRIMEIRO 250,,,38.600569,-9.047266,0,,0,,,0,,,0,0,0,0,0,0,0,0,0,0,0,,,PT170,1504
040112,0,040112,R DOM MANUEL PRIMEIRO 250,,,38.6008,-9.047163,0,,0,,,0,,,0,0,0,0,0,0,0,0,0,0,0,,,PT170,1504
040113,0,040113,COINA - CENTRO,,,38.594112,-9.044912,0,,0,,,0,,,0,0,0,0,0,0,0,0,0,0,0,,,PT170,1504
040115,0,040115,COINA -ESTRADA NACIONAL 10,,,38.58654,-9.043825,0,,0,,,0,,,0,0,0,0,0,0,0,0,0,0,0,,,PT170,1504
040116,0,040116,COINA -ESTRADA NACIONAL 10,,,38.587597,-9.044089,0,,0,,,0,,,0,0,0,0,0,0,0,0,0,0,0,,,PT170,1504
040118,0,040118,Zona Comercial de Coina P2,,,38.581526,-9.044276,0,,0,,,0,,,0,0,0,0,0,0,0,0,0,0,0,,,PT170,1504
040119,0,040119,COINA (ZONA COMERCIAL),,,38.581252,-9.044011,0,,0,,,0,,,0,0,0,0,0,0,0,0,0,0,0,,,PT170,1504
040121,0,040121,COINA - CENTRO,,,38.594342,-9.044604,0,,0,,,0,,,0,0,0,0,0,0,0,0,0,0,0,,,PT170,1504
040123,0,040123,BARREIRO (R DR MANUEL PACHECO NOBRE107),,,38.657093,-9.069573,0,,0,,,0,,,0,0,0,0,0,0,0,0,0,0,0,,,PT170,1504
040125,0,040125,ALTO DO SEIXALINHO,,,38.659974,-9.063686,0,,0,,,0,,,0,0,0,0,0,0,0,0,0,0,0,,,PT170,1504
040127,0,040127,CABEÇO VERDE (EN11-2) X FONTE FETO 11,,,38.62898,-9.021849,0,,0,,,0,,,0,0,0,0,0,0,0,0,0,0,0,,,PT170,1504
040129,0,040129,Rua 1º de Maio Frente 1,,,38.625215,-9.032962,0,,0,,,0,,,0,0,0,0,0,0,0,0,0,0,0,,,PT170,1504
040130,0,040130,Largo 25 de Abril Frente 12,,,38.625235,-9.032672,0,,0,,,0,,,0,0,0,0,0,0,0,0,0,0,0,,,PT170,1504
040131,0,040131,Estrada Nacional 10 (Posto Combustíveis),,,38.594253,-9.048455,0,,0,,,0,,,0,0,0,0,0,0,0,0,0,0,0,,,PT170,1504
040133,0,040133,Zona Comercial de Coina P1,,,38.581381,-9.043013,0,,0,,,0,,,0,0,0,0,0,0,0,0,0,0,0,,,PT170,1504
040135,0,040135,Estrada Nacional 10 (Frente Posto Combustíveis),,,38.594284,-9.047744,0,,0,,,0,,,0,0,0,0,0,0,0,0,0,0,0,,,PT170,1504
040136,0,040136,Rua dos Fazendeiros (Centro de Jardinagem),,,38.586289,-9.022075,0,,0,,,0,,,0,0,0,0,0,0,0,0,0,0,0,,,PT170,1504
040137,0,040137,R STARA ZAGORA 1 - FORUM BARREIRO,,,38.662113,-9.074456,0,,0,,,0,,,0,0,0,0,0,0,0,0,0,0,0,,,PT170,1504
040138,0,040138,Rua dos Fazendeiros (Frente Centro de Jardinagem),,,38.5858,-9.022232,0,,0,,,0,,,0,0,0,0,0,0,0,0,0,0,0,,,PT170,1504
040139,0,040139,CAMPO DO LUSO,,,38.657834,-9.071176,0,,0,,,0,,,0,0,0,0,0,0,0,0,0,0,0,,,PT170,1504
040140,0,040140,CAMPO DO LUSO,,,38.657706,-9.071296,0,,0,,,0,,,0,0,0,0,0,0,0,0,0,0,0,,,PT170,1504
040141,0,040141,R MIGUEL BOMBARDA 256,,,38.654176,-9.067398,0,,0,,,0,,,0,0,0,0,0,0,0,0,0,0,0,,,PT170,1504
040155,0,040155,PADARIA ALENTEJANA,,,38.656242,-9.069463,0,,0,,,0,,,0,0,0,0,0,0,0,0,0,0,0,,,PT170,1504
040165,0,040165,Estrada da Amizade (Jardim),,,38.652467,-9.047252,0,,0,,,0,,,0,0,0,0,0,0,0,0,0,0,0,,,PT170,1504
040167,0,040167,BAIXA BANHEIRA (R AMIZADE FTE 137),,,38.64941,-9.046686,0,,0,,,0,,,0,0,0,0,0,0,0,0,0,0,0,,,PT170,1504
040171,0,040171,R. 1º DE MAIO 40,,,38.622415,-9.038189,0,,0,,,0,,,0,0,0,0,0,0,0,0,0,0,0,,,PT170,1504
040172,0,040172,R. 1º DE MAIO 40,,,38.622654,-9.038919,0,,0,,,0,,,0,0,0,0,0,0,0,0,0,0,0,,,PT170,1504
040173,0,040173,PALHAIS - SECA DO BACALHAU,,,38.621469,-9.04622,0,,0,,,0,,,0,0,0,0,0,0,0,0,0,0,0,,,PT170,1504
040174,0,040174,PALHAIS - SECA DO BACALHAU,,,38.621595,-9.046508,0,,0,,,0,,,0,0,0,0,0,0,0,0,0,0,0,,,PT170,1504
040179,0,040179,R MIGUEL BOMBARDA CÂMARA,,,38.660907,-9.074637,0,,0,,,0,,,0,0,0,0,0,0,0,0,0,0,0,,,PT170,1504
042085,0,042085,Rua da Serração (Frente Parque das Vilas da Serra),,,38.592678,-9.015768,0,,0,,,0,,,0,0,0,0,0,0,0,0,0,0,0,,,PT170,1504
043608,0,043608,Rua da Serração (Parque das Vilas da Serra),,,38.592681,-9.015893,0,,0,,,0,,,0,0,0,0,0,0,0,0,0,0,0,,,PT170,1504
048201,0,048201,Rua da Serração (X) Rua da Quinta dos Caldeiras,,,38.596926,-9.017489,0,,0,,,0,,,0,0,0,0,0,0,0,0,0,0,0,,,PT170,1504
049175,0,049175,Rua da Serração (X) Rua da Quinta dos Caldeiras,,,38.59706,-9.017432,0,,0,,,0,,,0,0,0,0,0,0,0,0,0,0,0,,,PT170,1504
060001,0,060001,Gare do Oriente 25-C,,,38.76821,-9.100446,0,,0,,,0,,,0,0,0,0,0,0,0,0,0,0,0,,,PT170,1106
060002,0,060002,Gare do Oriente 24-C,,,38.76805,-9.100462,0,,0,,,0,,,0,0,0,0,0,0,0,0,0,0,0,,,PT170,1106
060005,0,060005,LISBOA (PÇ JOSÉ QUEIRÓS),,,38.773016,-9.105138,0,,0,,,0,,,0,0,0,0,0,0,0,0,0,0,0,,,PT170,1106
060009,0,060009,Gare do Oriente 22-C,,,38.767748,-9.100495,0,,0,,,0,,,0,0,0,0,0,0,0,0,0,0,0,,,PT170,1106
060011,0,060011,Gare do Oriente 21-C,,,38.76755,-9.100513,0,,0,,,0,,,0,0,0,0,0,0,0,0,0,0,0,,,PT170,1106
060017,0,060017,AV CALOUSTE GULBENK (ACESSO AV J MALHOA),,,38.736231,-9.160761,0,,0,,,0,,,0,0,0,0,0,0,0,0,0,0,0,,,PT170,1106
060018,0,060018,AV CALOUSTE GULBENK (ACESSO AV J MALHOA),,,38.736102,-9.160213,0,,0,,,0,,,0,0,0,0,0,0,0,0,0,0,0,,,PT170,1106
060021,0,060021,Alcântara-Terra (Estação),,,38.707414,-9.173498,0,,0,,,0,,,0,0,0,0,0,0,0,0,0,0,0,,,PT170,1106
060023,0,060023,LISBOA (CAMPOLIDE) AV C GULBENKIAN(ALTO),,,38.732233,-9.164504,0,,0,,,0,,,0,0,0,0,0,0,0,0,0,0,0,,,PT170,1106
060025,0,060025,LISBOA (AV JOSÉ MALHOA IEFP),,,38.73723,-9.163436,0,,0,,,0,,,0,0,0,0,0,0,0,0,0,0,0,,,PT170,1106
060409,0,060409,Avenida de Ceuta (Banco Alimentar) P2,,,38.708228,-9.173986,0,,0,,,0,,,0,0,0,0,0,0,0,0,0,0,0,,,PT170,1106
060458,0,060458,Sete Rios (Estação) P7,,,38.742509,-9.16617,0,,0,,,0,,,0,0,0,0,0,0,0,0,0,0,0,,,PT170,1106
060459,0,060459,Sete Rios (Estação) P1,,,38.741105,-9.167782,0,,0,,,0,,,0,0,0,0,0,0,0,0,0,0,0,,,PT170,1106
090001,0,090001,ALHOS VEDROS (ESCOLA EB 23 JOSÉ AFONSO),,,38.655862,-9.018508,0,,0,,,0,,,0,0,0,0,0,0,0,0,0,0,0,,,PT170,1506
090002,0,090002,Moita (Lg. Conde Ferreira 2),,,38.650233,-8.991942,0,,0,,,0,,,0,0,0,0,0,0,0,0,0,0,0,,,PT170,1506
090003,0,090003,FONTE PRATA(R JORGE PEIXINHO) SUPERMERC,,,38.652843,-9.012914,0,,0,,,0,,,0,0,0,0,0,0,0,0,0,0,0,,,PT170,1506
090004,0,090004,FONTE PRATA(R JORGE PEIXINHO) SUPERMERC,,,38.653321,-9.012729,0,,0,,,0,,,0,0,0,0,0,0,0,0,0,0,0,,,PT170,1506
090005,0,090005,Rua Jorge Peixinho Frente 39,,,38.656432,-9.011897,0,,0,,,0,,,0,0,0,0,0,0,0,0,0,0,0,,,PT170,1506
090006,0,090006,FONTE PRATA (R JORGE PEIXINHO 41),,,38.656057,-9.012085,0,,0,,,0,,,0,0,0,0,0,0,0,0,0,0,0,,,PT170,1506
090007,0,090007,Rua Joly Braga Santos (Parque Quinta da Fonte da Prata),,,38.655235,-9.009262,0,,0,,,0,,,0,0,0,0,0,0,0,0,0,0,0,,,PT170,1506
090008,0,090008,Rua Joly Braga Santos (Frente Parque Quinta da Fonte da Prata),,,38.655445,-9.009189,0,,0,,,0,,,0,0,0,0,0,0,0,0,0,0,0,,,PT170,1506
090009,0,090009,FONTE PRATA (AV LUIS CAMÕES E),,,38.652936,-9.006108,0,,0,,,0,,,0,0,0,0,0,0,0,0,0,0,0,,,PT170,1506
090010,0,090010,FONTE PRATA (AV LUIS CAMÕES E),,,38.653062,-9.005989,0,,0,,,0,,,0,0,0,0,0,0,0,0,0,0,0,,,PT170,1506
090011,0,090011,ALHOS VEDROS (EN11)POSTO COMBUST,,,38.652905,-9.021051,0,,0,,,0,,,0,0,0,0,0,0,0,0,0,0,0,,,PT170,1506
090012,0,090012,ALHOS VEDROS (EN11)POSTO COMBUST,,,38.652984,-9.020335,0,,0,,,0,,,0,0,0,0,0,0,0,0,0,0,0,,,PT170,1506
090013,0,090013,Bº GOUVEIA (R ARTUR PAIVA) ESTAÇÃO CP,,,38.651687,-9.027246,0,,0,,,0,,,0,0,0,0,0,0,0,0,0,0,0,,,PT170,1506
090014,0,090014,Bº GOUVEIA (R ARTUR PAIVA) ESTAÇÃO CP,,,38.651865,-9.027491,0,,0,,,0,,,0,0,0,0,0,0,0,0,0,0,0,,,PT170,1506
090015,0,090015,Bº GOUVEIA (R AZEVEDO COUTINHO 5),,,38.649693,-9.026211,0,,0,,,0,,,0,0,0,0,0,0,0,0,0,0,0,,,PT170,1506
090016,0,090016,Largo Conde Ferreira 33,,,38.649581,-8.991758,0,,0,,,0,,,0,0,0,0,0,0,0,0,0,0,0,,,PT170,1506
090017,0,090017,Bº GOUVEIA (R AFONSO GOMES),,,38.647066,-9.025557,0,,0,,,0,,,0,0,0,0,0,0,0,0,0,0,0,,,PT170,1506
090018,0,090018,Rua Professor Bento Jesus Caraça 47,,,38.652904,-8.991775,0,,0,,,0,,,0,0,0,0,0,0,0,0,0,0,0,,,PT170,1506
090019,0,090019,Bº GOUVEIA (R GONÇALO ANES PONTE 5),,,38.646459,-9.024337,0,,0,,,0,,,0,0,0,0,0,0,0,0,0,0,0,,,PT170,1506
090020,0,090020,EM1022 (Bairro da Remôa),,,38.659139,-8.983388,0,,0,,,0,,,0,0,0,0,0,0,0,0,0,0,0,,,PT170,1506
090021,0,090021,Bº FRANCISCO PIRES (EM 1121) X R PALMA,,,38.644418,-9.022408,0,,0,,,0,,,0,0,0,0,0,0,0,0,0,0,0,,,PT170,1506
090022,0,090022,Bº FRANCISCO PIRES (EM 1121) X R PALMA,,,38.644214,-9.022232,0,,0,,,0,,,0,0,0,0,0,0,0,0,0,0,0,,,PT170,1506
090023,0,090023,Bº FRANCISCO PIRES (EM 1121 54),,,38.642173,-9.0215,0,,0,,,0,,,0,0,0,0,0,0,0,0,0,0,0,,,PT170,1506
090024,0,090024,Bº FRANCISCO PIRES (EM 1121 54),,,38.642062,-9.021328,0,,0,,,0,,,0,0,0,0,0,0,0,0,0,0,0,,,PT170,1506
090025,0,090025,ARROTEIAS X(EM1121)R ÁGUA(R F PESSOA),,,38.63632,-9.01797,0,,0,,,0,,,0,0,0,0,0,0,0,0,0,0,0,,,PT170,1506
090026,0,090026,ARROTEIAS X(EM1121)R ÁGUA(R F PESSOA),,,38.636082,-9.017679,0,,0,,,0,,,0,0,0,0,0,0,0,0,0,0,0,,,PT170,1506
090027,0,090027,RÊGO ÁGUA (EN 11-2 9),,,38.635922,-9.017036,0,,0,,,0,,,0,0,0,0,0,0,0,0,0,0,0,,,PT170,1506
090028,0,090028,RÊGO ÁGUA (EN 11-2 9),,,38.635773,-9.016913,0,,0,,,0,,,0,0,0,0,0,0,0,0,0,0,0,,,PT170,1506
090029,0,090029,ARROTEIAS (EN 11-2 50),,,38.639024,-9.010775,0,,0,,,0,,,0,0,0,0,0,0,0,0,0,0,0,,,PT170,1506
090030,0,090030,ARROTEIAS (EN 11-2 50),,,38.639032,-9.010398,0,,0,,,0,,,0,0,0,0,0,0,0,0,0,0,0,,,PT170,1506
090031,0,090031,ARROTEIASXGAMITO (EN 11-2) VIV MORAIS,,,38.6405,-9.00681,0,,0,,,0,,,0,0,0,0,0,0,0,0,0,0,0,,,PT170,1506
090032,0,090032,ARROTEIASXGAMITO (EN 11-2) VIV MORAIS,,,38.640392,-9.006742,0,,0,,,0,,,0,0,0,0,0,0,0,0,0,0,0,,,PT170,1506
090033,0,090033,ARROTEIAS (R ESCOLA PRIMÁRIA 25),,,38.642286,-9.006673,0,,0,,,0,,,0,0,0,0,0,0,0,0,0,0,0,,,PT170,1506
090034,0,090034,ARROTEIAS (R ESCOLA PRIMÁRIA 25),,,38.642258,-9.006539,0,,0,,,0,,,0,0,0,0,0,0,0,0,0,0,0,,,PT170,1506
090035,0,090035,ARROTEIAS (R PADRE ANTÓNIO VIEIRA 1),,,38.643134,-9.008277,0,,0,,,0,,,0,0,0,0,0,0,0,0,0,0,0,,,PT170,1506
090036,0,090036,ARROTEIAS (R PADRE ANTÓNIO VIEIRA 1),,,38.643206,-9.008521,0,,0,,,0,,,0,0,0,0,0,0,0,0,0,0,0,,,PT170,1506
090037,0,090037,ARROTEIAS (R PADRE ANTÓNIO VIEIRA 103),,,38.644404,-9.012808,0,,0,,,0,,,0,0,0,0,0,0,0,0,0,0,0,,,PT170,1506
090038,0,090038,ARROTEIAS (R PADRE ANTÓNIO VIEIRA 103),,,38.644502,-9.012791,0,,0,,,0,,,0,0,0,0,0,0,0,0,0,0,0,,,PT170,1506
090039,0,090039,ARROTEIAS (R PADRE ANTÓNIO VIEIRA) ESC,,,38.645607,-9.014554,0,,0,,,0,,,0,0,0,0,0,0,0,0,0,0,0,,,PT170,1506
090040,0,090040,ARROTEIAS (R PADRE ANTÓNIO VIEIRA) ESC,,,38.645828,-9.014738,0,,0,,,0,,,0,0,0,0,0,0,0,0,0,0,0,,,PT170,1506
090041,0,090041,ARROTEIAS (R PADRE ANTÓNIO VIEIRA 61),,,38.647082,-9.016325,0,,0,,,0,,,0,0,0,0,0,0,0,0,0,0,0,,,PT170,1506
090042,0,090042,ARROTEIAS (R PADRE ANTÓNIO VIEIRA 61),,,38.647012,-9.016171,0,,0,,,0,,,0,0,0,0,0,0,0,0,0,0,0,,,PT170,1506
090043,0,090043,ARROTEIAS(R PD ANT VIEIRA) R EÇA QUEIROZ,,,38.648009,-9.019294,0,,0,,,0,,,0,0,0,0,0,0,0,0,0,0,0,,,PT170,1506
090044,0,090044,ARROTEIAS(R PD ANT VIEIRA) R EÇA QUEIROZ,,,38.647925,-9.019208,0,,0,,,0,,,0,0,0,0,0,0,0,0,0,0,0,,,PT170,1506
090045,0,090045,Bº GOUVEIA (R CALDAS XAVIER)CPO FUTEBOL,,,38.647832,-9.024472,0,,0,,,0,,,0,0,0,0,0,0,0,0,0,0,0,,,PT170,1506
090046,0,090046,R de Angola (Lg Suzano),,,38.645027,-9.026883,0,,0,,,0,,,0,0,0,0,0,0,0,0,0,0,0,,,PT170,1506
090047,0,090047,Bº GOUVEIA (R CALDAS XAVIER 45),,,38.650294,-9.025629,0,,0,,,0,,,0,0,0,0,0,0,0,0,0,0,0,,,PT170,1506
090048,0,090048,R Henrique Galvão 12,,,38.653693,-9.03253,0,,0,,,0,,,0,0,0,0,0,0,0,0,0,0,0,,,PT170,1506
090049,0,090049,ALHOS VEDROS (CRECHE JARDIM INF CHARLOT),,,38.655882,-9.021048,0,,0,,,0,,,0,0,0,0,0,0,0,0,0,0,0,,,PT170,1506
090050,0,090050,R da Vitória 7,,,38.643312,-9.004014,0,,0,,,0,,,0,0,0,0,0,0,0,0,0,0,0,,,PT170,1506
090052,0,090052,MOITA (ESTAÇÃO CP),,,38.644942,-8.995907,0,,0,,,0,,,0,0,0,0,0,0,0,0,0,0,0,,,PT170,1506
090053,0,090053,Rua da Classe Operária (Frente Supermercado),,,38.646748,-8.994305,0,,0,,,0,,,0,0,0,0,0,0,0,0,0,0,0,,,PT170,1506
090054,0,090054,MOITA (R OPERÁRIO) SUPERMERCADO,,,38.646691,-8.994194,0,,0,,,0,,,0,0,0,0,0,0,0,0,0,0,0,,,PT170,1506
090055,0,090055,Avenida Marginal (Estacionamento do Pavilhão Municipal),,,38.650092,-8.992829,0,,0,,,0,,,0,0,0,0,0,0,0,0,0,0,0,,,PT170,1506
090056,0,090056,Avenida Marginal (Frente Estacionamento do Pavilhão Municipal),,,38.650232,-8.992809,0,,0,,,0,,,0,0,0,0,0,0,0,0,0,0,0,,,PT170,1506
090057,0,090057,MOITA (AV MARGINAL) CÂMARA MUNICIPAL,,,38.653017,-8.994452,0,,0,,,0,,,0,0,0,0,0,0,0,0,0,0,0,,,PT170,1506
090058,0,090058,MOITA (AV MARGINAL) CÂMARA MUNICIPAL,,,38.652902,-8.994068,0,,0,,,0,,,0,0,0,0,0,0,0,0,0,0,0,,,PT170,1506
090059,0,090059,MOITA (R EÇA QUEIROZ34) URB S SEBASTIÃO,,,38.656493,-8.991361,0,,0,,,0,,,0,0,0,0,0,0,0,0,0,0,0,,,PT170,1506
090060,0,090060,Rua Eça de Queirós Frente 7,,,38.656986,-8.991535,0,,0,,,0,,,0,0,0,0,0,0,0,0,0,0,0,,,PT170,1506
090061,0,090061,Escola Básica Fragata do Tejo,,,38.657312,-8.995384,0,,0,,,0,,,0,0,0,0,0,0,0,0,0,0,0,,,PT170,1506
090062,0,090062,R António Hipólito da Costa 10,,,38.656695,-9.022721,0,,0,,,0,,,0,0,0,0,0,0,0,0,0,0,0,,,PT170,1506
090063,0,090063,MOITA (EM 506 9),,,38.661051,-8.998368,0,,0,,,0,,,0,0,0,0,0,0,0,0,0,0,0,,,PT170,1506
090064,0,090064,MOITA (EM 506 9),,,38.661066,-8.998188,0,,0,,,0,,,0,0,0,0,0,0,0,0,0,0,0,,,PT170,1506
090065,0,090065,MOITA (EM 506) QTA FREIRA,,,38.663773,-8.998791,0,,0,,,0,,,0,0,0,0,0,0,0,0,0,0,0,,,PT170,1506
090066,0,090066,MOITA (EM 506) QTA FREIRA,,,38.663785,-8.99867,0,,0,,,0,,,0,0,0,0,0,0,0,0,0,0,0,,,PT170,1506
090067,0,090067,GAIO (R ALEXANDRE HERCULANO 99),,,38.670766,-9.003792,0,,0,,,0,,,0,0,0,0,0,0,0,0,0,0,0,,,PT170,1506
090068,0,090068,R António Hipólito da Costa 13,,,38.656662,-9.022582,0,,0,,,0,,,0,0,0,0,0,0,0,0,0,0,0,,,PT170,1506
090069,0,090069,GAIO (R ALEXANDRE HERCULANO 73),,,38.672043,-9.005248,0,,0,,,0,,,0,0,0,0,0,0,0,0,0,0,0,,,PT170,1506
090070,0,090070,R Duarte Pacheco (X) R Cortiça,,,38.654271,-9.021652,0,,0,,,0,,,0,0,0,0,0,0,0,0,0,0,0,,,PT170,1506
090071,0,090071,ROSÁRIO (R ALEXANDRE HERCULANO 34),,,38.673858,-9.006806,0,,0,,,0,,,0,0,0,0,0,0,0,0,0,0,0,,,PT170,1506
090072,0,090072,EB1 de Alhos Vedros,,,38.657596,-9.024712,0,,0,,,0,,,0,0,0,0,0,0,0,0,0,0,0,,,PT170,1506
090073,0,090073,ROSÁRIO (R D NUNO ÁLVARES PEREIRA 41),,,38.676326,-9.009252,0,,0,,,0,,,0,0,0,0,0,0,0,0,0,0,0,,,PT170,1506
090074,0,090074,EB1 de Alhos Vedros,,,38.657513,-9.024695,0,,0,,,0,,,0,0,0,0,0,0,0,0,0,0,0,,,PT170,1506
090075,0,090075,ROSÁRIO (LGO CORETO 11),,,38.677719,-9.009897,0,,0,,,0,,,0,0,0,0,0,0,0,0,0,0,0,,,PT170,1506
090076,0,090076,ROSÁRIO (LGO CORETO 11),,,38.677685,-9.009795,0,,0,,,0,,,0,0,0,0,0,0,0,0,0,0,0,,,PT170,1506
090077,0,090077,ROSÁRIO (R CIDLA 38),,,38.678938,-9.009426,0,,0,,,0,,,0,0,0,0,0,0,0,0,0,0,0,,,PT170,1506
090078,0,090078,Av Bela Rosa 65,,,38.655859,-9.024602,0,,0,,,0,,,0,0,0,0,0,0,0,0,0,0,0,,,PT170,1506
090079,0,090079,ROSÁRIO (R 1º MAIO 34),,,38.676564,-9.006163,0,,0,,,0,,,0,0,0,0,0,0,0,0,0,0,0,,,PT170,1506
090080,0,090080,ROSÁRIO (R 1º MAIO 34),,,38.676438,-9.00645,0,,0,,,0,,,0,0,0,0,0,0,0,0,0,0,0,,,PT170,1506
090081,0,090081,ROSÁRIO (EM 1120) QTA ACHADO,,,38.676112,-9.001675,0,,0,,,0,,,0,0,0,0,0,0,0,0,0,0,0,,,PT170,1506
090082,0,090082,ROSÁRIO (EM 1120) QTA ACHADO,,,38.676231,-9.001889,0,,0,,,0,,,0,0,0,0,0,0,0,0,0,0,0,,,PT170,1506
090083,0,090083,SARILHOS PEQUENOS (EM 1120 19),,,38.68085,-8.986065,0,,0,,,0,,,0,0,0,0,0,0,0,0,0,0,0,,,PT170,1506
090084,0,090084,SARILHOS PEQUENOS (EM 1120 19),,,38.680949,-8.985722,0,,0,,,0,,,0,0,0,0,0,0,0,0,0,0,0,,,PT170,1506
090085,0,090085,Av Humberto Delgado 7,,,38.655581,-9.027151,0,,0,,,0,,,0,0,0,0,0,0,0,0,0,0,0,,,PT170,1506
090086,0,090086,R Marítimos (X) R Bem Fadada,,,38.657046,-9.030837,0,,0,,,0,,,0,0,0,0,0,0,0,0,0,0,0,,,PT170,1506
090087,0,090087,ROSÁRIO (R EÇA QUEIROZ 4),,,38.67552,-9.009522,0,,0,,,0,,,0,0,0,0,0,0,0,0,0,0,0,,,PT170,1506
090088,0,090088,R Cândido dos Reis (Centro de Saúde),,,38.658056,-9.027528,0,,0,,,0,,,0,0,0,0,0,0,0,0,0,0,0,,,PT170,1506
090089,0,090089,ROSÁRIO (R EÇA QUEIROZ 70),,,38.672758,-9.009041,0,,0,,,0,,,0,0,0,0,0,0,0,0,0,0,0,,,PT170,1506
090090,0,090090,Av Humberto Delgado 2,,,38.6555,-9.027056,0,,0,,,0,,,0,0,0,0,0,0,0,0,0,0,0,,,PT170,1506
090091,0,090091,GAIO (JUNTO JARDIM) 32,,,38.670567,-9.006819,0,,0,,,0,,,0,0,0,0,0,0,0,0,0,0,0,,,PT170,1506
090092,0,090092,Av Bela Rosa 52,,,38.655899,-9.024507,0,,0,,,0,,,0,0,0,0,0,0,0,0,0,0,0,,,PT170,1506
090093,0,090093,GAIO ( ESC PRIMÁRIA),,,38.670504,-9.004302,0,,0,,,0,,,0,0,0,0,0,0,0,0,0,0,0,,,PT170,1506
090095,0,090095,Frente Escola Básica Fragata do Tejo,,,38.65716,-8.99495,0,,0,,,0,,,0,0,0,0,0,0,0,0,0,0,0,,,PT170,1506
090097,0,090097,Rua Classe Operária Frente 23,,,38.647488,-8.992572,0,,0,,,0,,,0,0,0,0,0,0,0,0,0,0,0,,,PT170,1506
090099,0,090099,Estrada Nacional 11 13,,,38.660351,-8.988425,0,,0,,,0,,,0,0,0,0,0,0,0,0,0,0,0,,,PT170,1506
090100,0,090100,MOITA (ALTO S SEBASTIÃO) EN 11 11,,,38.660136,-8.988492,0,,0,,,0,,,0,0,0,0,0,0,0,0,0,0,0,,,PT170,1506
090101,0,090101,ALTO S SEBASTIÃO (EN 11 54),,,38.662193,-8.98668,0,,0,,,0,,,0,0,0,0,0,0,0,0,0,0,0,,,PT170,1506
090102,0,090102,ALTO S SEBASTIÃO (EN 11 54),,,38.662297,-8.986479,0,,0,,,0,,,0,0,0,0,0,0,0,0,0,0,0,,,PT170,1506
090103,0,090103,CHÃO DURO X EM 505 10,,,38.665862,-8.984393,0,,0,,,0,,,0,0,0,0,0,0,0,0,0,0,0,,,PT170,1506
090104,0,090104,CHÃO DURO X EM 505 10,,,38.665906,-8.984272,0,,0,,,0,,,0,0,0,0,0,0,0,0,0,0,0,,,PT170,1506
090105,0,090105,CHÃO DURO X EM 505 74,,,38.671178,-8.98398,0,,0,,,0,,,0,0,0,0,0,0,0,0,0,0,0,,,PT170,1506
090106,0,090106,CHÃO DURO X EM 505 74,,,38.671322,-8.983866,0,,0,,,0,,,0,0,0,0,0,0,0,0,0,0,0,,,PT170,1506
090107,0,090107,SARILHOS PEQUENOS (EM 505 129),,,38.673809,-8.983705,0,,0,,,0,,,0,0,0,0,0,0,0,0,0,0,0,,,PT170,1506
090108,0,090108,SARILHOS PEQUENOS (EM 505 129),,,38.6736,-8.983632,0,,0,,,0,,,0,0,0,0,0,0,0,0,0,0,0,,,PT170,1506
090109,0,090109,SARILHOS PEQUENOS (R LUÍS CAMÕES 53),,,38.68024,-8.982137,0,,0,,,0,,,0,0,0,0,0,0,0,0,0,0,0,,,PT170,1506
090110,0,090110,SARILHOS PEQUENOS (R LUÍS CAMÕES 53),,,38.680244,-8.982041,0,,0,,,0,,,0,0,0,0,0,0,0,0,0,0,0,,,PT170,1506
090112,0,090112,Rua João de Deus (Igreja),,,38.681903,-8.982199,0,,0,,,0,,,0,0,0,0,0,0,0,0,0,0,0,,,PT170,1506
090113,0,090113,NOVA MOITA,,,38.648006,-8.988322,0,,0,,,0,,,0,0,0,0,0,0,0,0,0,0,0,,,PT170,1506
090115,0,090115,MOITA (R DR ALEXANDRE SEQUEIRA) MERCADO,,,38.651187,-8.989845,0,,0,,,0,,,0,0,0,0,0,0,0,0,0,0,0,,,PT170,1506
090117,0,090117,MOITA (R DR ALEXAND SEQUEIRA) BIBLIOTECA,,,38.653286,-8.99077,0,,0,,,0,,,0,0,0,0,0,0,0,0,0,0,0,,,PT170,1506
090119,0,090119,ALTO S SEBASTIÃO (EM 1022 10),,,38.660684,-8.985852,0,,0,,,0,,,0,0,0,0,0,0,0,0,0,0,0,,,PT170,1506
090120,0,090120,ALTO S SEBASTIÃO (EM 1022 10),,,38.660812,-8.985748,0,,0,,,0,,,0,0,0,0,0,0,0,0,0,0,0,,,PT170,1506
090121,0,090121,Estrada Municipal 1022 (Bairro da Remôa),,,38.658978,-8.983486,0,,0,,,0,,,0,0,0,0,0,0,0,0,0,0,0,,,PT170,1506
090123,0,090123,Bº NOVO (PINHAL AREIA) EM 1022,,,38.656416,-8.981897,0,,0,,,0,,,0,0,0,0,0,0,0,0,0,0,0,,,PT170,1506
090124,0,090124,Bº NOVO (PINHAL AREIA) EM 1022,,,38.656493,-8.98182,0,,0,,,0,,,0,0,0,0,0,0,0,0,0,0,0,,,PT170,1506
090125,0,090125,ESC TEC PROF MOITA,,,38.650071,-8.973229,0,,0,,,0,,,0,0,0,0,0,0,0,0,0,0,0,,,PT170,1506
090129,0,090129,CARVALHINHO (EM 1022 12),,,38.649583,-8.977686,0,,0,,,0,,,0,0,0,0,0,0,0,0,0,0,0,,,PT170,1506
090130,0,090130,CARVALHINHO (EM 1022 12),,,38.649789,-8.977568,0,,0,,,0,,,0,0,0,0,0,0,0,0,0,0,0,,,PT170,1506
090131,0,090131,CARVALHINHO (ROT) HIPERMERCADO,,,38.644254,-8.97946,0,,0,,,0,,,0,0,0,0,0,0,0,0,0,0,0,,,PT170,1506
090132,0,090132,CARVALHINHO (ROT) HIPERMERCADO,,,38.644568,-8.979059,0,,0,,,0,,,0,0,0,0,0,0,0,0,0,0,0,,,PT170,1506
090133,0,090133,MOITA JUNCALINHO (EN 379-2 42),,,38.6461,-8.985217,0,,0,,,0,,,0,0,0,0,0,0,0,0,0,0,0,,,PT170,1506
090134,0,090134,MOITA JUNCALINHO (EN 379-2 42),,,38.64632,-8.985458,0,,0,,,0,,,0,0,0,0,0,0,0,0,0,0,0,,,PT170,1506
090135,0,090135,R DA PAZ (PALHEIRÃO),,,38.646422,-8.989065,0,,0,,,0,,,0,0,0,0,0,0,0,0,0,0,0,,,PT170,1506
090137,0,090137,4 MARCOS (EM1023)XR DR AGOSTINHO NETO,,,38.641896,-8.947942,0,,0,,,0,,,0,0,0,0,0,0,0,0,0,0,0,,,PT170,1506
090139,0,090139,PENTEADO X (EM 1023),,,38.638391,-8.946856,0,,0,,,0,,,0,0,0,0,0,0,0,0,0,0,0,,,PT170,1506
090140,0,090140,PENTEADO X (EM 1023),,,38.638522,-8.946666,0,,0,,,0,,,0,0,0,0,0,0,0,0,0,0,0,,,PT170,1506
090141,0,090141,4 MARCOS (EM1023)XR ACEIRO ANT ALEIXO,,,38.645874,-8.949269,0,,0,,,0,,,0,0,0,0,0,0,0,0,0,0,0,,,PT170,1506
090143,0,090143,QUATRO MARCOS (EM 1023) X R CEUTA,,,38.64965,-8.952279,0,,0,,,0,,,0,0,0,0,0,0,0,0,0,0,0,,,PT170,1506
090145,0,090145,QUATRO MARCOS X (EM 1023),,,38.651687,-8.953167,0,,0,,,0,,,0,0,0,0,0,0,0,0,0,0,0,,,PT170,1506
090147,0,090147,MOITA PALHEIRÃO (EN 379-2 70),,,38.647369,-8.988501,0,,0,,,0,,,0,0,0,0,0,0,0,0,0,0,0,,,PT170,1506
090148,0,090148,Rua de Liège Lote 6,,,38.647452,-8.988321,0,,0,,,0,,,0,0,0,0,0,0,0,0,0,0,0,,,PT170,1506
090149,0,090149,CARVALHINHO (EM 533-1) X IC 13,,,38.642736,-8.970817,0,,0,,,0,,,0,0,0,0,0,0,0,0,0,0,0,,,PT170,1506
090150,0,090150,CARVALHINHO (EM 533-1) X IC 13,,,38.642905,-8.971008,0,,0,,,0,,,0,0,0,0,0,0,0,0,0,0,0,,,PT170,1506
090151,0,090151,CARVALHINHO (EM 533-1) VIV ROQUE,,,38.642486,-8.969176,0,,0,,,0,,,0,0,0,0,0,0,0,0,0,0,0,,,PT170,1506
090153,0,090153,Bairro da Liberdade (EM533-1),,,38.640546,-8.963781,0,,0,,,0,,,0,0,0,0,0,0,0,0,0,0,0,,,PT170,1506
090154,0,090154,Bairro da Liberdade (EM533-1),,,38.640168,-8.961073,0,,0,,,0,,,0,0,0,0,0,0,0,0,0,0,0,,,PT170,1506
090155,0,090155,PENTEADO (EM 533-1) VIV MIZÉ GUERREIRO,,,38.639624,-8.956704,0,,0,,,0,,,0,0,0,0,0,0,0,0,0,0,0,,,PT170,1506
090156,0,090156,PENTEADO (EM 533-1) VIV MIZÉ GUERREIRO,,,38.63971,-8.956574,0,,0,,,0,,,0,0,0,0,0,0,0,0,0,0,0,,,PT170,1506
090157,0,090157,PENTEADO (EM 1025) ESC PRIMÁRIA,,,38.636004,-8.957611,0,,0,,,0,,,0,0,0,0,0,0,0,0,0,0,0,,,PT170,1506
090158,0,090158,PENTEADO (EM 1025) ESC PRIMÁRIA,,,38.635941,-8.957514,0,,0,,,0,,,0,0,0,0,0,0,0,0,0,0,0,,,PT170,1506
090159,0,090159,PENTEADO (EM 1025) JUNTOXR DESCOBERTAS,,,38.630091,-8.957617,0,,0,,,0,,,0,0,0,0,0,0,0,0,0,0,0,,,PT170,1506
090160,0,090160,PENTEADO (EM 1025) JUNTOXR DESCOBERTAS,,,38.62987,-8.957645,0,,0,,,0,,,0,0,0,0,0,0,0,0,0,0,0,,,PT170,1506
090161,0,090161,EM 533-1 ROTUNDA URB CARVALHINHO,,,38.642293,-8.967503,0,,0,,,0,,,0,0,0,0,0,0,0,0,0,0,0,,,PT170,1506
090165,0,090165,Rua da Juventude (Cemitério),,,38.659639,-8.987924,0,,0,,,0,,,0,0,0,0,0,0,0,0,0,0,0,,,PT170,1506
090167,0,090167,Bº BELA VISTA (PINHAL AREIA) X EM 1022,,,38.653046,-8.977488,0,,0,,,0,,,0,0,0,0,0,0,0,0,0,0,0,,,PT170,1506
090168,0,090168,Estrada Municipal 1022,,,38.6531,-8.977391,0,,0,,,0,,,0,0,0,0,0,0,0,0,0,0,0,,,PT170,1506
090169,0,090169,CARVALHINHO (EM 1022 25),,,38.647559,-8.97791,0,,0,,,0,,,0,0,0,0,0,0,0,0,0,0,0,,,PT170,1506
090170,0,090170,CARVALHINHO (EM 1022 25),,,38.647636,-8.977796,0,,0,,,0,,,0,0,0,0,0,0,0,0,0,0,0,,,PT170,1506
090171,0,090171,CARVALHINHO (EM1022) SUPERMERCADO (ROT),,,38.646152,-8.978352,0,,0,,,0,,,0,0,0,0,0,0,0,0,0,0,0,,,PT170,1506
090172,0,090172,Rua do Povo Unido (Supermercado),,,38.646179,-8.97818,0,,0,,,0,,,0,0,0,0,0,0,0,0,0,0,0,,,PT170,1506
090173,0,090173,PENTEADO(Bº VILA MORENA) (X) EM533-12126,,,38.638915,-8.950933,0,,0,,,0,,,0,0,0,0,0,0,0,0,0,0,0,,,PT170,1506
090174,0,090174,PENTEADO(Bº VILA MORENA) (X) EM533-12126,,,38.639031,-8.950915,0,,0,,,0,,,0,0,0,0,0,0,0,0,0,0,0,,,PT170,1506
090175,0,090175,QUATRO MARCOS X ABREU GRANDE (EM533-1),,,38.638114,-8.94744,0,,0,,,0,,,0,0,0,0,0,0,0,0,0,0,0,,,PT170,1506
090176,0,090176,QUATRO MARCOS X ABREU GRANDE (EM533-1),,,38.638228,-8.947415,0,,0,,,0,,,0,0,0,0,0,0,0,0,0,0,0,,,PT170,1506
090177,0,090177,BROEGA (EN 11) X R ANTÓNIO ALEIXO,,,38.670364,-8.977706,0,,0,,,0,,,0,0,0,0,0,0,0,0,0,0,0,,,PT170,1506
090178,0,090178,Estrada Nacional 11 (X) Rua António Aleixo,,,38.670362,-8.977517,0,,0,,,0,,,0,0,0,0,0,0,0,0,0,0,0,,,PT170,1506
090179,0,090179,CHÃO DURO (EN 11) CENTRO LOGÍSTICO,,,38.667558,-8.980073,0,,0,,,0,,,0,0,0,0,0,0,0,0,0,0,0,,,PT170,1506
090180,0,090180,CHÃO DURO (EN 11) CENTRO LOGÍSTICO,,,38.667122,-8.980622,0,,0,,,0,,,0,0,0,0,0,0,0,0,0,0,0,,,PT170,1506
090181,0,090181,CHÃO DURO X EN 11 7,,,38.665546,-8.984025,0,,0,,,0,,,0,0,0,0,0,0,0,0,0,0,0,,,PT170,1506
090182,0,090182,CHÃO DURO X EN 11 7,,,38.665564,-8.983716,0,,0,,,0,,,0,0,0,0,0,0,0,0,0,0,0,,,PT170,1506
090183,0,090183,Estrada Nacional 11 (Frente Supermercado),,,38.649719,-8.997757,0,,0,,,0,,,0,0,0,0,0,0,0,0,0,0,0,,,PT170,1506
090185,0,090185,ALHOS VEDROS (EN11 23) LG MISERICÓRDIA,,,38.654721,-9.027744,0,,0,,,0,,,0,0,0,0,0,0,0,0,0,0,0,,,PT170,1506
090187,0,090187,ALHOS VEDROS (R MIGUEL BOMBARDA 17),,,38.655479,-9.030545,0,,0,,,0,,,0,0,0,0,0,0,0,0,0,0,0,,,PT170,1506
090188,0,090188,ALHOS VEDROS (R MIGUEL BOMBARDA 17),,,38.655404,-9.030534,0,,0,,,0,,,0,0,0,0,0,0,0,0,0,0,0,,,PT170,1506
090189,0,090189,ALHOS VEDROS (EN11) SUPERMERCADO,,,38.655579,-9.033902,0,,0,,,0,,,0,0,0,0,0,0,0,0,0,0,0,,,PT170,1506
090190,0,090190,ALHOS VEDROS (EN11) SUPERMERCADO,,,38.655868,-9.033961,0,,0,,,0,,,0,0,0,0,0,0,0,0,0,0,0,,,PT170,1506
090191,0,090191,Estrada Nacional 11 (Supermercado),,,38.65701,-9.036838,0,,0,,,0,,,0,0,0,0,0,0,0,0,0,0,0,,,PT170,1506
090192,0,090192,ALHOS VEDROS (EN 11 7),,,38.657221,-9.036799,0,,0,,,0,,,0,0,0,0,0,0,0,0,0,0,0,,,PT170,1506
090193,0,090193,BAIXA BANHEIRA (EN 11-1) CENTRO SAUDE,,,38.658535,-9.041042,0,,0,,,0,,,0,0,0,0,0,0,0,0,0,0,0,,,PT170,1506
090194,0,090194,BAIXA BANHEIRA (EN 11-1) CENTRO SAUDE,,,38.658594,-9.040865,0,,0,,,0,,,0,0,0,0,0,0,0,0,0,0,0,,,PT170,1506
090195,0,090195,BAIXA BANHEIRA (EN 11 205) PASS NÍVEL,,,38.659133,-9.042242,0,,0,,,0,,,0,0,0,0,0,0,0,0,0,0,0,,,PT170,1506
090197,0,090197,Estrada Nacional 11 2,,,38.661129,-9.050229,0,,0,,,0,,,0,0,0,0,0,0,0,0,0,0,0,,,PT170,1506
090198,0,090198,QUINTA DA VÁRZEA,,,38.661139,-9.049916,0,,0,,,0,,,0,0,0,0,0,0,0,0,0,0,0,,,PT170,1506
090199,0,090199,BAIXA BANHEIRA (EN 11 54),,,38.660702,-9.04873,0,,0,,,0,,,0,0,0,0,0,0,0,0,0,0,0,,,PT170,1506
090201,0,090201,BAIXA BANHEIRA (EN 11 176A),,,38.660129,-9.045704,0,,0,,,0,,,0,0,0,0,0,0,0,0,0,0,0,,,PT170,1506
090202,0,090202,BAIXA BANHEIRA (EN 11 176A),,,38.660376,-9.046215,0,,0,,,0,,,0,0,0,0,0,0,0,0,0,0,0,,,PT170,1506
090203,0,090203,ALHOS VEDROS (R 5 OUTUBRO 23) LG CORETO,,,38.655125,-9.028654,0,,0,,,0,,,0,0,0,0,0,0,0,0,0,0,0,,,PT170,1506
090205,0,090205,N11 (SUPERMERCADO),,,38.649551,-8.997962,0,,0,,,0,,,0,0,0,0,0,0,0,0,0,0,0,,,PT170,1506
090207,0,090207,MOITA (EN 11) POSTO COMBUST (ROT),,,38.647241,-8.993514,0,,0,,,0,,,0,0,0,0,0,0,0,0,0,0,0,,,PT170,1506
090209,0,090209,Baixa da Banheira (Estação),,,38.65934,-9.043239,0,,0,,,0,,,0,0,0,0,0,0,0,0,0,0,0,,,PT170,1506
090211,0,090211,ESTAÇÃO ALHOS VEDROS,,,38.65215,-9.027417,0,,0,,,0,,,0,0,0,0,0,0,0,0,0,0,0,,,PT170,1506
090213,0,090213,ALHOS VEDROS - ESTAÇÃO,,,38.653109,-9.027783,0,,0,,,0,,,0,0,0,0,0,0,0,0,0,0,0,,,PT170,1506
090217,0,090217,Avenida 1º de Maio (Campo de Jogos),,,38.65255,-9.035963,0,,0,,,0,,,0,0,0,0,0,0,0,0,0,0,0,,,PT170,1506
090218,0,090218,Avenida 1º de Maio (Frente Campo da Quinta da Carvalheira,,,38.652397,-9.035944,0,,0,,,0,,,0,0,0,0,0,0,0,0,0,0,0,,,PT170,1506
090219,0,090219,VALE AMOREIRA (R BORDALO PINHEIRO 29),,,38.651461,-9.036563,0,,0,,,0,,,0,0,0,0,0,0,0,0,0,0,0,,,PT170,1506
090220,0,090220,VALE AMOREIRA (R BORDALO PINHEIRO 29),,,38.65179,-9.036457,0,,0,,,0,,,0,0,0,0,0,0,0,0,0,0,0,,,PT170,1506
090221,0,090221,VALE AMOREIRA (R BORDALO PINHEIRO 3),,,38.650799,-9.038686,0,,0,,,0,,,0,0,0,0,0,0,0,0,0,0,0,,,PT170,1506
090223,0,090223,VALE AMOREIRA (R JOÃO VILLARET 32),,,38.647751,-9.036908,0,,0,,,0,,,0,0,0,0,0,0,0,0,0,0,0,,,PT170,1506
090224,0,090224,VALE AMOREIRA (R JOÃO VILLARET 32),,,38.647796,-9.036797,0,,0,,,0,,,0,0,0,0,0,0,0,0,0,0,0,,,PT170,1506
090225,0,090225,VALE AMOREIRA (R MARGARIDAS 32) ZONA F,,,38.644629,-9.036888,0,,0,,,0,,,0,0,0,0,0,0,0,0,0,0,0,,,PT170,1506
090226,0,090226,VALE AMOREIRA (R MARGARIDAS 32) ZONA F,,,38.644774,-9.036751,0,,0,,,0,,,0,0,0,0,0,0,0,0,0,0,0,,,PT170,1506
090227,0,090227,VALE AMOREIRA (LGO CRAVO 47),,,38.642775,-9.037306,0,,0,,,0,,,0,0,0,0,0,0,0,0,0,0,0,,,PT170,1506
130464,0,130464,BAIXA PALMELA (EN 252 173),,,38.564268,-8.888004,0,,0,,,0,,,0,0,0,0,0,0,0,0,0,0,0,,,PT170,1508
130465,0,130465,BAIXA PALMELA (EN252 2),,,38.561939,-8.888225,0,,0,,,0,,,0,0,0,0,0,0,0,0,0,0,0,,,PT170,1508
130467,0,130467,MIRAVENTOS (EN 252),,,38.555054,-8.885941,0,,0,,,0,,,0,0,0,0,0,0,0,0,0,0,0,,,PT170,1508
130469,0,130469,SETÚBAL (N252 X ESTR DE MIRAVENTOS),,,38.550833,-8.886178,0,,0,,,0,,,0,0,0,0,0,0,0,0,0,0,0,,,PT170,1508
130471,0,130471,MIRAVENTOS (EN 252),,,38.556006,-8.886133,0,,0,,,0,,,0,0,0,0,0,0,0,0,0,0,0,,,PT170,1508
130473,0,130473,BAIXA PALMELA (EN 252) X MACHETE,,,38.56291,-8.888447,0,,0,,,0,,,0,0,0,0,0,0,0,0,0,0,0,,,PT170,1508
130474,0,130474,BAIXA PALMELA (EN 252) X MACHETE,,,38.562875,-8.888247,0,,0,,,0,,,0,0,0,0,0,0,0,0,0,0,0,,,PT170,1508
130475,0,130475,AIRES (EN 252 3),,,38.571675,-8.888394,0,,0,,,0,,,0,0,0,0,0,0,0,0,0,0,0,,,PT170,1508
130477,0,130477,URB CASAS DA QTA DOS BARRELEIROS CCI3952,,,38.579641,-8.888536,0,,0,,,0,,,0,0,0,0,0,0,0,0,0,0,0,,,PT170,1508
130479,0,130479,Estrada Nacional 4 (X) Rua José Maria Pereira,,,38.685007,-8.714355,0,,0,,,0,,,0,0,0,0,0,0,0,0,0,0,0,,,PT170,1508
130480,0,130480,MONTE ALEGRE (EN 4) FTE MARCO 35,,,38.685259,-8.714557,0,,0,,,0,,,0,0,0,0,0,0,0,0,0,0,0,,,PT170,1508
130481,0,130481,LOJA NOVA FAIAS (N4 X R DO PATOLA),,,38.687447,-8.729683,0,,0,,,0,,,0,0,0,0,0,0,0,0,0,0,0,,,PT170,1508
130482,0,130482,LOJA NOVA FAIAS (N4 X R DO PATOLA),,,38.687433,-8.728172,0,,0,,,0,,,0,0,0,0,0,0,0,0,0,0,0,,,PT170,1508
130483,0,130483,FOROS TRAPO (EM 533) MONTE CONSTANTINO,,,38.700284,-8.723769,0,,0,,,0,,,0,0,0,0,0,0,0,0,0,0,0,,,PT170,1508
130484,0,130484,FOROS TRAPO (EM 533) MONTE CONSTANTINO,,,38.700189,-8.72371,0,,0,,,0,,,0,0,0,0,0,0,0,0,0,0,0,,,PT170,1507
130485,0,130485,FOROS TRAPO (EM533)X R ACTOR ANT SILVA,,,38.705742,-8.720042,0,,0,,,0,,,0,0,0,0,0,0,0,0,0,0,0,,,PT170,1508
130486,0,130486,FOROS TRAPO (EM533)X R ACTOR ANT SILVA,,,38.705688,-8.719955,0,,0,,,0,,,0,0,0,0,0,0,0,0,0,0,0,,,PT170,1508
130487,0,130487,FOROS TRAPO (R PATOLA X R P ALV CABRAL),,,38.710074,-8.717126,0,,0,,,0,,,0,0,0,0,0,0,0,0,0,0,0,,,PT170,1508
130488,0,130488,Rua do Patola (X) Rua Pedro Álvares Cabral,,,38.710119,-8.716969,0,,0,,,0,,,0,0,0,0,0,0,0,0,0,0,0,,,PT170,1507
130489,0,130489,ALDEIA NOVA AROEIRA(R ANT HORTA) X EM533,,,38.713661,-8.71469,0,,0,,,0,,,0,0,0,0,0,0,0,0,0,0,0,,,PT170,1508
130493,0,130493,ALDEIA NOVA AROEIRA (R ANTÓNIO HORTA),,,38.718605,-8.726112,0,,0,,,0,,,0,0,0,0,0,0,0,0,0,0,0,,,PT170,1508
130494,0,130494,ALDEIA NOVA AROEIRA (R ANTÓNIO HORTA),,,38.718662,-8.726057,0,,0,,,0,,,0,0,0,0,0,0,0,0,0,0,0,,,PT170,1508
130495,0,130495,ALDEIA NOVA AROEIRA ( ESCOLA PRIMÁRIA),,,38.722485,-8.735482,0,,0,,,0,,,0,0,0,0,0,0,0,0,0,0,0,,,PT170,1508
130496,0,130496,ALDEIA NOVA AROEIRA ( ESCOLA PRIMÁRIA),,,38.722542,-8.735401,0,,0,,,0,,,0,0,0,0,0,0,0,0,0,0,0,,,PT170,1508
130497,0,130497,Estrada Nacional 4 (X) Rua Deolinda Maria,,,38.691941,-8.756401,0,,0,,,0,,,0,0,0,0,0,0,0,0,0,0,0,,,PT170,1508
130499,0,130499,FAIAS (N4)PARAGEM PEREIRAS (PST COMBUST),,,38.693978,-8.769193,0,,0,,,0,,,0,0,0,0,0,0,0,0,0,0,0,,,PT170,1508
130501,0,130501,MONTE CISNE (EN 4),,,38.695849,-8.781897,0,,0,,,0,,,0,0,0,0,0,0,0,0,0,0,0,,,PT170,1508
130502,0,130502,MONTE CISNE (EN 4),,,38.695968,-8.781987,0,,0,,,0,,,0,0,0,0,0,0,0,0,0,0,0,,,PT170,1508
130503,0,130503,EN 4 (CASA CANTONEIROS),,,38.705508,-8.821601,0,,0,,,0,,,0,0,0,0,0,0,0,0,0,0,0,,,PT170,1508
130504,0,130504,EN 4 (CASA CANTONEIROS),,,38.705598,-8.821499,0,,0,,,0,,,0,0,0,0,0,0,0,0,0,0,0,,,PT170,1508
130505,0,130505,RIO FRIO (HERDADE) TERMINAL,,,38.674089,-8.858228,0,,0,,,0,,,0,0,0,0,0,0,0,0,0,0,0,,,PT170,1508
130507,0,130507,TIMÓTEO (R FOROS PASSARINHAS) X EN 4,,,38.693012,-8.761683,0,,0,,,0,,,0,0,0,0,0,0,0,0,0,0,0,,,PT170,1508
130508,0,130508,TIMÓTEO (R FOROS PASSARINHAS) X EN 4,,,38.692972,-8.761556,0,,0,,,0,,,0,0,0,0,0,0,0,0,0,0,0,,,PT170,1508
130509,0,130509,R FOROS PASSARINHAS XR JOSÉ G SANHEIRO,,,38.704542,-8.753949,0,,0,,,0,,,0,0,0,0,0,0,0,0,0,0,0,,,PT170,1508
130510,0,130510,R FOROS PASSARINHAS XR JOSÉ G SANHEIRO,,,38.704261,-8.75404,0,,0,,,0,,,0,0,0,0,0,0,0,0,0,0,0,,,PT170,1508
130511,0,130511,R FOROS PASSARINHASX R FRANCISCO JORGE,,,38.720147,-8.743593,0,,0,,,0,,,0,0,0,0,0,0,0,0,0,0,0,,,PT170,1508
130512,0,130512,R FOROS PASSARINHASX R FRANCISCO JORGE,,,38.720574,-8.743202,0,,0,,,0,,,0,0,0,0,0,0,0,0,0,0,0,,,PT170,1508
130513,0,130513,LOJA NOVA X LAGOA CALVO,,,38.687344,-8.731033,0,,0,,,0,,,0,0,0,0,0,0,0,0,0,0,0,,,PT170,1508
130515,0,130515,FORNINHO(EM1032)R C CABETXR MARCOLINOS,,,38.664827,-8.756603,0,,0,,,0,,,0,0,0,0,0,0,0,0,0,0,0,,,PT170,1508
130516,0,130516,FORNINHO(EM1032)R C CABETXR MARCOLINOS,,,38.664876,-8.756474,0,,0,,,0,,,0,0,0,0,0,0,0,0,0,0,0,,,PT170,1508
130517,0,130517,FORNINHO (EM 1032) R J CARVALHO,,,38.666293,-8.764653,0,,0,,,0,,,0,0,0,0,0,0,0,0,0,0,0,,,PT170,1508
130518,0,130518,FORNINHO (EM 1032) R J CARVALHO,,,38.66619,-8.764211,0,,0,,,0,,,0,0,0,0,0,0,0,0,0,0,0,,,PT170,1508
130519,0,130519,Rua Ferreira da Costa,,,38.662825,-8.767504,0,,0,,,0,,,0,0,0,0,0,0,0,0,0,0,0,,,PT170,1508
130520,0,130520,FORNINHO (EM 1032) R FERREIRA COSTA,,,38.6628,-8.767382,0,,0,,,0,,,0,0,0,0,0,0,0,0,0,0,0,,,PT170,1508
130521,0,130521,FORNINHO (EM 1032) X R IZEQUIEL MARCOS,,,38.655926,-8.771045,0,,0,,,0,,,0,0,0,0,0,0,0,0,0,0,0,,,PT170,1508
130523,0,130523,LAGOA CALVO (EM 533) X FORNINHO,,,38.662692,-8.738891,0,,0,,,0,,,0,0,0,0,0,0,0,0,0,0,0,,,PT170,1508
130525,0,130525,LAU (EM 533) X,,,38.603772,-8.8218,0,,0,,,0,,,0,0,0,0,0,0,0,0,0,0,0,,,PT170,1508
130527,0,130527,AREIAS GORDAS (EM 533-1),,,38.605075,-8.833659,0,,0,,,0,,,0,0,0,0,0,0,0,0,0,0,0,,,PT170,1508
130528,0,130528,AREIAS GORDAS (EM 533-1),,,38.605135,-8.833528,0,,0,,,0,,,0,0,0,0,0,0,0,0,0,0,0,,,PT170,1508
130529,0,130529,AREIAS GORDAS (EM 533-1 1),,,38.606604,-8.847137,0,,0,,,0,,,0,0,0,0,0,0,0,0,0,0,0,,,PT170,1508
130530,0,130530,AREIAS GORDAS (EM 533-1 1),,,38.606687,-8.847068,0,,0,,,0,,,0,0,0,0,0,0,0,0,0,0,0,,,PT170,1508
130531,0,130531,ARRAIADOS (R OURO) X EM 533-1,,,38.608265,-8.856128,0,,0,,,0,,,0,0,0,0,0,0,0,0,0,0,0,,,PT170,1508
130532,0,130532,ARRAIADOS (R OURO) X EM 533-1,,,38.607925,-8.85599,0,,0,,,0,,,0,0,0,0,0,0,0,0,0,0,0,,,PT170,1508
130533,0,130533,ARRAIADOS (R OURO),,,38.611207,-8.856194,0,,0,,,0,,,0,0,0,0,0,0,0,0,0,0,0,,,PT170,1508
130534,0,130534,ARRAIADOS (R OURO),,,38.611221,-8.856095,0,,0,,,0,,,0,0,0,0,0,0,0,0,0,0,0,,,PT170,1508
130535,0,130535,ARRAIADOS (R OURO) VIV COR ROSA,,,38.61724,-8.856321,0,,0,,,0,,,0,0,0,0,0,0,0,0,0,0,0,,,PT170,1508
130536,0,130536,ARRAIADOS (R OURO) VIV COR ROSA,,,38.617448,-8.856232,0,,0,,,0,,,0,0,0,0,0,0,0,0,0,0,0,,,PT170,1508
130537,0,130537,ARRAIADOS(R ESC ARRAIADOS)XR COMERCIAN,,,38.622039,-8.856421,0,,0,,,0,,,0,0,0,0,0,0,0,0,0,0,0,,,PT170,1508
130538,0,130538,ARRAIADOS(R ESC ARRAIADOS)XR COMERCIAN,,,38.622201,-8.856302,0,,0,,,0,,,0,0,0,0,0,0,0,0,0,0,0,,,PT170,1508
130539,0,130539,ARRAIADOS (R ESC ARRAIADOS),,,38.62533,-8.856484,0,,0,,,0,,,0,0,0,0,0,0,0,0,0,0,0,,,PT170,1508
130540,0,130540,ARRAIADOS (R ESC ARRAIADOS),,,38.625331,-8.856381,0,,0,,,0,,,0,0,0,0,0,0,0,0,0,0,0,,,PT170,1508
130541,0,130541,VALDERA (R ESC ARRAIADOS),,,38.630054,-8.85661,0,,0,,,0,,,0,0,0,0,0,0,0,0,0,0,0,,,PT170,1508
130542,0,130542,VALDERA (R ESC ARRAIADOS),,,38.630008,-8.856508,0,,0,,,0,,,0,0,0,0,0,0,0,0,0,0,0,,,PT170,1508
130543,0,130543,ARRAIADOS (R COMERCIANTES) XR ALEGRIAS,,,38.622378,-8.860583,0,,0,,,0,,,0,0,0,0,0,0,0,0,0,0,0,,,PT170,1508
130544,0,130544,ARRAIADOS (R COMERCIANTES) XR ALEGRIAS,,,38.622448,-8.86057,0,,0,,,0,,,0,0,0,0,0,0,0,0,0,0,0,,,PT170,1508
130545,0,130545,VL VILA (R COMERCIAN)XACEIRO MANU BOGA,,,38.623109,-8.864561,0,,0,,,0,,,0,0,0,0,0,0,0,0,0,0,0,,,PT170,1508
130546,0,130546,Rua dos Comerciantes (X) Aveiro Manuel Boga,,,38.623197,-8.864547,0,,0,,,0,,,0,0,0,0,0,0,0,0,0,0,0,,,PT170,1508
130547,0,130547,Rua da Escola do Vale da Vila,,,38.623862,-8.869485,0,,0,,,0,,,0,0,0,0,0,0,0,0,0,0,0,,,PT170,1508
130548,0,130548,Rua da Escola (X) Rua dos Comerciantes,,,38.623851,-8.869394,0,,0,,,0,,,0,0,0,0,0,0,0,0,0,0,0,,,PT170,1508
130549,0,130549,VALE VILA (R ESC VALE VILA),,,38.621403,-8.86993,0,,0,,,0,,,0,0,0,0,0,0,0,0,0,0,0,,,PT170,1508
130550,0,130550,VALE VILA (R ESC VALE VILA),,,38.621562,-8.869817,0,,0,,,0,,,0,0,0,0,0,0,0,0,0,0,0,,,PT170,1508
130551,0,130551,VALE VILA (R ESC VALE VILA),,,38.614087,-8.871305,0,,0,,,0,,,0,0,0,0,0,0,0,0,0,0,0,,,PT170,1508
130552,0,130552,VALE VILA (R ESC VALE VILA),,,38.614063,-8.871209,0,,0,,,0,,,0,0,0,0,0,0,0,0,0,0,0,,,PT170,1508
130553,0,130553,VALE VILA X EM 533-1,,,38.611349,-8.871809,0,,0,,,0,,,0,0,0,0,0,0,0,0,0,0,0,,,PT170,1508
130554,0,130554,VALE VILA X EM 533-1,,,38.611222,-8.871724,0,,0,,,0,,,0,0,0,0,0,0,0,0,0,0,0,,,PT170,1508
130555,0,130555,Frente Escola Básica de Palhota,,,38.612624,-8.879058,0,,0,,,0,,,0,0,0,0,0,0,0,0,0,0,0,,,PT170,1508
130556,0,130556,PALHOTA (EM 533-1) QTA PALMIRA CASEIRA,,,38.612725,-8.87901,0,,0,,,0,,,0,0,0,0,0,0,0,0,0,0,0,,,PT170,1508
130557,0,130557,PINHAL NOVO (MERCADO MUNICIPAL),,,38.630949,-8.911375,0,,0,,,0,,,0,0,0,0,0,0,0,0,0,0,0,,,PT170,1508
130558,0,130558,PINHAL NOVO (MERCADO MUNICIPAL),,,38.630931,-8.911226,0,,0,,,0,,,0,0,0,0,0,0,0,0,0,0,0,,,PT170,1508
130559,0,130559,LAU (EM 533) X,,,38.603583,-8.821661,0,,0,,,0,,,0,0,0,0,0,0,0,0,0,0,0,,,PT170,1508
130563,0,130563,Estrada Municipal 1023 18,,,38.641939,-8.94784,0,,0,,,0,,,0,0,0,0,0,0,0,0,0,0,0,,,PT170,1508
130565,0,130565,PENTEADO (EM 533-1) CARREGUEIRA,,,38.636027,-8.942805,0,,0,,,0,,,0,0,0,0,0,0,0,0,0,0,0,,,PT170,1508
130566,0,130566,PENTEADO (EM 533-1) CARREGUEIRA,,,38.636126,-8.942782,0,,0,,,0,,,0,0,0,0,0,0,0,0,0,0,0,,,PT170,1508
130567,0,130567,PENTEADO (EM 533-1) X ACEIRO SERRADOS,,,38.632592,-8.933353,0,,0,,,0,,,0,0,0,0,0,0,0,0,0,0,0,,,PT170,1508
130568,0,130568,PENTEADO (EM 533-1) X ACEIRO SERRADOS,,,38.632674,-8.933326,0,,0,,,0,,,0,0,0,0,0,0,0,0,0,0,0,,,PT170,1508
130569,0,130569,EM 533-1 38,,,38.631834,-8.930454,0,,0,,,0,,,0,0,0,0,0,0,0,0,0,0,0,,,PT170,1508
130570,0,130570,EM 533-1 38,,,38.631917,-8.930414,0,,0,,,0,,,0,0,0,0,0,0,0,0,0,0,0,,,PT170,1508
130571,0,130571,FONTE VACA (ACEIRO JOSÉ CANARINHO),,,38.639322,-8.92697,0,,0,,,0,,,0,0,0,0,0,0,0,0,0,0,0,,,PT170,1508
130572,0,130572,FONTE VACA (ACEIRO JOSÉ CANARINHO),,,38.639487,-8.926958,0,,0,,,0,,,0,0,0,0,0,0,0,0,0,0,0,,,PT170,1508
130573,0,130573,FONTE VACA (ACEIRO ESC CARREGUEIRA),,,38.640282,-8.933232,0,,0,,,0,,,0,0,0,0,0,0,0,0,0,0,0,,,PT170,1508
130574,0,130574,FONTE VACA (ACEIRO ESC CARREGUEIRA),,,38.640321,-8.933139,0,,0,,,0,,,0,0,0,0,0,0,0,0,0,0,0,,,PT170,1508
130575,0,130575,FONTE VACA (ACEIRO ESC CARREGUE)ESC PRIM,,,38.64326,-8.937726,0,,0,,,0,,,0,0,0,0,0,0,0,0,0,0,0,,,PT170,1508
130576,0,130576,FONTE VACA (ACEIRO ESC CARREGUE)ESC PRIM,,,38.64335,-8.937669,0,,0,,,0,,,0,0,0,0,0,0,0,0,0,0,0,,,PT170,1508
130577,0,130577,ACEIRO PRINCIPXACEIRO ESC CARREGUEIRA,,,38.646061,-8.943503,0,,0,,,0,,,0,0,0,0,0,0,0,0,0,0,0,,,PT170,1508
130578,0,130578,ACEIRO PRINCIPXACEIRO ESC CARREGUEIRA,,,38.646166,-8.943406,0,,0,,,0,,,0,0,0,0,0,0,0,0,0,0,0,,,PT170,1508
130579,0,130579,4 MARCOS (EM1023)XR ACEIRO ANT ALEIXO,,,38.646421,-8.949521,0,,0,,,0,,,0,0,0,0,0,0,0,0,0,0,0,,,PT170,1508
130581,0,130581,QUATRO MARCOS (EM 1023) X R CEUTA,,,38.649717,-8.952216,0,,0,,,0,,,0,0,0,0,0,0,0,0,0,0,0,,,PT170,1508
130583,0,130583,QUATRO MARCOS X (EM 1023),,,38.651949,-8.953187,0,,0,,,0,,,0,0,0,0,0,0,0,0,0,0,0,,,PT170,1508
130585,0,130585,CARREGUEIRA (EM 1024)XACEIRO PRINCIPAL,,,38.654154,-8.943722,0,,0,,,0,,,0,0,0,0,0,0,0,0,0,0,0,,,PT170,1508
130587,0,130587,EM 1024 ANTES X ACEIRO JOSÉ CAMARINHO,,,38.656257,-8.933004,0,,0,,,0,,,0,0,0,0,0,0,0,0,0,0,0,,,PT170,1508
130588,0,130588,EM 1024 ANTES X ACEIRO JOSÉ CAMARINHO,,,38.656204,-8.932927,0,,0,,,0,,,0,0,0,0,0,0,0,0,0,0,0,,,PT170,1508
130589,0,130589,FONTE VACA NORTE (EM 1024),,,38.656722,-8.926191,0,,0,,,0,,,0,0,0,0,0,0,0,0,0,0,0,,,PT170,1508
130591,0,130591,FONTE VACA NORT (ACEIRO F SILVEST) X EM1024,,,38.656247,-8.922966,0,,0,,,0,,,0,0,0,0,0,0,0,0,0,0,0,,,PT170,1508
130592,0,130592,FONTE VACA NORT (ACEIRO F SILVEST) X EM1024,,,38.656315,-8.922913,0,,0,,,0,,,0,0,0,0,0,0,0,0,0,0,0,,,PT170,1508
130593,0,130593,FONTE VACA SUL (ACEIRO F SILVESTRE) QTA OLIV,,,38.645431,-8.920874,0,,0,,,0,,,0,0,0,0,0,0,0,0,0,0,0,,,PT170,1508
130594,0,130594,FONTE VACA SUL (ACEIRO F SILVESTRE) QTA OLIV,,,38.645818,-8.920905,0,,0,,,0,,,0,0,0,0,0,0,0,0,0,0,0,,,PT170,1508
130595,0,130595,FONTE VACA SUL (ACEIRO FRANC SILVESTRE),,,38.639638,-8.920438,0,,0,,,0,,,0,0,0,0,0,0,0,0,0,0,0,,,PT170,1508
130596,0,130596,FONTE VACA SUL (ACEIRO FRANC SILVESTRE),,,38.639757,-8.920344,0,,0,,,0,,,0,0,0,0,0,0,0,0,0,0,0,,,PT170,1508
130597,0,130597,PENTEADO X (EN 379-2) MARCO KM 8,,,38.625326,-8.960521,0,,0,,,0,,,0,0,0,0,0,0,0,0,0,0,0,,,PT170,1508
130598,0,130598,PENTEADO X (EN 379-2) MARCO KM 8,,,38.625604,-8.960651,0,,0,,,0,,,0,0,0,0,0,0,0,0,0,0,0,,,PT170,1508
130599,0,130599,OLHOS ÁGUA (EN379-2) PASS DESNIVELADA,,,38.618405,-8.955366,0,,0,,,0,,,0,0,0,0,0,0,0,0,0,0,0,,,PT170,1508
130600,0,130600,OLHOS ÁGUA (EN379-2) PASS DESNIVELADA,,,38.618643,-8.955297,0,,0,,,0,,,0,0,0,0,0,0,0,0,0,0,0,,,PT170,1508
130601,0,130601,OLHOS ÁGUA (EN 379-2) X R CHEN,,,38.614967,-8.952134,0,,0,,,0,,,0,0,0,0,0,0,0,0,0,0,0,,,PT170,1508
130602,0,130602,Estrada Nacional 379 (X) Rua do Chora,,,38.614935,-8.951878,0,,0,,,0,,,0,0,0,0,0,0,0,0,0,0,0,,,PT170,1508
130603,0,130603,OLHOS ÁGUA (EN 379-2 2),,,38.61161,-8.947636,0,,0,,,0,,,0,0,0,0,0,0,0,0,0,0,0,,,PT170,1508
130604,0,130604,OLHOS ÁGUA (EN 379-2 2),,,38.611574,-8.947387,0,,0,,,0,,,0,0,0,0,0,0,0,0,0,0,0,,,PT170,1508
130605,0,130605,ESTR RESTAURADORES CONCELHO PALMELA 56,,,38.60785,-8.943262,0,,0,,,0,,,0,0,0,0,0,0,0,0,0,0,0,,,PT170,1508
130606,0,130606,ESTR RESTAURADORES CONCELHO PALMELA 56,,,38.607908,-8.943161,0,,0,,,0,,,0,0,0,0,0,0,0,0,0,0,0,,,PT170,1508
130607,0,130607,LAGOINHA (EN 379-2 X AV LUSIADAS),,,38.598147,-8.933097,0,,0,,,0,,,0,0,0,0,0,0,0,0,0,0,0,,,PT170,1508
130608,0,130608,LAGOINHA (EN 379-2 X AV LUSIADAS),,,38.59827,-8.93305,0,,0,,,0,,,0,0,0,0,0,0,0,0,0,0,0,,,PT170,1508
130609,0,130609,LAGOINHA (EN379-2 X AV MAL COSTA GOMES),,,38.596165,-8.930577,0,,0,,,0,,,0,0,0,0,0,0,0,0,0,0,0,,,PT170,1508
130610,0,130610,LAGOINHA (EN379-2 X AV MAL COSTA GOMES),,,38.596575,-8.930911,0,,0,,,0,,,0,0,0,0,0,0,0,0,0,0,0,,,PT170,1508
130611,0,130611,LAGOINHA (EN 379-2) R PINHEIROS,,,38.593108,-8.924335,0,,0,,,0,,,0,0,0,0,0,0,0,0,0,0,0,,,PT170,1508
130612,0,130612,LAGOINHA (EN 379-2) R PINHEIROS,,,38.593236,-8.924349,0,,0,,,0,,,0,0,0,0,0,0,0,0,0,0,0,,,PT170,1508
130613,0,130613,VALE TOURO (EN 379-2) VIV CARVALHO,,,38.59037,-8.920477,0,,0,,,0,,,0,0,0,0,0,0,0,0,0,0,0,,,PT170,1508
130614,0,130614,VALE TOURO (EN 379-2) VIV CARVALHO,,,38.590544,-8.92047,0,,0,,,0,,,0,0,0,0,0,0,0,0,0,0,0,,,PT170,1508
130615,0,130615,VALE TOURO (EN 379-2 X ESTR CARRASCAS),,,38.58798,-8.918195,0,,0,,,0,,,0,0,0,0,0,0,0,0,0,0,0,,,PT170,1508
130616,0,130616,VALE TOURO (EN 379-2 X ESTR CARRASCAS),,,38.588004,-8.91805,0,,0,,,0,,,0,0,0,0,0,0,0,0,0,0,0,,,PT170,1508
130617,0,130617,VALE TOURO (EN 379-2) X CABO VISÃO,,,38.5833,-8.913733,0,,0,,,0,,,0,0,0,0,0,0,0,0,0,0,0,,,PT170,1508
130618,0,130618,VALE TOURO (EN 379-2) X CABO VISÃO,,,38.583451,-8.913606,0,,0,,,0,,,0,0,0,0,0,0,0,0,0,0,0,,,PT170,1508
130619,0,130619,VALE TOURO (EN 379-2) X QTA VIEGAS,,,38.582259,-8.91089,0,,0,,,0,,,0,0,0,0,0,0,0,0,0,0,0,,,PT170,1508
130620,0,130620,Rua dos Restauradores do Concelho de Palmela,,,38.582365,-8.910816,0,,0,,,0,,,0,0,0,0,0,0,0,0,0,0,0,,,PT170,1508
130621,0,130621,PALMELA (EN 379-2) QTA OLHO ÁGUA 821,,,38.578139,-8.908073,0,,0,,,0,,,0,0,0,0,0,0,0,0,0,0,0,,,PT170,1508
130622,0,130622,PALMELA (EN 379-2) QTA OLHO ÁGUA 821,,,38.578362,-8.908023,0,,0,,,0,,,0,0,0,0,0,0,0,0,0,0,0,,,PT170,1508
130623,0,130623,PALMELA (EN 379-2) VIV FALCÃO 713,,,38.576572,-8.907341,0,,0,,,0,,,0,0,0,0,0,0,0,0,0,0,0,,,PT170,1508
130624,0,130624,PALMELA (EN 379-2) VIV FALCÃO 713,,,38.576617,-8.907193,0,,0,,,0,,,0,0,0,0,0,0,0,0,0,0,0,,,PT170,1508
130625,0,130625,ÁGUAS MOURA (AV LIBER) LAVADOURO MUNICIP,,,38.584136,-8.697071,0,,0,,,0,,,0,0,0,0,0,0,0,0,0,0,0,,,PT170,1508
130626,0,130626,ÁGUAS MOURA (AV LIBER) LAVADOURO MUNICIP,,,38.584276,-8.697111,0,,0,,,0,,,0,0,0,0,0,0,0,0,0,0,0,,,PT170,1508
130627,0,130627,EN 10 (HERDADE AVESTRUZES),,,38.584885,-8.709409,0,,0,,,0,,,0,0,0,0,0,0,0,0,0,0,0,,,PT170,1508
130628,0,130628,EN 10 (HERDADE AVESTRUZES),,,38.585023,-8.709395,0,,0,,,0,,,0,0,0,0,0,0,0,0,0,0,0,,,PT170,1508
130629,0,130629,N10 (SILO),,,38.58135,-8.720366,0,,0,,,0,,,0,0,0,0,0,0,0,0,0,0,0,,,PT170,1508
130630,0,130630,N10 (SILO),,,38.580441,-8.721539,0,,0,,,0,,,0,0,0,0,0,0,0,0,0,0,0,,,PT170,1508
130631,0,130631,EN 10 () X HERDADE TRAVASSOS,,,38.579163,-8.73582,0,,0,,,0,,,0,0,0,0,0,0,0,0,0,0,0,,,PT170,1508
130632,0,130632,EN 10 () X HERDADE TRAVASSOS,,,38.579045,-8.735786,0,,0,,,0,,,0,0,0,0,0,0,0,0,0,0,0,,,PT170,1508
130633,0,130633,EN 10 X (KM 54000) HERDADE ZAMBUJAL,,,38.577111,-8.743909,0,,0,,,0,,,0,0,0,0,0,0,0,0,0,0,0,,,PT170,1508
130634,0,130634,EN 10 X (KM 54000) HERDADE ZAMBUJAL,,,38.576998,-8.74381,0,,0,,,0,,,0,0,0,0,0,0,0,0,0,0,0,,,PT170,1508
130635,0,130635,EN 10 (ESTAÇÃO CP ÁGUAS MOURA),,,38.57399,-8.748,0,,0,,,0,,,0,0,0,0,0,0,0,0,0,0,0,,,PT170,1508
130637,0,130637,EN 10 (PARAGEM CHAPARRAL),,,38.571422,-8.752491,0,,0,,,0,,,0,0,0,0,0,0,0,0,0,0,0,,,PT170,1508
130639,0,130639,EN 10 JUNTO A X R PRIMEIRO DE MAIO,,,38.568594,-8.764008,0,,0,,,0,,,0,0,0,0,0,0,0,0,0,0,0,,,PT170,1508
130641,0,130641,EN 10 () X GÂMBIA C- Bº BONITA,,,38.555235,-8.802678,0,,0,,,0,,,0,0,0,0,0,0,0,0,0,0,0,,,PT170,1508
130643,0,130643,EN 10 JUNTO A X R DA GÂMBIA,,,38.567552,-8.771851,0,,0,,,0,,,0,0,0,0,0,0,0,0,0,0,0,,,PT170,1508
130645,0,130645,BREJOS ASSA (QTA S MIGUEL),,,38.566098,-8.835646,0,,0,,,0,,,0,0,0,0,0,0,0,0,0,0,0,,,PT170,1508
130646,0,130646,BREJOS ASSA (QTA S MIGUEL),,,38.5661,-8.83556,0,,0,,,0,,,0,0,0,0,0,0,0,0,0,0,0,,,PT170,1508
130647,0,130647,ESTR ALGERUZ X ESTR CASA GAIATO,,,38.558555,-8.838147,0,,0,,,0,,,0,0,0,0,0,0,0,0,0,0,0,,,PT170,1508
130649,0,130649,ESTR ALGERUZ (PADEIRAS) X,,,38.555493,-8.84105,0,,0,,,0,,,0,0,0,0,0,0,0,0,0,0,0,,,PT170,1508
130651,0,130651,AIRES (RUA PARQUE),,,38.571867,-8.886692,0,,0,,,0,,,0,0,0,0,0,0,0,0,0,0,0,,,PT170,1508
130653,0,130653,AIRES (QTA PINHAL),,,38.57181,-8.881102,0,,0,,,0,,,0,0,0,0,0,0,0,0,0,0,0,,,PT170,1508
130654,0,130654,AIRES (QTA PINHAL),,,38.571596,-8.881214,0,,0,,,0,,,0,0,0,0,0,0,0,0,0,0,0,,,PT170,1508
130655,0,130655,Bº PADRE NABETO (R GUINÉ BISSAU 133),,,38.565326,-8.877331,0,,0,,,0,,,0,0,0,0,0,0,0,0,0,0,0,,,PT170,1508
130656,0,130656,Bº PADRE NABETO (R GUINÉ BISSAU 133),,,38.565287,-8.877166,0,,0,,,0,,,0,0,0,0,0,0,0,0,0,0,0,,,PT170,1508
130657,0,130657,Bº PADRE NABETO (PCTA BRASIL),,,38.56263,-8.879308,0,,0,,,0,,,0,0,0,0,0,0,0,0,0,0,0,,,PT170,1508
130658,0,130658,Bº PADRE NABETO (PCTA BRASIL),,,38.562551,-8.879074,0,,0,,,0,,,0,0,0,0,0,0,0,0,0,0,0,,,PT170,1508
130659,0,130659,Avenida Padre Nabeto (Frente Quinta Fidalgo),,,38.563947,-8.884986,0,,0,,,0,,,0,0,0,0,0,0,0,0,0,0,0,,,PT170,1508
130660,0,130660,Bº PADRE NABETO (QTA FIDALGO),,,38.563879,-8.884653,0,,0,,,0,,,0,0,0,0,0,0,0,0,0,0,0,,,PT170,1508
130661,0,130661,AIRES (AV CIDADE DA PRAIA 75),,,38.56978,-8.877763,0,,0,,,0,,,0,0,0,0,0,0,0,0,0,0,0,,,PT170,1508
130662,0,130662,AIRES (AV CIDADE DA PRAIA 75),,,38.569653,-8.87764,0,,0,,,0,,,0,0,0,0,0,0,0,0,0,0,0,,,PT170,1508
130663,0,130663,IGREJA STO ANT DE AIRES,,,38.570907,-8.885876,0,,0,,,0,,,0,0,0,0,0,0,0,0,0,0,0,,,PT170,1508
130664,0,130664,IGREJA STO ANT DE AIRES,,,38.57079,-8.885957,0,,0,,,0,,,0,0,0,0,0,0,0,0,0,0,0,,,PT170,1508
130665,0,130665,LAGAMEÇAS (SUPER CENTRO M P MARÇAL),,,38.602854,-8.775517,0,,0,,,0,,,0,0,0,0,0,0,0,0,0,0,0,,,PT170,1508
130666,0,130666,LAGAMEÇAS (SUPER CENTRO M P MARÇAL),,,38.602789,-8.775405,0,,0,,,0,,,0,0,0,0,0,0,0,0,0,0,0,,,PT170,1508
130667,0,130667,SÃO GONÇALO (EN 379 10),,,38.549817,-8.980699,0,,0,,,0,,,0,0,0,0,0,0,0,0,0,0,0,,,PT170,1508
130669,0,130669,QTA ASSECA (R CENTRAL),,,38.556968,-8.89259,0,,0,,,0,,,0,0,0,0,0,0,0,0,0,0,0,,,PT170,1508
130671,0,130671,BAIXA PALMELA ( 7),,,38.559114,-8.897403,0,,0,,,0,,,0,0,0,0,0,0,0,0,0,0,0,,,PT170,1508
130672,0,130672,BAIXA PALMELA ( 7),,,38.558991,-8.897371,0,,0,,,0,,,0,0,0,0,0,0,0,0,0,0,0,,,PT170,1508
130673,0,130673,ESTR BAIXA PALMELA (QTA DA BOAVISTA),,,38.554741,-8.89856,0,,0,,,0,,,0,0,0,0,0,0,0,0,0,0,0,,,PT170,1508
130674,0,130674,ESTR BAIXA PALMELA (QTA DA BOAVISTA),,,38.554957,-8.898509,0,,0,,,0,,,0,0,0,0,0,0,0,0,0,0,0,,,PT170,1508
130675,0,130675,ESTR BAIXA PALMELA (PLACA INÍCIO CONCEL),,,38.551455,-8.898463,0,,0,,,0,,,0,0,0,0,0,0,0,0,0,0,0,,,PT170,1508
130676,0,130676,ESTR BAIXA PALMELA (PLACA INÍCIO CONCEL),,,38.551663,-8.898336,0,,0,,,0,,,0,0,0,0,0,0,0,0,0,0,0,,,PT170,1508
130677,0,130677,Bº MARINHEIROS (ESTR 3 CONCEL),,,38.599616,-9.01244,0,,0,,,0,,,0,0,0,0,0,0,0,0,0,0,0,,,PT170,1508
130679,0,130679,Bº MARINHEIROS (R LUIS CAMÕES 8),,,38.599356,-9.01091,0,,0,,,0,,,0,0,0,0,0,0,0,0,0,0,0,,,PT170,1508
130680,0,130680,Bº MARINHEIROS (R LUIS CAMÕES 8),,,38.599281,-9.010811,0,,0,,,0,,,0,0,0,0,0,0,0,0,0,0,0,,,PT170,1508
130682,0,130682,Bº MARINHEIROS (R FORÇA POVO)C SAÚDE,,,38.59859,-9.008526,0,,0,,,0,,,0,0,0,0,0,0,0,0,0,0,0,,,PT170,1508
130683,0,130683,Bº ALENTEJANO (R 25 ABRIL) RINGUE,,,38.599187,-9.004657,0,,0,,,0,,,0,0,0,0,0,0,0,0,0,0,0,,,PT170,1508
130684,0,130684,Bº ALENTEJANO (R 25 ABRIL) RINGUE,,,38.599261,-9.00453,0,,0,,,0,,,0,0,0,0,0,0,0,0,0,0,0,,,PT170,1508
130685,0,130685,Bº ALENTEJANO (R 25 ABRIL 13),,,38.601772,-9.005798,0,,0,,,0,,,0,0,0,0,0,0,0,0,0,0,0,,,PT170,1508
130686,0,130686,Bº ALENTEJANO (R 25 ABRIL 13),,,38.601833,-9.005739,0,,0,,,0,,,0,0,0,0,0,0,0,0,0,0,0,,,PT170,1508
130687,0,130687,R 25 ABRIL X R DAS FAZENDAS,,,38.600271,-9.004549,0,,0,,,0,,,0,0,0,0,0,0,0,0,0,0,0,,,PT170,1508
130688,0,130688,R 25 ABRIL X R DAS FAZENDAS,,,38.600501,-9.004388,0,,0,,,0,,,0,0,0,0,0,0,0,0,0,0,0,,,PT170,1508
130689,0,130689,MARQUESA I E II (ESTR DAS FONTAINHAS),,,38.58386,-8.977298,0,,0,,,0,,,0,0,0,0,0,0,0,0,0,0,0,,,PT170,1508
130690,0,130690,Quinta da Marquesa (Vivenda das Rosas),,,38.583808,-8.977081,0,,0,,,0,,,0,0,0,0,0,0,0,0,0,0,0,,,PT170,1508
130691,0,130691,Parque industrial de fornecedores,,,38.579906,-8.99642,0,,0,,,0,,,0,0,0,0,0,0,0,0,0,0,0,,,PT170,1508
130693,0,130693,VILA AMÉLIA (AV ANTÓNIO XAVIER DE LIMA),,,38.57692,-9.01888,0,,0,,,0,,,0,0,0,0,0,0,0,0,0,0,0,,,PT170,1508
130694,0,130694,VILA AMÉLIA (AV ANTÓNIO XAVIER DE LIMA),,,38.57692,-9.01824,0,,0,,,0,,,0,0,0,0,0,0,0,0,0,0,0,,,PT170,1508
130695,0,130695,ESTR VILA AMÉLIA 24,,,38.576567,-9.010357,0,,0,,,0,,,0,0,0,0,0,0,0,0,0,0,0,,,PT170,1508
130696,0,130696,Estrada Vila Amélia (Restaurante),,,38.5767,-9.01034,0,,0,,,0,,,0,0,0,0,0,0,0,0,0,0,0,,,PT170,1508
130697,0,130697,International School of Palmela,,,38.570521,-9.000081,0,,0,,,0,,,0,0,0,0,0,0,0,0,0,0,0,,,PT170,1508
130698,0,130698,Frente International School of Palmela,,,38.570839,-9.000298,0,,0,,,0,,,0,0,0,0,0,0,0,0,0,0,0,,,PT170,1508
130699,0,130699,ESTR VILA AMÉLIA,,,38.565153,-8.992203,0,,0,,,0,,,0,0,0,0,0,0,0,0,0,0,0,,,PT170,1508
130700,0,130700,Estrada Vila Amélia Frente (X) Rua do Vidro,,,38.56497,-8.991906,0,,0,,,0,,,0,0,0,0,0,0,0,0,0,0,0,,,PT170,1508
130701,0,130701,LANDEIRA (ETAR),,,38.599545,-8.656589,0,,0,,,0,,,0,0,0,0,0,0,0,0,0,0,0,,,PT170,1508
130702,0,130702,LANDEIRA (ETAR),,,38.599627,-8.656697,0,,0,,,0,,,0,0,0,0,0,0,0,0,0,0,0,,,PT170,1508
130703,0,130703,EN 10 (MOINHO NOVO),,,38.600249,-8.66469,0,,0,,,0,,,0,0,0,0,0,0,0,0,0,0,0,,,PT170,1508
130704,0,130704,EN 10 (MOINHO NOVO),,,38.600159,-8.664501,0,,0,,,0,,,0,0,0,0,0,0,0,0,0,0,0,,,PT170,1508
130705,0,130705,EN 10 (PORTO ABRIGO - MARATECA),,,38.581935,-8.680516,0,,0,,,0,,,0,0,0,0,0,0,0,0,0,0,0,,,PT170,1508
130706,0,130706,EN 10 (PORTO ABRIGO - MARATECA),,,38.581944,-8.680336,0,,0,,,0,,,0,0,0,0,0,0,0,0,0,0,0,,,PT170,1508
130707,0,130707,ÁGUAS MOURA (AV LIBERDADE 86) CORREIOS,,,38.583975,-8.691149,0,,0,,,0,,,0,0,0,0,0,0,0,0,0,0,0,,,PT170,1508
130708,0,130708,ÁGUAS MOURA (AV LIBERDADE 86) CORREIOS,,,38.584088,-8.691196,0,,0,,,0,,,0,0,0,0,0,0,0,0,0,0,0,,,PT170,1508
130709,0,130709,PEGÕES (N10 CAMPO E.M. AGRICULTURA),,,38.650192,-8.631078,0,,0,,,0,,,0,0,0,0,0,0,0,0,0,0,0,,,PT170,1508
130710,0,130710,PEGÕES (N10 CAMPO E.M. AGRICULTURA),,,38.650091,-8.630922,0,,0,,,0,,,0,0,0,0,0,0,0,0,0,0,0,,,PT170,1508
130711,0,130711,N10 FÁBRICA TOMATE,,,38.612546,-8.658786,0,,0,,,0,,,0,0,0,0,0,0,0,0,0,0,0,,,PT170,1508
130712,0,130712,N10 FÁBRICA TOMATE,,,38.612675,-8.658584,0,,0,,,0,,,0,0,0,0,0,0,0,0,0,0,0,,,PT170,1508
130713,0,130713,ALGERUZ (R PRINCIPAL) FÁBRICA MARCÔA,,,38.590172,-8.838332,0,,0,,,0,,,0,0,0,0,0,0,0,0,0,0,0,,,PT170,1508
130714,0,130714,Bº ALENTEJANO (R PESSEGUEIROS),,,38.601037,-9.008945,0,,0,,,0,,,0,0,0,0,0,0,0,0,0,0,0,,,PT170,1508
130715,0,130715,Bº MARINHEIROS (R RAMIRO SILVA GRILO),,,38.597496,-9.008657,0,,0,,,0,,,0,0,0,0,0,0,0,0,0,0,0,,,PT170,1508
130716,0,130716,Estrada Municipal 1040,,,38.60152,-8.77459,0,,0,,,0,,,0,0,0,0,0,0,0,0,0,0,0,,,PT170,1508
130717,0,130717,LAGAMEÇAS (CM1040 510),,,38.600505,-8.764919,0,,0,,,0,,,0,0,0,0,0,0,0,0,0,0,0,,,PT170,1508
130718,0,130718,LAGAMEÇAS X R CARDOSOS,,,38.600432,-8.761104,0,,0,,,0,,,0,0,0,0,0,0,0,0,0,0,0,,,PT170,1508
130719,0,130719,LAGAMEÇAS X R JOSÉ GARCIA SILVA,,,38.601294,-8.754163,0,,0,,,0,,,0,0,0,0,0,0,0,0,0,0,0,,,PT170,1508
130720,0,130720,QTA DO ANJO (RUA 5 DE OUTUBRO),,,38.57102,-8.943471,0,,0,,,0,,,0,0,0,0,0,0,0,0,0,0,0,,,PT170,1508
130721,0,130721,Rua 5 de Outubro (Frente Campo de Futebol),,,38.571347,-8.943456,0,,0,,,0,,,0,0,0,0,0,0,0,0,0,0,0,,,PT170,1508
130722,0,130722,BAIRRO DA MARGAÇA,,,38.607374,-8.68462,0,,0,,,0,,,0,0,0,0,0,0,0,0,0,0,0,,,PT170,1508
130723,0,130723,BAIRRO DA MARGAÇA,,,38.607382,-8.684705,0,,0,,,0,,,0,0,0,0,0,0,0,0,0,0,0,,,PT170,1508
130724,0,130724,OLHOS ÁGUA (RUA DA ESCOLA),,,38.605716,-8.942683,0,,0,,,0,,,0,0,0,0,0,0,0,0,0,0,0,,,PT170,1508
130725,0,130725,OLHOS ÁGUA (RUA DA ESCOLA),,,38.60571,-8.942152,0,,0,,,0,,,0,0,0,0,0,0,0,0,0,0,0,,,PT170,1508
130726,0,130726,OLHOS ÁGUA (RUA MARQUÊS POMBAL),,,38.603681,-8.94206,0,,0,,,0,,,0,0,0,0,0,0,0,0,0,0,0,,,PT170,1508
130727,0,130727,OLHOS ÁGUA (RUA MARQUÊS POMBAL),,,38.603681,-8.941948,0,,0,,,0,,,0,0,0,0,0,0,0,0,0,0,0,,,PT170,1508
130728,0,130728,OLHOS ÁGUA (RUA DA CONSTITUIÇÃO),,,38.601984,-8.942328,0,,0,,,0,,,0,0,0,0,0,0,0,0,0,0,0,,,PT170,1508
130729,0,130729,OLHOS ÁGUA (RUA DA CONSTITUIÇÃO),,,38.601909,-8.942313,0,,0,,,0,,,0,0,0,0,0,0,0,0,0,0,0,,,PT170,1508
130730,0,130730,OLHOS ÁGUA (RUA DA BEIRA LITORAL),,,38.599424,-8.943857,0,,0,,,0,,,0,0,0,0,0,0,0,0,0,0,0,,,PT170,1508
130731,0,130731,OLHOS ÁGUA (RUA DA BEIRA LITORAL),,,38.599392,-8.943759,0,,0,,,0,,,0,0,0,0,0,0,0,0,0,0,0,,,PT170,1508
130732,0,130732,OLHOS ÁGUA (RUA DA BEIRA BAIXA),,,38.59798,-8.940208,0,,0,,,0,,,0,0,0,0,0,0,0,0,0,0,0,,,PT170,1508
130733,0,130733,OLHOS ÁGUA (RUA DA BEIRA BAIXA),,,38.598011,-8.940107,0,,0,,,0,,,0,0,0,0,0,0,0,0,0,0,0,,,PT170,1508
130734,0,130734,OLHOS ÁGUA (RUA DO RIBATEJO),,,38.59617,-8.94048,0,,0,,,0,,,0,0,0,0,0,0,0,0,0,0,0,,,PT170,1508
130735,0,130735,OLHOS ÁGUA (RUA DO RIBATEJO),,,38.596529,-8.940542,0,,0,,,0,,,0,0,0,0,0,0,0,0,0,0,0,,,PT170,1508
130736,0,130736,PALMELA (ARMAZÉNS GERAIS MUN.),,,38.574362,-8.895217,0,,0,,,0,,,0,0,0,0,0,0,0,0,0,0,0,,,PT170,1508
130737,0,130737,PALMELA (ARMAZÉNS GERAIS MUN.),,,38.57445,-8.895299,0,,0,,,0,,,0,0,0,0,0,0,0,0,0,0,0,,,PT170,1508
130740,0,130740,PINHAL NOVO (AV FERROVIARIOS NORTE),,,38.626812,-8.918113,0,,0,,,0,,,0,0,0,0,0,0,0,0,0,0,0,,,PT170,1508
130741,0,130741,PINHAL NOVO (AV FERROVIARIOS NORTE),,,38.626766,-8.917853,0,,0,,,0,,,0,0,0,0,0,0,0,0,0,0,0,,,PT170,1508
130742,0,130742,PINHAL NOVO (AV FERROVIARIOS SUL),,,38.62086,-8.918972,0,,0,,,0,,,0,0,0,0,0,0,0,0,0,0,0,,,PT170,1508
130743,0,130743,PINHAL NOVO (AV FERROVIARIOS SUL),,,38.620806,-8.918693,0,,0,,,0,,,0,0,0,0,0,0,0,0,0,0,0,,,PT170,1508
130744,0,130744,PALMELA (ALAM NUN'ALVARES PEREIRA),,,38.566368,-8.898718,0,,0,,,0,,,0,0,0,0,0,0,0,0,0,0,0,,,PT170,1508
130750,0,130750,MARQUESA (RUA 25) ROTUNDA,,,38.595359,-8.983994,0,,0,,,0,,,0,0,0,0,0,0,0,0,0,0,0,,,PT170,1508
130751,0,130751,MARQUESA (RUA 25) ROTUNDA,,,38.595155,-8.984198,0,,0,,,0,,,0,0,0,0,0,0,0,0,0,0,0,,,PT170,1508
130752,0,130752,MARQUESA (RUA 30),,,38.600474,-8.98716,0,,0,,,0,,,0,0,0,0,0,0,0,0,0,0,0,,,PT170,1508
130753,0,130753,MARQUESA (RUA 30),,,38.600435,-8.987073,0,,0,,,0,,,0,0,0,0,0,0,0,0,0,0,0,,,PT170,1508
130755,0,130755,ALGERUZ (M542 STAND AUTO),,,38.585438,-8.834305,0,,0,,,0,,,0,0,0,0,0,0,0,0,0,0,0,,,PT170,1508
130756,0,130756,ALGERUZ (M542 STAND AUTO),,,38.585333,-8.834359,0,,0,,,0,,,0,0,0,0,0,0,0,0,0,0,0,,,PT170,1508
130801,0,130801,Palmela (Terminal) P1,,,38.570292,-8.905129,0,,0,,,0,,,0,0,0,0,0,0,0,0,0,0,0,,,PT170,1508
130802,0,130802,Palmela (Terminal) P2,,,38.570302,-8.905224,0,,0,,,0,,,0,0,0,0,0,0,0,0,0,0,0,,,PT170,1508
130803,0,130803,Palmela (Terminal) P3,,,38.570312,-8.905312,0,,0,,,0,,,0,0,0,0,0,0,0,0,0,0,0,,,PT170,1508
130804,0,130804,Palmela (Terminal) P4,,,38.57032,-8.905406,0,,0,,,0,,,0,0,0,0,0,0,0,0,0,0,0,,,PT170,1508
130805,0,130805,Palmela (Terminal) P5,,,38.57033,-8.905499,0,,0,,,0,,,0,0,0,0,0,0,0,0,0,0,0,,,PT170,1508
130806,0,130806,Palmela (Terminal) P6,,,38.570341,-8.905591,0,,0,,,0,,,0,0,0,0,0,0,0,0,0,0,0,,,PT170,1508
130807,0,130807,Palmela (Terminal) P7,,,38.57035,-8.905685,0,,0,,,0,,,0,0,0,0,0,0,0,0,0,0,0,,,PT170,1508
130811,0,130811,Rua da Serrinha (Frente Restaurante),,,38.569226,-8.920122,0,,0,,,0,,,0,0,0,0,0,0,0,0,0,0,0,,,PT170,1508
130812,0,130812,Rua da Serrinha (Restaurante),,,38.569199,-8.92003,0,,0,,,0,,,0,0,0,0,0,0,0,0,0,0,0,,,PT170,1508
130813,0,130813,Estrada Circular Norte Lote 219,,,38.590995,-9.003026,0,,0,,,0,,,0,0,0,0,0,0,0,0,0,0,0,,,PT170,1508
130814,0,130814,Estrada Circular Norte 231,,,38.592358,-8.999366,0,,0,,,0,,,0,0,0,0,0,0,0,0,0,0,0,,,PT170,1508
131661,0,131661,Rua Humberto da Silva Cardoso (X) Estrada Nacional 5,,,38.617303,-8.719994,0,,0,,,0,,,0,0,0,0,0,0,0,0,0,0,0,,,PT170,1508
131945,0,131945,Estrada Municipal 1027 (X) Estrada Nacional 5,,,38.669625,-8.86194,0,,0,,,0,,,0,0,0,0,0,0,0,0,0,0,0,,,PT170,1508
133001,0,133001,Estrada da Quinta do Anjo,,,38.577787,-8.946927,0,,0,,,0,,,0,0,0,0,0,0,0,0,0,0,0,,,PT170,1508
133036,0,133036,Estrada da Quinta do Anjo (X) Estrada Municipal 510,,,38.577791,-8.946811,0,,0,,,0,,,0,0,0,0,0,0,0,0,0,0,0,,,PT170,1508
133202,0,133202,Rua Fernando Lopes Graça (Piscinas),,,38.636637,-8.908901,0,,0,,,0,,,0,0,0,0,0,0,0,0,0,0,0,,,PT170,1508
134298,0,134298,Estrada das Fontaínhas,,,38.584964,-8.975259,0,,0,,,0,,,0,0,0,0,0,0,0,0,0,0,0,,,PT170,1508
134901,0,134901,Rua da Tiaga (X) Rua da Lavradora,,,38.661211,-8.727973,0,,0,,,0,,,0,0,0,0,0,0,0,0,0,0,0,,,PT170,1508
135171,0,135171,Estrada Nacional 252 (Frente Zona Industrial),,,38.59674,-8.894552,0,,0,,,0,,,0,0,0,0,0,0,0,0,0,0,0,,,PT170,1508
135589,0,135589,Rua Humberto da Silva Cardoso,,,38.617448,-8.719911,0,,0,,,0,,,0,0,0,0,0,0,0,0,0,0,0,,,PT170,1508
135905,0,135905,Estrada Municipal 575,,,38.60933,-8.88666,0,,0,,,0,,,0,0,0,0,0,0,0,0,0,0,0,,,PT170,1508
136016,0,136016,Avenida Visconde Tojal,,,38.577163,-8.892773,0,,0,,,0,,,0,0,0,0,0,0,0,0,0,0,0,,,PT170,1508
136205,0,136205,Estrada Municipal 1027,,,38.669596,-8.862198,0,,0,,,0,,,0,0,0,0,0,0,0,0,0,0,0,,,PT170,1508
136211,0,136211,Rua da Lavradora (X) Rua da Tiaga,,,38.660932,-8.727804,0,,0,,,0,,,0,0,0,0,0,0,0,0,0,0,0,,,PT170,1508
138369,0,138369,Rua Adriano Correia de Oliveira (Escola),,,38.637827,-8.911243,0,,0,,,0,,,0,0,0,0,0,0,0,0,0,0,0,,,PT170,1508
139064,0,139064,Estrada das Fontaínhas (X) Rua 92,,,38.585035,-8.975386,0,,0,,,0,,,0,0,0,0,0,0,0,0,0,0,0,,,PT170,1508
139804,0,139804,Praça José Maria dos Santos (Jardim) P2,,,38.63143,-8.915999,0,,0,,,0,,,0,0,0,0,0,0,0,0,0,0,0,,,PT170,1508
140001,0,140001,EN 10 (PLACA LOCALIDADE),,,38.59791,-9.053132,0,,0,,,0,,,0,0,0,0,0,0,0,0,0,0,0,,,PT170,1510
140002,0,140002,EN 10 (PLACA LOCALIDADE),,,38.597992,-9.05295,0,,0,,,0,,,0,0,0,0,0,0,0,0,0,0,0,,,PT170,1510
140003,0,140003,EN 10 (PARQUE INDUSTRIAL SEIXAL),,,38.600629,-9.060048,0,,0,,,0,,,0,0,0,0,0,0,0,0,0,0,0,,,PT170,1510
140004,0,140004,EN 10 (PARQUE INDUSTRIAL SEIXAL),,,38.600708,-9.059856,0,,0,,,0,,,0,0,0,0,0,0,0,0,0,0,0,,,PT170,1510
140005,0,140005,EN 10 (KM 14800),,,38.603682,-9.065141,0,,0,,,0,,,0,0,0,0,0,0,0,0,0,0,0,,,PT170,1510
140006,0,140006,EN 10 (KM 14800),,,38.603809,-9.065051,0,,0,,,0,,,0,0,0,0,0,0,0,0,0,0,0,,,PT170,1510
140007,0,140007,PAIO PIRES X EN10-2,,,38.609839,-9.073676,0,,0,,,0,,,0,0,0,0,0,0,0,0,0,0,0,,,PT170,1510
140008,0,140008,PAIO PIRES X EN10-2,,,38.609498,-9.073515,0,,0,,,0,,,0,0,0,0,0,0,0,0,0,0,0,,,PT170,1510
140009,0,140009,Bº CUCENA (EN 10-2) X SIDERURGIA,,,38.611486,-9.073695,0,,0,,,0,,,0,0,0,0,0,0,0,0,0,0,0,,,PT170,1510
140010,0,140010,Bº CUCENA (EN 10-2) X SIDERURGIA,,,38.611487,-9.073564,0,,0,,,0,,,0,0,0,0,0,0,0,0,0,0,0,,,PT170,1510
140011,0,140011,PAIO PIRES - EN 10-2 20,,,38.6147,-9.073786,0,,0,,,0,,,0,0,0,0,0,0,0,0,0,0,0,,,PT170,1510
140012,0,140012,PAIO PIRES - EN 10-2 20,,,38.614309,-9.073601,0,,0,,,0,,,0,0,0,0,0,0,0,0,0,0,0,,,PT170,1510
140013,0,140013,EN 10-2 - GNR,,,38.617759,-9.074198,0,,0,,,0,,,0,0,0,0,0,0,0,0,0,0,0,,,PT170,1510
140014,0,140014,EN 10-2 - GNR,,,38.617794,-9.074072,0,,0,,,0,,,0,0,0,0,0,0,0,0,0,0,0,,,PT170,1510
140015,0,140015,EN10-2 - SIDERURGIA-PORTARIA 1,,,38.619908,-9.074653,0,,0,,,0,,,0,0,0,0,0,0,0,0,0,0,0,,,PT170,1510
140017,0,140017,EN10-2 - TRASEIRAS SIDERURGIA,,,38.623313,-9.077258,0,,0,,,0,,,0,0,0,0,0,0,0,0,0,0,0,,,PT170,1510
140018,0,140018,EN10-2 - TRASEIRAS SIDERURGIA,,,38.623612,-9.077355,0,,0,,,0,,,0,0,0,0,0,0,0,0,0,0,0,,,PT170,1510
140019,0,140019,AV GEN H DELG - COOP SIDERURGIA,,,38.627114,-9.080562,0,,0,,,0,,,0,0,0,0,0,0,0,0,0,0,0,,,PT170,1510
140020,0,140020,AV GEN H DELG - COOP SIDERURGIA,,,38.62724,-9.080548,0,,0,,,0,,,0,0,0,0,0,0,0,0,0,0,0,,,PT170,1510
140021,0,140021,PAIO PIRES (SOC FILARMÓNICA 5 OUT),,,38.626782,-9.082328,0,,0,,,0,,,0,0,0,0,0,0,0,0,0,0,0,,,PT170,1510
140023,0,140023,PAIO PIRES (AV GEN H DELGADO) FARMÁCIA,,,38.626957,-9.082601,0,,0,,,0,,,0,0,0,0,0,0,0,0,0,0,0,,,PT170,1510
140025,0,140025,EN10-2 - SIDERURGIA-PORTARIA 1,,,38.620437,-9.075128,0,,0,,,0,,,0,0,0,0,0,0,0,0,0,0,0,,,PT170,1510
140028,0,140028,Coina (Estação) P4,,,38.584548,-9.050488,0,,0,,,0,,,0,0,0,0,0,0,0,0,0,0,0,,,PT170,1504
140029,0,140029,PAIO PIRES X (EN10 KM 14),,,38.608434,-9.07525,0,,0,,,0,,,0,0,0,0,0,0,0,0,0,0,0,,,PT170,1510
140031,0,140031,CASAL MARCO (EN 10 KM 13000),,,38.608535,-9.084874,0,,0,,,0,,,0,0,0,0,0,0,0,0,0,0,0,,,PT170,1510
140032,0,140032,CASAL MARCO (EN 10 KM 13000),,,38.608433,-9.083834,0,,0,,,0,,,0,0,0,0,0,0,0,0,0,0,0,,,PT170,1510
140033,0,140033,CASAL MARCO (EN10 KM 12500),,,38.608295,-9.089872,0,,0,,,0,,,0,0,0,0,0,0,0,0,0,0,0,,,PT170,1510
140035,0,140035,CASAL MARCO (R DESEMBARGADOR72) MERCADO,,,38.609169,-9.091974,0,,0,,,0,,,0,0,0,0,0,0,0,0,0,0,0,,,PT170,1510
140037,0,140037,CASAL MARCO (R CASAL MARCO 172),,,38.60923,-9.094623,0,,0,,,0,,,0,0,0,0,0,0,0,0,0,0,0,,,PT170,1510
140039,0,140039,Estação do Fogueteiro P3,,,38.609759,-9.10068,0,,0,,,0,,,0,0,0,0,0,0,0,0,0,0,0,,,PT170,1510
140041,0,140041,R CASAL MARCO TRAS SUPERMERCADO,,,38.613278,-9.102045,0,,0,,,0,,,0,0,0,0,0,0,0,0,0,0,0,,,PT170,1510
140042,0,140042,R CASAL MARCO TRAS SUPERMERCADO,,,38.613281,-9.101909,0,,0,,,0,,,0,0,0,0,0,0,0,0,0,0,0,,,PT170,1510
140043,0,140043,TORRE MARINHA (R CASAL MARCO 42A),,,38.614848,-9.103824,0,,0,,,0,,,0,0,0,0,0,0,0,0,0,0,0,,,PT170,1510
140044,0,140044,TORRE MARINHA (R CASAL MARCO 42A),,,38.614825,-9.103671,0,,0,,,0,,,0,0,0,0,0,0,0,0,0,0,0,,,PT170,1510
140045,0,140045,TORRE MARINHA (R LUIS CAMÕES 34),,,38.616294,-9.103278,0,,0,,,0,,,0,0,0,0,0,0,0,0,0,0,0,,,PT170,1510
140046,0,140046,TORRE MARINHA (R LUIS CAMÕES 34),,,38.616209,-9.10326,0,,0,,,0,,,0,0,0,0,0,0,0,0,0,0,0,,,PT170,1510
140047,0,140047,TORRE MARINHA (R GIL VICENTE) PISCINAS,,,38.617663,-9.1021,0,,0,,,0,,,0,0,0,0,0,0,0,0,0,0,0,,,PT170,1510
140048,0,140048,TORRE MARINHA (R GIL VICENTE) PISCINAS,,,38.617808,-9.102068,0,,0,,,0,,,0,0,0,0,0,0,0,0,0,0,0,,,PT170,1510
140049,0,140049,AV DR ARLINDO VICENTE37(SUBIDA CAVADAS),,,38.619541,-9.101492,0,,0,,,0,,,0,0,0,0,0,0,0,0,0,0,0,,,PT170,1510
140050,0,140050,AV DR ARLINDO VICENTE37(SUBIDA CAVADAS),,,38.619203,-9.101814,0,,0,,,0,,,0,0,0,0,0,0,0,0,0,0,0,,,PT170,1510
140051,0,140051,ARRENTELA (AV CARLOS OLIV86)QTA S JOÃO,,,38.622684,-9.098574,0,,0,,,0,,,0,0,0,0,0,0,0,0,0,0,0,,,PT170,1510
140052,0,140052,ARRENTELA (AV CARLOS OLIV86)QTA S JOÃO,,,38.622661,-9.098455,0,,0,,,0,,,0,0,0,0,0,0,0,0,0,0,0,,,PT170,1510
140053,0,140053,ARRENTELA (R S F U ARRENTELENSE 16A),,,38.624238,-9.100299,0,,0,,,0,,,0,0,0,0,0,0,0,0,0,0,0,,,PT170,1510
140054,0,140054,ARRENTELA (R S F U ARRENTELENSE 16A),,,38.624189,-9.100104,0,,0,,,0,,,0,0,0,0,0,0,0,0,0,0,0,,,PT170,1510
140055,0,140055,ARRENTELA (R S F U ARRENTELENSE 6),,,38.626247,-9.100991,0,,0,,,0,,,0,0,0,0,0,0,0,0,0,0,0,,,PT170,1510
140057,0,140057,ARRENTELA (R PAULO GAMA)ESC PREP N ÁLVAR,,,38.629491,-9.101308,0,,0,,,0,,,0,0,0,0,0,0,0,0,0,0,0,,,PT170,1510
140059,0,140059,CAVAQUINHAS (AV JOSÉ AFONSO) SILVA,,,38.63123,-9.100118,0,,0,,,0,,,0,0,0,0,0,0,0,0,0,0,0,,,PT170,1510
140061,0,140061,SEIXAL (AV MANUEL FONSECA 69),,,38.633797,-9.099102,0,,0,,,0,,,0,0,0,0,0,0,0,0,0,0,0,,,PT170,1510
140062,0,140062,SEIXAL (AV MANUEL FONSECA 69),,,38.633929,-9.098996,0,,0,,,0,,,0,0,0,0,0,0,0,0,0,0,0,,,PT170,1510
140063,0,140063,SEIXAL (AV MANUEL FONSECA 16),,,38.636642,-9.100385,0,,0,,,0,,,0,0,0,0,0,0,0,0,0,0,0,,,PT170,1510
140064,0,140064,SEIXAL (AV MANUEL FONSECA 16),,,38.636721,-9.100291,0,,0,,,0,,,0,0,0,0,0,0,0,0,0,0,0,,,PT170,1510
140065,0,140065,SEIXAL (FÓRUM) TRIBUNAL,,,38.638726,-9.100935,0,,0,,,0,,,0,0,0,0,0,0,0,0,0,0,0,,,PT170,1510
140066,0,140066,SEIXAL (FÓRUM) TRIBUNAL,,,38.638535,-9.100653,0,,0,,,0,,,0,0,0,0,0,0,0,0,0,0,0,,,PT170,1510
140067,0,140067,SEIXAL (AV ALBANO N PEREIRA 5),,,38.640569,-9.098847,0,,0,,,0,,,0,0,0,0,0,0,0,0,0,0,0,,,PT170,1510
140068,0,140068,SEIXAL (AV ALBANO N PEREIRA 5),,,38.640549,-9.099392,0,,0,,,0,,,0,0,0,0,0,0,0,0,0,0,0,,,PT170,1510
140069,0,140069,SEIXAL (AV VASCO GAMA 21),,,38.640921,-9.09858,0,,0,,,0,,,0,0,0,0,0,0,0,0,0,0,0,,,PT170,1510
140070,0,140070,SEIXAL (AV VASCO GAMA 21),,,38.641376,-9.098483,0,,0,,,0,,,0,0,0,0,0,0,0,0,0,0,0,,,PT170,1510
140071,0,140071,SEIXAL (AV MUD JUVENIL 13),,,38.644577,-9.09606,0,,0,,,0,,,0,0,0,0,0,0,0,0,0,0,0,,,PT170,1510
140072,0,140072,SEIXAL (AV MUD JUVENIL 13),,,38.644542,-9.095874,0,,0,,,0,,,0,0,0,0,0,0,0,0,0,0,0,,,PT170,1510
140073,0,140073,SEIXAL (TERMINAL FLUVIAL) P3,,,38.647174,-9.096321,0,,0,,,0,,,0,0,0,0,0,0,0,0,0,0,0,,,PT170,1510
140074,0,140074,Seixal (Terminal Fluvial) P2,,,38.647053,-9.09587,0,,0,,,0,,,0,0,0,0,0,0,0,0,0,0,0,,,PT170,1510
140077,0,140077,Escola Secundária Doutor José Afonso,,,38.631314,-9.101174,0,,0,,,0,,,0,0,0,0,0,0,0,0,0,0,0,,,PT170,1510
140079,0,140079,ARRENTELA(R PAULO GAMA)ES PREP N ÁLVARES,,,38.629038,-9.101445,0,,0,,,0,,,0,0,0,0,0,0,0,0,0,0,0,,,PT170,1510
140081,0,140081,Rua da Sociedade Filarmónica União Arrentelense 5,,,38.62674,-9.101209,0,,0,,,0,,,0,0,0,0,0,0,0,0,0,0,0,,,PT170,1510
140083,0,140083,CASAL MARCO (EN 10 KM 12500),,,38.608123,-9.089303,0,,0,,,0,,,0,0,0,0,0,0,0,0,0,0,0,,,PT170,1510
140085,0,140085,QTA GALÊGA (EN 10 KM 13300),,,38.608619,-9.079794,0,,0,,,0,,,0,0,0,0,0,0,0,0,0,0,0,,,PT170,1510
140087,0,140087,PAIO PIRES X (EN10 KM 14),,,38.60802,-9.074753,0,,0,,,0,,,0,0,0,0,0,0,0,0,0,0,0,,,PT170,1510
140119,0,140119,CASAL MARCO (EN10 KM118) POSTO COMBUST,,,38.607819,-9.099072,0,,0,,,0,,,0,0,0,0,0,0,0,0,0,0,0,,,PT170,1510
140120,0,140120,CASAL MARCO (EN10 KM118) POSTO COMBUST,,,38.607672,-9.098973,0,,0,,,0,,,0,0,0,0,0,0,0,0,0,0,0,,,PT170,1510
140121,0,140121,CASAL MARCO (EN10KM121) (X) PINHAL FRADES,,,38.607894,-9.094257,0,,0,,,0,,,0,0,0,0,0,0,0,0,0,0,0,,,PT170,1510
140123,0,140123,QTA GALÊGA (EN 10 KM 13300),,,38.608713,-9.081336,0,,0,,,0,,,0,0,0,0,0,0,0,0,0,0,0,,,PT170,1510
140125,0,140125,CASAL MARCO (EN 10 KM 12100 528),,,38.608045,-9.095372,0,,0,,,0,,,0,0,0,0,0,0,0,0,0,0,0,,,PT170,1510
140247,0,140247,SEIXAL AV DR ANT BABO (MERCADO MUNICIP),,,38.643369,-9.099191,0,,0,,,0,,,0,0,0,0,0,0,0,0,0,0,0,,,PT170,1510
140435,0,140435,CASAL MARCO (R CASAL MARCO 172),,,38.609132,-9.094733,0,,0,,,0,,,0,0,0,0,0,0,0,0,0,0,0,,,PT170,1510
140575,0,140575,SEIXALR SILVANA AL CUNHA (X) ROTUNDA,,,38.643469,-9.098237,0,,0,,,0,,,0,0,0,0,0,0,0,0,0,0,0,,,PT170,1510
140857,0,140857,Coina (Estação) P3,,,38.584623,-9.050615,0,,0,,,0,,,0,0,0,0,0,0,0,0,0,0,0,,,PT170,1510
142335,0,142335,Coina (Estação) P0,,,38.585073,-9.051287,0,,0,,,0,,,0,0,0,0,0,0,0,0,0,0,0,,,PT170,1510
149000,0,149000,ATALAIA (FESTA DO AVANTE),,,38.630799,-9.118782,0,,0,,,0,,,0,0,0,0,0,0,0,0,0,0,0,,,PT170,1510
150001,0,150001,QTA CONDE (EN10) POSTO ABAST,,,38.572384,-9.037474,0,,0,,,0,,,0,0,0,0,0,0,0,0,0,0,0,,,PT170,1511
150003,0,150003,Estrada Nacional 10 (Parque da Vila),,,38.566128,-9.036471,0,,0,,,0,,,0,0,0,0,0,0,0,0,0,0,0,,,PT170,1511
150005,0,150005,QTA CONDE (EN10) NEGREIROS- ESCADINHAS,,,38.560033,-9.035789,0,,0,,,0,,,0,0,0,0,0,0,0,0,0,0,0,,,PT170,1511
150006,0,150006,QTA CONDE (EN10) NEGREIROS- ESCADINHAS,,,38.560062,-9.035594,0,,0,,,0,,,0,0,0,0,0,0,0,0,0,0,0,,,PT170,1511
150007,0,150007,QTA CONDE (EN10) PARQUE VILA,,,38.565714,-9.035931,0,,0,,,0,,,0,0,0,0,0,0,0,0,0,0,0,,,PT170,1511
150009,0,150009,QTA CONDE (EN10) POSTO ABASTECIMENTO,,,38.572461,-9.037026,0,,0,,,0,,,0,0,0,0,0,0,0,0,0,0,0,,,PT170,1511
150013,0,150013,QTA CONDE (R NORTON MATOS) PARQUE VILA,,,38.565065,-9.037073,0,,0,,,0,,,0,0,0,0,0,0,0,0,0,0,0,,,PT170,1511
150015,0,150015,QTA CONDE (R GLÓRIA) CORREIOS,,,38.569601,-9.037924,0,,0,,,0,,,0,0,0,0,0,0,0,0,0,0,0,,,PT170,1511
150017,0,150017,QTA CONDE (AV PRINCIPAL 26C),,,38.571423,-9.03907,0,,0,,,0,,,0,0,0,0,0,0,0,0,0,0,0,,,PT170,1511
150018,0,150018,QTA CONDE (AV PRINCIPAL 26C),,,38.571331,-9.039037,0,,0,,,0,,,0,0,0,0,0,0,0,0,0,0,0,,,PT170,1511
150019,0,150019,QTA CONDE (AV PRINCIPAL 1178),,,38.570057,-9.042843,0,,0,,,0,,,0,0,0,0,0,0,0,0,0,0,0,,,PT170,1511
150020,0,150020,QTA CONDE (AV PRINCIPAL 1178),,,38.570017,-9.042648,0,,0,,,0,,,0,0,0,0,0,0,0,0,0,0,0,,,PT170,1511
150021,0,150021,QTA CONDE (AV PRINCIPAL 2594),,,38.568663,-9.046727,0,,0,,,0,,,0,0,0,0,0,0,0,0,0,0,0,,,PT170,1511
150022,0,150022,QTA CONDE (AV PRINCIPAL 2594),,,38.568613,-9.046527,0,,0,,,0,,,0,0,0,0,0,0,0,0,0,0,0,,,PT170,1511
150023,0,150023,QTA CONDE (AV LIBERDADE 366),,,38.566617,-9.052166,0,,0,,,0,,,0,0,0,0,0,0,0,0,0,0,0,,,PT170,1511
150024,0,150024,QTA CONDE (AV LIBERDADE 366),,,38.566715,-9.05196,0,,0,,,0,,,0,0,0,0,0,0,0,0,0,0,0,,,PT170,1511
150025,0,150025,QTA CONDE (AV LIBERDADE) FARMÁCIA,,,38.564318,-9.052247,0,,0,,,0,,,0,0,0,0,0,0,0,0,0,0,0,,,PT170,1511
150026,0,150026,QTA CONDE (AV LIBERDADE) FARMÁCIA,,,38.564075,-9.052066,0,,0,,,0,,,0,0,0,0,0,0,0,0,0,0,0,,,PT170,1511
150027,0,150027,QTA CONDE (AV LIBERDADE 24),,,38.559626,-9.052195,0,,0,,,0,,,0,0,0,0,0,0,0,0,0,0,0,,,PT170,1511
150029,0,150029,QTA CONDE (AV LIBERDADE 1229),,,38.558097,-9.052145,0,,0,,,0,,,0,0,0,0,0,0,0,0,0,0,0,,,PT170,1511
150031,0,150031,QTA CONDE (AV LIBERDADE 1360),,,38.553298,-9.052117,0,,0,,,0,,,0,0,0,0,0,0,0,0,0,0,0,,,PT170,1511
150033,0,150033,QTA CONDE (AV LIBERDADE 1681),,,38.551805,-9.052059,0,,0,,,0,,,0,0,0,0,0,0,0,0,0,0,0,,,PT170,1511
150034,0,150034,QTA CONDE (AV LIBERDADE 1681),,,38.551791,-9.051929,0,,0,,,0,,,0,0,0,0,0,0,0,0,0,0,0,,,PT170,1511
150035,0,150035,QTA CONDE (AV LIBERDADE 1660),,,38.550136,-9.052037,0,,0,,,0,,,0,0,0,0,0,0,0,0,0,0,0,,,PT170,1511
150037,0,150037,QTA CONDE (AV NEGREIROS 202),,,38.549769,-9.051387,0,,0,,,0,,,0,0,0,0,0,0,0,0,0,0,0,,,PT170,1511
150038,0,150038,QTA CONDE (AV NEGREIROS 202),,,38.549745,-9.0511,0,,0,,,0,,,0,0,0,0,0,0,0,0,0,0,0,,,PT170,1511
150039,0,150039,QTA CONDE (AV NEGREIROS 186),,,38.55066,-9.048229,0,,0,,,0,,,0,0,0,0,0,0,0,0,0,0,0,,,PT170,1511
150040,0,150040,QTA CONDE (AV NEGREIROS 186),,,38.55057,-9.048172,0,,0,,,0,,,0,0,0,0,0,0,0,0,0,0,0,,,PT170,1511
150041,0,150041,QTA CONDE AV NEGREIROS X R DAS DÁLIAS,,,38.551451,-9.045421,0,,0,,,0,,,0,0,0,0,0,0,0,0,0,0,0,,,PT170,1511
150042,0,150042,QTA CONDE AV NEGREIROS X R DAS DÁLIAS,,,38.551444,-9.045059,0,,0,,,0,,,0,0,0,0,0,0,0,0,0,0,0,,,PT170,1511
150043,0,150043,QTA CONDE AV NEGREIROS 569,,,38.55262,-9.04126,0,,0,,,0,,,0,0,0,0,0,0,0,0,0,0,0,,,PT170,1511
150044,0,150044,QTA CONDE AV NEGREIROS 569,,,38.552425,-9.041551,0,,0,,,0,,,0,0,0,0,0,0,0,0,0,0,0,,,PT170,1511
150045,0,150045,QTA CONDE AV NEGREIROS X EN10,,,38.554254,-9.035546,0,,0,,,0,,,0,0,0,0,0,0,0,0,0,0,0,,,PT170,1511
150046,0,150046,QTA CONDE AV NEGREIROS (X) EN10,,,38.554088,-9.035611,0,,0,,,0,,,0,0,0,0,0,0,0,0,0,0,0,,,PT170,1511
150047,0,150047,QTA CONDE (AV LIBERDADE 1659),,,38.554395,-9.051935,0,,0,,,0,,,0,0,0,0,0,0,0,0,0,0,0,,,PT170,1511
150049,0,150049,QTA CONDE (AV LIBERDADE 35),,,38.561189,-9.052029,0,,0,,,0,,,0,0,0,0,0,0,0,0,0,0,0,,,PT170,1511
150051,0,150051,SESIMBRA (TERMINAL),,,38.4458,-9.09977,0,,0,,,0,,,0,0,0,0,0,0,0,0,0,0,0,,,PT170,1511
150053,0,150053,SESIMBRA (EN378 AV COSTA AZUL) TELEFONES,,,38.447529,-9.101983,0,,0,,,0,,,0,0,0,0,0,0,0,0,0,0,0,,,PT170,1511
150054,0,150054,SESIMBRA (EN378 AV COSTA AZUL) TELEFONES,,,38.447415,-9.101771,0,,0,,,0,,,0,0,0,0,0,0,0,0,0,0,0,,,PT170,1511
150055,0,150055,SESIMBRA (EN 378 AV COSTA AZUL) ESCOLA,,,38.450282,-9.103103,0,,0,,,0,,,0,0,0,0,0,0,0,0,0,0,0,,,PT170,1511
150056,0,150056,SESIMBRA (EN 378 AV COSTA AZUL) ESCOLA,,,38.449788,-9.102654,0,,0,,,0,,,0,0,0,0,0,0,0,0,0,0,0,,,PT170,1511
150057,0,150057,SESIMBRA (EN 378) PASCOAL,,,38.452807,-9.101971,0,,0,,,0,,,0,0,0,0,0,0,0,0,0,0,0,,,PT170,1511
150058,0,150058,SESIMBRA (EN 378) PASCOAL,,,38.452793,-9.101854,0,,0,,,0,,,0,0,0,0,0,0,0,0,0,0,0,,,PT170,1511
150059,0,150059,SESIMBRA (EN 378) BOIÇAS,,,38.454153,-9.101481,0,,0,,,0,,,0,0,0,0,0,0,0,0,0,0,0,,,PT170,1511
150062,0,150062,SESIMBRA (EN 378) BOIÇAS,,,38.454688,-9.101,0,,0,,,0,,,0,0,0,0,0,0,0,0,0,0,0,,,PT170,1511
150063,0,150063,EN 378 - BARQUINHA,,,38.457245,-9.102619,0,,0,,,0,,,0,0,0,0,0,0,0,0,0,0,0,,,PT170,1511
150064,0,150064,EN 378 - BARQUINHA,,,38.457139,-9.102596,0,,0,,,0,,,0,0,0,0,0,0,0,0,0,0,0,,,PT170,1511
150065,0,150065,SANTANA (EN 378 A),,,38.459659,-9.103861,0,,0,,,0,,,0,0,0,0,0,0,0,0,0,0,0,,,PT170,1511
150067,0,150067,SANTANA - JARDIM,,,38.462268,-9.102561,0,,0,,,0,,,0,0,0,0,0,0,0,0,0,0,0,,,PT170,1511
150070,0,150070,SANTANA - JARDIM,,,38.462162,-9.102405,0,,0,,,0,,,0,0,0,0,0,0,0,0,0,0,0,,,PT170,1511
150075,0,150075,SANTANA (AV S V MELO) SUPERMERCADO,,,38.464972,-9.097694,0,,0,,,0,,,0,0,0,0,0,0,0,0,0,0,0,,,PT170,1511
150076,0,150076,SANTANA (AV S V MELO) SUPERMERCADO,,,38.464859,-9.097508,0,,0,,,0,,,0,0,0,0,0,0,0,0,0,0,0,,,PT170,1511
150077,0,150077,SAMPAIO (EN 379 (X) ESCOLAS),,,38.467482,-9.093694,0,,0,,,0,,,0,0,0,0,0,0,0,0,0,0,0,,,PT170,1511
150078,0,150078,SAMPAIO (EN 379 (X) ESCOLAS),,,38.467443,-9.093392,0,,0,,,0,,,0,0,0,0,0,0,0,0,0,0,0,,,PT170,1511
150079,0,150079,SAMPAIO (EN 379 (X) CALÇ OLIVEIRAS),,,38.469064,-9.089408,0,,0,,,0,,,0,0,0,0,0,0,0,0,0,0,0,,,PT170,1511
150083,0,150083,MAÇÃ (EN 379) POSTO REPSOL,,,38.473824,-9.081745,0,,0,,,0,,,0,0,0,0,0,0,0,0,0,0,0,,,PT170,1511
150087,0,150087,MAÇÃ (EN 379) PARAGEM ZONA,,,38.475509,-9.078595,0,,0,,,0,,,0,0,0,0,0,0,0,0,0,0,0,,,PT170,1511
150090,0,150090,MAÇÃ (EN 379) PARAGEM ZONA,,,38.475422,-9.078286,0,,0,,,0,,,0,0,0,0,0,0,0,0,0,0,0,,,PT170,1511
150091,0,150091,MAÇÃ (EN 379) CALHARIZ,,,38.480146,-9.073599,0,,0,,,0,,,0,0,0,0,0,0,0,0,0,0,0,,,PT170,1511
150092,0,150092,MAÇÃ (EN 379) CALHARIZ,,,38.479839,-9.07355,0,,0,,,0,,,0,0,0,0,0,0,0,0,0,0,0,,,PT170,1511
150093,0,150093,ALTO VINHAS (EN 379),,,38.487226,-9.063044,0,,0,,,0,,,0,0,0,0,0,0,0,0,0,0,0,,,PT170,1511
150094,0,150094,ALTO VINHAS (EN 379),,,38.487557,-9.062207,0,,0,,,0,,,0,0,0,0,0,0,0,0,0,0,0,,,PT170,1511
150095,0,150095,QTA RIO (EN 379),,,38.493369,-9.055316,0,,0,,,0,,,0,0,0,0,0,0,0,0,0,0,0,,,PT170,1511
150096,0,150096,QTA RIO (EN 379),,,38.493608,-9.055566,0,,0,,,0,,,0,0,0,0,0,0,0,0,0,0,0,,,PT170,1511
150097,0,150097,SAMPAIO (EN 379 (X) CALÇ OLIVEIRAS),,,38.469363,-9.089208,0,,0,,,0,,,0,0,0,0,0,0,0,0,0,0,0,,,PT170,1511
100417,0,100417,LANÇADA (EN 11 72),,,38.683603,-8.954633,0,,0,,,0,,,0,0,0,0,0,0,0,0,0,0,0,,,PT170,1507
100418,0,100418,LANÇADA (EN 11 72),,,38.683648,-8.953762,0,,0,,,0,,,0,0,0,0,0,0,0,0,0,0,0,,,PT170,1507
100419,0,100419,LANÇADA (EN 11 123),,,38.682878,-8.958127,0,,0,,,0,,,0,0,0,0,0,0,0,0,0,0,0,,,PT170,1507
100420,0,100420,LANÇADA (EN 11 123),,,38.682755,-8.958039,0,,0,,,0,,,0,0,0,0,0,0,0,0,0,0,0,,,PT170,1507
100421,0,100421,Estrada Nacional 11 (Frente Mercearia),,,38.673407,-8.972694,0,,0,,,0,,,0,0,0,0,0,0,0,0,0,0,0,,,PT170,1507
100422,0,100422,BROEGA (EN 11 112),,,38.673446,-8.972241,0,,0,,,0,,,0,0,0,0,0,0,0,0,0,0,0,,,PT170,1507
100427,0,100427,ATALAIA (EM 502 124),,,38.705627,-8.927776,0,,0,,,0,,,0,0,0,0,0,0,0,0,0,0,0,,,PT170,1507
100428,0,100428,ATALAIA (EM 502 124),,,38.705637,-8.92767,0,,0,,,0,,,0,0,0,0,0,0,0,0,0,0,0,,,PT170,1507
100429,0,100429,ATALAIA (R CRUZEIRO MOR 242),,,38.707607,-8.925528,0,,0,,,0,,,0,0,0,0,0,0,0,0,0,0,0,,,PT170,1507
100431,0,100431,ATALAIA(R CRUZE MOR)XR BART PERESTRELO,,,38.708332,-8.923632,0,,0,,,0,,,0,0,0,0,0,0,0,0,0,0,0,,,PT170,1507
100433,0,100433,EM 502 (R CIRIO ALDEGALEGA),,,38.710592,-8.924883,0,,0,,,0,,,0,0,0,0,0,0,0,0,0,0,0,,,PT170,1507
100435,0,100435,FAIAS (AV DO COMÉRCIO),,,38.690972,-8.751281,0,,0,,,0,,,0,0,0,0,0,0,0,0,0,0,0,,,PT170,1507
100436,0,100436,FAIAS (AV DO COMÉRCIO),,,38.691123,-8.751647,0,,0,,,0,,,0,0,0,0,0,0,0,0,0,0,0,,,PT170,1507
100439,0,100439,N4 (AFONSOS),,,38.680046,-8.576731,0,,0,,,0,,,0,0,0,0,0,0,0,0,0,0,0,,,PT170,1507
100440,0,100440,N4 (AFONSOS),,,38.680236,-8.577263,0,,0,,,0,,,0,0,0,0,0,0,0,0,0,0,0,,,PT170,1507
100441,0,100441,N4 (AFONSOEIRO),,,38.679118,-8.569943,0,,0,,,0,,,0,0,0,0,0,0,0,0,0,0,0,,,PT170,1507
100442,0,100442,N4 (AFONSOEIRO),,,38.679293,-8.570204,0,,0,,,0,,,0,0,0,0,0,0,0,0,0,0,0,,,PT170,1507
100445,0,100445,Estrada do Pau Queimado (Frente Lote C),,,38.69705,-8.95004,0,,0,,,0,,,0,0,0,0,0,0,0,0,0,0,0,,,PT170,1507
100446,0,100446,Rua Damião de Góis (Frente Supermercado),,,38.711157,-8.963846,0,,0,,,0,,,0,0,0,0,0,0,0,0,0,0,0,,,PT170,1507
100447,0,100447,Rua Damião de Góis (Supermercado),,,38.71099,-8.963941,0,,0,,,0,,,0,0,0,0,0,0,0,0,0,0,0,,,PT170,1507
100448,0,100448,AFONSOEIRO (AV PEDRO NUNES -SUPERMERC,,,38.704553,-8.957423,0,,0,,,0,,,0,0,0,0,0,0,0,0,0,0,0,,,PT170,1507
100449,0,100449,AFONSOEIRO (AV PEDRO NUNES -SUPERMERC,,,38.704223,-8.956665,0,,0,,,0,,,0,0,0,0,0,0,0,0,0,0,0,,,PT170,1507
101022,0,101022,Avenida Garcia de Orta (Frente Vila das Nascentes),,,38.707035,-8.955374,0,,0,,,0,,,0,0,0,0,0,0,0,0,0,0,0,,,PT170,1507
101199,0,101199,Avenida Garcia da Orta (Vila das Nascentes),,,38.706819,-8.955169,0,,0,,,0,,,0,0,0,0,0,0,0,0,0,0,0,,,PT170,1507
101181,0,101181,Rua Palmira Bastos (Escola),,,38.709740,-8.955328,0,,0,,,0,,,0,0,0,0,0,0,0,0,0,0,0,,,PT170,1507
101372,0,101372,Alameda dos Moinhos (Frente Rua Doutor João Barata),,,38.71643,-8.97226,0,,0,,,0,,,0,0,0,0,0,0,0,0,0,0,0,,,PT170,1507
101921,0,101921,Avenida Dom Afonso V 62,,,38.71402,-8.957,0,,0,,,0,,,0,0,0,0,0,0,0,0,0,0,0,,,PT170,1507
102042,0,102042,Rua dos Bernardes (Frente Jardim),,,38.675541,-8.929684,0,,0,,,0,,,0,0,0,0,0,0,0,0,0,0,0,,,PT170,1507
102468,0,102468,Avenida Garcia da Orta 419,,,38.706814,-8.94968,0,,0,,,0,,,0,0,0,0,0,0,0,0,0,0,0,,,PT170,1507
102533,0,102533,Avenida Garcia da Orta (Frente Lavandaria),,,38.707037,-8.949149,0,,0,,,0,,,0,0,0,0,0,0,0,0,0,0,0,,,PT170,1507
104863,0,104863,Rua Doutor Mário Francisco Dias Neves (Reservatório de Água),,,38.717861,-8.970444,0,,0,,,0,,,0,0,0,0,0,0,0,0,0,0,0,,,PT170,1507
107495,0,107495,Frente Escola Básica de Jardia,,,38.66488,-8.92516,0,,0,,,0,,,0,0,0,0,0,0,0,0,0,0,0,,,PT170,1507
109322,0,109322,Avenida Dom João II (Rotunda),,,38.714447,-8.965373,0,,0,,,0,,,0,0,0,0,0,0,0,0,0,0,0,,,PT170,1507
109586,0,109586,Alameda dos Moinhos (X) Rua Doutor João Barata,,,38.71657,-8.97227,0,,0,,,0,,,0,0,0,0,0,0,0,0,0,0,0,,,PT170,1507
109811,0,109811,Rua dos Bernardes (Jardim),,,38.675673,-8.929741,0,,0,,,0,,,0,0,0,0,0,0,0,0,0,0,0,,,PT170,1507
130001,0,130001,Avenida Doutor Juiz José Celestino Ataz (Conservatório),,,38.570847,-8.900778,0,,0,,,0,,,0,0,0,0,0,0,0,0,0,0,0,,,PT170,1508
130002,0,130002,Avenida Doutor Juiz José Celestino Ataz (Escola),,,38.569815,-8.898951,0,,0,,,0,,,0,0,0,0,0,0,0,0,0,0,0,,,PT170,1508
130003,0,130003,Escola Básica Hermenegildo Capelo,,,38.57457,-8.901488,0,,0,,,0,,,0,0,0,0,0,0,0,0,0,0,0,,,PT170,1508
130004,0,130004,Av da Liberdade (X) R Qt da Cerca,,,38.572101,-8.901795,0,,0,,,0,,,0,0,0,0,0,0,0,0,0,0,0,,,PT170,1508
130005,0,130005,PALMELA (AV LIBERDADE 6),,,38.574055,-8.902503,0,,0,,,0,,,0,0,0,0,0,0,0,0,0,0,0,,,PT170,1508
130006,0,130006,PALMELA (AV LIBERDADE 6),,,38.574183,-8.902511,0,,0,,,0,,,0,0,0,0,0,0,0,0,0,0,0,,,PT170,1508
130009,0,130009,PALMELA (ESTAÇÃO) TERMINAL REFER,,,38.571304,-8.873035,0,,0,,,0,,,0,0,0,0,0,0,0,0,0,0,0,,,PT170,1508
130011,0,130011,PALMELA (AV CAMINHOS FERRO 16) ESTAÇ CP,,,38.577057,-8.875076,0,,0,,,0,,,0,0,0,0,0,0,0,0,0,0,0,,,PT170,1508
130012,0,130012,PALMELA (AV CAMINHOS FERRO 16) ESTAÇ CP,,,38.57697,-8.875015,0,,0,,,0,,,0,0,0,0,0,0,0,0,0,0,0,,,PT170,1508
130013,0,130013,CABEÇOVELHINHO (EN 379 4),,,38.576888,-8.881125,0,,0,,,0,,,0,0,0,0,0,0,0,0,0,0,0,,,PT170,1508
130014,0,130014,CABEÇOVELHINHO (EN 379 4),,,38.576756,-8.881178,0,,0,,,0,,,0,0,0,0,0,0,0,0,0,0,0,,,PT170,1508
130015,0,130015,VOLTA PEDRA (EN 379 3),,,38.576524,-8.886388,0,,0,,,0,,,0,0,0,0,0,0,0,0,0,0,0,,,PT170,1508
130016,0,130016,VOLTA PEDRA (EN 379 3),,,38.576392,-8.886427,0,,0,,,0,,,0,0,0,0,0,0,0,0,0,0,0,,,PT170,1508
130017,0,130017,VOLTA PEDRA (EN 379) X EN 252,,,38.576356,-8.889882,0,,0,,,0,,,0,0,0,0,0,0,0,0,0,0,0,,,PT170,1508
130018,0,130018,VOLTA PEDRA (EN 379) X EN 252,,,38.576534,-8.889807,0,,0,,,0,,,0,0,0,0,0,0,0,0,0,0,0,,,PT170,1508
130019,0,130019,Avenida Visconde Tojal (Supermercado),,,38.577089,-8.896112,0,,0,,,0,,,0,0,0,0,0,0,0,0,0,0,0,,,PT170,1508
130020,0,130020,Estrada Nacional 379 (Vivenda São Cristovão),,,38.577003,-8.894147,0,,0,,,0,,,0,0,0,0,0,0,0,0,0,0,0,,,PT170,1508
130021,0,130021,PALMELA (EN 379 KM 347),,,38.578234,-8.89929,0,,0,,,0,,,0,0,0,0,0,0,0,0,0,0,0,,,PT170,1508
130022,0,130022,PALMELA (EN 379 KM 347),,,38.578387,-8.898878,0,,0,,,0,,,0,0,0,0,0,0,0,0,0,0,0,,,PT170,1508
130023,0,130023,Estrada Nacional 379 (Quinta das Façalvas),,,38.577525,-8.902432,0,,0,,,0,,,0,0,0,0,0,0,0,0,0,0,0,,,PT170,1508
130024,0,130024,PALMELA (EN 379) QTA DAS FACALVAS,,,38.577475,-8.902268,0,,0,,,0,,,0,0,0,0,0,0,0,0,0,0,0,,,PT170,1508
130025,0,130025,PALMELA (EN 379 56A),,,38.574991,-8.9033,0,,0,,,0,,,0,0,0,0,0,0,0,0,0,0,0,,,PT170,1508
130026,0,130026,PALMELA (EN 379 56A),,,38.57506,-8.903175,0,,0,,,0,,,0,0,0,0,0,0,0,0,0,0,0,,,PT170,1508
130027,0,130027,PALMELA (EN 379) GRÉMIO 16,,,38.572043,-8.904131,0,,0,,,0,,,0,0,0,0,0,0,0,0,0,0,0,,,PT170,1508
130028,0,130028,PALMELA (EN 379) GRÉMIO 16,,,38.572002,-8.903972,0,,0,,,0,,,0,0,0,0,0,0,0,0,0,0,0,,,PT170,1508
130029,0,130029,PALMELA (LARGO DO TERREIRO),,,38.568804,-8.903459,0,,0,,,0,,,0,0,0,0,0,0,0,0,0,0,0,,,PT170,1508
130030,0,130030,R da Tiaga (X) Est Lameças,,,38.662114,-8.738006,0,,0,,,0,,,0,0,0,0,0,0,0,0,0,0,0,,,PT170,1508
130031,0,130031,PALMELA (LARGO DO MERCADO),,,38.568728,-8.901727,0,,0,,,0,,,0,0,0,0,0,0,0,0,0,0,0,,,PT170,1508
130034,0,130034,Estrada de Lagameças (X) Rua Henrique Franco da Silva,,,38.608449,-8.774869,0,,0,,,0,,,0,0,0,0,0,0,0,0,0,0,0,,,PT170,1508
130035,0,130035,PALMELA (LARGO DO MUNICÍPIO),,,38.567394,-8.898785,0,,0,,,0,,,0,0,0,0,0,0,0,0,0,0,0,,,PT170,1508
130037,0,130037,CASTELO DE PALMELA,,,38.566356,-8.900648,0,,0,,,0,,,0,0,0,0,0,0,0,0,0,0,0,,,PT170,1508
130038,0,130038,Est Lameças (X) R Henrique Franco Silva,,,38.608257,-8.775059,0,,0,,,0,,,0,0,0,0,0,0,0,0,0,0,0,,,PT170,1508
130041,0,130041,PALMELA (CEMITÉRIO),,,38.573073,-8.89599,0,,0,,,0,,,0,0,0,0,0,0,0,0,0,0,0,,,PT170,1508
130042,0,130042,Av Bombeiros Voluntários (Santa Casa da Misericórdia),,,38.572345,-8.898998,0,,0,,,0,,,0,0,0,0,0,0,0,0,0,0,0,,,PT170,1508
130043,0,130043,PALMELA (CENTRO DE SAÚDE),,,38.570908,-8.897647,0,,0,,,0,,,0,0,0,0,0,0,0,0,0,0,0,,,PT170,1508
130045,0,130045,Largo 5 de Outubro 15,,,38.5686,-8.89908,0,,0,,,0,,,0,0,0,0,0,0,0,0,0,0,0,,,PT170,1508
130047,0,130047,PALMELA (R G COUTINHO E SAC CABRAL 41A),,,38.569623,-8.900017,0,,0,,,0,,,0,0,0,0,0,0,0,0,0,0,0,,,PT170,1508
130049,0,130049,PALMELA (CINETEATRO S. JOÃO),,,38.571415,-8.902048,0,,0,,,0,,,0,0,0,0,0,0,0,0,0,0,0,,,PT170,1508
130052,0,130052,EM1038 (Agualva de Cima),,,38.612071,-8.683664,0,,0,,,0,,,0,0,0,0,0,0,0,0,0,0,0,,,PT170,1508
130053,0,130053,PALMELA (RUA LÚCIO BORGES DA COSTA),,,38.573755,-8.901098,0,,0,,,0,,,0,0,0,0,0,0,0,0,0,0,0,,,PT170,1508
130054,0,130054,EM1038 (Agualva de Cima),,,38.612068,-8.683826,0,,0,,,0,,,0,0,0,0,0,0,0,0,0,0,0,,,PT170,1508
130055,0,130055,PALMELA (AV BOMB VOLUNT) MISERICÓRDIA,,,38.57234,-8.899143,0,,0,,,0,,,0,0,0,0,0,0,0,0,0,0,0,,,PT170,1508
130057,0,130057,Escola Básica n.º 2 de Palmela,,,38.569406,-8.898484,0,,0,,,0,,,0,0,0,0,0,0,0,0,0,0,0,,,PT170,1508
130059,0,130059,PALMELA (R SERPA PINTO 149),,,38.568359,-8.899423,0,,0,,,0,,,0,0,0,0,0,0,0,0,0,0,0,,,PT170,1508
130061,0,130061,PALMELA (R SERPA PINTO 87A),,,38.56888,-8.900965,0,,0,,,0,,,0,0,0,0,0,0,0,0,0,0,0,,,PT170,1508
130062,0,130062,PALMELA (R SERPA PINTO 23),,,38.569586,-8.902086,0,,0,,,0,,,0,0,0,0,0,0,0,0,0,0,0,,,PT170,1508
130063,0,130063,PALMELA (R AUGUSTO CARDOSO 24),,,38.570275,-8.903143,0,,0,,,0,,,0,0,0,0,0,0,0,0,0,0,0,,,PT170,1508
130066,0,130066,R das Fazendas,,,38.59953,-8.999963,0,,0,,,0,,,0,0,0,0,0,0,0,0,0,0,0,,,PT170,1508
130067,0,130067,PALMELA (AV PALMELENSE FUTEBOL CLUBE),,,38.572164,-8.910412,0,,0,,,0,,,0,0,0,0,0,0,0,0,0,0,0,,,PT170,1508
130068,0,130068,PALMELA (AV PALMELENSE FUTEBOL CLUBE),,,38.572232,-8.91025,0,,0,,,0,,,0,0,0,0,0,0,0,0,0,0,0,,,PT170,1508
130069,0,130069,PAMELA (R DA SERRINHA),,,38.571906,-8.915392,0,,0,,,0,,,0,0,0,0,0,0,0,0,0,0,0,,,PT170,1508
130070,0,130070,PAMELA (R DA SERRINHA),,,38.571809,-8.915297,0,,0,,,0,,,0,0,0,0,0,0,0,0,0,0,0,,,PT170,1508
130071,0,130071,PALMELA (QTA S BRÁS),,,38.567938,-8.921661,0,,0,,,0,,,0,0,0,0,0,0,0,0,0,0,0,,,PT170,1508
130072,0,130072,PALMELA (QTA S BRÁS),,,38.567796,-8.921592,0,,0,,,0,,,0,0,0,0,0,0,0,0,0,0,0,,,PT170,1508
130073,0,130073,PALMELA (EN 379 X ESTR DOS CANORIOS),,,38.566395,-8.925524,0,,0,,,0,,,0,0,0,0,0,0,0,0,0,0,0,,,PT170,1508
130074,0,130074,PALMELA (EN 379 X ESTR DOS CANORIOS),,,38.566711,-8.926193,0,,0,,,0,,,0,0,0,0,0,0,0,0,0,0,0,,,PT170,1508
130075,0,130075,QTA ANJO (EN379 231),,,38.567607,-8.931389,0,,0,,,0,,,0,0,0,0,0,0,0,0,0,0,0,,,PT170,1508
130076,0,130076,Estrada Nacional 379 231,,,38.567687,-8.931371,0,,0,,,0,,,0,0,0,0,0,0,0,0,0,0,0,,,PT170,1508
130077,0,130077,QTA ANJO ( HIPERMERCADO),,,38.567699,-8.934725,0,,0,,,0,,,0,0,0,0,0,0,0,0,0,0,0,,,PT170,1508
130078,0,130078,QTA ANJO ( HIPERMERCADO),,,38.567516,-8.934681,0,,0,,,0,,,0,0,0,0,0,0,0,0,0,0,0,,,PT170,1508
130079,0,130079,QTA ANJO (AV 25 ABRIL 152),,,38.567471,-8.938301,0,,0,,,0,,,0,0,0,0,0,0,0,0,0,0,0,,,PT170,1508
130080,0,130080,QTA ANJO (AV 25 ABRIL 152),,,38.567295,-8.93895,0,,0,,,0,,,0,0,0,0,0,0,0,0,0,0,0,,,PT170,1508
130081,0,130081,QTA ANJO (109),,,38.567326,-8.940651,0,,0,,,0,,,0,0,0,0,0,0,0,0,0,0,0,,,PT170,1508
130082,0,130082,QTA ANJO (109),,,38.567419,-8.941047,0,,0,,,0,,,0,0,0,0,0,0,0,0,0,0,0,,,PT170,1508
130083,0,130083,QTA ANJO (SOCAR),,,38.565922,-8.944779,0,,0,,,0,,,0,0,0,0,0,0,0,0,0,0,0,,,PT170,1508
130084,0,130084,QTA ANJO (SOCAR),,,38.565844,-8.944647,0,,0,,,0,,,0,0,0,0,0,0,0,0,0,0,0,,,PT170,1508
130085,0,130085,QTA ANJO (AV DOUTOR ANT MATOS FORTUNA),,,38.573953,-8.946502,0,,0,,,0,,,0,0,0,0,0,0,0,0,0,0,0,,,PT170,1508
130086,0,130086,QTA ANJO (AV DOUTOR ANT MATOS FORTUNA),,,38.573964,-8.946397,0,,0,,,0,,,0,0,0,0,0,0,0,0,0,0,0,,,PT170,1508
130087,0,130087,ESTRADA DAS FONTAINHAS,,,38.58727,-8.960518,0,,0,,,0,,,0,0,0,0,0,0,0,0,0,0,0,,,PT170,1508
130088,0,130088,ESTRADA DAS FONTAINHAS,,,38.587361,-8.960512,0,,0,,,0,,,0,0,0,0,0,0,0,0,0,0,0,,,PT170,1508
130089,0,130089,MARQUESA I E II ( RUA 77),,,38.587755,-8.98163,0,,0,,,0,,,0,0,0,0,0,0,0,0,0,0,0,,,PT170,1508
130090,0,130090,MARQUESA I E II ( RUA 77),,,38.587925,-8.981625,0,,0,,,0,,,0,0,0,0,0,0,0,0,0,0,0,,,PT170,1508
130091,0,130091,MARQUESA (RUA 18),,,38.598581,-8.983048,0,,0,,,0,,,0,0,0,0,0,0,0,0,0,0,0,,,PT170,1508
130092,0,130092,Rua 5 (Marquesa),,,38.598606,-8.982951,0,,0,,,0,,,0,0,0,0,0,0,0,0,0,0,0,,,PT170,1508
130093,0,130093,Penalva (Estação),,,38.589796,-8.996074,0,,0,,,0,,,0,0,0,0,0,0,0,0,0,0,0,,,PT170,1508
130094,0,130094,R das Fazendas,,,38.599406,-8.999691,0,,0,,,0,,,0,0,0,0,0,0,0,0,0,0,0,,,PT170,1508
130099,0,130099,BREJOS ASSA (M542 22),,,38.568134,-8.835269,0,,0,,,0,,,0,0,0,0,0,0,0,0,0,0,0,,,PT170,1508
130100,0,130100,BREJOS ASSA (M542 22),,,38.56808,-8.835155,0,,0,,,0,,,0,0,0,0,0,0,0,0,0,0,0,,,PT170,1508
130101,0,130101,BREJOS ASSA (M542 X R MANUEL SIMÕES),,,38.57122,-8.834169,0,,0,,,0,,,0,0,0,0,0,0,0,0,0,0,0,,,PT170,1508
130102,0,130102,BREJOS ASSA (M542 X R MANUEL SIMÕES),,,38.57119,-8.834047,0,,0,,,0,,,0,0,0,0,0,0,0,0,0,0,0,,,PT170,1508
130103,0,130103,ALGERUZ (POSTO SAÚDE),,,38.574617,-8.832731,0,,0,,,0,,,0,0,0,0,0,0,0,0,0,0,0,,,PT170,1508
130104,0,130104,ALGERUZ (POSTO SAÚDE),,,38.575396,-8.832631,0,,0,,,0,,,0,0,0,0,0,0,0,0,0,0,0,,,PT170,1508
130105,0,130105,ALGERUZ (KARTODROMO INTERN PALMELA),,,38.577808,-8.832861,0,,0,,,0,,,0,0,0,0,0,0,0,0,0,0,0,,,PT170,1508
130106,0,130106,ALGERUZ (KARTODROMO INTERN PALMELA),,,38.577808,-8.832769,0,,0,,,0,,,0,0,0,0,0,0,0,0,0,0,0,,,PT170,1508
130107,0,130107,ALGERUZ (M542 POSTO COMBUSTIVEL),,,38.58138,-8.831148,0,,0,,,0,,,0,0,0,0,0,0,0,0,0,0,0,,,PT170,1508
130108,0,130108,Estrada Municipal 542 (X) Rua do Fandanguinho,,,38.581361,-8.83097,0,,0,,,0,,,0,0,0,0,0,0,0,0,0,0,0,,,PT170,1508
130109,0,130109,ALGERUZ (R PRINCIPAL) FÁBRICA MARCÔA,,,38.590291,-8.838288,0,,0,,,0,,,0,0,0,0,0,0,0,0,0,0,0,,,PT170,1508
130110,0,130110,R Florbela Espanca,,,38.589998,-9.013805,0,,0,,,0,,,0,0,0,0,0,0,0,0,0,0,0,,,PT170,1508
130111,0,130111,ALGERUZ (ESTR LAGAMEÇAS X R 5 OUTUBRO),,,38.591021,-8.846982,0,,0,,,0,,,0,0,0,0,0,0,0,0,0,0,0,,,PT170,1508
130112,0,130112,ALGERUZ (ESTR LAGAMEÇAS X R 5 OUTUBRO),,,38.590943,-8.846921,0,,0,,,0,,,0,0,0,0,0,0,0,0,0,0,0,,,PT170,1508
130113,0,130113,PALMELA (ESTR LAGAMEÇAS CCI6805),,,38.588265,-8.85507,0,,0,,,0,,,0,0,0,0,0,0,0,0,0,0,0,,,PT170,1508
130114,0,130114,PALMELA (ESTR LAGAMEÇAS CCI6805),,,38.588144,-8.855125,0,,0,,,0,,,0,0,0,0,0,0,0,0,0,0,0,,,PT170,1508
130115,0,130115,Estrada Nacional 379 (Parque de Merendas São Gonçalves),,,38.549143,-8.982245,0,,0,,,0,,,0,0,0,0,0,0,0,0,0,0,0,,,PT170,1508
130116,0,130116,SÃO GONÇALO (EN 379 2),,,38.549295,-8.981607,0,,0,,,0,,,0,0,0,0,0,0,0,0,0,0,0,,,PT170,1508
130117,0,130117,CABANAS (AV VISC TOJAL 75),,,38.552845,-8.97589,0,,0,,,0,,,0,0,0,0,0,0,0,0,0,0,0,,,PT170,1508
130118,0,130118,CABANAS (AV VISC TOJAL 75),,,38.552592,-8.97606,0,,0,,,0,,,0,0,0,0,0,0,0,0,0,0,0,,,PT170,1508
130119,0,130119,CABANAS (AV VISCONDE TOJAL 127),,,38.554611,-8.972921,0,,0,,,0,,,0,0,0,0,0,0,0,0,0,0,0,,,PT170,1508
130120,0,130120,CABANAS (AV VISCONDE TOJAL 127),,,38.554985,-8.971994,0,,0,,,0,,,0,0,0,0,0,0,0,0,0,0,0,,,PT170,1508
130121,0,130121,CABANAS (AV VISCONDE TOJAL 278),,,38.556533,-8.967457,0,,0,,,0,,,0,0,0,0,0,0,0,0,0,0,0,,,PT170,1508
130122,0,130122,CABANAS (AV VISCONDE TOJAL 278),,,38.556432,-8.967402,0,,0,,,0,,,0,0,0,0,0,0,0,0,0,0,0,,,PT170,1508
130123,0,130123,CABANAS (ESC PRIMÁRIA),,,38.557218,-8.964969,0,,0,,,0,,,0,0,0,0,0,0,0,0,0,0,0,,,PT170,1508
130124,0,130124,CABANAS (ESC PRIMÁRIA),,,38.556993,-8.96505,0,,0,,,0,,,0,0,0,0,0,0,0,0,0,0,0,,,PT170,1508
130125,0,130125,CABANAS (AV VISCONDE TOJAL) URB NOVA,,,38.559158,-8.959273,0,,0,,,0,,,0,0,0,0,0,0,0,0,0,0,0,,,PT170,1508
130126,0,130126,CABANAS (AV VISCONDE TOJAL) URB NOVA,,,38.558979,-8.95924,0,,0,,,0,,,0,0,0,0,0,0,0,0,0,0,0,,,PT170,1508
130127,0,130127,CABANAS (PLACA FIM LOCALIDADE),,,38.560511,-8.955448,0,,0,,,0,,,0,0,0,0,0,0,0,0,0,0,0,,,PT170,1508
130128,0,130128,CABANAS (PLACA FIM LOCALIDADE),,,38.560329,-8.955327,0,,0,,,0,,,0,0,0,0,0,0,0,0,0,0,0,,,PT170,1508
130129,0,130129,QTA ANJO (CEMITÉRIO),,,38.56286,-8.950639,0,,0,,,0,,,0,0,0,0,0,0,0,0,0,0,0,,,PT170,1508
130130,0,130130,QTA ANJO (CEMITÉRIO),,,38.562927,-8.949996,0,,0,,,0,,,0,0,0,0,0,0,0,0,0,0,0,,,PT170,1508
130131,0,130131,PALMELA (EN379 X R STA RAFAELA),,,38.568617,-8.914736,0,,0,,,0,,,0,0,0,0,0,0,0,0,0,0,0,,,PT170,1508
130132,0,130132,PALMELA (EN379 X R STA RAFAELA),,,38.56843,-8.914763,0,,0,,,0,,,0,0,0,0,0,0,0,0,0,0,0,,,PT170,1508
130133,0,130133,PALMELA (AV 25 ABRIL 32),,,38.569456,-8.911401,0,,0,,,0,,,0,0,0,0,0,0,0,0,0,0,0,,,PT170,1508
130134,0,130134,PALMELA (AV 25 ABRIL 32),,,38.569367,-8.911289,0,,0,,,0,,,0,0,0,0,0,0,0,0,0,0,0,,,PT170,1508
130135,0,130135,PALMELA (SERRA LOURO 8),,,38.570154,-8.908663,0,,0,,,0,,,0,0,0,0,0,0,0,0,0,0,0,,,PT170,1508
130136,0,130136,PALMELA (SERRA LOURO 8),,,38.57002,-8.9087,0,,0,,,0,,,0,0,0,0,0,0,0,0,0,0,0,,,PT170,1508
130137,0,130137,QTA ANJO (ESC PRIMÁRIA),,,38.564793,-8.946913,0,,0,,,0,,,0,0,0,0,0,0,0,0,0,0,0,,,PT170,1508
130138,0,130138,QTA ANJO (ESC PRIMÁRIA),,,38.564584,-8.947014,0,,0,,,0,,,0,0,0,0,0,0,0,0,0,0,0,,,PT170,1508
130139,0,130139,Estrada Municipal 533 (X) Estrada Nacional 4,,,38.687598,-8.730709,0,,0,,,0,,,0,0,0,0,0,0,0,0,0,0,0,,,PT170,1508
130141,0,130141,LOJA NOVA (EM 533) PARAGEM BRONZE,,,38.685126,-8.731578,0,,0,,,0,,,0,0,0,0,0,0,0,0,0,0,0,,,PT170,1508
130142,0,130142,LOJA NOVA (EM 533) PARAGEM BRONZE,,,38.684982,-8.731503,0,,0,,,0,,,0,0,0,0,0,0,0,0,0,0,0,,,PT170,1508
130143,0,130143,Rua da Loja Nova (X) Estrada Nacional 4,,,38.680972,-8.732615,0,,0,,,0,,,0,0,0,0,0,0,0,0,0,0,0,,,PT170,1508
130144,0,130144,LOJA NOVA (EM 533) VIV FERNANDES,,,38.680793,-8.732543,0,,0,,,0,,,0,0,0,0,0,0,0,0,0,0,0,,,PT170,1508
130145,0,130145,LAGOA CALVO (EM533)X R JOAQUIM M SILVA,,,38.675741,-8.734225,0,,0,,,0,,,0,0,0,0,0,0,0,0,0,0,0,,,PT170,1508
130146,0,130146,LAGOA CALVO (EM533)X R JOAQUIM M SILVA,,,38.675573,-8.734149,0,,0,,,0,,,0,0,0,0,0,0,0,0,0,0,0,,,PT170,1508
130147,0,130147,LAGOA CALVO (EM 533) R LEANDROS,,,38.671173,-8.735641,0,,0,,,0,,,0,0,0,0,0,0,0,0,0,0,0,,,PT170,1508
130148,0,130148,Estrada Lagameças (X) Rua dos Leandros,,,38.671096,-8.735531,0,,0,,,0,,,0,0,0,0,0,0,0,0,0,0,0,,,PT170,1508
130149,0,130149,LAGOA CALVO (EM 533) SOC RECREATIVA,,,38.666108,-8.737298,0,,0,,,0,,,0,0,0,0,0,0,0,0,0,0,0,,,PT170,1508
130150,0,130150,LAGOA CALVO (EM 533) SOC RECREATIVA,,,38.666135,-8.737162,0,,0,,,0,,,0,0,0,0,0,0,0,0,0,0,0,,,PT170,1508
130151,0,130151,LAGOA CALVO (EM 533) X FORNINHO,,,38.663024,-8.738449,0,,0,,,0,,,0,0,0,0,0,0,0,0,0,0,0,,,PT170,1508
130152,0,130152,R Florbela Espanca,,,38.590254,-9.014073,0,,0,,,0,,,0,0,0,0,0,0,0,0,0,0,0,,,PT170,1508
130153,0,130153,LAGOA CALVO (EM 533) X R JOAO COSTA,,,38.656481,-8.741076,0,,0,,,0,,,0,0,0,0,0,0,0,0,0,0,0,,,PT170,1508
130154,0,130154,LAGOA CALVO (EM 533) X R JOAO COSTA,,,38.656459,-8.740966,0,,0,,,0,,,0,0,0,0,0,0,0,0,0,0,0,,,PT170,1508
130155,0,130155,LAGOA CALVO (EM 533) X R PERALTAS,,,38.648141,-8.744579,0,,0,,,0,,,0,0,0,0,0,0,0,0,0,0,0,,,PT170,1508
130156,0,130156,LAGOA CALVO (EM 533) X R PERALTAS,,,38.647934,-8.74448,0,,0,,,0,,,0,0,0,0,0,0,0,0,0,0,0,,,PT170,1508
130159,0,130159,POCEIRÃO (EN 5) PASSAGEM NIVEL,,,38.634198,-8.74203,0,,0,,,0,,,0,0,0,0,0,0,0,0,0,0,0,,,PT170,1508
130160,0,130160,Estrada Nacional 5 (Estação),,,38.634284,-8.74187,0,,0,,,0,,,0,0,0,0,0,0,0,0,0,0,0,,,PT170,1508
130161,0,130161,Avenida de Palmela 18,,,38.63338,-8.743177,0,,0,,,0,,,0,0,0,0,0,0,0,0,0,0,0,,,PT170,1508
130162,0,130162,POCEIRÃO (AV PALMELA) X R 5 OUTUBRO,,,38.633276,-8.743126,0,,0,,,0,,,0,0,0,0,0,0,0,0,0,0,0,,,PT170,1508
130163,0,130163,POCEIRÃO (EM 533) DEPOIS VIADUTO C FERRO,,,38.622221,-8.74668,0,,0,,,0,,,0,0,0,0,0,0,0,0,0,0,0,,,PT170,1508
130164,0,130164,R Florbela Espanca (X) R Luís Vaz de Camões,,,38.588447,-9.011182,0,,0,,,0,,,0,0,0,0,0,0,0,0,0,0,0,,,PT170,1508
130165,0,130165,POCEIRÃO (EM 533) X R GASPAR SILVA,,,38.616655,-8.755373,0,,0,,,0,,,0,0,0,0,0,0,0,0,0,0,0,,,PT170,1508
130166,0,130166,Estrada de Lagameças (Restauração),,,38.616564,-8.75534,0,,0,,,0,,,0,0,0,0,0,0,0,0,0,0,0,,,PT170,1508
130167,0,130167,LAGAMEÇAS (EM 533) X R CARDOSOS,,,38.613786,-8.762237,0,,0,,,0,,,0,0,0,0,0,0,0,0,0,0,0,,,PT170,1508
130168,0,130168,Estrada Lagameças (Frente Parque Estacionamento),,,38.6137,-8.762163,0,,0,,,0,,,0,0,0,0,0,0,0,0,0,0,0,,,PT170,1508
130169,0,130169,LAGAMEÇAS (EM 533) JTO CTT,,,38.612526,-8.765227,0,,0,,,0,,,0,0,0,0,0,0,0,0,0,0,0,,,PT170,1508
130170,0,130170,LAGAMEÇAS (EM 533) JTO CTT,,,38.61239,-8.765259,0,,0,,,0,,,0,0,0,0,0,0,0,0,0,0,0,,,PT170,1508
130171,0,130171,Estrada Lagameças (Jardim de Infância),,,38.61102,-8.768771,0,,0,,,0,,,0,0,0,0,0,0,0,0,0,0,0,,,PT170,1508
130172,0,130172,Estrada Lagameças (Frente Jardim de Infância),,,38.610896,-8.768811,0,,0,,,0,,,0,0,0,0,0,0,0,0,0,0,0,,,PT170,1508
130173,0,130173,Estrada Lagameças (Restaurante),,,38.60781,-8.776358,0,,0,,,0,,,0,0,0,0,0,0,0,0,0,0,0,,,PT170,1508
130174,0,130174,LAGAMEÇAS (EM 533) X CAJADOS,,,38.607587,-8.77662,0,,0,,,0,,,0,0,0,0,0,0,0,0,0,0,0,,,PT170,1508
130175,0,130175,LAGAMEÇAS (EM 533) X R PEGOS,,,38.605546,-8.781792,0,,0,,,0,,,0,0,0,0,0,0,0,0,0,0,0,,,PT170,1508
130176,0,130176,Estrada de Lagameças (Frente Posto Combustíveis),,,38.605444,-8.781768,0,,0,,,0,,,0,0,0,0,0,0,0,0,0,0,0,,,PT170,1508
130177,0,130177,LAGAMEÇAS (EM 533)XR JOAQUIM AGOSTINHO,,,38.602669,-8.788602,0,,0,,,0,,,0,0,0,0,0,0,0,0,0,0,0,,,PT170,1508
130178,0,130178,LAGAMEÇAS (EM 533)XR JOAQUIM AGOSTINHO,,,38.602582,-8.788573,0,,0,,,0,,,0,0,0,0,0,0,0,0,0,0,0,,,PT170,1508
130179,0,130179,LAGAMEÇAS (EM 533) X R ANT ROLDÃO,,,38.6007,-8.796197,0,,0,,,0,,,0,0,0,0,0,0,0,0,0,0,0,,,PT170,1508
130180,0,130180,Estrada de Lagameças (X) Rua António Roldão,,,38.60083,-8.7965,0,,0,,,0,,,0,0,0,0,0,0,0,0,0,0,0,,,PT170,1508
130181,0,130181,LAU (EM 533) R AMÉRICO ALEGRIA,,,38.601611,-8.803867,0,,0,,,0,,,0,0,0,0,0,0,0,0,0,0,0,,,PT170,1508
130182,0,130182,Estrada Lagameças Frente 1732,,,38.601684,-8.80372,0,,0,,,0,,,0,0,0,0,0,0,0,0,0,0,0,,,PT170,1508
130183,0,130183,LAU (EM 533) X R XAVIER SANTANA,,,38.602477,-8.811396,0,,0,,,0,,,0,0,0,0,0,0,0,0,0,0,0,,,PT170,1508
130184,0,130184,LAU (EM 533) X R XAVIER SANTANA,,,38.602581,-8.811401,0,,0,,,0,,,0,0,0,0,0,0,0,0,0,0,0,,,PT170,1508
130185,0,130185,LAU (EM533 X R JOAQUIM Mª AFONSO,,,38.602876,-8.814941,0,,0,,,0,,,0,0,0,0,0,0,0,0,0,0,0,,,PT170,1508
130186,0,130186,LAU (EM533 X R JOAQUIM Mª AFONSO,,,38.602954,-8.814824,0,,0,,,0,,,0,0,0,0,0,0,0,0,0,0,0,,,PT170,1508
130187,0,130187,Estrada do Lau (X) Rua do Mercado,,,38.602872,-8.823496,0,,0,,,0,,,0,0,0,0,0,0,0,0,0,0,0,,,PT170,1508
130188,0,130188,LAU (EM 533) ( ASSOCIAÇÃO MORADORES LAU),,,38.602962,-8.823099,0,,0,,,0,,,0,0,0,0,0,0,0,0,0,0,0,,,PT170,1508
130189,0,130189,Estrada de Lagameças (X) Rua João Fernandes,,,38.599956,-8.829322,0,,0,,,0,,,0,0,0,0,0,0,0,0,0,0,0,,,PT170,1508
130190,0,130190,Estrada do Lau,,,38.599884,-8.829225,0,,0,,,0,,,0,0,0,0,0,0,0,0,0,0,0,,,PT170,1508
130191,0,130191,LAU (EM 533) X R ANTONIO SERAFIM,,,38.597015,-8.835077,0,,0,,,0,,,0,0,0,0,0,0,0,0,0,0,0,,,PT170,1508
130192,0,130192,Estrada de Lagameça,,,38.59697,-8.834978,0,,0,,,0,,,0,0,0,0,0,0,0,0,0,0,0,,,PT170,1508
130193,0,130193,ALGERUZ (ESTR LAGAMEÇAS X R CACARINO),,,38.594241,-8.840568,0,,0,,,0,,,0,0,0,0,0,0,0,0,0,0,0,,,PT170,1508
130194,0,130194,ALGERUZ (ESTR LAGAMEÇAS X R CACARINO),,,38.59418,-8.840474,0,,0,,,0,,,0,0,0,0,0,0,0,0,0,0,0,,,PT170,1508
130195,0,130195,POCEIRÃO (EM 533) ANTES VIADUTO C FERRO,,,38.622343,-8.746451,0,,0,,,0,,,0,0,0,0,0,0,0,0,0,0,0,,,PT170,1508
130196,0,130196,R Florbela Espanca (X) Estr Circular Norte,,,38.588404,-9.010701,0,,0,,,0,,,0,0,0,0,0,0,0,0,0,0,0,,,PT170,1508
130197,0,130197,LAGOA CALVO (EM 533) X FORNINHO,,,38.66246,-8.738556,0,,0,,,0,,,0,0,0,0,0,0,0,0,0,0,0,,,PT170,1508
130198,0,130198,Estr Circular Norte Fte 113,,,38.58932,-9.007144,0,,0,,,0,,,0,0,0,0,0,0,0,0,0,0,0,,,PT170,1508
130199,0,130199,VOLTA PEDRA (AV ALBERTO VALENTE 72),,,38.579073,-8.890292,0,,0,,,0,,,0,0,0,0,0,0,0,0,0,0,0,,,PT170,1508
130200,0,130200,VOLTA PEDRA (AV ALBERTO VALENTE 72),,,38.579318,-8.890127,0,,0,,,0,,,0,0,0,0,0,0,0,0,0,0,0,,,PT170,1508
130201,0,130201,VOLTA PEDRA (EN 252 91),,,38.582315,-8.89028,0,,0,,,0,,,0,0,0,0,0,0,0,0,0,0,0,,,PT170,1508
130202,0,130202,VOLTA PEDRA (EN 252 91),,,38.581987,-8.890123,0,,0,,,0,,,0,0,0,0,0,0,0,0,0,0,0,,,PT170,1508
130203,0,130203,ALEXANDRE HERCULANO,,,38.58784,-8.89111,0,,0,,,0,,,0,0,0,0,0,0,0,0,0,0,0,,,PT170,1508
130204,0,130204,ALEXANDRE HERCULANO,,,38.587867,-8.890889,0,,0,,,0,,,0,0,0,0,0,0,0,0,0,0,0,,,PT170,1508
130205,0,130205,ALEXANDRE HERCULANO,,,38.591369,-8.893253,0,,0,,,0,,,0,0,0,0,0,0,0,0,0,0,0,,,PT170,1508
130206,0,130206,Estr Circular Norte 114,,,38.589572,-9.00687,0,,0,,,0,,,0,0,0,0,0,0,0,0,0,0,0,,,PT170,1508
130207,0,130207,BATUDES (EN 252 KM 12),,,38.592779,-8.893876,0,,0,,,0,,,0,0,0,0,0,0,0,0,0,0,0,,,PT170,1508
130208,0,130208,Estr Circular Norte Fte 219,,,38.590861,-9.003058,0,,0,,,0,,,0,0,0,0,0,0,0,0,0,0,0,,,PT170,1508
130209,0,130209,BATUDES (EN252) XV ALCAIDE (SEMÁFOROS),,,38.599743,-8.898509,0,,0,,,0,,,0,0,0,0,0,0,0,0,0,0,0,,,PT170,1508
130210,0,130210,BATUDES (EN252) XV ALCAIDE (SEMÁFOROS),,,38.599749,-8.898199,0,,0,,,0,,,0,0,0,0,0,0,0,0,0,0,0,,,PT170,1508
130211,0,130211,ESTR VENDA DE ALCAIDE 48,,,38.606397,-8.89108,0,,0,,,0,,,0,0,0,0,0,0,0,0,0,0,0,,,PT170,1508
130212,0,130212,ESTR VENDA DE ALCAIDE 48,,,38.606174,-8.891245,0,,0,,,0,,,0,0,0,0,0,0,0,0,0,0,0,,,PT170,1508
130213,0,130213,ESTAÇÃO VENDA DO ALCAIDE,,,38.606667,-8.888575,0,,0,,,0,,,0,0,0,0,0,0,0,0,0,0,0,,,PT170,1508
130214,0,130214,Estr Circular Norte,,,38.592077,-8.999811,0,,0,,,0,,,0,0,0,0,0,0,0,0,0,0,0,,,PT170,1508
130215,0,130215,BATUDES (EN 252 21),,,38.601857,-8.901721,0,,0,,,0,,,0,0,0,0,0,0,0,0,0,0,0,,,PT170,1508
130216,0,130216,BATUDES (EN 252 21),,,38.602017,-8.901756,0,,0,,,0,,,0,0,0,0,0,0,0,0,0,0,0,,,PT170,1508
130217,0,130217,R GAGO COUTINHO E SACADURA CABRAL 26,,,38.603639,-8.904516,0,,0,,,0,,,0,0,0,0,0,0,0,0,0,0,0,,,PT170,1508
130218,0,130218,R GAGO COUTINHO E SACADURA CABRAL 26,,,38.603577,-8.904101,0,,0,,,0,,,0,0,0,0,0,0,0,0,0,0,0,,,PT170,1508
130219,0,130219,VALE ALECRIM (EN 252 KM 10000),,,38.607285,-8.907774,0,,0,,,0,,,0,0,0,0,0,0,0,0,0,0,0,,,PT170,1508
130220,0,130220,VALE ALECRIM (EN 252 KM 10000),,,38.607922,-8.908002,0,,0,,,0,,,0,0,0,0,0,0,0,0,0,0,0,,,PT170,1508
130221,0,130221,VALE ALECRIM (EN 252)X R MINTINHOSO,,,38.611895,-8.910633,0,,0,,,0,,,0,0,0,0,0,0,0,0,0,0,0,,,PT170,1508
130222,0,130222,VALE ALECRIM (EN 252)X R MINTINHOSO,,,38.611832,-8.910404,0,,0,,,0,,,0,0,0,0,0,0,0,0,0,0,0,,,PT170,1508
130223,0,130223,VALE ALECRIM (EN 252) POSTO COMBUSTIVEL,,,38.61558,-8.912907,0,,0,,,0,,,0,0,0,0,0,0,0,0,0,0,0,,,PT170,1508
130224,0,130224,VALE ALECRIM (EN 252) POSTO COMBUSTIVEL,,,38.615848,-8.912913,0,,0,,,0,,,0,0,0,0,0,0,0,0,0,0,0,,,PT170,1508
130225,0,130225,PINHAL NOVO (EN 252) SUPERMERCADO,,,38.619016,-8.915022,0,,0,,,0,,,0,0,0,0,0,0,0,0,0,0,0,,,PT170,1508
130226,0,130226,PINHAL NOVO (EN 252) SUPERMERCADO,,,38.61942,-8.915097,0,,0,,,0,,,0,0,0,0,0,0,0,0,0,0,0,,,PT170,1508
130227,0,130227,PINHAL NOVO (PÇA JOSÉ MARIA SANTOS 42),,,38.631531,-8.916341,0,,0,,,0,,,0,0,0,0,0,0,0,0,0,0,0,,,PT170,1508
130228,0,130228,Praça José Maria dos Santos (Jardim) P1,,,38.631432,-8.915945,0,,0,,,0,,,0,0,0,0,0,0,0,0,0,0,0,,,PT170,1508
130231,0,130231,BATUDES (EN 252 100),,,38.597239,-8.895175,0,,0,,,0,,,0,0,0,0,0,0,0,0,0,0,0,,,PT170,1508
130233,0,130233,BATUDES (EN 252 KM 12),,,38.593746,-8.89449,0,,0,,,0,,,0,0,0,0,0,0,0,0,0,0,0,,,PT170,1508
130235,0,130235,ÁGUAS MOURA (EN 5) X (EN 10),,,38.584834,-8.692282,0,,0,,,0,,,0,0,0,0,0,0,0,0,0,0,0,,,PT170,1508
130236,0,130236,ÁGUAS MOURA (EN 5) X (EN 10),,,38.584866,-8.692125,0,,0,,,0,,,0,0,0,0,0,0,0,0,0,0,0,,,PT170,1508
130237,0,130237,ÁGUAS MOURA (EN 5 X EM 1038) C SAÚDE,,,38.588147,-8.69273,0,,0,,,0,,,0,0,0,0,0,0,0,0,0,0,0,,,PT170,1508
130238,0,130238,ÁGUAS MOURA (EN 5 X EM 1038) C SAÚDE,,,38.588473,-8.69265,0,,0,,,0,,,0,0,0,0,0,0,0,0,0,0,0,,,PT170,1508
130239,0,130239,Bº MARGAÇA (EM 1038 14),,,38.592546,-8.692314,0,,0,,,0,,,0,0,0,0,0,0,0,0,0,0,0,,,PT170,1508
130240,0,130240,Bº MARGAÇA (EM 1038 14),,,38.593261,-8.692185,0,,0,,,0,,,0,0,0,0,0,0,0,0,0,0,0,,,PT170,1508
130241,0,130241,Bº MARGAÇA (EM 1038) X FERNANDO PÓ,,,38.602748,-8.690448,0,,0,,,0,,,0,0,0,0,0,0,0,0,0,0,0,,,PT170,1508
130242,0,130242,Bº MARGAÇA (EM 1038) X FERNANDO PÓ,,,38.602778,-8.690321,0,,0,,,0,,,0,0,0,0,0,0,0,0,0,0,0,,,PT170,1508
130243,0,130243,Bº MARGAÇA (EM 1038) X FERNANDO PÓ,,,38.602978,-8.692658,0,,0,,,0,,,0,0,0,0,0,0,0,0,0,0,0,,,PT170,1508
130244,0,130244,Bº MARGAÇA (EM 1038) X FERNANDO PÓ,,,38.603067,-8.692572,0,,0,,,0,,,0,0,0,0,0,0,0,0,0,0,0,,,PT170,1508
130245,0,130245,Bº MARGAÇA (EM1038 X R SESMARIAS PATO),,,38.602853,-8.697628,0,,0,,,0,,,0,0,0,0,0,0,0,0,0,0,0,,,PT170,1508
130246,0,130246,Bº MARGAÇA (EM1038 X R SESMARIAS PATO),,,38.602789,-8.697133,0,,0,,,0,,,0,0,0,0,0,0,0,0,0,0,0,,,PT170,1508
130247,0,130247,MARGAÇA (R ESPANHOIS) X EN 5,,,38.603605,-8.707685,0,,0,,,0,,,0,0,0,0,0,0,0,0,0,0,0,,,PT170,1508
130248,0,130248,MARGAÇA (R ESPANHOIS) X EN 5,,,38.604016,-8.707887,0,,0,,,0,,,0,0,0,0,0,0,0,0,0,0,0,,,PT170,1508
130249,0,130249,EN 5 (DEPOIS) X R AÇUDE DA MANETA,,,38.611955,-8.714361,0,,0,,,0,,,0,0,0,0,0,0,0,0,0,0,0,,,PT170,1508
130250,0,130250,EN 5 (DEPOIS) X R AÇUDE DA MANETA,,,38.611988,-8.714257,0,,0,,,0,,,0,0,0,0,0,0,0,0,0,0,0,,,PT170,1508
130251,0,130251,EN 5 (DEPOIS) X R TEXUGUEIRA,,,38.614604,-8.716532,0,,0,,,0,,,0,0,0,0,0,0,0,0,0,0,0,,,PT170,1508
130252,0,130252,EN 5 (DEPOIS) X R TEXUGUEIRA,,,38.614869,-8.716559,0,,0,,,0,,,0,0,0,0,0,0,0,0,0,0,0,,,PT170,1508
130253,0,130253,AGUALVA CIMA (EN5) (X) R HUMBERTO CARDOSO,,,38.617988,-8.719357,0,,0,,,0,,,0,0,0,0,0,0,0,0,0,0,0,,,PT170,1508
130256,0,130256,Escola Básica e Secundária José Saramago,,,38.629487,-8.738506,0,,0,,,0,,,0,0,0,0,0,0,0,0,0,0,0,,,PT170,1508
130257,0,130257,Estrada Nacional 5 (X) Rua Vasco da Gama,,,38.632023,-8.739476,0,,0,,,0,,,0,0,0,0,0,0,0,0,0,0,0,,,PT170,1508
130258,0,130258,Estrada Nacional 5,,,38.632246,-8.739614,0,,0,,,0,,,0,0,0,0,0,0,0,0,0,0,0,,,PT170,1508
130259,0,130259,AGUALVA CIMA (EN5) (X) R HUMBERTO CARDOSO,,,38.616512,-8.718028,0,,0,,,0,,,0,0,0,0,0,0,0,0,0,0,0,,,PT170,1508
130260,0,130260,AGUALVA CIMA (EN5) (X) R HUMBERTO CARDOSO,,,38.616611,-8.717942,0,,0,,,0,,,0,0,0,0,0,0,0,0,0,0,0,,,PT170,1508
130261,0,130261,ASSEICEIRA X R MACHUQUEIRO,,,38.657092,-8.72689,0,,0,,,0,,,0,0,0,0,0,0,0,0,0,0,0,,,PT170,1508
130262,0,130262,ASSEICEIRA X R MACHUQUEIRO,,,38.657032,-8.726985,0,,0,,,0,,,0,0,0,0,0,0,0,0,0,0,0,,,PT170,1508
130263,0,130263,BREJOS POÇO (DEPÓSITO ÁGUA),,,38.647733,-8.727316,0,,0,,,0,,,0,0,0,0,0,0,0,0,0,0,0,,,PT170,1508
130265,0,130265,BREJOS POÇO (R MACHUQUEIRO) X EM 1034,,,38.64006,-8.725216,0,,0,,,0,,,0,0,0,0,0,0,0,0,0,0,0,,,PT170,1508
130267,0,130267,EM 1034 X R ANTÓNIO MARQUES,,,38.639907,-8.720907,0,,0,,,0,,,0,0,0,0,0,0,0,0,0,0,0,,,PT170,1508
130269,0,130269,Rua Constatina Fernandes,,,38.643888,-8.716092,0,,0,,,0,,,0,0,0,0,0,0,0,0,0,0,0,,,PT170,1508
130271,0,130271,R CONST FERNANDESXR CAP JUSINO COSTA,,,38.651767,-8.72035,0,,0,,,0,,,0,0,0,0,0,0,0,0,0,0,0,,,PT170,1508
130273,0,130273,LAGOA CALVO (EM 533) X FORNINHO,,,38.66219,-8.738132,0,,0,,,0,,,0,0,0,0,0,0,0,0,0,0,0,,,PT170,1508
130275,0,130275,Estrada do Poceirão (X) Rua António Matias,,,38.638849,-8.742297,0,,0,,,0,,,0,0,0,0,0,0,0,0,0,0,0,,,PT170,1508
130276,0,130276,Estrada do Poceirão (Terrenos Agrícolas),,,38.63895,-8.742187,0,,0,,,0,,,0,0,0,0,0,0,0,0,0,0,0,,,PT170,1508
130277,0,130277,Rua do António Brinca (X) Estrada do Poceirão,,,38.6387,-8.74212,0,,0,,,0,,,0,0,0,0,0,0,0,0,0,0,0,,,PT170,1508
130278,0,130278,Estrada do Poceirão (X) Rua do António Brinca,,,38.6386,-8.74209,0,,0,,,0,,,0,0,0,0,0,0,0,0,0,0,0,,,PT170,1508
130279,0,130279,BREJOS POÇO (CM1034 X R MACHUQUEIRO),,,38.639599,-8.725348,0,,0,,,0,,,0,0,0,0,0,0,0,0,0,0,0,,,PT170,1508
130280,0,130280,BREJOS POÇO (CM1034 X R MACHUQUEIRO),,,38.639516,-8.7251,0,,0,,,0,,,0,0,0,0,0,0,0,0,0,0,0,,,PT170,1508
130281,0,130281,Estrada Municipal 1034,,,38.640287,-8.715098,0,,0,,,0,,,0,0,0,0,0,0,0,0,0,0,0,,,PT170,1508
130282,0,130282,BREJOS POÇO X ASSEICEIRA,,,38.640242,-8.714598,0,,0,,,0,,,0,0,0,0,0,0,0,0,0,0,0,,,PT170,1508
130283,0,130283,FONTE BARREIRA,,,38.647243,-8.689302,0,,0,,,0,,,0,0,0,0,0,0,0,0,0,0,0,,,PT170,1508
130285,0,130285,FERNANDO PÓ (ESCOLA PRIMÁRIA),,,38.637835,-8.691186,0,,0,,,0,,,0,0,0,0,0,0,0,0,0,0,0,,,PT170,1508
130286,0,130286,FERNANDO PÓ (ESCOLA PRIMÁRIA),,,38.638162,-8.691115,0,,0,,,0,,,0,0,0,0,0,0,0,0,0,0,0,,,PT170,1508
130287,0,130287,ESTR FERN PÓXR C CARREIRA E R L ANT,,,38.616265,-8.682968,0,,0,,,0,,,0,0,0,0,0,0,0,0,0,0,0,,,PT170,1508
130288,0,130288,ESTR FERN PÓXR C CARREIRA E R L ANT,,,38.616302,-8.682862,0,,0,,,0,,,0,0,0,0,0,0,0,0,0,0,0,,,PT170,1508
130289,0,130289,EM1040 (R ESPANHOIS)XR JOAQ R AZENHA,,,38.60375,-8.687585,0,,0,,,0,,,0,0,0,0,0,0,0,0,0,0,0,,,PT170,1508
130290,0,130290,EM1040 (R ESPANHOIS)XR JOAQ R AZENHA,,,38.60367,-8.687693,0,,0,,,0,,,0,0,0,0,0,0,0,0,0,0,0,,,PT170,1508
130291,0,130291,AGUALVA CIMA X R GOMES LOPES,,,38.61317,-8.726562,0,,0,,,0,,,0,0,0,0,0,0,0,0,0,0,0,,,PT170,1508
130292,0,130292,AGUALVA CIMA X R GOMES LOPES,,,38.613108,-8.726476,0,,0,,,0,,,0,0,0,0,0,0,0,0,0,0,0,,,PT170,1508
130293,0,130293,AGUALVA CIM(R ARTURES)XR AÇUDE MANETAS,,,38.610831,-8.730111,0,,0,,,0,,,0,0,0,0,0,0,0,0,0,0,0,,,PT170,1508
130294,0,130294,AGUALVA CIM(R ARTURES)XR AÇUDE MANETAS,,,38.610848,-8.729938,0,,0,,,0,,,0,0,0,0,0,0,0,0,0,0,0,,,PT170,1508
130295,0,130295,AGUALVA CIM(R J LOUREI)XR JOAQ R RILHÓ,,,38.608547,-8.733658,0,,0,,,0,,,0,0,0,0,0,0,0,0,0,0,0,,,PT170,1508
130296,0,130296,AGUALVA CIM(R J LOUREI)XR JOAQ R RILHÓ,,,38.608593,-8.733418,0,,0,,,0,,,0,0,0,0,0,0,0,0,0,0,0,,,PT170,1508
130297,0,130297,AGUALVA CIMXANTES PONTE E R ABEL FERR,,,38.605034,-8.739164,0,,0,,,0,,,0,0,0,0,0,0,0,0,0,0,0,,,PT170,1508
130298,0,130298,AGUALVA CIMXANTES PONTE E R ABEL FERR,,,38.605103,-8.738863,0,,0,,,0,,,0,0,0,0,0,0,0,0,0,0,0,,,PT170,1508
130299,0,130299,AGUALVA CIMA X R JOAQUIM ROMÃO,,,38.602275,-8.747162,0,,0,,,0,,,0,0,0,0,0,0,0,0,0,0,0,,,PT170,1508
130300,0,130300,AGUALVA CIMA X R JOAQUIM ROMÃO,,,38.602139,-8.747127,0,,0,,,0,,,0,0,0,0,0,0,0,0,0,0,0,,,PT170,1508
130301,0,130301,LAGAMEÇAS X R JOSÉ GARCIA SILVA,,,38.601384,-8.754089,0,,0,,,0,,,0,0,0,0,0,0,0,0,0,0,0,,,PT170,1508
130303,0,130303,LAGAMEÇAS X R CARDOSOS,,,38.600528,-8.760908,0,,0,,,0,,,0,0,0,0,0,0,0,0,0,0,0,,,PT170,1508
130305,0,130305,Estrada Municipal 1040 (Restauração),,,38.600603,-8.764909,0,,0,,,0,,,0,0,0,0,0,0,0,0,0,0,0,,,PT170,1508
130307,0,130307,LAGAMEÇAS XANTES SUPER CTRO M P MARÇAL,,,38.601311,-8.775231,0,,0,,,0,,,0,0,0,0,0,0,0,0,0,0,0,,,PT170,1508
130309,0,130309,CAJADOS (R 25 ABRIL) DEPOIS PONTE AE,,,38.588774,-8.773793,0,,0,,,0,,,0,0,0,0,0,0,0,0,0,0,0,,,PT170,1508
130310,0,130310,CAJADOS (R 25 ABRIL) DEPOIS PONTE AE,,,38.58861,-8.773649,0,,0,,,0,,,0,0,0,0,0,0,0,0,0,0,0,,,PT170,1508
130311,0,130311,Rua 25 de Abril Frente 112,,,38.585404,-8.773339,0,,0,,,0,,,0,0,0,0,0,0,0,0,0,0,0,,,PT170,1508
130312,0,130312,CAJADOS (R 25 ABRIL 112A),,,38.58548,-8.773208,0,,0,,,0,,,0,0,0,0,0,0,0,0,0,0,0,,,PT170,1508
130313,0,130313,CAJADOS (R 25 ABRIL)DEPÓSITO CONST CIVIL,,,38.581146,-8.772749,0,,0,,,0,,,0,0,0,0,0,0,0,0,0,0,0,,,PT170,1508
130314,0,130314,CAJADOS (R 25 ABRIL)DEPÓSITO CONST CIVIL,,,38.581229,-8.772684,0,,0,,,0,,,0,0,0,0,0,0,0,0,0,0,0,,,PT170,1508
130315,0,130315,CAJADOS (R 25 ABRIL 53),,,38.575828,-8.772143,0,,0,,,0,,,0,0,0,0,0,0,0,0,0,0,0,,,PT170,1508
130316,0,130316,CAJADOS (R 25 ABRIL 53),,,38.576514,-8.772087,0,,0,,,0,,,0,0,0,0,0,0,0,0,0,0,0,,,PT170,1508
130317,0,130317,CAJADOS (R 25 ABRIL 21),,,38.572714,-8.771698,0,,0,,,0,,,0,0,0,0,0,0,0,0,0,0,0,,,PT170,1508
130318,0,130318,CAJADOS (R 25 ABRIL 21),,,38.572827,-8.771617,0,,0,,,0,,,0,0,0,0,0,0,0,0,0,0,0,,,PT170,1508
130319,0,130319,LOJA NOVA GÂMBIA (EN 10 X R GÂMBIA),,,38.566761,-8.773698,0,,0,,,0,,,0,0,0,0,0,0,0,0,0,0,0,,,PT170,1508
130321,0,130321,EN 10 () X VALE ABRUNHEIRA KM 50,,,38.562217,-8.784112,0,,0,,,0,,,0,0,0,0,0,0,0,0,0,0,0,,,PT170,1508
130323,0,130323,ALGERUZ GARE (R JOSÉ PEIXOTO 1),,,38.561097,-8.786658,0,,0,,,0,,,0,0,0,0,0,0,0,0,0,0,0,,,PT170,1508
130325,0,130325,ALGERUZ (FTE ANTIGA ESTAÇÃO CP),,,38.559655,-8.789918,0,,0,,,0,,,0,0,0,0,0,0,0,0,0,0,0,,,PT170,1508
130327,0,130327,EN 10 (MOVALPA) VALE ABRUNHEIRA,,,38.558222,-8.793222,0,,0,,,0,,,0,0,0,0,0,0,0,0,0,0,0,,,PT170,1508
130329,0,130329,LAGAMEÇAS XANTES SUPER CTRO M P MARÇAL,,,38.60131,-8.775112,0,,0,,,0,,,0,0,0,0,0,0,0,0,0,0,0,,,PT170,1508
130331,0,130331,Estrada Nacional 5 (X) Rua Humberto Cardoso,,,38.617989,-8.719523,0,,0,,,0,,,0,0,0,0,0,0,0,0,0,0,0,,,PT170,1508
130333,0,130333,QTA DO ANJO (RUA DOS LUSIADAS),,,38.56754,-8.94456,0,,0,,,0,,,0,0,0,0,0,0,0,0,0,0,0,,,PT170,1508
130335,0,130335,QTA DO ANJO (AVENIDA DE JÁVEA),,,38.574436,-8.944411,0,,0,,,0,,,0,0,0,0,0,0,0,0,0,0,0,,,PT170,1508
130336,0,130336,QTA DO ANJO (AVENIDA DE JÁVEA),,,38.574458,-8.94429,0,,0,,,0,,,0,0,0,0,0,0,0,0,0,0,0,,,PT170,1508
130337,0,130337,MARQUESA I E II ( RUA 25),,,38.593835,-8.988455,0,,0,,,0,,,0,0,0,0,0,0,0,0,0,0,0,,,PT170,1508
130338,0,130338,MARQUESA I E II ( RUA 25),,,38.593751,-8.988102,0,,0,,,0,,,0,0,0,0,0,0,0,0,0,0,0,,,PT170,1508
130339,0,130339,QTA DO ANJO (RUA DOS LUSIADAS),,,38.567597,-8.944652,0,,0,,,0,,,0,0,0,0,0,0,0,0,0,0,0,,,PT170,1508
130341,0,130341,PISCINA(PINHAL NOVO),,,38.636647,-8.908704,0,,0,,,0,,,0,0,0,0,0,0,0,0,0,0,0,,,PT170,1508
130343,0,130343,PINHAL NOVO (R ADRIANO CORREIA OLIVEIRA),,,38.63793,-8.91128,0,,0,,,0,,,0,0,0,0,0,0,0,0,0,0,0,,,PT170,1508
130345,0,130345,PINHAL NOVO (R DE CABO VERDE 6),,,38.637326,-8.912579,0,,0,,,0,,,0,0,0,0,0,0,0,0,0,0,0,,,PT170,1508
130346,0,130346,PINHAL NOVO (ESC SECUNDÁRIA),,,38.637563,-8.912395,0,,0,,,0,,,0,0,0,0,0,0,0,0,0,0,0,,,PT170,1508
130347,0,130347,PINHAL NOVO (R FERREIRA DE CASTRO 168),,,38.634513,-8.913085,0,,0,,,0,,,0,0,0,0,0,0,0,0,0,0,0,,,PT170,1508
130349,0,130349,PINHAL NOVO (AV ALEX HERCULANO 44),,,38.634675,-8.914482,0,,0,,,0,,,0,0,0,0,0,0,0,0,0,0,0,,,PT170,1508
130351,0,130351,PINHAL NOVO (R SAMUEL LUPI S JORGE 61),,,38.637136,-8.915754,0,,0,,,0,,,0,0,0,0,0,0,0,0,0,0,0,,,PT170,1508
130353,0,130353,PINHAL NOVO (R P JOSÉ ESTEVENS DIAS 145),,,38.636146,-8.917802,0,,0,,,0,,,0,0,0,0,0,0,0,0,0,0,0,,,PT170,1508
130355,0,130355,PINHAL NOVO (R P JOSÉ ESTEVENS DIAS 125),,,38.633262,-8.916858,0,,0,,,0,,,0,0,0,0,0,0,0,0,0,0,0,,,PT170,1508
130357,0,130357,PINHAL NOVO (R GUERRA JUNQUEIRO 10),,,38.632047,-8.917891,0,,0,,,0,,,0,0,0,0,0,0,0,0,0,0,0,,,PT170,1508
130359,0,130359,PINHAL NOVO (RUA DO FOGUEIRO),,,38.623801,-8.919039,0,,0,,,0,,,0,0,0,0,0,0,0,0,0,0,0,,,PT170,1508
130361,0,130361,PINHAL NOVO (RUA DO FACTOR),,,38.621305,-8.920174,0,,0,,,0,,,0,0,0,0,0,0,0,0,0,0,0,,,PT170,1508
130363,0,130363,PINHAL NOVO (AV DOS FERROVIÁRIOS),,,38.618275,-8.918248,0,,0,,,0,,,0,0,0,0,0,0,0,0,0,0,0,,,PT170,1508
130365,0,130365,PINHAL NOVO(R G COUTINHO E S CABRAL173),,,38.621133,-8.915389,0,,0,,,0,,,0,0,0,0,0,0,0,0,0,0,0,,,PT170,1508
130367,0,130367,PINHAL NOVO (R 5 DE OUTUBRO 75),,,38.62219,-8.910094,0,,0,,,0,,,0,0,0,0,0,0,0,0,0,0,0,,,PT170,1508
130369,0,130369,PINHAL NOVO (R JOSÉ SARAMAGO 24),,,38.624742,-8.913015,0,,0,,,0,,,0,0,0,0,0,0,0,0,0,0,0,,,PT170,1508
130371,0,130371,P NOVO (R VERISS SILVA 16) CENTRO SAÚDE,,,38.625781,-8.910884,0,,0,,,0,,,0,0,0,0,0,0,0,0,0,0,0,,,PT170,1508
130373,0,130373,PINHAL NOVO (R INF D HENRIQUE 164),,,38.626974,-8.909154,0,,0,,,0,,,0,0,0,0,0,0,0,0,0,0,0,,,PT170,1508
130375,0,130375,PINHAL NOVO (PRAC ANT FERREIRA COSTA 8),,,38.626609,-8.905496,0,,0,,,0,,,0,0,0,0,0,0,0,0,0,0,0,,,PT170,1508
130378,0,130378,Escola Básica José Maria dos Santos,,,38.628744,-8.912475,0,,0,,,0,,,0,0,0,0,0,0,0,0,0,0,0,,,PT170,1508
130379,0,130379,PINHAL NOVO (COOPERATIVA),,,38.629288,-8.916592,0,,0,,,0,,,0,0,0,0,0,0,0,0,0,0,0,,,PT170,1508
130381,0,130381,PINHAL NOVO(R G COUTINHO E S CABRAL65),,,38.627543,-8.916793,0,,0,,,0,,,0,0,0,0,0,0,0,0,0,0,0,,,PT170,1508
130383,0,130383,PINHAL NOVO (PRAÇA INDEPÊNDENCIA 1),,,38.631537,-8.9123,0,,0,,,0,,,0,0,0,0,0,0,0,0,0,0,0,,,PT170,1508
130385,0,130385,PINHAL NOVO (AV ZECA AFONSO 146) C SAÚDE,,,38.632806,-8.910211,0,,0,,,0,,,0,0,0,0,0,0,0,0,0,0,0,,,PT170,1508
130387,0,130387,PINHAL NOVO (R LAGOA DA PALHA 32),,,38.6324,-8.907262,0,,0,,,0,,,0,0,0,0,0,0,0,0,0,0,0,,,PT170,1508
130388,0,130388,Rua Lagoa da Palha 31,,,38.632548,-8.907133,0,,0,,,0,,,0,0,0,0,0,0,0,0,0,0,0,,,PT170,1508
130389,0,130389,PINHAL NOVO (R JOSÉ RÉGIO 65),,,38.633539,-8.906448,0,,0,,,0,,,0,0,0,0,0,0,0,0,0,0,0,,,PT170,1508
130391,0,130391,PINHAL NOVO (R ALVARO TAVARES 5),,,38.634361,-8.908172,0,,0,,,0,,,0,0,0,0,0,0,0,0,0,0,0,,,PT170,1508
130393,0,130393,Bº CASCALHEIRA (EM 1029) CEMITÉRIO TERIM,,,38.616691,-8.918827,0,,0,,,0,,,0,0,0,0,0,0,0,0,0,0,0,,,PT170,1508
130394,0,130394,Bº CASCALHEIRA (EM 1029) CEMITÉRIO TERIM,,,38.616727,-8.918663,0,,0,,,0,,,0,0,0,0,0,0,0,0,0,0,0,,,PT170,1508
130395,0,130395,TERRIM (R 25 DE ABRIL),,,38.613215,-8.928087,0,,0,,,0,,,0,0,0,0,0,0,0,0,0,0,0,,,PT170,1508
130396,0,130396,TERRIM (R 25 DE ABRIL),,,38.613275,-8.928079,0,,0,,,0,,,0,0,0,0,0,0,0,0,0,0,0,,,PT170,1508
130397,0,130397,AV GARCIA DA HORTA (X) R TRINDADE COELHO,,,38.609861,-8.932822,0,,0,,,0,,,0,0,0,0,0,0,0,0,0,0,0,,,PT170,1508
130398,0,130398,AV GARCIA DA HORTA (X) R TRINDADE COELHO,,,38.60986,-8.932734,0,,0,,,0,,,0,0,0,0,0,0,0,0,0,0,0,,,PT170,1508
130399,0,130399,AV GARCIA HORTA (X) R RAINHA STA ISABEL,,,38.605205,-8.931477,0,,0,,,0,,,0,0,0,0,0,0,0,0,0,0,0,,,PT170,1508
130400,0,130400,M 1029 (X) R SOBRAL-BAIRRO SOUSA CINTRA,,,38.605154,-8.931373,0,,0,,,0,,,0,0,0,0,0,0,0,0,0,0,0,,,PT170,1508
130401,0,130401,OLHOS ÁGUA (EN 379-2) X R LUIS CAMÕES,,,38.604005,-8.93925,0,,0,,,0,,,0,0,0,0,0,0,0,0,0,0,0,,,PT170,1508
130402,0,130402,OLHOS ÁGUA (EN 379-2) X R LUIS CAMÕES,,,38.604145,-8.9392,0,,0,,,0,,,0,0,0,0,0,0,0,0,0,0,0,,,PT170,1508
130403,0,130403,LAGOINHA (EN379-2) X ESTR QTA ANJO,,,38.60152,-8.936656,0,,0,,,0,,,0,0,0,0,0,0,0,0,0,0,0,,,PT170,1508
130404,0,130404,LAGOINHA (EN379-2) X ESTR QTA ANJO,,,38.6017,-8.936647,0,,0,,,0,,,0,0,0,0,0,0,0,0,0,0,0,,,PT170,1508
130405,0,130405,LAGOINHA (CM1029),,,38.59469,-8.947711,0,,0,,,0,,,0,0,0,0,0,0,0,0,0,0,0,,,PT170,1508
130406,0,130406,LAGOINHA (CM1029),,,38.59464,-8.947504,0,,0,,,0,,,0,0,0,0,0,0,0,0,0,0,0,,,PT170,1508
130407,0,130407,QTA ANJO (R JOÃO VAZ CORTE REAL 212),,,38.565843,-8.950007,0,,0,,,0,,,0,0,0,0,0,0,0,0,0,0,0,,,PT170,1508
130411,0,130411,PINHAL NOVO (GNR),,,38.624982,-8.905356,0,,0,,,0,,,0,0,0,0,0,0,0,0,0,0,0,,,PT170,1508
130412,0,130412,PINHAL NOVO (GNR),,,38.625267,-8.905557,0,,0,,,0,,,0,0,0,0,0,0,0,0,0,0,0,,,PT170,1508
130413,0,130413,Rua Infante Dom Henrique 1,,,38.619918,-8.895937,0,,0,,,0,,,0,0,0,0,0,0,0,0,0,0,0,,,PT170,1508
130414,0,130414,PALHOTA (R INF D HENRIQUE),,,38.619933,-8.895771,0,,0,,,0,,,0,0,0,0,0,0,0,0,0,0,0,,,PT170,1508
130415,0,130415,PALHOTA (EM 533-1) VIV AMARELA,,,38.61577,-8.88909,0,,0,,,0,,,0,0,0,0,0,0,0,0,0,0,0,,,PT170,1508
130416,0,130416,PALHOTA (EM 533-1) VIV AMARELA,,,38.615846,-8.889059,0,,0,,,0,,,0,0,0,0,0,0,0,0,0,0,0,,,PT170,1508
130417,0,130417,Estrada Municipal 533-1 (X) Estrada Municipal 575,,,38.614235,-8.883618,0,,0,,,0,,,0,0,0,0,0,0,0,0,0,0,0,,,PT170,1508
130418,0,130418,Estrada Municipal 533 (Posto de Combustiveis),,,38.614432,-8.883929,0,,0,,,0,,,0,0,0,0,0,0,0,0,0,0,0,,,PT170,1508
130419,0,130419,VENDA ALCAIDE (EM575) CENTRO SAÚDE,,,38.610369,-8.886228,0,,0,,,0,,,0,0,0,0,0,0,0,0,0,0,0,,,PT170,1508
130420,0,130420,VENDA ALCAIDE (EM575) CENTRO SAÚDE,,,38.610307,-8.886144,0,,0,,,0,,,0,0,0,0,0,0,0,0,0,0,0,,,PT170,1508
130421,0,130421,EM 575 (LAGOA PALHA) X VALE VILA,,,38.624985,-8.876049,0,,0,,,0,,,0,0,0,0,0,0,0,0,0,0,0,,,PT170,1508
130422,0,130422,EM 575 (LAGOA PALHA) X VALE VILA,,,38.624976,-8.875941,0,,0,,,0,,,0,0,0,0,0,0,0,0,0,0,0,,,PT170,1508
130423,0,130423,LAGOA PALHA (EM575 556),,,38.629216,-8.874709,0,,0,,,0,,,0,0,0,0,0,0,0,0,0,0,0,,,PT170,1508
130424,0,130424,LAGOA PALHA (EM575 556),,,38.629145,-8.874603,0,,0,,,0,,,0,0,0,0,0,0,0,0,0,0,0,,,PT170,1508
130425,0,130425,EM 575 (LAGOA PALHA) QUINTINHA ROCHA,,,38.633377,-8.876626,0,,0,,,0,,,0,0,0,0,0,0,0,0,0,0,0,,,PT170,1508
130426,0,130426,EM 575 (LAGOA PALHA) QUINTINHA ROCHA,,,38.633373,-8.876527,0,,0,,,0,,,0,0,0,0,0,0,0,0,0,0,0,,,PT170,1508
130427,0,130427,LAGOA PALHA (CENTRO) ESC PRIMÁRIA,,,38.636309,-8.877999,0,,0,,,0,,,0,0,0,0,0,0,0,0,0,0,0,,,PT170,1508
130428,0,130428,Escola Básica da Lagoa da Palha,,,38.636251,-8.877714,0,,0,,,0,,,0,0,0,0,0,0,0,0,0,0,0,,,PT170,1508
130429,0,130429,LAGOA PALHA (ANTES X R 25 ABRIL),,,38.635268,-8.884245,0,,0,,,0,,,0,0,0,0,0,0,0,0,0,0,0,,,PT170,1508
130431,0,130431,LAGOA PALHA ( QTA PEDRALVA),,,38.635207,-8.891708,0,,0,,,0,,,0,0,0,0,0,0,0,0,0,0,0,,,PT170,1508
130432,0,130432,LAGOA PALHA ( QTA PEDRALVA),,,38.635282,-8.891729,0,,0,,,0,,,0,0,0,0,0,0,0,0,0,0,0,,,PT170,1508
130433,0,130433,RIO FRIO (Bº CANTINA) X EN 5,,,38.67006,-8.862048,0,,0,,,0,,,0,0,0,0,0,0,0,0,0,0,0,,,PT170,1508
130434,0,130434,RIO FRIO (Bº CANTINA) X EN 5,,,38.670093,-8.86191,0,,0,,,0,,,0,0,0,0,0,0,0,0,0,0,0,,,PT170,1508
130435,0,130435,RIO FRIO (HERDADE) TERMINAL,,,38.673149,-8.859597,0,,0,,,0,,,0,0,0,0,0,0,0,0,0,0,0,,,PT170,1508
130436,0,130436,RIO FRIO (HERDADE) TERMINAL,,,38.673085,-8.859523,0,,0,,,0,,,0,0,0,0,0,0,0,0,0,0,0,,,PT170,1508
130437,0,130437,PALHOTA (EM 117) FARMÁCIA,,,38.613802,-8.883435,0,,0,,,0,,,0,0,0,0,0,0,0,0,0,0,0,,,PT170,1508
130439,0,130439,Bº PINH GRANDE (R 5 OUTUBRO 22) COLÉGIO,,,38.619508,-8.900649,0,,0,,,0,,,0,0,0,0,0,0,0,0,0,0,0,,,PT170,1508
130441,0,130441,Estrada de Vale Amélia (Frente 18),,,38.550854,-8.983516,0,,0,,,0,,,0,0,0,0,0,0,0,0,0,0,0,,,PT170,1508
130442,0,130442,SÃO GONÇALO (ESTR 4 CASTELOS),,,38.550813,-8.983303,0,,0,,,0,,,0,0,0,0,0,0,0,0,0,0,0,,,PT170,1508
130443,0,130443,EN252 (X) PLACA FREG ALTO ESTANQUEIRO,,,38.657068,-8.920201,0,,0,,,0,,,0,0,0,0,0,0,0,0,0,0,0,,,PT170,1508
130444,0,130444,Avenida Alexandre Herculano (X) Rua das Sesmarias,,,38.657128,-8.920092,0,,0,,,0,,,0,0,0,0,0,0,0,0,0,0,0,,,PT170,1508
130445,0,130445,EN252 (ISPT),,,38.652217,-8.917493,0,,0,,,0,,,0,0,0,0,0,0,0,0,0,0,0,,,PT170,1508
130446,0,130446,Avenida Alexandre Herculano (Frente ISPT),,,38.652632,-8.917398,0,,0,,,0,,,0,0,0,0,0,0,0,0,0,0,0,,,PT170,1508
130447,0,130447,EN252 ANTES (X) AE A12,,,38.648442,-8.915776,0,,0,,,0,,,0,0,0,0,0,0,0,0,0,0,0,,,PT170,1508
130448,0,130448,Avenida Alexandre Herculano (Acesso A12),,,38.647943,-8.915368,0,,0,,,0,,,0,0,0,0,0,0,0,0,0,0,0,,,PT170,1508
130449,0,130449,EN252 (HERD MONTE NOVO) ANTES PLACA LOCALIDADE,,,38.64125,-8.914877,0,,0,,,0,,,0,0,0,0,0,0,0,0,0,0,0,,,PT170,1508
130450,0,130450,Estrada Nacional 252 Frente Estufas,,,38.641249,-8.914744,0,,0,,,0,,,0,0,0,0,0,0,0,0,0,0,0,,,PT170,1508
130451,0,130451,PINHAL NOVO (AV ALEXANDRE HERCULANO 40),,,38.633703,-8.914642,0,,0,,,0,,,0,0,0,0,0,0,0,0,0,0,0,,,PT170,1508
130453,0,130453,Rua Gago Coutinho e Sacadura Cabral Frente 67,,,38.626753,-8.916961,0,,0,,,0,,,0,0,0,0,0,0,0,0,0,0,0,,,PT170,1508
130454,0,130454,Rua Gago Coutinho e Sacadura Cabral 75,,,38.626293,-8.916927,0,,0,,,0,,,0,0,0,0,0,0,0,0,0,0,0,,,PT170,1508
130455,0,130455,PINHAL NOVO (R G COUTINHO E S CABRAL 171),,,38.621914,-8.91636,0,,0,,,0,,,0,0,0,0,0,0,0,0,0,0,0,,,PT170,1508
130456,0,130456,PINHAL NOVO (R G COUTINHO E S CABRAL 171),,,38.621701,-8.916165,0,,0,,,0,,,0,0,0,0,0,0,0,0,0,0,0,,,PT170,1508
130457,0,130457,AIRES (EN 252) QTA SAPEC,,,38.572968,-8.888906,0,,0,,,0,,,0,0,0,0,0,0,0,0,0,0,0,,,PT170,1508
130458,0,130458,AIRES (EN 252) QTA SAPEC,,,38.573136,-8.888746,0,,0,,,0,,,0,0,0,0,0,0,0,0,0,0,0,,,PT170,1508
130459,0,130459,AIRES (EN 252 54),,,38.570417,-8.888273,0,,0,,,0,,,0,0,0,0,0,0,0,0,0,0,0,,,PT170,1508
130461,0,130461,AIRES (EN 252) X Bº PADRE NABETO,,,38.565878,-8.887777,0,,0,,,0,,,0,0,0,0,0,0,0,0,0,0,0,,,PT170,1508
130462,0,130462,AIRES (EN 252) X Bº PADRE NABETO,,,38.565823,-8.887536,0,,0,,,0,,,0,0,0,0,0,0,0,0,0,0,0,,,PT170,1508
130463,0,130463,BAIXA PALMELA (EN 252 173),,,38.564345,-8.888143,0,,0,,,0,,,0,0,0,0,0,0,0,0,0,0,0,,,PT170,1508
160588,0,160588,BREJOS (RUA SÃO GONÇALO),,,38.546045,-9.01285,0,,0,,,0,,,0,0,0,0,0,0,0,0,0,0,0,,,PT170,1512
160589,0,160589,Rua dos Vitoriosos Frente 54,,,38.544798,-9.009046,0,,0,,,0,,,0,0,0,0,0,0,0,0,0,0,0,,,PT170,1512
160591,0,160591,BREJOS (R VITORIOSOS 23A) VALE CHOUPO,,,38.54222,-9.008062,0,,0,,,0,,,0,0,0,0,0,0,0,0,0,0,0,,,PT170,1512
160593,0,160593,BREJOS (R PRAIA DA FIGUEIRINHA 32),,,38.541689,-9.004559,0,,0,,,0,,,0,0,0,0,0,0,0,0,0,0,0,,,PT170,1512
160594,0,160594,BREJOS (R PRAIA DA FIGUEIRINHA 32),,,38.541676,-9.004378,0,,0,,,0,,,0,0,0,0,0,0,0,0,0,0,0,,,PT170,1512
160595,0,160595,R DA MATOSA (CASAS DE AZEITÃO),,,38.537721,-9.001448,0,,0,,,0,,,0,0,0,0,0,0,0,0,0,0,0,,,PT170,1512
160596,0,160596,R DA MATOSA (CASAS DE AZEITÃO),,,38.5379,-9.001468,0,,0,,,0,,,0,0,0,0,0,0,0,0,0,0,0,,,PT170,1512
160597,0,160597,BREJOS (R DO ROSEIRAL 23) VALE CHOUPO,,,38.542089,-9.009121,0,,0,,,0,,,0,0,0,0,0,0,0,0,0,0,0,,,PT170,1512
160599,0,160599,BREJOS (R DO ROSEIRAL 23) VALE CHOUPO,,,38.545125,-9.010356,0,,0,,,0,,,0,0,0,0,0,0,0,0,0,0,0,,,PT170,1512
160601,0,160601,Estrada Nacional 379 (Frente Escola),,,38.525985,-8.997036,0,,0,,,0,,,0,0,0,0,0,0,0,0,0,0,0,,,PT170,1512
160604,0,160604,V F AZEITÃO (EN10) ALTO DAS NECESSIDADES (X) VND AZEITÃO,,,38.528082,-8.985553,0,,0,,,0,,,0,0,0,0,0,0,0,0,0,0,0,,,PT170,1512
160606,0,160606,Estrada Nacional 10 (X) Rua do Casal dos Altos,,,38.518629,-8.968071,0,,0,,,0,,,0,0,0,0,0,0,0,0,0,0,0,,,PT170,1512
160607,0,160607,S LUIS SRR (EN10KM369) HOSP SANT'IAGO,,,38.532412,-8.908928,0,,0,,,0,,,0,0,0,0,0,0,0,0,0,0,0,,,PT170,1512
160609,0,160609,ALTO GUERRA (ESCOLA),,,38.539582,-8.847404,0,,0,,,0,,,0,0,0,0,0,0,0,0,0,0,0,,,PT170,1512
160610,0,160610,ALTO GUERRA (ESCOLA),,,38.539543,-8.8472,0,,0,,,0,,,0,0,0,0,0,0,0,0,0,0,0,,,PT170,1512
160611,0,160611,QTA SOBREIRO,,,38.541634,-8.849188,0,,0,,,0,,,0,0,0,0,0,0,0,0,0,0,0,,,PT170,1512
160612,0,160612,QTA SOBREIRO,,,38.541735,-8.849114,0,,0,,,0,,,0,0,0,0,0,0,0,0,0,0,0,,,PT170,1512
160613,0,160613,QTA AMIZADE,,,38.543587,-8.852075,0,,0,,,0,,,0,0,0,0,0,0,0,0,0,0,0,,,PT170,1512
160615,0,160615,SETÚBAL (AV SOEIRO PEREIRA GOMES 58),,,38.525883,-8.861613,0,,0,,,0,,,0,0,0,0,0,0,0,0,0,0,0,,,PT170,1512
160617,0,160617,SETÚBAL (R ANDORINHAS),,,38.526099,-8.862709,0,,0,,,0,,,0,0,0,0,0,0,0,0,0,0,0,,,PT170,1512
160619,0,160619,SETÚBAL (R ANDORINHAS 40),,,38.526551,-8.864193,0,,0,,,0,,,0,0,0,0,0,0,0,0,0,0,0,,,PT170,1512
160621,0,160621,SETÚBAL (R EÇA QUEIROZ 10),,,38.527294,-8.866342,0,,0,,,0,,,0,0,0,0,0,0,0,0,0,0,0,,,PT170,1512
160623,0,160623,SETÚBAL (R EÇA QUEIROZ 43),,,38.52774,-8.869479,0,,0,,,0,,,0,0,0,0,0,0,0,0,0,0,0,,,PT170,1512
160624,0,160624,SETÚBAL (R EÇA QUEIROZ 43),,,38.527709,-8.869284,0,,0,,,0,,,0,0,0,0,0,0,0,0,0,0,0,,,PT170,1512
160625,0,160625,SETÚBAL (R JOÃO DEUS 107),,,38.527971,-8.871595,0,,0,,,0,,,0,0,0,0,0,0,0,0,0,0,0,,,PT170,1512
160626,0,160626,SETÚBAL (R JOÃO DEUS 107),,,38.527803,-8.871621,0,,0,,,0,,,0,0,0,0,0,0,0,0,0,0,0,,,PT170,1512
160627,0,160627,SETÚBAL (AV INFANTE D HENRIQUE11),,,38.526478,-8.875304,0,,0,,,0,,,0,0,0,0,0,0,0,0,0,0,0,,,PT170,1512
160628,0,160628,SETÚBAL (AV INFANTE D HENRIQUE11),,,38.526519,-8.875051,0,,0,,,0,,,0,0,0,0,0,0,0,0,0,0,0,,,PT170,1512
160629,0,160629,SETÚBAL (R TIMOR),,,38.534391,-8.896629,0,,0,,,0,,,0,0,0,0,0,0,0,0,0,0,0,,,PT170,1512
160631,0,160631,SETÚBAL (PCTA LANCHÔA),,,38.527138,-8.866481,0,,0,,,0,,,0,0,0,0,0,0,0,0,0,0,0,,,PT170,1512
160633,0,160633,SETÚBAL (R GAIVOTAS 23),,,38.52633,-8.865075,0,,0,,,0,,,0,0,0,0,0,0,0,0,0,0,0,,,PT170,1512
160635,0,160635,SETÚBAL (R GAIVOTAS 8),,,38.5254,-8.863504,0,,0,,,0,,,0,0,0,0,0,0,0,0,0,0,0,,,PT170,1512
160637,0,160637,SETÚBAL (R MELROS) X (R ANDORINHAS),,,38.526058,-8.862354,0,,0,,,0,,,0,0,0,0,0,0,0,0,0,0,0,,,PT170,1512
160639,0,160639,BISCAINHO (23),,,38.547542,-8.762411,0,,0,,,0,,,0,0,0,0,0,0,0,0,0,0,0,,,PT170,1512
160640,0,160640,BISCAINHO (23),,,38.547622,-8.762293,0,,0,,,0,,,0,0,0,0,0,0,0,0,0,0,0,,,PT170,1512
160641,0,160641,BISCAINHO (39),,,38.550505,-8.761589,0,,0,,,0,,,0,0,0,0,0,0,0,0,0,0,0,,,PT170,1512
160642,0,160642,BISCAINHO (39),,,38.550216,-8.761645,0,,0,,,0,,,0,0,0,0,0,0,0,0,0,0,0,,,PT170,1512
160643,0,160643,GÂMBIA (R LIBERDADE) MONTE GÂMBIA,,,38.55297,-8.761494,0,,0,,,0,,,0,0,0,0,0,0,0,0,0,0,0,,,PT170,1512
160644,0,160644,GÂMBIA (R LIBERDADE) MONTE GÂMBIA,,,38.553053,-8.761424,0,,0,,,0,,,0,0,0,0,0,0,0,0,0,0,0,,,PT170,1512
160645,0,160645,GÂMBIA (R LIBERDADE) Bº INDIOS,,,38.554745,-8.764455,0,,0,,,0,,,0,0,0,0,0,0,0,0,0,0,0,,,PT170,1512
160646,0,160646,GÂMBIA (R LIBERDADE) Bº INDIOS,,,38.554811,-8.764409,0,,0,,,0,,,0,0,0,0,0,0,0,0,0,0,0,,,PT170,1512
160647,0,160647,GÂMBIA (R LIBERDADE) X R 9 OUTUBRO,,,38.555747,-8.766866,0,,0,,,0,,,0,0,0,0,0,0,0,0,0,0,0,,,PT170,1512
160648,0,160648,GÂMBIA (R LIBERDADE) X R 9 OUTUBRO,,,38.555829,-8.76687,0,,0,,,0,,,0,0,0,0,0,0,0,0,0,0,0,,,PT170,1512
160649,0,160649,GÂMBIA (R LIBERDADE) X VALE JUDEUS,,,38.556835,-8.771127,0,,0,,,0,,,0,0,0,0,0,0,0,0,0,0,0,,,PT170,1512
160650,0,160650,GÂMBIA (R LIBERDADE) X VALE JUDEUS,,,38.557037,-8.77138,0,,0,,,0,,,0,0,0,0,0,0,0,0,0,0,0,,,PT170,1512
160651,0,160651,GÂMBIA (ESTR PRINCIPAL) PARQ CAMPISMO,,,38.560503,-8.775809,0,,0,,,0,,,0,0,0,0,0,0,0,0,0,0,0,,,PT170,1512
160652,0,160652,GÂMBIA (ESTR PRINCIPAL) PARQ CAMPISMO,,,38.560436,-8.775801,0,,0,,,0,,,0,0,0,0,0,0,0,0,0,0,0,,,PT170,1512
160653,0,160653,EN 10 (PONTES) IMA,,,38.552415,-8.807903,0,,0,,,0,,,0,0,0,0,0,0,0,0,0,0,0,,,PT170,1512
160654,0,160654,EN 10 (PONTES) IMA,,,38.552467,-8.80755,0,,0,,,0,,,0,0,0,0,0,0,0,0,0,0,0,,,PT170,1512
160655,0,160655,EN 10 (PONTES) FLÔR PONTES,,,38.54941,-8.812239,0,,0,,,0,,,0,0,0,0,0,0,0,0,0,0,0,,,PT170,1512
160656,0,160656,EN 10 (PONTES) FLÔR PONTES,,,38.549377,-8.811955,0,,0,,,0,,,0,0,0,0,0,0,0,0,0,0,0,,,PT170,1512
160657,0,160657,COTOVIA ( 231 SEMÁFOROS),,,38.546184,-8.817767,0,,0,,,0,,,0,0,0,0,0,0,0,0,0,0,0,,,PT170,1512
160658,0,160658,COTOVIA ( 231 SEMÁFOROS),,,38.546001,-8.817846,0,,0,,,0,,,0,0,0,0,0,0,0,0,0,0,0,,,PT170,1512
160659,0,160659,EN 10 ( SADO INTERNACIONAL),,,38.544077,-8.827237,0,,0,,,0,,,0,0,0,0,0,0,0,0,0,0,0,,,PT170,1512
160660,0,160660,EN 10 ( SADO INTERNACIONAL),,,38.544308,-8.827496,0,,0,,,0,,,0,0,0,0,0,0,0,0,0,0,0,,,PT170,1512
160661,0,160661,EN 10 ( QTA JB) ANTES SADO INTERNACIONAL,,,38.54384,-8.830946,0,,0,,,0,,,0,0,0,0,0,0,0,0,0,0,0,,,PT170,1512
160662,0,160662,EN 10 ( QTA JB) ANTES SADO INTERNACIONAL,,,38.543771,-8.830771,0,,0,,,0,,,0,0,0,0,0,0,0,0,0,0,0,,,PT170,1512
160669,0,160669,EM536-1 210 (PQ VALE ROSA),,,38.531715,-8.82808,0,,0,,,0,,,0,0,0,0,0,0,0,0,0,0,0,,,PT170,1512
160670,0,160670,EM536-1 210 (PQ VALE ROSA),,,38.531891,-8.827891,0,,0,,,0,,,0,0,0,0,0,0,0,0,0,0,0,,,PT170,1512
160671,0,160671,EM536-1 208,,,38.530843,-8.828211,0,,0,,,0,,,0,0,0,0,0,0,0,0,0,0,0,,,PT170,1512
160672,0,160672,EM536-1 208,,,38.531044,-8.828059,0,,0,,,0,,,0,0,0,0,0,0,0,0,0,0,0,,,PT170,1512
160673,0,160673,ESTR VALE ROSA (CURVAS X),,,38.523842,-8.829384,0,,0,,,0,,,0,0,0,0,0,0,0,0,0,0,0,,,PT170,1512
160674,0,160674,ESTR VALE ROSA (CURVAS X),,,38.523835,-8.82924,0,,0,,,0,,,0,0,0,0,0,0,0,0,0,0,0,,,PT170,1512
160675,0,160675,PRAIAS SADO (R PRINCIPAL 23),,,38.519268,-8.826075,0,,0,,,0,,,0,0,0,0,0,0,0,0,0,0,0,,,PT170,1512
160676,0,160676,PRAIAS SADO (R PRINCIPAL 23),,,38.5193,-8.825894,0,,0,,,0,,,0,0,0,0,0,0,0,0,0,0,0,,,PT170,1512
160677,0,160677,ESTR STO OVÍDIO X MOURISCAS,,,38.520328,-8.825066,0,,0,,,0,,,0,0,0,0,0,0,0,0,0,0,0,,,PT170,1512
160678,0,160678,ESTR STO OVÍDIO X MOURISCAS,,,38.520276,-8.824925,0,,0,,,0,,,0,0,0,0,0,0,0,0,0,0,0,,,PT170,1512
160679,0,160679,ESTR STO OVÍDIO X MOURISCAS,,,38.522817,-8.814877,0,,0,,,0,,,0,0,0,0,0,0,0,0,0,0,0,,,PT170,1512
160681,0,160681,ESTR MOURISCA (210),,,38.524178,-8.813319,0,,0,,,0,,,0,0,0,0,0,0,0,0,0,0,0,,,PT170,1512
160683,0,160683,FARALHÃO Bº COOPERATIVA,,,38.526311,-8.811772,0,,0,,,0,,,0,0,0,0,0,0,0,0,0,0,0,,,PT170,1512
160684,0,160684,FARALHÃO Bº COOPERATIVA,,,38.526373,-8.811756,0,,0,,,0,,,0,0,0,0,0,0,0,0,0,0,0,,,PT170,1512
160685,0,160685,FARALHÃO Bº COOP (AV PRINCIPAL 103),,,38.524842,-8.814363,0,,0,,,0,,,0,0,0,0,0,0,0,0,0,0,0,,,PT170,1512
160687,0,160687,FARALHÃO Bº COOP(R FRUTO NOSSO TRABALHO),,,38.522973,-8.815735,0,,0,,,0,,,0,0,0,0,0,0,0,0,0,0,0,,,PT170,1512
160690,0,160690,SETÚBAL (MONTE BELO NORTE) TERMINAL,,,38.536136,-8.869552,0,,0,,,0,,,0,0,0,0,0,0,0,0,0,0,0,,,PT170,1512
160691,0,160691,PRAIAS SADO (RUA PRINCIPAL 23),,,38.518292,-8.825721,0,,0,,,0,,,0,0,0,0,0,0,0,0,0,0,0,,,PT170,1512
160692,0,160692,PRAIAS SADO (RUA PRINCIPAL 23),,,38.518371,-8.825651,0,,0,,,0,,,0,0,0,0,0,0,0,0,0,0,0,,,PT170,1512
160693,0,160693,PRAIAS SADO (RUA PRINCIPAL 86),,,38.51619,-8.826262,0,,0,,,0,,,0,0,0,0,0,0,0,0,0,0,0,,,PT170,1512
160694,0,160694,PRAIAS SADO (RUA PRINCIPAL 86),,,38.516103,-8.826231,0,,0,,,0,,,0,0,0,0,0,0,0,0,0,0,0,,,PT170,1512
160695,0,160695,PRAIAS SADO (RUA PRINCIPAL 131),,,38.515418,-8.829665,0,,0,,,0,,,0,0,0,0,0,0,0,0,0,0,0,,,PT170,1512
160696,0,160696,PRAIAS SADO (RUA PRINCIPAL 131),,,38.515297,-8.829756,0,,0,,,0,,,0,0,0,0,0,0,0,0,0,0,0,,,PT170,1512
160697,0,160697,PRAIAS SADO (RUA PRINCIPAL 213),,,38.515421,-8.833138,0,,0,,,0,,,0,0,0,0,0,0,0,0,0,0,0,,,PT170,1512
160698,0,160698,PRAIAS SADO (RUA PRINCIPAL 213),,,38.515495,-8.833126,0,,0,,,0,,,0,0,0,0,0,0,0,0,0,0,0,,,PT170,1512
160699,0,160699,PRAIAS SADO (RUA PRINCIPAL 240),,,38.516267,-8.836305,0,,0,,,0,,,0,0,0,0,0,0,0,0,0,0,0,,,PT170,1512
160700,0,160700,PRAIAS SADO (RUA PRINCIPAL 240),,,38.516328,-8.836254,0,,0,,,0,,,0,0,0,0,0,0,0,0,0,0,0,,,PT170,1512
160701,0,160701,PRAIAS SADO (R PRINCIPAL) ANTES CURVA,,,38.516767,-8.83795,0,,0,,,0,,,0,0,0,0,0,0,0,0,0,0,0,,,PT170,1512
160702,0,160702,PRAIAS SADO (R PRINCIPAL) ANTES CURVA,,,38.516929,-8.838025,0,,0,,,0,,,0,0,0,0,0,0,0,0,0,0,0,,,PT170,1512
160703,0,160703,PRAIAS SADO (R PRINCIPAL 33),,,38.512895,-8.843892,0,,0,,,0,,,0,0,0,0,0,0,0,0,0,0,0,,,PT170,1512
160704,0,160704,PRAIAS SADO (R PRINCIPAL 33),,,38.512804,-8.8438,0,,0,,,0,,,0,0,0,0,0,0,0,0,0,0,0,,,PT170,1512
160705,0,160705,PRAIAS SADO (R PRINCIPAL)CENTRAL EDP,,,38.50869,-8.849202,0,,0,,,0,,,0,0,0,0,0,0,0,0,0,0,0,,,PT170,1512
160706,0,160706,PRAIAS SADO (R PRINCIPAL)CENTRAL EDP,,,38.508694,-8.848992,0,,0,,,0,,,0,0,0,0,0,0,0,0,0,0,0,,,PT170,1512
160707,0,160707,ESTR GRAÇA (Bº VILA MARIA),,,38.51516,-8.866119,0,,0,,,0,,,0,0,0,0,0,0,0,0,0,0,0,,,PT170,1512
160708,0,160708,ESTR GRAÇA (Bº VILA MARIA),,,38.515273,-8.866137,0,,0,,,0,,,0,0,0,0,0,0,0,0,0,0,0,,,PT170,1512
160709,0,160709,ESTR GRAÇA ( ARMAZENS),,,38.516816,-8.870029,0,,0,,,0,,,0,0,0,0,0,0,0,0,0,0,0,,,PT170,1512
160710,0,160710,ESTR GRAÇA ( ARMAZENS),,,38.516871,-8.869979,0,,0,,,0,,,0,0,0,0,0,0,0,0,0,0,0,,,PT170,1512
160711,0,160711,ESTR GRAÇA (QTA PARVOÍCE),,,38.518259,-8.874092,0,,0,,,0,,,0,0,0,0,0,0,0,0,0,0,0,,,PT170,1512
160712,0,160712,ESTR GRAÇA (QTA PARVOÍCE),,,38.518348,-8.874037,0,,0,,,0,,,0,0,0,0,0,0,0,0,0,0,0,,,PT170,1512
160713,0,160713,PRAIAS SADO ESTAÇÃO (RUA TOMÁS RIBEIRO),,,38.518465,-8.836121,0,,0,,,0,,,0,0,0,0,0,0,0,0,0,0,0,,,PT170,1512
160714,0,160714,PRAIAS SADO ESTAÇÃO (RUA TOMÁS RIBEIRO),,,38.518424,-8.836017,0,,0,,,0,,,0,0,0,0,0,0,0,0,0,0,0,,,PT170,1512
160715,0,160715,Rua Ferreira de Castro 19,,,38.517351,-8.832769,0,,0,,,0,,,0,0,0,0,0,0,0,0,0,0,0,,,PT170,1512
160716,0,160716,Rua Ferreira de Castro (X) Rua do Mar,,,38.51748,-8.832886,0,,0,,,0,,,0,0,0,0,0,0,0,0,0,0,0,,,PT170,1512
160717,0,160717,Rua Carmelindo Elias,,,38.516872,-8.829234,0,,0,,,0,,,0,0,0,0,0,0,0,0,0,0,0,,,PT170,1512
160718,0,160718,Rua Carmelindo Elias (X) Rua da Torralta,,,38.516935,-8.829076,0,,0,,,0,,,0,0,0,0,0,0,0,0,0,0,0,,,PT170,1512
160719,0,160719,Rua Carmelindo Elias Frente 23,,,38.517625,-8.826825,0,,0,,,0,,,0,0,0,0,0,0,0,0,0,0,0,,,PT170,1512
160720,0,160720,Rua Carmelindo Elias 23,,,38.517695,-8.826626,0,,0,,,0,,,0,0,0,0,0,0,0,0,0,0,0,,,PT170,1512
160721,0,160721,R 28 DE MARÇO,,,38.544422,-8.818892,0,,0,,,0,,,0,0,0,0,0,0,0,0,0,0,0,,,PT170,1512
160723,0,160723,ESTR VL ROSA-MOUR (URB NV)XQTA FRAGOSO,,,38.537064,-8.824851,0,,0,,,0,,,0,0,0,0,0,0,0,0,0,0,0,,,PT170,1512
160724,0,160724,ESTR VL ROSA-MOUR (URB NV)XQTA FRAGOSO,,,38.536764,-8.823201,0,,0,,,0,,,0,0,0,0,0,0,0,0,0,0,0,,,PT170,1512
160725,0,160725,RUA VALE DE CHAVES,,,38.521326,-8.836984,0,,0,,,0,,,0,0,0,0,0,0,0,0,0,0,0,,,PT170,1512
160727,0,160727,R 28 DE MARÇO2,,,38.544438,-8.818761,0,,0,,,0,,,0,0,0,0,0,0,0,0,0,0,0,,,PT170,1512
160729,0,160729,ESTR MITRENA (ROULOTES),,,38.495181,-8.801777,0,,0,,,0,,,0,0,0,0,0,0,0,0,0,0,0,,,PT170,1512
160731,0,160731,PORTUCEL (FÁBRICA NOVA),,,38.496872,-8.802499,0,,0,,,0,,,0,0,0,0,0,0,0,0,0,0,0,,,PT170,1512
160732,0,160732,PORTUCEL (FÁBRICA NOVA),,,38.496891,-8.802386,0,,0,,,0,,,0,0,0,0,0,0,0,0,0,0,0,,,PT170,1512
160733,0,160733,ESTR MITRENA X PARQUE INDUSTRIAL,,,38.491986,-8.800833,0,,0,,,0,,,0,0,0,0,0,0,0,0,0,0,0,,,PT170,1512
160735,0,160735,PARQUE SAPEC BAY 126-127 ( CNE),,,38.495227,-8.828339,0,,0,,,0,,,0,0,0,0,0,0,0,0,0,0,0,,,PT170,1512
160736,0,160736,PARQUE SAPEC BAY 126-127 ( CNE),,,38.495044,-8.828171,0,,0,,,0,,,0,0,0,0,0,0,0,0,0,0,0,,,PT170,1512
160737,0,160737,Avenida do Rio Douro,,,38.498143,-8.829346,0,,0,,,0,,,0,0,0,0,0,0,0,0,0,0,0,,,PT170,1512
160738,0,160738,PARQUE SAPEC BAY 116-117,,,38.498263,-8.829158,0,,0,,,0,,,0,0,0,0,0,0,0,0,0,0,0,,,PT170,1512
160739,0,160739,ESTR MITRENA ( MATADOURO),,,38.50708,-8.848468,0,,0,,,0,,,0,0,0,0,0,0,0,0,0,0,0,,,PT170,1512
160740,0,160740,Avenida Baía de Setúbal (Mitrena),,,38.507332,-8.848562,0,,0,,,0,,,0,0,0,0,0,0,0,0,0,0,0,,,PT170,1512
160741,0,160741,ESTR MITRENA (FÁBRICA MAURI) CACHOFARRA,,,38.512952,-8.859932,0,,0,,,0,,,0,0,0,0,0,0,0,0,0,0,0,,,PT170,1512
160742,0,160742,ESTR MITRENA (FÁBRICA MAURI) CACHOFARRA,,,38.51307,-8.859842,0,,0,,,0,,,0,0,0,0,0,0,0,0,0,0,0,,,PT170,1512
160743,0,160743,EN 10-4 (KM 12000) PORTO SETÚBAL,,,38.518411,-8.875607,0,,0,,,0,,,0,0,0,0,0,0,0,0,0,0,0,,,PT170,1512
160744,0,160744,EN 10-4 (KM 12000) PORTO SETÚBAL,,,38.518521,-8.875611,0,,0,,,0,,,0,0,0,0,0,0,0,0,0,0,0,,,PT170,1512
160745,0,160745,SETÚBAL (CAIS FERRY BOAT),,,38.521758,-8.884568,0,,0,,,0,,,0,0,0,0,0,0,0,0,0,0,0,,,PT170,1512
160746,0,160746,SETÚBAL (CAIS FERRY BOAT),,,38.521979,-8.884587,0,,0,,,0,,,0,0,0,0,0,0,0,0,0,0,0,,,PT170,1512
160747,0,160747,Praça da República,,,38.519166,-9.013104,0,,0,,,0,,,0,0,0,0,0,0,0,0,0,0,0,,,PT170,1512
160749,0,160749,VN AZEITÃO (R JOSÉ A COELHO 150),,,38.516733,-9.018459,0,,0,,,0,,,0,0,0,0,0,0,0,0,0,0,0,,,PT170,1512
160751,0,160751,ALDEIA RICA,,,38.515034,-9.020277,0,,0,,,0,,,0,0,0,0,0,0,0,0,0,0,0,,,PT170,1512
160752,0,160752,ALDEIA RICA,,,38.515034,-9.020144,0,,0,,,0,,,0,0,0,0,0,0,0,0,0,0,0,,,PT170,1512
160753,0,160753,OLEIROS AZEITÃO,,,38.512672,-9.023167,0,,0,,,0,,,0,0,0,0,0,0,0,0,0,0,0,,,PT170,1512
160754,0,160754,OLEIROS AZEITÃO,,,38.512673,-9.022752,0,,0,,,0,,,0,0,0,0,0,0,0,0,0,0,0,,,PT170,1512
160755,0,160755,ALDEIA IRMÃOS (PARAGEM ZONA),,,38.510399,-9.0297,0,,0,,,0,,,0,0,0,0,0,0,0,0,0,0,0,,,PT170,1512
160756,0,160756,ALDEIA IRMÃOS (PARAGEM ZONA),,,38.510529,-9.029188,0,,0,,,0,,,0,0,0,0,0,0,0,0,0,0,0,,,PT170,1512
160757,0,160757,Rua de Lisboa 255,,,38.53578,-9.02399,0,,0,,,0,,,0,0,0,0,0,0,0,0,0,0,0,,,PT170,1512
160758,0,160758,Rua de Lisboa Frente 263,,,38.53616,-9.02399,0,,0,,,0,,,0,0,0,0,0,0,0,0,0,0,0,,,PT170,1512
160759,0,160759,B AZEITÃO (R S GONÇALO)L NOVA(PARAGEMZN),,,38.542051,-9.020892,0,,0,,,0,,,0,0,0,0,0,0,0,0,0,0,0,,,PT170,1512
160760,0,160760,B AZEITÃO (R S GONÇALO)L NOVA(PARAGEMZN),,,38.542056,-9.020752,0,,0,,,0,,,0,0,0,0,0,0,0,0,0,0,0,,,PT170,1512
160761,0,160761,BREJOS AZEITÃO (R S GONÇALO 142),,,38.546557,-9.005592,0,,0,,,0,,,0,0,0,0,0,0,0,0,0,0,0,,,PT170,1512
160762,0,160762,BREJOS AZEITÃO (R S GONÇALO 142),,,38.546441,-9.005839,0,,0,,,0,,,0,0,0,0,0,0,0,0,0,0,0,,,PT170,1512
160763,0,160763,BREJOS AZEITÃO (R S GONÇALO 91),,,38.547795,-8.998992,0,,0,,,0,,,0,0,0,0,0,0,0,0,0,0,0,,,PT170,1512
160764,0,160764,BREJOS AZEITÃO (R S GONÇALO 91),,,38.547686,-8.998932,0,,0,,,0,,,0,0,0,0,0,0,0,0,0,0,0,,,PT170,1512
160765,0,160765,BREJOS AZEITÃO (R S GONÇALO 65),,,38.55063,-8.994827,0,,0,,,0,,,0,0,0,0,0,0,0,0,0,0,0,,,PT170,1512
160766,0,160766,BREJOS AZEITÃO (R S GONÇALO 65),,,38.550697,-8.994554,0,,0,,,0,,,0,0,0,0,0,0,0,0,0,0,0,,,PT170,1512
160767,0,160767,BJ AZEITÃO (R S GONÇALO X ESTR VL AMÉLIA),,,38.555187,-8.985965,0,,0,,,0,,,0,0,0,0,0,0,0,0,0,0,0,,,PT170,1508
160768,0,160768,BJ AZEITÃO (R S GONÇALO X ESTR VL AMÉLIA),,,38.555136,-8.986098,0,,0,,,0,,,0,0,0,0,0,0,0,0,0,0,0,,,PT170,1512
160769,0,160769,CASAL NOVO (EN 379),,,38.547509,-8.983285,0,,0,,,0,,,0,0,0,0,0,0,0,0,0,0,0,,,PT170,1512
160770,0,160770,CASAL NOVO (EN 379),,,38.546973,-8.983228,0,,0,,,0,,,0,0,0,0,0,0,0,0,0,0,0,,,PT170,1512
160771,0,160771,PINHEIROS AZEITÃO X,,,38.537044,-8.987415,0,,0,,,0,,,0,0,0,0,0,0,0,0,0,0,0,,,PT170,1512
160772,0,160772,PINHEIROS AZEITÃO X,,,38.537113,-8.98716,0,,0,,,0,,,0,0,0,0,0,0,0,0,0,0,0,,,PT170,1512
160773,0,160773,Rua 25 de Abril 60,,,38.53227,-8.989222,0,,0,,,0,,,0,0,0,0,0,0,0,0,0,0,0,,,PT170,1512
160774,0,160774,Rua 25 de Abril Frente 46,,,38.532728,-8.98891,0,,0,,,0,,,0,0,0,0,0,0,0,0,0,0,0,,,PT170,1512
160775,0,160775,Escola Básica de Vendas de Azeitão,,,38.529842,-8.991789,0,,0,,,0,,,0,0,0,0,0,0,0,0,0,0,0,,,PT170,1512
160776,0,160776,Frente Escola Básica de Vendas de Azeitão,,,38.529761,-8.991625,0,,0,,,0,,,0,0,0,0,0,0,0,0,0,0,0,,,PT170,1512
160778,0,160778,Estrada Nacional 10 (Frente Quinta da Bassaqueira),,,38.521355,-9.008049,0,,0,,,0,,,0,0,0,0,0,0,0,0,0,0,0,,,PT170,1512
160779,0,160779,Escola Básica Vila Fresca de Azeitão,,,38.525361,-8.997738,0,,0,,,0,,,0,0,0,0,0,0,0,0,0,0,0,,,PT170,1512
160781,0,160781,Rua de Lisboa 349,,,38.538778,-9.025732,0,,0,,,0,,,0,0,0,0,0,0,0,0,0,0,0,,,PT170,1512
160783,0,160783,Rua de Lisboa (Skatepark),,,38.529793,-9.020494,0,,0,,,0,,,0,0,0,0,0,0,0,0,0,0,0,,,PT170,1512
160785,0,160785,Rua de Lisboa (Parque Urbano),,,38.525486,-9.017994,0,,0,,,0,,,0,0,0,0,0,0,0,0,0,0,0,,,PT170,1512
160786,0,160786,Rua de Lisboa (Frente Parque Urbano),,,38.525946,-9.018058,0,,0,,,0,,,0,0,0,0,0,0,0,0,0,0,0,,,PT170,1512
160787,0,160787,Estrada Nacional 10 (Parque da Bacalhôa),,,38.52218,-9.016119,0,,0,,,0,,,0,0,0,0,0,0,0,0,0,0,0,,,PT170,1512
160788,0,160788,VN AZEITÃO (EN10) X R DR F G OLIVEIRA,,,38.522736,-9.016201,0,,0,,,0,,,0,0,0,0,0,0,0,0,0,0,0,,,PT170,1512
160789,0,160789,VN AZEITÃO (R JOSÉ A COELHO) PASMADOS,,,38.518656,-9.014969,0,,0,,,0,,,0,0,0,0,0,0,0,0,0,0,0,,,PT170,1512
160791,0,160791,BREJOS AZEITÃO (R JOSÉ AFONSO 4),,,38.545816,-9.025284,0,,0,,,0,,,0,0,0,0,0,0,0,0,0,0,0,,,PT170,1512
160792,0,160792,BREJOS AZEITÃO (R JOSÉ AFONSO 4),,,38.545728,-9.02523,0,,0,,,0,,,0,0,0,0,0,0,0,0,0,0,0,,,PT170,1512
160793,0,160793,Rua de Lisboa (Frente Parque do Morango),,,38.543394,-9.028416,0,,0,,,0,,,0,0,0,0,0,0,0,0,0,0,0,,,PT170,1512
160795,0,160795,ALAMBRE,,,38.489093,-9.028994,0,,0,,,0,,,0,0,0,0,0,0,0,0,0,0,0,,,PT170,1512
160796,0,160796,ALAMBRE,,,38.48907,-9.028922,0,,0,,,0,,,0,0,0,0,0,0,0,0,0,0,0,,,PT170,1512
160797,0,160797,CASAIS DA SERRA,,,38.478248,-9.030047,0,,0,,,0,,,0,0,0,0,0,0,0,0,0,0,0,,,PT170,1512
160798,0,160798,CASAIS DA SERRA,,,38.478047,-9.029943,0,,0,,,0,,,0,0,0,0,0,0,0,0,0,0,0,,,PT170,1512
160799,0,160799,X ARRÁBIDA,,,38.471055,-8.99127,0,,0,,,0,,,0,0,0,0,0,0,0,0,0,0,0,,,PT170,1512
160800,0,160800,X ARRÁBIDA,,,38.470531,-8.991634,0,,0,,,0,,,0,0,0,0,0,0,0,0,0,0,0,,,PT170,1512
160802,0,160802,Praia do Creiro (Parque de Estacionamento),,,38.484388,-8.973351,0,,0,,,0,,,0,0,0,0,0,0,0,0,0,0,0,,,PT170,1512
160803,0,160803,BREJOS AZEITÃO (EN10 KM24 500) P COMB,,,38.53113,-9.021038,0,,0,,,0,,,0,0,0,0,0,0,0,0,0,0,0,,,PT170,1512
160805,0,160805,Rua de Lisboa (Cartório Notarial),,,38.540128,-9.026268,0,,0,,,0,,,0,0,0,0,0,0,0,0,0,0,0,,,PT170,1512
160807,0,160807,Rua de Lisboa (Parque do Morango),,,38.544323,-9.028747,0,,0,,,0,,,0,0,0,0,0,0,0,0,0,0,0,,,PT170,1512
160809,0,160809,PRAIA ALBARQUEL,,,38.511402,-8.914371,0,,0,,,0,,,0,0,0,0,0,0,0,0,0,0,0,,,PT170,1512
160817,0,160817,Praia de Galapinhos,,,38.484722,-8.968444,0,,0,,,0,,,0,0,0,0,0,0,0,0,0,0,0,,,PT170,1512
160818,0,160818,Frente Praia de Galapinhos,,,38.484818,-8.968439,0,,0,,,0,,,0,0,0,0,0,0,0,0,0,0,0,,,PT170,1512
160819,0,160819,PRAIA DA FIGUEIRINHA,,,38.484694,-8.945276,0,,0,,,0,,,0,0,0,0,0,0,0,0,0,0,0,,,PT170,1512
160825,0,160825,SETÚBAL (SABOARIA),,,38.519917,-8.902961,0,,0,,,0,,,0,0,0,0,0,0,0,0,0,0,0,,,PT170,1512
160826,0,160826,SETÚBAL (SABOARIA),,,38.519658,-8.903138,0,,0,,,0,,,0,0,0,0,0,0,0,0,0,0,0,,,PT170,1512
160831,0,160831,SETÚBAL (AV ANTERO QUENTAL-ESTR C COMERC),,,38.537118,-8.878854,0,,0,,,0,,,0,0,0,0,0,0,0,0,0,0,0,,,PT170,1512
160841,0,160841,SETÚBAL (N252 X ESTR DE MIRAVENTOS),,,38.551206,-8.885896,0,,0,,,0,,,0,0,0,0,0,0,0,0,0,0,0,,,PT170,1512
160843,0,160843,EN 10 (ESTAÇÃO CP ÁGUAS MOURA),,,38.573903,-8.747848,0,,0,,,0,,,0,0,0,0,0,0,0,0,0,0,0,,,PT170,1512
160845,0,160845,Estrada Nacional 10 (km 53),,,38.571351,-8.752367,0,,0,,,0,,,0,0,0,0,0,0,0,0,0,0,0,,,PT170,1512
160847,0,160847,EN 10 JUNTO A X R PRIMEIRO DE MAIO,,,38.568446,-8.76392,0,,0,,,0,,,0,0,0,0,0,0,0,0,0,0,0,,,PT170,1512
160849,0,160849,EN 10 () X GÂMBIA C- Bº BONITA,,,38.555066,-8.802739,0,,0,,,0,,,0,0,0,0,0,0,0,0,0,0,0,,,PT170,1512
160851,0,160851,Avenida Álvaro Cunhal (Zona Comercial),,,38.535119,-8.864505,0,,0,,,0,,,0,0,0,0,0,0,0,0,0,0,0,,,PT170,1512
160853,0,160853,EN 10 ( SUBESTAÇÃO EDP),,,38.535529,-8.861864,0,,0,,,0,,,0,0,0,0,0,0,0,0,0,0,0,,,PT170,1512
160857,0,160857,GÂMBIA (ESTR PRINCIPAL 45),,,38.561418,-8.77292,0,,0,,,0,,,0,0,0,0,0,0,0,0,0,0,0,,,PT170,1512
160858,0,160858,GÂMBIA (ESTR PRINCIPAL 45),,,38.5614,-8.77274,0,,0,,,0,,,0,0,0,0,0,0,0,0,0,0,0,,,PT170,1512
160859,0,160859,ESTR ALGERUZ X ESTR CASA GAIATO,,,38.558469,-8.838107,0,,0,,,0,,,0,0,0,0,0,0,0,0,0,0,0,,,PT170,1512
160861,0,160861,ESTR ALGERUZ (PADEIRAS) X,,,38.555744,-8.840551,0,,0,,,0,,,0,0,0,0,0,0,0,0,0,0,0,,,PT170,1512
160863,0,160863,Estrada de Algeruz,,,38.552815,-8.844215,0,,0,,,0,,,0,0,0,0,0,0,0,0,0,0,0,,,PT170,1512
160864,0,160864,ESTR ALGERUZ (FAZENDA PADEIRAS),,,38.552683,-8.844256,0,,0,,,0,,,0,0,0,0,0,0,0,0,0,0,0,,,PT170,1512
160865,0,160865,R QUINTA SERRALHEIRA 341,,,38.546452,-8.843507,0,,0,,,0,,,0,0,0,0,0,0,0,0,0,0,0,,,PT170,1512
160866,0,160866,R QUINTA SERRALHEIRA 341,,,38.546683,-8.843505,0,,0,,,0,,,0,0,0,0,0,0,0,0,0,0,0,,,PT170,1512
160867,0,160867,R QUINTA SERRALHEIRA 234,,,38.544731,-8.843378,0,,0,,,0,,,0,0,0,0,0,0,0,0,0,0,0,,,PT170,1512
160868,0,160868,R QUINTA SERRALHEIRA 234,,,38.544737,-8.8432,0,,0,,,0,,,0,0,0,0,0,0,0,0,0,0,0,,,PT170,1512
160869,0,160869,R QUINTA SERRALHEIRA XR VALE ANA GOMES,,,38.543068,-8.848013,0,,0,,,0,,,0,0,0,0,0,0,0,0,0,0,0,,,PT170,1512
160870,0,160870,R QUINTA SERRALHEIRA XR VALE ANA GOMES,,,38.543017,-8.847878,0,,0,,,0,,,0,0,0,0,0,0,0,0,0,0,0,,,PT170,1512
160871,0,160871,R MANUEL GONÇ BRANCOXR QTA SERRALHEIRA,,,38.542425,-8.84978,0,,0,,,0,,,0,0,0,0,0,0,0,0,0,0,0,,,PT170,1512
160872,0,160872,R MANUEL GONÇ BRANCOXR QTA SERRALHEIRA,,,38.542637,-8.849791,0,,0,,,0,,,0,0,0,0,0,0,0,0,0,0,0,,,PT170,1512
160873,0,160873,R DOS DAMASQUEIROS 7,,,38.54081,-8.856377,0,,0,,,0,,,0,0,0,0,0,0,0,0,0,0,0,,,PT170,1512
160879,0,160879,CEMITÉRIO ALGERUZ,,,38.545941,-8.865133,0,,0,,,0,,,0,0,0,0,0,0,0,0,0,0,0,,,PT170,1512
160881,0,160881,ESTRADA DE POÇOILOS,,,38.553921,-8.866038,0,,0,,,0,,,0,0,0,0,0,0,0,0,0,0,0,,,PT170,1512
160885,0,160885,COTOVIA (R MONTINHO COTOVIA) FARMÁCIA,,,38.546498,-8.815788,0,,0,,,0,,,0,0,0,0,0,0,0,0,0,0,0,,,PT170,1512
160886,0,160886,COTOVIA (R MONTINHO COTOVIA) FARMÁCIA,,,38.546578,-8.815767,0,,0,,,0,,,0,0,0,0,0,0,0,0,0,0,0,,,PT170,1512
160887,0,160887,COTOVIA (QTA ESPERANÇA),,,38.542915,-8.811304,0,,0,,,0,,,0,0,0,0,0,0,0,0,0,0,0,,,PT170,1512
160888,0,160888,COTOVIA (QTA ESPERANÇA),,,38.542908,-8.811184,0,,0,,,0,,,0,0,0,0,0,0,0,0,0,0,0,,,PT170,1512
160897,0,160897,Estrada Nacional 10 (Quinta da Bassaqueira),,,38.521302,-9.008473,0,,0,,,0,,,0,0,0,0,0,0,0,0,0,0,0,,,PT170,1512
160899,0,160899,BREJOS AZEITÃO (R PADARIA 52),,,38.546405,-9.013366,0,,0,,,0,,,0,0,0,0,0,0,0,0,0,0,0,,,PT170,1512
160900,0,160900,BREJOS AZEITÃO (R PADARIA 52),,,38.546428,-9.013274,0,,0,,,0,,,0,0,0,0,0,0,0,0,0,0,0,,,PT170,1512
160901,0,160901,BREJOS AZEITÃO (R PADARIA 125),,,38.549252,-9.014119,0,,0,,,0,,,0,0,0,0,0,0,0,0,0,0,0,,,PT170,1512
160902,0,160902,BREJOS AZEITÃO (R PADARIA 125),,,38.549255,-9.014026,0,,0,,,0,,,0,0,0,0,0,0,0,0,0,0,0,,,PT170,1512
160903,0,160903,BREJOS AZEITÃO(R PADARIA)XR CAMPONESES,,,38.551539,-9.014521,0,,0,,,0,,,0,0,0,0,0,0,0,0,0,0,0,,,PT170,1512
160904,0,160904,BREJOS AZEITÃO(R PADARIA)XR CAMPONESES,,,38.551522,-9.014421,0,,0,,,0,,,0,0,0,0,0,0,0,0,0,0,0,,,PT170,1512
160905,0,160905,BREJOS AZEITÃO (R PADARIA 208),,,38.555409,-9.015124,0,,0,,,0,,,0,0,0,0,0,0,0,0,0,0,0,,,PT170,1512
160906,0,160906,BREJOS AZEITÃO (R PADARIA 208),,,38.555406,-9.015046,0,,0,,,0,,,0,0,0,0,0,0,0,0,0,0,0,,,PT170,1512
160907,0,160907,BREJOS AZEITÃO (R PARIS 17),,,38.557606,-9.016734,0,,0,,,0,,,0,0,0,0,0,0,0,0,0,0,0,,,PT170,1512
160908,0,160908,BREJOS AZEITÃO (R PARIS 17),,,38.557522,-9.016826,0,,0,,,0,,,0,0,0,0,0,0,0,0,0,0,0,,,PT170,1512
160909,0,160909,BREJOS AZEITÃO (R NOVA JARDIA 172),,,38.556537,-9.018486,0,,0,,,0,,,0,0,0,0,0,0,0,0,0,0,0,,,PT170,1512
160910,0,160910,BREJOS AZEITÃO (R NOVA JARDIA 172),,,38.55654,-9.018393,0,,0,,,0,,,0,0,0,0,0,0,0,0,0,0,0,,,PT170,1512
160911,0,160911,BREJOS AZEITÃO (R NOVA JARDIA 95),,,38.553833,-9.017846,0,,0,,,0,,,0,0,0,0,0,0,0,0,0,0,0,,,PT170,1512
160912,0,160912,BREJOS AZEITÃO (R NOVA JARDIA 95),,,38.553837,-9.017744,0,,0,,,0,,,0,0,0,0,0,0,0,0,0,0,0,,,PT170,1512
160913,0,160913,BREJOS AZEITÃO (R NOVA JARDIA 74),,,38.550201,-9.01734,0,,0,,,0,,,0,0,0,0,0,0,0,0,0,0,0,,,PT170,1512
160914,0,160914,BREJOS AZEITÃO (R NOVA JARDIA 74),,,38.550209,-9.017249,0,,0,,,0,,,0,0,0,0,0,0,0,0,0,0,0,,,PT170,1512
160915,0,160915,BREJOS AZEITÃO (R NOVA JARDIA 42),,,38.548008,-9.016663,0,,0,,,0,,,0,0,0,0,0,0,0,0,0,0,0,,,PT170,1512
160916,0,160916,BREJOS AZEITÃO (R NOVA JARDIA 42),,,38.548018,-9.016578,0,,0,,,0,,,0,0,0,0,0,0,0,0,0,0,0,,,PT170,1512
160917,0,160917,BREJOS AZEITÃO (R MÁRIO VIEGAS LTE 29),,,38.540497,-9.024826,0,,0,,,0,,,0,0,0,0,0,0,0,0,0,0,0,,,PT170,1512
160918,0,160918,BREJOS AZEITÃO (R SERRAÇÃO 6),,,38.540505,-9.023868,0,,0,,,0,,,0,0,0,0,0,0,0,0,0,0,0,,,PT170,1512
160919,0,160919,BREJOS AZEITÃO (R MÁRIO VIEGAS 53),,,38.542873,-9.026364,0,,0,,,0,,,0,0,0,0,0,0,0,0,0,0,0,,,PT170,1512
160920,0,160920,BREJOS AZEITÃO (R SERRAÇÃO 90),,,38.542795,-9.025346,0,,0,,,0,,,0,0,0,0,0,0,0,0,0,0,0,,,PT170,1512
160921,0,160921,BREJOS AZEITÃO (R SANTOS MEIA 16),,,38.534658,-9.027897,0,,0,,,0,,,0,0,0,0,0,0,0,0,0,0,0,,,PT170,1512
160922,0,160922,BREJOS AZEITÃO (R SANTOS MEIA 16),,,38.534625,-9.02768,0,,0,,,0,,,0,0,0,0,0,0,0,0,0,0,0,,,PT170,1512
160923,0,160923,BREJOS AZEITÃO (R EÇA QUEIROZ 15),,,38.531467,-9.027673,0,,0,,,0,,,0,0,0,0,0,0,0,0,0,0,0,,,PT170,1512
160924,0,160924,BREJOS AZEITÃO (R EÇA QUEIROZ 15),,,38.531526,-9.0276,0,,0,,,0,,,0,0,0,0,0,0,0,0,0,0,0,,,PT170,1512
160925,0,160925,Rua da Escola Preparatória (Escola),,,38.523029,-9.021818,0,,0,,,0,,,0,0,0,0,0,0,0,0,0,0,0,,,PT170,1512
160936,0,160936,VILA NOGUEIRA AZEITÃO (ESC C+S),,,38.523072,-9.023255,0,,0,,,0,,,0,0,0,0,0,0,0,0,0,0,0,,,PT170,1512
160937,0,160937,QTA CONDE EN 10 NEGREIROS - PONTE,,,38.555043,-9.035254,0,,0,,,0,,,0,0,0,0,0,0,0,0,0,0,0,,,PT170,1511
160938,0,160938,QTA CONDE EN 10 NEGREIROS - PONTE,,,38.553881,-9.034299,0,,0,,,0,,,0,0,0,0,0,0,0,0,0,0,0,,,PT170,1512
160952,0,160952,PINHAL NEGREIROS (R POETA BOCAGE 20),,,38.547148,-9.032945,0,,0,,,0,,,0,0,0,0,0,0,0,0,0,0,0,,,PT170,1512
160953,0,160953,R POE CALAFATE 110,,,38.546621,-9.034792,0,,0,,,0,,,0,0,0,0,0,0,0,0,0,0,0,,,PT170,1512
160955,0,160955,ALDEIA PIEDADE (AV 25 ABR) X ESTR ARCOS,,,38.498995,-9.04854,0,,0,,,0,,,0,0,0,0,0,0,0,0,0,0,0,,,PT170,1512
160956,0,160956,ALDEIA PIEDADE (AV 25 ABR) X ESTR ARCOS,,,38.498812,-9.048417,0,,0,,,0,,,0,0,0,0,0,0,0,0,0,0,0,,,PT170,1512
160961,0,160961,Avenida Mariano de Carvalho (Frente Escola),,,38.526054,-8.891183,0,,0,,,0,,,0,0,0,0,0,0,0,0,0,0,0,,,PT170,1512
160964,0,160964,SETÚBAL (R CELESTINO ALVES 22A),,,38.527369,-8.870287,0,,0,,,0,,,0,0,0,0,0,0,0,0,0,0,0,,,PT170,1512
160965,0,160965,Rua Frederico Franco de Paiva 26,,,38.526021,-9.02162,0,,0,,,0,,,0,0,0,0,0,0,0,0,0,0,0,,,PT170,1512
160966,0,160966,VILA NOG AZEITÃO (AV 25 ABR) (MERCADO),,,38.525868,-9.021638,0,,0,,,0,,,0,0,0,0,0,0,0,0,0,0,0,,,PT170,1512
160967,0,160967,Avenida de Moçambique (Supermercado),,,38.539166,-8.891086,0,,0,,,0,,,0,0,0,0,0,0,0,0,0,0,0,,,PT170,1512
160968,0,160968,SETÚBAL (AV MOÇAMBIQUE 4),,,38.539359,-8.891019,0,,0,,,0,,,0,0,0,0,0,0,0,0,0,0,0,,,PT170,1512
160969,0,160969,SETÚBAL (R ENG HENRIQUE CABEÇADAS),,,38.536856,-8.88921,0,,0,,,0,,,0,0,0,0,0,0,0,0,0,0,0,,,PT170,1512
160970,0,160970,SETÚBAL (R ENG HENRIQUE CABEÇADAS),,,38.53688,-8.888947,0,,0,,,0,,,0,0,0,0,0,0,0,0,0,0,0,,,PT170,1512
160971,0,160971,SETÚBAL (R GIL EANES 16),,,38.522576,-8.873838,0,,0,,,0,,,0,0,0,0,0,0,0,0,0,0,0,,,PT170,1512
160976,0,160976,Praia de Galapos,,,38.484816,-8.961995,0,,0,,,0,,,0,0,0,0,0,0,0,0,0,0,0,,,PT170,1512
160977,0,160977,V N AZEITÃO (R 9 ABRIL X R JOSÉ A COELHO),,,38.516546,-9.019205,0,,0,,,0,,,0,0,0,0,0,0,0,0,0,0,0,,,PT170,1512
160978,0,160978,V N AZEITÃO (R FILIPE MAGALHÃES),,,38.520686,-9.020934,0,,0,,,0,,,0,0,0,0,0,0,0,0,0,0,0,,,PT170,1512
160979,0,160979,Rua Doutor Francisco Gonçalves Oliveira (Frente Parque Bacalhôa),,,38.521469,-9.016035,0,,0,,,0,,,0,0,0,0,0,0,0,0,0,0,0,,,PT170,1512
160980,0,160980,V N AZEITÃO (PISCINA MUNICIPAL),,,38.522562,-9.017086,0,,0,,,0,,,0,0,0,0,0,0,0,0,0,0,0,,,PT170,1512
160981,0,160981,V N AZEITÃO (R ESCOLA PREPARATÓRIA),,,38.524376,-9.019534,0,,0,,,0,,,0,0,0,0,0,0,0,0,0,0,0,,,PT170,1512
160984,0,160984,V N AZEITÃO (R MERCADO),,,38.528868,-9.024556,0,,0,,,0,,,0,0,0,0,0,0,0,0,0,0,0,,,PT170,1512
160985,0,160985,V N AZEITÃO (R MERCADO),,,38.528687,-9.024483,0,,0,,,0,,,0,0,0,0,0,0,0,0,0,0,0,,,PT170,1512
160986,0,160986,V N AZEITÃO (R EUROCERAMICA 54),,,38.533581,-9.026387,0,,0,,,0,,,0,0,0,0,0,0,0,0,0,0,0,,,PT170,1512
160987,0,160987,V N AZEITÃO (R EUROCERAMICA 54),,,38.5337,-9.026412,0,,0,,,0,,,0,0,0,0,0,0,0,0,0,0,0,,,PT170,1512
160988,0,160988,CHOILO (R SOC MUSICAL BREJO CLÉRIGO 204),,,38.547196,-9.020397,0,,0,,,0,,,0,0,0,0,0,0,0,0,0,0,0,,,PT170,1512
160989,0,160989,CHOILO (R SOC MUSICAL BREJO CLÉRIGO 204),,,38.547376,-9.02045,0,,0,,,0,,,0,0,0,0,0,0,0,0,0,0,0,,,PT170,1512
160990,0,160990,VENDAS AZEITÃO (R GEN HUMB DELGADO 35),,,38.534739,-8.99028,0,,0,,,0,,,0,0,0,0,0,0,0,0,0,0,0,,,PT170,1512
160991,0,160991,Avenida Doutor Francisco Gonçalves de Oliveira Frente 21,,,38.520811,-9.01764,0,,0,,,0,,,0,0,0,0,0,0,0,0,0,0,0,,,PT170,1512
160993,0,160993,V N AZEITÃO (R ADELINO P CARL X R 9 ABR),,,38.517759,-9.020305,0,,0,,,0,,,0,0,0,0,0,0,0,0,0,0,0,,,PT170,1512
160995,0,160995,Rua da Fábrica da Socel (Frente Parque Industrial),,,38.492284,-8.800777,0,,0,,,0,,,0,0,0,0,0,0,0,0,0,0,0,,,PT170,1512
160997,0,160997,Escola Básica da Brejoeira,,,38.547759,-9.024607,0,,0,,,0,,,0,0,0,0,0,0,0,0,0,0,0,,,PT170,1512
160998,0,160998,Rua do Florex (Praceta),,,38.53429,-9.006042,0,,0,,,0,,,0,0,0,0,0,0,0,0,0,0,0,,,PT170,1512
160999,0,160999,Pista de Atletismo de Setúbal,,,38.533662,-8.829677,0,,0,,,0,,,0,0,0,0,0,0,0,0,0,0,0,,,PT170,1512
161001,0,161001,Várzea (Terminal) P1,,,38.539748,-8.888124,0,,0,,,0,,,0,0,0,0,0,0,0,0,0,0,0,,,PT170,1512
161002,0,161002,Várzea (Terminal) P2,,,38.539726,-8.887998,0,,0,,,0,,,0,0,0,0,0,0,0,0,0,0,0,,,PT170,1512
161003,0,161003,Várzea (Terminal) P3,,,38.539703,-8.887871,0,,0,,,0,,,0,0,0,0,0,0,0,0,0,0,0,,,PT170,1512
161004,0,161004,Várzea (Terminal) P4,,,38.53968,-8.887745,0,,0,,,0,,,0,0,0,0,0,0,0,0,0,0,0,,,PT170,1512
161006,0,161006,Várzea (Terminal) P6,,,38.539654,-8.887509,0,,0,,,0,,,0,0,0,0,0,0,0,0,0,0,0,,,PT170,1512
161570,0,161570,Jardins de Santiago (Urbanização),,,38.551222,-8.875031,0,,0,,,0,,,0,0,0,0,0,0,0,0,0,0,0,,,PT170,1512
161786,0,161786,Escola Básica de Brejos do Clérigo,,,38.545744,-9.017174,0,,0,,,0,,,0,0,0,0,0,0,0,0,0,0,0,,,PT170,1512
162001,0,162001,Setúbal (ITS) Interior P1,,,38.53004,-8.885432,0,,0,,,0,,,0,0,0,0,0,0,0,0,0,0,0,,,PT170,1512
162002,0,162002,Setúbal (ITS) Interior P2,,,38.529881,-8.885516,0,,0,,,0,,,0,0,0,0,0,0,0,0,0,0,0,,,PT170,1512
162003,0,162003,Interface de Transportes de Setúbal (Terminal) P3,,,38.529722,-8.885599,0,,0,,,0,,,0,0,0,0,0,0,0,0,0,0,0,,,PT170,1512
162004,0,162004,Interface de Transportes de Setúbal (Terminal) P4,,,38.529562,-8.885682,0,,0,,,0,,,0,0,0,0,0,0,0,0,0,0,0,,,PT170,1512
162005,0,162005,Setúbal (ITS) Interior P5,,,38.530062,-8.885506,0,,0,,,0,,,0,0,0,0,0,0,0,0,0,0,0,,,PT170,1512
162006,0,162006,Setúbal (ITS) Interior P6,,,38.529902,-8.88559,0,,0,,,0,,,0,0,0,0,0,0,0,0,0,0,0,,,PT170,1512
162007,0,162007,Interface de Transportes de Setúbal P7,,,38.529744,-8.885674,0,,0,,,0,,,0,0,0,0,0,0,0,0,0,0,0,,,PT170,1512
162008,0,162008,Interface de Transportes de Setúbal (Terminal) P8,,,38.529585,-8.885758,0,,0,,,0,,,0,0,0,0,0,0,0,0,0,0,0,,,PT170,1512
162842,0,162842,Praia do Creiro,,,38.482111,-8.976611,0,,0,,,0,,,0,0,0,0,0,0,0,0,0,0,0,,,PT170,1512
162976,0,162976,Rua Doutor Manuel Gonçalves Martins (Frente Vidreira),,,38.539063,-8.841788,0,,0,,,0,,,0,0,0,0,0,0,0,0,0,0,0,,,PT170,1512
163384,0,163384,Estrada Nacional 10 (Frente Centro Comercial),,,38.536615,-8.878478,0,,0,,,0,,,0,0,0,0,0,0,0,0,0,0,0,,,PT170,1512
164652,0,164652,Rua Doutor Manuel Gonçalves Martins (Vidreira),,,38.539035,-8.84187,0,,0,,,0,,,0,0,0,0,0,0,0,0,0,0,0,,,PT170,1512
165596,0,165596,Estrada de Poçoilos,,,38.5512,-8.861305,0,,0,,,0,,,0,0,0,0,0,0,0,0,0,0,0,,,PT170,1512
165639,0,165639,Rua Antiga Estrada Nacional (X) Rua Francisco Serranito,,,38.554853,-8.800695,0,,0,,,0,,,0,0,0,0,0,0,0,0,0,0,0,,,PT170,1512
165790,0,165790,Estrada Vale de Mulatas (Armazém C),,,38.545066,-8.878894,0,,0,,,0,,,0,0,0,0,0,0,0,0,0,0,0,,,PT170,1512
166392,0,166392,Jardins de Santiago (Frente Urbanização),,,38.551147,-8.874897,0,,0,,,0,,,0,0,0,0,0,0,0,0,0,0,0,,,PT170,1512
166764,0,166764,Rua do Perú (Jardim de Infância),,,38.538754,-9.029112,0,,0,,,0,,,0,0,0,0,0,0,0,0,0,0,0,,,PT170,1512
167074,0,167074,Rua Oliveira Martins 16,,,38.518661,-9.019673,0,,0,,,0,,,0,0,0,0,0,0,0,0,0,0,0,,,PT170,1512
168137,0,168137,Praia de Galapos (Frente Acesso Pedonal),,,38.484966,-8.965037,0,,0,,,0,,,0,0,0,0,0,0,0,0,0,0,0,,,PT170,1512
168562,0,168562,Praia de Galapos (Acesso Pedonal),,,38.484847,-8.965145,0,,0,,,0,,,0,0,0,0,0,0,0,0,0,0,0,,,PT170,1512
168682,0,168682,Rua Antiga Estrada Nacional (X) Ferrovia,,,38.554927,-8.800243,0,,0,,,0,,,0,0,0,0,0,0,0,0,0,0,0,,,PT170,1512
169443,0,169443,Estrada Vale de Mulatas (E-Redes),,,38.544749,-8.878726,0,,0,,,0,,,0,0,0,0,0,0,0,0,0,0,0,,,PT170,1512
190002,0,190002,LANDEIRA (PÇA REPUBLICA 12),,,38.594194,-8.648634,0,,0,,,0,,,0,0,0,0,0,0,0,0,0,0,0,,,PT187,712
190003,0,190003,LANDEIRA (R 25 ABRIL),,,38.595869,-8.651929,0,,0,,,0,,,0,0,0,0,0,0,0,0,0,0,0,,,PT187,712
190004,0,190004,LANDEIRA (R 25 ABRIL),,,38.595969,-8.651893,0,,0,,,0,,,0,0,0,0,0,0,0,0,0,0,0,,,PT187,712
190005,0,190005,BOMBEL,,,38.684745,-8.514364,0,,0,,,0,,,0,0,0,0,0,0,0,0,0,0,0,,,PT187,712
190006,0,190006,BOMBEL,,,38.684645,-8.514306,0,,0,,,0,,,0,0,0,0,0,0,0,0,0,0,0,,,PT187,712
190007,0,190007,VENDAS NOVAS (ESCOLA - AV 25 DE ABRIL),,,38.674741,-8.457568,0,,0,,,0,,,0,0,0,0,0,0,0,0,0,0,0,,,PT187,712
190008,0,190008,VENDAS NOVAS (ESCOLA - AV 25 DE ABRIL),,,38.674622,-8.457528,0,,0,,,0,,,0,0,0,0,0,0,0,0,0,0,0,,,PT187,712
190025,0,190025,Avenida da República (Frente Escola Prática),,,38.678353,-8.457929,0,,0,,,0,,,0,0,0,0,0,0,0,0,0,0,0,,,PT187,712
190026,0,190026,Avenida da República (Escola Prática),,,38.678461,-8.457885,0,,0,,,0,,,0,0,0,0,0,0,0,0,0,0,0,,,PT187,712
163949,0,163949,Estrada dos Picheleiros,,,38.516444,-8.970528,0,,0,,,0,,,0,0,0,0,0,0,0,0,0,0,0,,,PT170,1512
165180,0,165180,Estrada de Picheleiros Frente Quinta da Ribeira,,,38.512000,-8.971556,0,,0,,,0,,,0,0,0,0,0,0,0,0,0,0,0,,,PT170,1512
165700,0,165700,Estrada de Picheleiros Quinta da Ribeira,,,38.512667,-8.971444,0,,0,,,0,,,0,0,0,0,0,0,0,0,0,0,0,,,PT170,1512
166817,0,166817,Estrada Nacional 10 (X) Estrada dos Picheleiros,,,38.516417,-8.970611,0,,0,,,0,,,0,0,0,0,0,0,0,0,0,0,0,,,PT170,1512
168719,0,168719,Estrada de Picheleiros Frente 138,,,38.508583,-8.972806,0,,0,,,0,,,0,0,0,0,0,0,0,0,0,0,0,,,PT170,1512
169121,0,169121,Estrada de Picheleiros 138,,,38.508833,-8.972722,0,,0,,,0,,,0,0,0,0,0,0,0,0,0,0,0,,,PT170,1512
220098,220098,220098,DEPOSITO VARZINHA-DEPOT1-30072,DEPOSITO VARZINHA-DEPOT1-30072,,38.5500110,-8.8827040,,,,,,,,,,,,,,,,,,,,,Taller,PT160,1106
220099,220099,220099,DEPOSITO MOITA-DEPOT2-30073,DEPOSITO MOITA-DEPOT2-30073,,38.6740800,-8.9789040,,,,,,,,,,,,,,,,,,,,,Taller,PT160,1106
220100,220100,220100,VENDAS NOVAS-DEPOT-30074,VENDAS NOVAS-DEPOT-30074,,38.6772865,-8.4550034,,,,,,,,,,,,,,,,,,,,,Deposito/parada,PT160,1106
220101,220101,220101,SESIMBRA-DEPOT-30075,SESIMBRA-DEPOT-30075,,38.4457818,-9.0997367,,,,,,,,,,,,,,,,,,,,,Deposito/parada,PT160,1106
220102,220102,220102,LANDEIRA-DEPOT-30076,LANDEIRA-DEPOT-30076,,38.5941586,-8.6487228,,,,,,,,,,,,,,,,,,,,,Deposito/parada,PT160,1106
220103,220103,220103,MONTIJO-DEPOT-30077,MONTIJO-DEPOT-30077,,38.7056430,-8.9764260,,,,,,,,,,,,,,,,,,,,,Deposito/parada,PT160,1106
220104,220104,220104,BARREIRO-DEPOT-30078,BARREIRO-DEPOT-30078,,38.6520890,-9.0774610,,,,,,,,,,,,,,,,,,,,,Deposito/parada,PT160,1106
220105,220105,220105,CANHA-DEPOT-30079,CANHA-DEPOT-30079,,38.7690000,-8.6261110,,,,,,,,,,,,,,,,,,,,,Deposito/parada,PT160,1106
220106,220106,220106,FOROS DO TRAPO-DEPOT-30080,FOROS DO TRAPO-DEPOT-30080,,38.7214030,-8.7078450,,,,,,,,,,,,,,,,,,,,,Deposito/parada,PT160,1106
220107,220107,220107,LOJA NOVAS FAIAS-DEPOT-30081,LOJA NOVAS FAIAS-DEPOT-30081,,38.6853870,-8.7166330,,,,,,,,,,,,,,,,,,,,,Deposito/parada,PT160,1106
220108,220108,220108,PãCEIRAO-DEPOT-30082,PãCEIRAO-DEPOT-30082,,38.6099240,-8.7530260,,,,,,,,,,,,,,,,,,,,,Deposito/parada,PT160,1106
220109,220109,220109,AGUAS MOURA-DEPOT-30083,AGUAS MOURA-DEPOT-30083,,38.5826450,-8.6883460,,,,,,,,,,,,,,,,,,,,,Deposito/parada,PT160,1106
220110,220110,220110,TERM.VARZEA-DEPOT-30084,TERM.VARZEA-DEPOT-30084,,38.5395240,-8.8880110,,,,,,,,,,,,,,,,,,,,,Deposito/parada,PT160,1106
220111,220111,220111,QUINTA DO CONCE-DEPOT-30085,QUINTA DO CONCE-DEPOT-30085,,38.5530520,-9.0394770,,,,,,,,,,,,,,,,,,,,,Deposito/parada,PT160,1106
220112,220112,220112,PAR.CARAMUJO-DEPOT-30086,PAR.CARAMUJO-DEPOT-30086,,38.6740710,-9.1533270,,,,,,,,,,,,,,,,,,,,,Deposito/parada,PT160,1106
