block_id,agency_id,registration_date,available_seats,available_standing,typology,vclass,propulsion,emission,lowered_floor
ESC_DOM_ED1,43,20220601,39,55,3,2,2,6,1
ESC_DOM_ED10,43,20220601,39,55,3,2,2,6,1
ESC_DOM_ED100,43,20220601,39,55,3,2,2,6,1
ESC_DOM_ED101,43,20220601,39,55,3,2,2,6,1
ESC_DOM_ED102,43,20220601,24,9,1,2,2,6,0
ESC_DOM_ED103,43,20220601,39,55,3,2,2,6,1
ESC_DOM_ED104,43,20220601,39,55,3,2,2,6,1
ESC_DOM_ED105,43,20220601,38,50,3,2,8,6,1
ESC_DOM_ED106,43,20220601,24,9,1,2,2,6,0
ESC_DOM_ED107,43,20220601,24,9,1,2,2,6,0
ESC_DOM_ED108,43,20220601,39,55,3,2,2,6,1
ESC_DOM_ED109,43,20220601,24,9,1,2,2,6,0
ESC_DOM_ED11,43,20220601,39,55,3,2,2,6,1
ESC_DOM_ED110,43,20220601,39,55,3,2,2,6,1
ESC_DOM_ED111,43,20220601,39,55,3,2,2,6,1
ESC_DOM_ED112,43,20220601,39,55,3,2,2,6,1
ESC_DOM_ED113,43,20220601,39,55,3,2,2,6,1
ESC_DOM_ED114,43,20220601,38,50,3,2,8,6,1
ESC_DOM_ED115,43,20220601,39,55,3,2,2,6,1
ESC_DOM_ED116,43,20220601,38,50,3,2,8,6,1
ESC_DOM_ED117,43,20220601,45,30,3,3,2,6,1
ESC_DOM_ED118,43,20220601,24,9,1,2,2,6,0
ESC_DOM_ED119,43,20220601,39,55,3,2,2,6,1
ESC_DOM_ED12,43,20220601,39,55,3,2,2,6,1
ESC_DOM_ED120,43,20220601,39,55,3,2,2,6,1
ESC_DOM_ED121,43,20220601,39,55,3,2,2,6,1
ESC_DOM_ED122,43,20220601,39,55,3,2,2,6,1
ESC_DOM_ED123,43,20220601,45,30,3,3,2,6,1
ESC_DOM_ED124,43,20220601,45,30,3,3,2,6,1
ESC_DOM_ED125,43,20220601,38,50,3,2,8,6,1
ESC_DOM_ED13,43,20220601,39,55,3,2,2,6,1
ESC_DOM_ED14,43,20220601,45,30,3,3,2,6,1
ESC_DOM_ED15,43,20220601,39,55,3,2,2,6,1
ESC_DOM_ED16,43,20220601,39,55,3,2,2,6,1
ESC_DOM_ED17,43,20220601,39,55,3,2,2,6,1
ESC_DOM_ED18,43,20220601,39,55,3,2,2,6,1
ESC_DOM_ED19,43,20220601,39,55,3,2,2,6,1
ESC_DOM_ED2,43,20220601,39,55,3,2,2,6,1
ESC_DOM_ED20,43,20220601,39,55,3,2,2,6,1
ESC_DOM_ED21,43,20220601,38,50,3,2,8,6,1
ESC_DOM_ED22,43,20220601,39,55,3,2,2,6,1
ESC_DOM_ED23,43,20220601,39,55,3,2,2,6,1
ESC_DOM_ED24,43,20220601,39,55,3,2,2,6,1
ESC_DOM_ED25,43,20220601,39,55,3,2,2,6,1
ESC_DOM_ED26,43,20220601,39,55,3,2,2,6,1
ESC_DOM_ED27,43,20220601,39,55,3,2,2,6,1
ESC_DOM_ED28,43,20220601,39,55,3,2,2,6,1
ESC_DOM_ED29,43,20220601,39,55,3,2,2,6,1
ESC_DOM_ED3,43,20220601,39,55,3,2,2,6,1
ESC_DOM_ED30,43,20220601,24,9,1,2,2,6,0
ESC_DOM_ED31,43,20220601,39,55,3,2,2,6,1
ESC_DOM_ED32,43,20220601,39,55,3,2,2,6,1
ESC_DOM_ED33,43,20220601,24,9,1,2,2,6,0
ESC_DOM_ED34,43,20220601,39,55,3,2,2,6,1
ESC_DOM_ED35,43,20220601,39,55,3,2,2,6,1
ESC_DOM_ED36,43,20220601,39,55,3,2,2,6,1
ESC_DOM_ED37,43,20220601,39,55,3,2,2,6,1
ESC_DOM_ED38,43,20220601,39,55,3,2,2,6,1
ESC_DOM_ED39,43,20220601,39,55,3,2,2,6,1
ESC_DOM_ED4,43,20220601,39,55,3,2,2,6,1
ESC_DOM_ED40,43,20220601,39,55,3,2,2,6,1
ESC_DOM_ED41,43,20220601,39,55,3,2,2,6,1
ESC_DOM_ED42,43,20220601,39,55,3,2,2,6,1
ESC_DOM_ED43,43,20220601,39,55,3,2,2,6,1
ESC_DOM_ED44,43,20220601,24,9,1,2,2,6,0
ESC_DOM_ED45,43,20220601,39,55,3,2,2,6,1
ESC_DOM_ED46,43,20220601,39,55,3,2,2,6,1
ESC_DOM_ED47,43,20220601,39,55,3,2,2,6,1
ESC_DOM_ED48,43,20220601,39,55,3,2,2,6,1
ESC_DOM_ED49,43,20220601,39,55,3,2,2,6,1
ESC_DOM_ED5,43,20220601,39,55,3,2,2,6,1
ESC_DOM_ED50,43,20220601,39,55,3,2,2,6,1
ESC_DOM_ED51,43,20220601,24,9,1,2,2,6,0
ESC_DOM_ED52,43,20220601,45,30,3,3,2,6,1
ESC_DOM_ED53,43,20220601,39,55,3,2,2,6,1
ESC_DOM_ED54,43,20220601,39,55,3,2,2,6,1
ESC_DOM_ED55,43,20220601,39,55,3,2,2,6,1
ESC_DOM_ED56,43,20220601,39,55,3,2,2,6,1
ESC_DOM_ED57,43,20220601,39,55,3,2,2,6,1
ESC_DOM_ED58,43,20220601,24,9,1,2,2,6,0
ESC_DOM_ED59,43,20220601,39,55,3,2,2,6,1
ESC_DOM_ED6,43,20220601,39,55,3,2,2,6,1
ESC_DOM_ED60,43,20220601,24,9,1,2,2,6,0
ESC_DOM_ED61,43,20220601,24,9,1,2,2,6,0
ESC_DOM_ED62,43,20220601,39,55,3,2,2,6,1
ESC_DOM_ED63,43,20220601,45,30,3,3,2,6,1
ESC_DOM_ED64,43,20220601,39,55,3,2,2,6,1
ESC_DOM_ED65,43,20220601,39,55,3,2,2,6,1
ESC_DOM_ED66,43,20220601,39,55,3,2,2,6,1
ESC_DOM_ED67,43,20220601,39,55,3,2,2,6,1
ESC_DOM_ED68,43,20220601,24,9,1,2,2,6,0
ESC_DOM_ED69,43,20220601,39,55,3,2,2,6,1
ESC_DOM_ED7,43,20220601,38,50,3,2,8,6,1
ESC_DOM_ED70,43,20220601,24,9,1,2,2,6,0
ESC_DOM_ED71,43,20220601,39,55,3,2,2,6,1
ESC_DOM_ED72,43,20220601,39,55,3,2,2,6,1
ESC_DOM_ED73,43,20220601,39,55,3,2,2,6,1
ESC_DOM_ED74,43,20220601,24,9,1,2,2,6,0
ESC_DOM_ED75,43,20220601,39,55,3,2,2,6,1
ESC_DOM_ED76,43,20220601,39,55,3,2,2,6,1
ESC_DOM_ED77,43,20220601,24,9,1,2,2,6,0
ESC_DOM_ED78,43,20220601,24,9,1,2,2,6,0
ESC_DOM_ED79,43,20220601,39,55,3,2,2,6,1
ESC_DOM_ED8,43,20220601,39,55,3,2,2,6,1
ESC_DOM_ED80,43,20220601,39,55,3,2,2,6,1
ESC_DOM_ED81,43,20220601,38,50,3,2,8,6,1
ESC_DOM_ED82,43,20220601,39,55,3,2,2,6,1
ESC_DOM_ED83,43,20220601,24,9,1,2,2,6,0
ESC_DOM_ED84,43,20220601,39,55,3,2,2,6,1
ESC_DOM_ED85,43,20220601,39,55,3,2,2,6,1
ESC_DOM_ED86,43,20220601,39,55,3,2,2,6,1
ESC_DOM_ED87,43,20220601,39,55,3,2,2,6,1
ESC_DOM_ED88,43,20220601,39,55,3,2,2,6,1
ESC_DOM_ED89,43,20220601,39,55,3,2,2,6,1
ESC_DOM_ED9,43,20220601,39,55,3,2,2,6,1
ESC_DOM_ED90,43,20220601,24,9,1,2,2,6,0
ESC_DOM_ED91,43,20220601,24,9,1,2,2,6,0
ESC_DOM_ED92,43,20220601,39,55,3,2,2,6,1
ESC_DOM_ED93,43,20220601,39,55,3,2,2,6,1
ESC_DOM_ED94,43,20220601,39,55,3,2,2,6,1
ESC_DOM_ED95,43,20220601,24,9,1,2,2,6,0
ESC_DOM_ED96,43,20220601,39,55,3,2,2,6,1
ESC_DOM_ED97,43,20220601,39,55,3,2,2,6,1
ESC_DOM_ED98,43,20220601,24,9,1,2,2,6,0
ESC_DOM_ED99,43,20220601,39,55,3,2,2,6,1
ESC_DU_EU1,43,20220601,39,55,3,2,2,6,1
ESC_DU_EU10,43,20220601,39,55,3,2,2,6,1
ESC_DU_EU100,43,20220601,45,30,3,3,2,6,1
ESC_DU_EU101,43,20220601,39,55,3,2,2,6,1
ESC_DU_EU102,43,20220601,39,55,3,2,2,6,1
ESC_DU_EU103,43,20220601,39,55,3,2,2,6,1
ESC_DU_EU104,43,20220601,45,30,3,3,2,6,1
ESC_DU_EU105,43,20220601,39,55,3,2,2,6,1
ESC_DU_EU106,43,20220601,38,50,3,2,8,6,1
ESC_DU_EU107,43,20220601,39,55,3,2,2,6,1
ESC_DU_EU108,43,20220601,39,55,3,2,2,6,1
ESC_DU_EU109,43,20220601,39,55,3,2,2,6,1
ESC_DU_EU11,43,20220601,39,55,3,2,2,6,1
ESC_DU_EU110,43,20220601,39,55,3,2,2,6,1
ESC_DU_EU111,43,20220601,45,30,3,3,2,6,1
ESC_DU_EU112,43,20220601,38,50,3,2,8,6,1
ESC_DU_EU113,43,20220601,39,55,3,2,2,6,1
ESC_DU_EU114,43,20220601,24,9,1,2,2,6,0
ESC_DU_EU115,43,20220601,39,55,3,2,2,6,1
ESC_DU_EU116,43,20220601,39,55,3,2,2,6,1
ESC_DU_EU117,43,20220601,39,55,3,2,2,6,1
ESC_DU_EU118,43,20220601,24,9,1,2,2,6,0
ESC_DU_EU119,43,20220601,39,55,3,2,2,6,1
ESC_DU_EU12,43,20220601,39,55,3,2,2,6,1
ESC_DU_EU120,43,20220601,39,55,3,2,2,6,1
ESC_DU_EU121,43,20220601,39,55,3,2,2,6,1
ESC_DU_EU122,43,20220601,39,55,3,2,2,6,1
ESC_DU_EU123,43,20220601,45,30,3,3,2,6,1
ESC_DU_EU124,43,20220601,39,55,3,2,2,6,1
ESC_DU_EU125,43,20220601,39,55,3,2,2,6,1
ESC_DU_EU126,43,20220601,39,55,3,2,2,6,1
ESC_DU_EU127,43,20220601,39,55,3,2,2,6,1
ESC_DU_EU128,43,20220601,39,55,3,2,2,6,1
ESC_DU_EU129,43,20220601,24,9,1,2,2,6,0
ESC_DU_EU13,43,20220601,39,55,3,2,2,6,1
ESC_DU_EU130,43,20220601,39,55,3,2,2,6,1
ESC_DU_EU131,43,20220601,38,50,3,2,8,6,1
ESC_DU_EU132,43,20220601,39,55,3,2,2,6,1
ESC_DU_EU133,43,20220601,39,55,3,2,2,6,1
ESC_DU_EU134,43,20220601,24,9,1,2,2,6,0
ESC_DU_EU135,43,20220601,39,55,3,2,2,6,1
ESC_DU_EU136,43,20220601,24,9,1,2,2,6,0
ESC_DU_EU137,43,20220601,39,55,3,2,2,6,1
ESC_DU_EU138,43,20220601,39,55,3,2,2,6,1
ESC_DU_EU139,43,20220601,39,55,3,2,2,6,1
ESC_DU_EU14,43,20220601,39,55,3,2,2,6,1
ESC_DU_EU140,43,20220601,39,55,3,2,2,6,1
ESC_DU_EU141,43,20220601,39,55,3,2,2,6,1
ESC_DU_EU142,43,20220601,39,55,3,2,2,6,1
ESC_DU_EU143,43,20220601,39,55,3,2,2,6,1
ESC_DU_EU144,43,20220601,39,55,3,2,2,6,1
ESC_DU_EU145,43,20220601,39,55,3,2,2,6,1
ESC_DU_EU146,43,20220601,39,55,3,2,2,6,1
ESC_DU_EU147,43,20220601,39,55,3,2,2,6,1
ESC_DU_EU148,43,20220601,39,55,3,2,2,6,1
ESC_DU_EU149,43,20220601,39,55,3,2,2,6,1
ESC_DU_EU15,43,20220601,39,55,3,2,2,6,1
ESC_DU_EU150,43,20220601,24,9,1,2,2,6,0
ESC_DU_EU151,43,20220601,39,55,3,2,2,6,1
ESC_DU_EU152,43,20220601,39,55,3,2,2,6,1
ESC_DU_EU153,43,20220601,39,55,3,2,2,6,1
ESC_DU_EU154,43,20220601,39,55,3,2,2,6,1
ESC_DU_EU155,43,20220601,39,55,3,2,2,6,1
ESC_DU_EU156,43,20220601,45,30,3,3,2,6,1
ESC_DU_EU157,43,20220601,39,55,3,2,2,6,1
ESC_DU_EU158,43,20220601,39,55,3,2,2,6,1
ESC_DU_EU159,43,20220601,45,30,3,3,2,6,1
ESC_DU_EU16,43,20220601,39,55,3,2,2,6,1
ESC_DU_EU160,43,20220601,39,55,3,2,2,6,1
ESC_DU_EU161,43,20220601,39,55,3,2,2,6,1
ESC_DU_EU162,43,20220601,39,55,3,2,2,6,1
ESC_DU_EU163,43,20220601,39,55,3,2,2,6,1
ESC_DU_EU164,43,20220601,39,55,3,2,2,6,1
ESC_DU_EU165,43,20220601,39,55,3,2,2,6,1
ESC_DU_EU166,43,20220601,38,50,3,2,8,6,1
ESC_DU_EU167,43,20220601,24,9,1,2,2,6,0
ESC_DU_EU168,43,20220601,24,9,1,2,2,6,0
ESC_DU_EU169,43,20220601,24,9,1,2,2,6,0
ESC_DU_EU17,43,20220601,39,55,3,2,2,6,1
ESC_DU_EU170,43,20220601,39,55,3,2,2,6,1
ESC_DU_EU171,43,20220601,45,30,3,3,2,6,1
ESC_DU_EU172,43,20220601,24,9,1,2,2,6,0
ESC_DU_EU173,43,20220601,39,55,3,2,2,6,1
ESC_DU_EU174,43,20220601,38,50,3,2,8,6,1
ESC_DU_EU175,43,20220601,39,55,3,2,2,6,1
ESC_DU_EU176,43,20220601,39,55,3,2,2,6,1
ESC_DU_EU177,43,20220601,24,9,1,2,2,6,0
ESC_DU_EU178,43,20220601,39,55,3,2,2,6,1
ESC_DU_EU179,43,20220601,24,9,1,2,2,6,0
ESC_DU_EU18,43,20220601,39,55,3,2,2,6,1
ESC_DU_EU180,43,20220601,24,9,1,2,2,6,0
ESC_DU_EU181,43,20220601,39,55,3,2,2,6,1
ESC_DU_EU182,43,20220601,39,55,3,2,2,6,1
ESC_DU_EU183,43,20220601,39,55,3,2,2,6,1
ESC_DU_EU184,43,20220601,24,9,1,2,2,6,0
ESC_DU_EU185,43,20220601,39,55,3,2,2,6,1
ESC_DU_EU186,43,20220601,39,55,3,2,2,6,1
ESC_DU_EU187,43,20220601,38,50,3,2,8,6,1
ESC_DU_EU188,43,20220601,39,55,3,2,2,6,1
ESC_DU_EU189,43,20220601,24,9,1,2,2,6,0
ESC_DU_EU19,43,20220601,39,55,3,2,2,6,1
ESC_DU_EU190,43,20220601,45,30,3,3,2,6,1
ESC_DU_EU191,43,20220601,39,55,3,2,2,6,1
ESC_DU_EU192,43,20220601,39,55,3,2,2,6,1
ESC_DU_EU193,43,20220601,39,55,3,2,2,6,1
ESC_DU_EU194,43,20220601,39,55,3,2,2,6,1
ESC_DU_EU195,43,20220601,39,55,3,2,2,6,1
ESC_DU_EU196,43,20220601,39,55,3,2,2,6,1
ESC_DU_EU197,43,20220601,39,55,3,2,2,6,1
ESC_DU_EU198,43,20220601,45,30,3,3,2,6,1
ESC_DU_EU199,43,20220601,39,55,3,2,2,6,1
ESC_DU_EU2,43,20220601,39,55,3,2,2,6,1
ESC_DU_EU20,43,20220601,39,55,3,2,2,6,1
ESC_DU_EU200,43,20220601,24,9,1,2,2,6,0
ESC_DU_EU201,43,20220601,38,50,3,2,8,6,1
ESC_DU_EU202,43,20220601,39,55,3,2,2,6,1
ESC_DU_EU203,43,20220601,39,55,3,2,2,6,1
ESC_DU_EU204,43,20220601,39,55,3,2,2,6,1
ESC_DU_EU205,43,20220601,39,55,3,2,2,6,1
ESC_DU_EU206,43,20220601,39,55,3,2,2,6,1
ESC_DU_EU207,43,20220601,45,30,3,3,2,6,1
ESC_DU_EU208,43,20220601,39,55,3,2,2,6,1
ESC_DU_EU209,43,20220601,39,55,3,2,2,6,1
ESC_DU_EU21,43,20220601,45,30,3,3,2,6,1
ESC_DU_EU210,43,20220601,24,9,1,2,2,6,0
ESC_DU_EU211,43,20220601,39,55,3,2,2,6,1
ESC_DU_EU212,43,20220601,39,55,3,2,2,6,1
ESC_DU_EU213,43,20220601,39,55,3,2,2,6,1
ESC_DU_EU214,43,20220601,39,55,3,2,2,6,1
ESC_DU_EU215,43,20220601,39,55,3,2,2,6,1
ESC_DU_EU216,43,20220601,39,55,3,2,2,6,1
ESC_DU_EU217,43,20220601,39,55,3,2,2,6,1
ESC_DU_EU218,43,20220601,39,55,3,2,2,6,1
ESC_DU_EU219,43,20220601,24,9,1,2,2,6,0
ESC_DU_EU22,43,20220601,39,55,3,2,2,6,1
ESC_DU_EU220,43,20220601,39,55,3,2,2,6,1
ESC_DU_EU221,43,20220601,39,55,3,2,2,6,1
ESC_DU_EU222,43,20220601,24,9,1,2,2,6,0
ESC_DU_EU223,43,20220601,45,30,3,3,2,6,1
ESC_DU_EU224,43,20220601,39,55,3,2,2,6,1
ESC_DU_EU225,43,20220601,39,55,3,2,2,6,1
ESC_DU_EU226,43,20220601,39,55,3,2,2,6,1
ESC_DU_EU227,43,20220601,39,55,3,2,2,6,1
ESC_DU_EU228,43,20220601,39,55,3,2,2,6,1
ESC_DU_EU229,43,20220601,24,9,1,2,2,6,0
ESC_DU_EU23,43,20220601,39,55,3,2,2,6,1
ESC_DU_EU230,43,20220601,45,30,3,3,2,6,1
ESC_DU_EU231,43,20220601,39,55,3,2,2,6,1
ESC_DU_EU232,43,20220601,39,55,3,2,2,6,1
ESC_DU_EU233,43,20220601,24,9,1,2,2,6,0
ESC_DU_EU234,43,20220601,39,55,3,2,2,6,1
ESC_DU_EU235,43,20220601,24,9,1,2,2,6,0
ESC_DU_EU236,43,20220601,39,55,3,2,2,6,1
ESC_DU_EU237,43,20220601,39,55,3,2,2,6,1
ESC_DU_EU238,43,20220601,39,55,3,2,2,6,1
ESC_DU_EU239,43,20220601,39,55,3,2,2,6,1
ESC_DU_EU24,43,20220601,39,55,3,2,2,6,1
ESC_DU_EU240,43,20220601,24,9,1,2,2,6,0
ESC_DU_EU241,43,20220601,39,55,3,2,2,6,1
ESC_DU_EU242,43,20220601,39,55,3,2,2,6,1
ESC_DU_EU243,43,20220601,24,9,1,2,2,6,0
ESC_DU_EU244,43,20220601,39,55,3,2,2,6,1
ESC_DU_EU245,43,20220601,39,55,3,2,2,6,1
ESC_DU_EU246,43,20220601,45,30,3,3,2,6,1
ESC_DU_EU247,43,20220601,39,55,3,2,2,6,1
ESC_DU_EU248,43,20220601,24,9,1,2,2,6,0
ESC_DU_EU249,43,20220601,39,55,3,2,2,6,1
ESC_DU_EU25,43,20220601,39,55,3,2,2,6,1
ESC_DU_EU250,43,20220601,39,55,3,2,2,6,1
ESC_DU_EU251,43,20220601,39,55,3,2,2,6,1
ESC_DU_EU252,43,20220601,45,30,3,3,2,6,1
ESC_DU_EU253,43,20220601,45,30,3,3,2,6,1
ESC_DU_EU254,43,20220601,39,55,3,2,2,6,1
ESC_DU_EU255,43,20220601,39,55,3,2,2,6,1
ESC_DU_EU256,43,20220601,39,55,3,2,2,6,1
ESC_DU_EU257,43,20220601,39,55,3,2,2,6,1
ESC_DU_EU258,43,20220601,39,55,3,2,2,6,1
ESC_DU_EU259,43,20220601,39,55,3,2,2,6,1
ESC_DU_EU26,43,20220601,39,55,3,2,2,6,1
ESC_DU_EU260,43,20220601,39,55,3,2,2,6,1
ESC_DU_EU261,43,20220601,24,9,1,2,2,6,0
ESC_DU_EU262,43,20220601,45,30,3,3,2,6,1
ESC_DU_EU263,43,20220601,39,55,3,2,2,6,1
ESC_DU_EU264,43,20220601,24,9,1,2,2,6,0
ESC_DU_EU265,43,20220601,39,55,3,2,2,6,1
ESC_DU_EU266,43,20220601,39,55,3,2,2,6,1
ESC_DU_EU267,43,20220601,39,55,3,2,2,6,1
ESC_DU_EU268,43,20220601,39,55,3,2,2,6,1
ESC_DU_EU269,43,20220601,38,50,3,2,8,6,1
ESC_DU_EU27,43,20220601,39,55,3,2,2,6,1
ESC_DU_EU270,43,20220601,39,55,3,2,2,6,1
ESC_DU_EU271,43,20220601,45,30,3,3,2,6,1
ESC_DU_EU272,43,20220601,45,30,3,3,2,6,1
ESC_DU_EU273,43,20220601,39,55,3,2,2,6,1
ESC_DU_EU274,43,20220601,39,55,3,2,2,6,1
ESC_DU_EU275,43,20220601,39,55,3,2,2,6,1
ESC_DU_EU276,43,20220601,38,50,3,2,8,6,1
ESC_DU_EU277,43,20220601,39,55,3,2,2,6,1
ESC_DU_EU278,43,20220601,24,9,1,2,2,6,0
ESC_DU_EU279,43,20220601,39,55,3,2,2,6,1
ESC_DU_EU28,43,20220601,39,55,3,2,2,6,1
ESC_DU_EU280,43,20220601,24,9,1,2,2,6,0
ESC_DU_EU281,43,20220601,45,30,3,3,2,6,1
ESC_DU_EU282,43,20220601,38,50,3,2,8,6,1
ESC_DU_EU283,43,20220601,24,9,1,2,2,6,0
ESC_DU_EU284,43,20220601,38,50,3,2,8,6,1
ESC_DU_EU285,43,20220601,39,55,3,2,2,6,1
ESC_DU_EU286,43,20220601,38,50,3,2,8,6,1
ESC_DU_EU287,43,20220601,39,55,3,2,2,6,1
ESC_DU_EU288,43,20220601,39,55,3,2,2,6,1
ESC_DU_EU289,43,20220601,45,30,3,3,2,6,1
ESC_DU_EU29,43,20220601,39,55,3,2,2,6,1
ESC_DU_EU290,43,20220601,45,30,3,3,2,6,1
ESC_DU_EU291,43,20220601,24,9,1,2,2,6,0
ESC_DU_EU292,43,20220601,24,9,1,2,2,6,0
ESC_DU_EU293,43,20220601,24,9,1,2,2,6,0
ESC_DU_EU3,43,20220601,39,55,3,2,2,6,1
ESC_DU_EU30,43,20220601,38,50,3,2,8,6,1
ESC_DU_EU31,43,20220601,45,30,3,3,2,6,1
ESC_DU_EU32,43,20220601,39,55,3,2,2,6,1
ESC_DU_EU33,43,20220601,39,55,3,2,2,6,1
ESC_DU_EU34,43,20220601,39,55,3,2,2,6,1
ESC_DU_EU35,43,20220601,39,55,3,2,2,6,1
ESC_DU_EU36,43,20220601,39,55,3,2,2,6,1
ESC_DU_EU37,43,20220601,39,55,3,2,2,6,1
ESC_DU_EU38,43,20220601,39,55,3,2,2,6,1
ESC_DU_EU39,43,20220601,39,55,3,2,2,6,1
ESC_DU_EU4,43,20220601,39,55,3,2,2,6,1
ESC_DU_EU40,43,20220601,39,55,3,2,2,6,1
ESC_DU_EU41,43,20220601,39,55,3,2,2,6,1
ESC_DU_EU42,43,20220601,45,30,3,3,2,6,1
ESC_DU_EU43,43,20220601,39,55,3,2,2,6,1
ESC_DU_EU44,43,20220601,39,55,3,2,2,6,1
ESC_DU_EU45,43,20220601,39,55,3,2,2,6,1
ESC_DU_EU46,43,20220601,39,55,3,2,2,6,1
ESC_DU_EU47,43,20220601,39,55,3,2,2,6,1
ESC_DU_EU48,43,20220601,39,55,3,2,2,6,1
ESC_DU_EU49,43,20220601,39,55,3,2,2,6,1
ESC_DU_EU5,43,20220601,39,55,3,2,2,6,1
ESC_DU_EU50,43,20220601,39,55,3,2,2,6,1
ESC_DU_EU51,43,20220601,45,30,3,3,2,6,1
ESC_DU_EU52,43,20220601,39,55,3,2,2,6,1
ESC_DU_EU53,43,20220601,24,9,1,2,2,6,0
ESC_DU_EU54,43,20220601,39,55,3,2,2,6,1
ESC_DU_EU55,43,20220601,39,55,3,2,2,6,1
ESC_DU_EU56,43,20220601,39,55,3,2,2,6,1
ESC_DU_EU57,43,20220601,39,55,3,2,2,6,1
ESC_DU_EU58,43,20220601,38,50,3,2,8,6,1
ESC_DU_EU59,43,20220601,39,55,3,2,2,6,1
ESC_DU_EU6,43,20220601,39,55,3,2,2,6,1
ESC_DU_EU60,43,20220601,24,9,1,2,2,6,0
ESC_DU_EU61,43,20220601,24,9,1,2,2,6,0
ESC_DU_EU62,43,20220601,24,9,1,2,2,6,0
ESC_DU_EU63,43,20220601,24,9,1,2,2,6,0
ESC_DU_EU64,43,20220601,39,55,3,2,2,6,1
ESC_DU_EU65,43,20220601,39,55,3,2,2,6,1
ESC_DU_EU66,43,20220601,39,55,3,2,2,6,1
ESC_DU_EU67,43,20220601,39,55,3,2,2,6,1
ESC_DU_EU68,43,20220601,39,55,3,2,2,6,1
ESC_DU_EU69,43,20220601,39,55,3,2,2,6,1
ESC_DU_EU7,43,20220601,38,50,3,2,8,6,1
ESC_DU_EU70,43,20220601,39,55,3,2,2,6,1
ESC_DU_EU71,43,20220601,39,55,3,2,2,6,1
ESC_DU_EU72,43,20220601,39,55,3,2,2,6,1
ESC_DU_EU73,43,20220601,39,55,3,2,2,6,1
ESC_DU_EU74,43,20220601,39,55,3,2,2,6,1
ESC_DU_EU75,43,20220601,39,55,3,2,2,6,1
ESC_DU_EU76,43,20220601,39,55,3,2,2,6,1
ESC_DU_EU77,43,20220601,38,50,3,2,8,6,1
ESC_DU_EU78,43,20220601,24,9,1,2,2,6,0
ESC_DU_EU79,43,20220601,24,9,1,2,2,6,0
ESC_DU_EU8,43,20220601,39,55,3,2,2,6,1
ESC_DU_EU80,43,20220601,39,55,3,2,2,6,1
ESC_DU_EU81,43,20220601,24,9,1,2,2,6,0
ESC_DU_EU82,43,20220601,24,9,1,2,2,6,0
ESC_DU_EU83,43,20220601,39,55,3,2,2,6,1
ESC_DU_EU84,43,20220601,39,55,3,2,2,6,1
ESC_DU_EU85,43,20220601,39,55,3,2,2,6,1
ESC_DU_EU86,43,20220601,39,55,3,2,2,6,1
ESC_DU_EU87,43,20220601,39,55,3,2,2,6,1
ESC_DU_EU88,43,20220601,24,9,1,2,2,6,0
ESC_DU_EU89,43,20220601,39,55,3,2,2,6,1
ESC_DU_EU9,43,20220601,39,55,3,2,2,6,1
ESC_DU_EU90,43,20220601,39,55,3,2,2,6,1
ESC_DU_EU91,43,20220601,24,9,1,2,2,6,0
ESC_DU_EU92,43,20220601,24,9,1,2,2,6,0
ESC_DU_EU93,43,20220601,24,9,1,2,2,6,0
ESC_DU_EU94,43,20220601,39,55,3,2,2,6,1
ESC_DU_EU95,43,20220601,45,30,3,3,2,6,1
ESC_DU_EU96,43,20220601,39,55,3,2,2,6,1
ESC_DU_EU97,43,20220601,39,55,3,2,2,6,1
ESC_DU_EU98,43,20220601,39,55,3,2,2,6,1
ESC_DU_EU99,43,20220601,39,55,3,2,2,6,1
ESC_SAB_ES11,43,20220601,39,55,3,2,2,6,1
ESC_SAB_ES110,43,20220601,39,55,3,2,2,6,1
ESC_SAB_ES1100,43,20220601,39,55,3,2,2,6,1
ESC_SAB_ES1101,43,20220601,39,55,3,2,2,6,1
ESC_SAB_ES1102,43,20220601,39,55,3,2,2,6,1
ESC_SAB_ES1103,43,20220601,39,55,3,2,2,6,1
ESC_SAB_ES1104,43,20220601,39,55,3,2,2,6,1
ESC_SAB_ES1105,43,20220601,39,55,3,2,2,6,1
ESC_SAB_ES1106,43,20220601,39,55,3,2,2,6,1
ESC_SAB_ES1107,43,20220601,39,55,3,2,2,6,1
ESC_SAB_ES1108,43,20220601,39,55,3,2,2,6,1
ESC_SAB_ES1109,43,20220601,24,9,1,2,2,6,0
ESC_SAB_ES111,43,20220601,39,55,3,2,2,6,1
ESC_SAB_ES1110,43,20220601,38,50,3,2,8,6,1
ESC_SAB_ES1111,43,20220601,24,9,1,2,2,6,0
ESC_SAB_ES1112,43,20220601,39,55,3,2,2,6,1
ESC_SAB_ES1113,43,20220601,24,9,1,2,2,6,0
ESC_SAB_ES1114,43,20220601,39,55,3,2,2,6,1
ESC_SAB_ES1115,43,20220601,24,9,1,2,2,6,0
ESC_SAB_ES1116,43,20220601,39,55,3,2,2,6,1
ESC_SAB_ES1117,43,20220601,39,55,3,2,2,6,1
ESC_SAB_ES1118,43,20220601,24,9,1,2,2,6,0
ESC_SAB_ES1119,43,20220601,39,55,3,2,2,6,1
ESC_SAB_ES112,43,20220601,39,55,3,2,2,6,1
ESC_SAB_ES1120,43,20220601,39,55,3,2,2,6,1
ESC_SAB_ES1121,43,20220601,24,9,1,2,2,6,0
ESC_SAB_ES1122,43,20220601,39,55,3,2,2,6,1
ESC_SAB_ES1123,43,20220601,39,55,3,2,2,6,1
ESC_SAB_ES1124,43,20220601,39,55,3,2,2,6,1
ESC_SAB_ES1125,43,20220601,24,9,1,2,2,6,0
ESC_SAB_ES1126,43,20220601,24,9,1,2,2,6,0
ESC_SAB_ES1127,43,20220601,38,50,3,2,8,6,1
ESC_SAB_ES1128,43,20220601,24,9,1,2,2,6,0
ESC_SAB_ES1129,43,20220601,39,55,3,2,2,6,1
ESC_SAB_ES113,43,20220601,39,55,3,2,2,6,1
ESC_SAB_ES1130,43,20220601,45,30,3,3,2,6,1
ESC_SAB_ES1131,43,20220601,24,9,1,2,2,6,0
ESC_SAB_ES1132,43,20220601,24,9,1,2,2,6,0
ESC_SAB_ES1133,43,20220601,38,50,3,2,8,6,1
ESC_SAB_ES1134,43,20220601,45,30,3,3,2,6,1
ESC_SAB_ES1135,43,20220601,39,55,3,2,2,6,1
ESC_SAB_ES1136,43,20220601,39,55,3,2,2,6,1
ESC_SAB_ES1137,43,20220601,39,55,3,2,2,6,1
ESC_SAB_ES1138,43,20220601,39,55,3,2,2,6,1
ESC_SAB_ES1139,43,20220601,24,9,1,2,2,6,0
ESC_SAB_ES114,43,20220601,39,55,3,2,2,6,1
ESC_SAB_ES1140,43,20220601,24,9,1,2,2,6,0
ESC_SAB_ES115,43,20220601,39,55,3,2,2,6,1
ESC_SAB_ES116,43,20220601,45,30,3,3,2,6,1
ESC_SAB_ES117,43,20220601,39,55,3,2,2,6,1
ESC_SAB_ES118,43,20220601,39,55,3,2,2,6,1
ESC_SAB_ES119,43,20220601,39,55,3,2,2,6,1
ESC_SAB_ES12,43,20220601,39,55,3,2,2,6,1
ESC_SAB_ES120,43,20220601,39,55,3,2,2,6,1
ESC_SAB_ES121,43,20220601,24,9,1,2,2,6,0
ESC_SAB_ES122,43,20220601,39,55,3,2,2,6,1
ESC_SAB_ES123,43,20220601,39,55,3,2,2,6,1
ESC_SAB_ES124,43,20220601,39,55,3,2,2,6,1
ESC_SAB_ES125,43,20220601,39,55,3,2,2,6,1
ESC_SAB_ES126,43,20220601,39,55,3,2,2,6,1
ESC_SAB_ES127,43,20220601,39,55,3,2,2,6,1
ESC_SAB_ES128,43,20220601,39,55,3,2,2,6,1
ESC_SAB_ES129,43,20220601,39,55,3,2,2,6,1
ESC_SAB_ES13,43,20220601,39,55,3,2,2,6,1
ESC_SAB_ES130,43,20220601,39,55,3,2,2,6,1
ESC_SAB_ES131,43,20220601,24,9,1,2,2,6,0
ESC_SAB_ES132,43,20220601,39,55,3,2,2,6,1
ESC_SAB_ES133,43,20220601,39,55,3,2,2,6,1
ESC_SAB_ES134,43,20220601,39,55,3,2,2,6,1
ESC_SAB_ES135,43,20220601,24,9,1,2,2,6,0
ESC_SAB_ES136,43,20220601,39,55,3,2,2,6,1
ESC_SAB_ES137,43,20220601,39,55,3,2,2,6,1
ESC_SAB_ES138,43,20220601,39,55,3,2,2,6,1
ESC_SAB_ES139,43,20220601,38,50,3,2,8,6,1
ESC_SAB_ES14,43,20220601,24,9,1,2,2,6,0
ESC_SAB_ES140,43,20220601,24,9,1,2,2,6,0
ESC_SAB_ES141,43,20220601,39,55,3,2,2,6,1
ESC_SAB_ES142,43,20220601,39,55,3,2,2,6,1
ESC_SAB_ES143,43,20220601,24,9,1,2,2,6,0
ESC_SAB_ES144,43,20220601,39,55,3,2,2,6,1
ESC_SAB_ES145,43,20220601,39,55,3,2,2,6,1
ESC_SAB_ES146,43,20220601,39,55,3,2,2,6,1
ESC_SAB_ES147,43,20220601,39,55,3,2,2,6,1
ESC_SAB_ES148,43,20220601,24,9,1,2,2,6,0
ESC_SAB_ES149,43,20220601,39,55,3,2,2,6,1
ESC_SAB_ES15,43,20220601,39,55,3,2,2,6,1
ESC_SAB_ES150,43,20220601,39,55,3,2,2,6,1
ESC_SAB_ES151,43,20220601,39,55,3,2,2,6,1
ESC_SAB_ES152,43,20220601,24,9,1,2,2,6,0
ESC_SAB_ES153,43,20220601,39,55,3,2,2,6,1
ESC_SAB_ES154,43,20220601,39,55,3,2,2,6,1
ESC_SAB_ES155,43,20220601,39,55,3,2,2,6,1
ESC_SAB_ES156,43,20220601,39,55,3,2,2,6,1
ESC_SAB_ES157,43,20220601,39,55,3,2,2,6,1
ESC_SAB_ES158,43,20220601,39,55,3,2,2,6,1
ESC_SAB_ES159,43,20220601,39,55,3,2,2,6,1
ESC_SAB_ES16,43,20220601,39,55,3,2,2,6,1
ESC_SAB_ES160,43,20220601,39,55,3,2,2,6,1
ESC_SAB_ES161,43,20220601,39,55,3,2,2,6,1
ESC_SAB_ES162,43,20220601,39,55,3,2,2,6,1
ESC_SAB_ES163,43,20220601,39,55,3,2,2,6,1
ESC_SAB_ES164,43,20220601,39,55,3,2,2,6,1
ESC_SAB_ES165,43,20220601,39,55,3,2,2,6,1
ESC_SAB_ES166,43,20220601,39,55,3,2,2,6,1
ESC_SAB_ES167,43,20220601,24,9,1,2,2,6,0
ESC_SAB_ES168,43,20220601,39,55,3,2,2,6,1
ESC_SAB_ES169,43,20220601,39,55,3,2,2,6,1
ESC_SAB_ES17,43,20220601,39,55,3,2,2,6,1
ESC_SAB_ES170,43,20220601,39,55,3,2,2,6,1
ESC_SAB_ES171,43,20220601,39,55,3,2,2,6,1
ESC_SAB_ES172,43,20220601,39,55,3,2,2,6,1
ESC_SAB_ES173,43,20220601,39,55,3,2,2,6,1
ESC_SAB_ES174,43,20220601,39,55,3,2,2,6,1
ESC_SAB_ES175,43,20220601,39,55,3,2,2,6,1
ESC_SAB_ES176,43,20220601,39,55,3,2,2,6,1
ESC_SAB_ES177,43,20220601,24,9,1,2,2,6,0
ESC_SAB_ES178,43,20220601,39,55,3,2,2,6,1
ESC_SAB_ES179,43,20220601,24,9,1,2,2,6,0
ESC_SAB_ES18,43,20220601,39,55,3,2,2,6,1
ESC_SAB_ES180,43,20220601,45,30,3,3,2,6,1
ESC_SAB_ES181,43,20220601,24,9,1,2,2,6,0
ESC_SAB_ES182,43,20220601,24,9,1,2,2,6,0
ESC_SAB_ES183,43,20220601,39,55,3,2,2,6,1
ESC_SAB_ES184,43,20220601,39,55,3,2,2,6,1
ESC_SAB_ES185,43,20220601,24,9,1,2,2,6,0
ESC_SAB_ES186,43,20220601,39,55,3,2,2,6,1
ESC_SAB_ES187,43,20220601,39,55,3,2,2,6,1
ESC_SAB_ES188,43,20220601,24,9,1,2,2,6,0
ESC_SAB_ES189,43,20220601,39,55,3,2,2,6,1
ESC_SAB_ES19,43,20220601,38,50,3,2,8,6,1
ESC_SAB_ES190,43,20220601,24,9,1,2,2,6,0
ESC_SAB_ES191,43,20220601,45,30,3,3,2,6,1
ESC_SAB_ES192,43,20220601,39,55,3,2,2,6,1
ESC_SAB_ES193,43,20220601,39,55,3,2,2,6,1
ESC_SAB_ES194,43,20220601,39,55,3,2,2,6,1
ESC_SAB_ES195,43,20220601,39,55,3,2,2,6,1
ESC_SAB_ES196,43,20220601,39,55,3,2,2,6,1
ESC_SAB_ES197,43,20220601,39,55,3,2,2,6,1
ESC_SAB_ES198,43,20220601,39,55,3,2,2,6,1
ESC_SAB_ES199,43,20220601,24,9,1,2,2,6,0
FER_DOM_FD1,43,20220601,39,55,3,2,2,6,1
FER_DOM_FD10,43,20220601,39,55,3,2,2,6,1
FER_DOM_FD100,43,20220601,39,55,3,2,2,6,1
FER_DOM_FD101,43,20220601,39,55,3,2,2,6,1
FER_DOM_FD102,43,20220601,24,9,1,2,2,6,0
FER_DOM_FD103,43,20220601,38,50,3,2,8,6,1
FER_DOM_FD104,43,20220601,39,55,3,2,2,6,1
FER_DOM_FD105,43,20220601,39,55,3,2,2,6,1
FER_DOM_FD106,43,20220601,24,9,1,2,2,6,0
FER_DOM_FD107,43,20220601,39,55,3,2,2,6,1
FER_DOM_FD108,43,20220601,39,55,3,2,2,6,1
FER_DOM_FD109,43,20220601,24,9,1,2,2,6,0
FER_DOM_FD11,43,20220601,39,55,3,2,2,6,1
FER_DOM_FD110,43,20220601,39,55,3,2,2,6,1
FER_DOM_FD111,43,20220601,39,55,3,2,2,6,1
FER_DOM_FD112,43,20220601,39,55,3,2,2,6,1
FER_DOM_FD113,43,20220601,39,55,3,2,2,6,1
FER_DOM_FD114,43,20220601,38,50,3,2,8,6,1
FER_DOM_FD115,43,20220601,39,55,3,2,2,6,1
FER_DOM_FD116,43,20220601,38,50,3,2,8,6,1
FER_DOM_FD117,43,20220601,45,30,3,3,2,6,1
FER_DOM_FD118,43,20220601,24,9,1,2,2,6,0
FER_DOM_FD119,43,20220601,24,9,1,2,2,6,0
FER_DOM_FD12,43,20220601,45,30,3,3,2,6,1
FER_DOM_FD120,43,20220601,39,55,3,2,2,6,1
FER_DOM_FD121,43,20220601,39,55,3,2,2,6,1
FER_DOM_FD122,43,20220601,45,30,3,3,2,6,1
FER_DOM_FD123,43,20220601,39,55,3,2,2,6,1
FER_DOM_FD124,43,20220601,45,30,3,3,2,6,1
FER_DOM_FD13,43,20220601,39,55,3,2,2,6,1
FER_DOM_FD14,43,20220601,39,55,3,2,2,6,1
FER_DOM_FD15,43,20220601,39,55,3,2,2,6,1
FER_DOM_FD16,43,20220601,39,55,3,2,2,6,1
FER_DOM_FD17,43,20220601,39,55,3,2,2,6,1
FER_DOM_FD18,43,20220601,39,55,3,2,2,6,1
FER_DOM_FD19,43,20220601,39,55,3,2,2,6,1
FER_DOM_FD2,43,20220601,39,55,3,2,2,6,1
FER_DOM_FD20,43,20220601,38,50,3,2,8,6,1
FER_DOM_FD21,43,20220601,39,55,3,2,2,6,1
FER_DOM_FD22,43,20220601,39,55,3,2,2,6,1
FER_DOM_FD23,43,20220601,39,55,3,2,2,6,1
FER_DOM_FD24,43,20220601,39,55,3,2,2,6,1
FER_DOM_FD25,43,20220601,39,55,3,2,2,6,1
FER_DOM_FD26,43,20220601,39,55,3,2,2,6,1
FER_DOM_FD27,43,20220601,24,9,1,2,2,6,0
FER_DOM_FD28,43,20220601,39,55,3,2,2,6,1
FER_DOM_FD29,43,20220601,39,55,3,2,2,6,1
FER_DOM_FD3,43,20220601,39,55,3,2,2,6,1
FER_DOM_FD30,43,20220601,39,55,3,2,2,6,1
FER_DOM_FD31,43,20220601,39,55,3,2,2,6,1
FER_DOM_FD32,43,20220601,39,55,3,2,2,6,1
FER_DOM_FD33,43,20220601,24,9,1,2,2,6,0
FER_DOM_FD34,43,20220601,39,55,3,2,2,6,1
FER_DOM_FD35,43,20220601,39,55,3,2,2,6,1
FER_DOM_FD36,43,20220601,39,55,3,2,2,6,1
FER_DOM_FD37,43,20220601,39,55,3,2,2,6,1
FER_DOM_FD38,43,20220601,39,55,3,2,2,6,1
FER_DOM_FD39,43,20220601,39,55,3,2,2,6,1
FER_DOM_FD4,43,20220601,39,55,3,2,2,6,1
FER_DOM_FD40,43,20220601,24,9,1,2,2,6,0
FER_DOM_FD41,43,20220601,39,55,3,2,2,6,1
FER_DOM_FD42,43,20220601,39,55,3,2,2,6,1
FER_DOM_FD43,43,20220601,39,55,3,2,2,6,1
FER_DOM_FD44,43,20220601,39,55,3,2,2,6,1
FER_DOM_FD45,43,20220601,39,55,3,2,2,6,1
FER_DOM_FD46,43,20220601,39,55,3,2,2,6,1
FER_DOM_FD47,43,20220601,39,55,3,2,2,6,1
FER_DOM_FD48,43,20220601,39,55,3,2,2,6,1
FER_DOM_FD49,43,20220601,39,55,3,2,2,6,1
FER_DOM_FD5,43,20220601,39,55,3,2,2,6,1
FER_DOM_FD50,43,20220601,39,55,3,2,2,6,1
FER_DOM_FD51,43,20220601,45,30,3,3,2,6,1
FER_DOM_FD52,43,20220601,39,55,3,2,2,6,1
FER_DOM_FD53,43,20220601,39,55,3,2,2,6,1
FER_DOM_FD54,43,20220601,39,55,3,2,2,6,1
FER_DOM_FD55,43,20220601,39,55,3,2,2,6,1
FER_DOM_FD56,43,20220601,39,55,3,2,2,6,1
FER_DOM_FD57,43,20220601,24,9,1,2,2,6,0
FER_DOM_FD58,43,20220601,38,50,3,2,8,6,1
FER_DOM_FD59,43,20220601,39,55,3,2,2,6,1
FER_DOM_FD6,43,20220601,39,55,3,2,2,6,1
FER_DOM_FD60,43,20220601,24,9,1,2,2,6,0
FER_DOM_FD61,43,20220601,39,55,3,2,2,6,1
FER_DOM_FD62,43,20220601,39,55,3,2,2,6,1
FER_DOM_FD63,43,20220601,45,30,3,3,2,6,1
FER_DOM_FD64,43,20220601,39,55,3,2,2,6,1
FER_DOM_FD65,43,20220601,39,55,3,2,2,6,1
FER_DOM_FD66,43,20220601,24,9,1,2,2,6,0
FER_DOM_FD67,43,20220601,39,55,3,2,2,6,1
FER_DOM_FD68,43,20220601,39,55,3,2,2,6,1
FER_DOM_FD69,43,20220601,39,55,3,2,2,6,1
FER_DOM_FD7,43,20220601,38,50,3,2,8,6,1
FER_DOM_FD70,43,20220601,39,55,3,2,2,6,1
FER_DOM_FD71,43,20220601,39,55,3,2,2,6,1
FER_DOM_FD72,43,20220601,24,9,1,2,2,6,0
FER_DOM_FD73,43,20220601,39,55,3,2,2,6,1
FER_DOM_FD74,43,20220601,24,9,1,2,2,6,0
FER_DOM_FD75,43,20220601,24,9,1,2,2,6,0
FER_DOM_FD76,43,20220601,39,55,3,2,2,6,1
FER_DOM_FD77,43,20220601,39,55,3,2,2,6,1
FER_DOM_FD78,43,20220601,39,55,3,2,2,6,1
FER_DOM_FD79,43,20220601,24,9,1,2,2,6,0
FER_DOM_FD8,43,20220601,39,55,3,2,2,6,1
FER_DOM_FD80,43,20220601,24,9,1,2,2,6,0
FER_DOM_FD81,43,20220601,39,55,3,2,2,6,1
FER_DOM_FD82,43,20220601,39,55,3,2,2,6,1
FER_DOM_FD83,43,20220601,38,50,3,2,8,6,1
FER_DOM_FD84,43,20220601,39,55,3,2,2,6,1
FER_DOM_FD85,43,20220601,24,9,1,2,2,6,0
FER_DOM_FD86,43,20220601,39,55,3,2,2,6,1
FER_DOM_FD87,43,20220601,39,55,3,2,2,6,1
FER_DOM_FD88,43,20220601,39,55,3,2,2,6,1
FER_DOM_FD89,43,20220601,39,55,3,2,2,6,1
FER_DOM_FD9,43,20220601,39,55,3,2,2,6,1
FER_DOM_FD90,43,20220601,24,9,1,2,2,6,0
FER_DOM_FD91,43,20220601,39,55,3,2,2,6,1
FER_DOM_FD92,43,20220601,39,55,3,2,2,6,1
FER_DOM_FD93,43,20220601,39,55,3,2,2,6,1
FER_DOM_FD94,43,20220601,39,55,3,2,2,6,1
FER_DOM_FD95,43,20220601,39,55,3,2,2,6,1
FER_DOM_FD96,43,20220601,24,9,1,2,2,6,0
FER_DOM_FD97,43,20220601,24,9,1,2,2,6,0
FER_DOM_FD98,43,20220601,39,55,3,2,2,6,1
FER_DOM_FD99,43,20220601,24,9,1,2,2,6,0
FER_DU_FU1,43,20220601,39,55,3,2,2,6,1
FER_DU_FU10,43,20220601,39,55,3,2,2,6,1
FER_DU_FU100,43,20220601,39,55,3,2,2,6,1
FER_DU_FU101,43,20220601,39,55,3,2,2,6,1
FER_DU_FU102,43,20220601,45,30,3,3,2,6,1
FER_DU_FU103,43,20220601,39,55,3,2,2,6,1
FER_DU_FU104,43,20220601,45,30,3,3,2,6,1
FER_DU_FU105,43,20220601,38,50,3,2,8,6,1
FER_DU_FU106,43,20220601,45,30,3,3,2,6,1
FER_DU_FU107,43,20220601,24,9,1,2,2,6,0
FER_DU_FU108,43,20220601,39,55,3,2,2,6,1
FER_DU_FU109,43,20220601,39,55,3,2,2,6,1
FER_DU_FU11,43,20220601,39,55,3,2,2,6,1
FER_DU_FU110,43,20220601,24,9,1,2,2,6,0
FER_DU_FU111,43,20220601,39,55,3,2,2,6,1
FER_DU_FU112,43,20220601,38,50,3,2,8,6,1
FER_DU_FU113,43,20220601,39,55,3,2,2,6,1
FER_DU_FU114,43,20220601,39,55,3,2,2,6,1
FER_DU_FU115,43,20220601,39,55,3,2,2,6,1
FER_DU_FU116,43,20220601,39,55,3,2,2,6,1
FER_DU_FU117,43,20220601,39,55,3,2,2,6,1
FER_DU_FU118,43,20220601,39,55,3,2,2,6,1
FER_DU_FU119,43,20220601,38,50,3,2,8,6,1
FER_DU_FU12,43,20220601,39,55,3,2,2,6,1
FER_DU_FU120,43,20220601,24,9,1,2,2,6,0
FER_DU_FU121,43,20220601,39,55,3,2,2,6,1
FER_DU_FU122,43,20220601,39,55,3,2,2,6,1
FER_DU_FU123,43,20220601,24,9,1,2,2,6,0
FER_DU_FU124,43,20220601,39,55,3,2,2,6,1
FER_DU_FU125,43,20220601,39,55,3,2,2,6,1
FER_DU_FU126,43,20220601,39,55,3,2,2,6,1
FER_DU_FU127,43,20220601,24,9,1,2,2,6,0
FER_DU_FU128,43,20220601,39,55,3,2,2,6,1
FER_DU_FU129,43,20220601,39,55,3,2,2,6,1
FER_DU_FU13,43,20220601,39,55,3,2,2,6,1
FER_DU_FU130,43,20220601,45,30,3,3,2,6,1
FER_DU_FU131,43,20220601,39,55,3,2,2,6,1
FER_DU_FU132,43,20220601,39,55,3,2,2,6,1
FER_DU_FU133,43,20220601,45,30,3,3,2,6,1
FER_DU_FU134,43,20220601,24,9,1,2,2,6,0
FER_DU_FU135,43,20220601,39,55,3,2,2,6,1
FER_DU_FU136,43,20220601,24,9,1,2,2,6,0
FER_DU_FU137,43,20220601,24,9,1,2,2,6,0
FER_DU_FU138,43,20220601,39,55,3,2,2,6,1
FER_DU_FU139,43,20220601,39,55,3,2,2,6,1
FER_DU_FU14,43,20220601,39,55,3,2,2,6,1
FER_DU_FU140,43,20220601,39,55,3,2,2,6,1
FER_DU_FU141,43,20220601,39,55,3,2,2,6,1
FER_DU_FU142,43,20220601,39,55,3,2,2,6,1
FER_DU_FU143,43,20220601,39,55,3,2,2,6,1
FER_DU_FU144,43,20220601,24,9,1,2,2,6,0
FER_DU_FU145,43,20220601,39,55,3,2,2,6,1
FER_DU_FU146,43,20220601,39,55,3,2,2,6,1
FER_DU_FU147,43,20220601,39,55,3,2,2,6,1
FER_DU_FU148,43,20220601,39,55,3,2,2,6,1
FER_DU_FU149,43,20220601,39,55,3,2,2,6,1
FER_DU_FU15,43,20220601,39,55,3,2,2,6,1
FER_DU_FU150,43,20220601,39,55,3,2,2,6,1
FER_DU_FU151,43,20220601,39,55,3,2,2,6,1
FER_DU_FU152,43,20220601,39,55,3,2,2,6,1
FER_DU_FU153,43,20220601,39,55,3,2,2,6,1
FER_DU_FU154,43,20220601,39,55,3,2,2,6,1
FER_DU_FU155,43,20220601,39,55,3,2,2,6,1
FER_DU_FU156,43,20220601,39,55,3,2,2,6,1
FER_DU_FU157,43,20220601,39,55,3,2,2,6,1
FER_DU_FU158,43,20220601,39,55,3,2,2,6,1
FER_DU_FU159,43,20220601,39,55,3,2,2,6,1
FER_DU_FU16,43,20220601,24,9,1,2,2,6,0
FER_DU_FU160,43,20220601,39,55,3,2,2,6,1
FER_DU_FU161,43,20220601,39,55,3,2,2,6,1
FER_DU_FU162,43,20220601,45,30,3,3,2,6,1
FER_DU_FU163,43,20220601,45,30,3,3,2,6,1
FER_DU_FU164,43,20220601,39,55,3,2,2,6,1
FER_DU_FU165,43,20220601,39,55,3,2,2,6,1
FER_DU_FU166,43,20220601,38,50,3,2,8,6,1
FER_DU_FU167,43,20220601,39,55,3,2,2,6,1
FER_DU_FU168,43,20220601,45,30,3,3,2,6,1
FER_DU_FU169,43,20220601,39,55,3,2,2,6,1
FER_DU_FU17,43,20220601,39,55,3,2,2,6,1
FER_DU_FU170,43,20220601,24,9,1,2,2,6,0
FER_DU_FU171,43,20220601,24,9,1,2,2,6,0
FER_DU_FU172,43,20220601,39,55,3,2,2,6,1
FER_DU_FU173,43,20220601,38,50,3,2,8,6,1
FER_DU_FU174,43,20220601,39,55,3,2,2,6,1
FER_DU_FU175,43,20220601,39,55,3,2,2,6,1
FER_DU_FU176,43,20220601,39,55,3,2,2,6,1
FER_DU_FU177,43,20220601,24,9,1,2,2,6,0
FER_DU_FU178,43,20220601,39,55,3,2,2,6,1
FER_DU_FU179,43,20220601,39,55,3,2,2,6,1
FER_DU_FU18,43,20220601,39,55,3,2,2,6,1
FER_DU_FU180,43,20220601,24,9,1,2,2,6,0
FER_DU_FU181,43,20220601,39,55,3,2,2,6,1
FER_DU_FU182,43,20220601,39,55,3,2,2,6,1
FER_DU_FU183,43,20220601,39,55,3,2,2,6,1
FER_DU_FU184,43,20220601,39,55,3,2,2,6,1
FER_DU_FU185,43,20220601,39,55,3,2,2,6,1
FER_DU_FU186,43,20220601,45,30,3,3,2,6,1
FER_DU_FU187,43,20220601,39,55,3,2,2,6,1
FER_DU_FU188,43,20220601,39,55,3,2,2,6,1
FER_DU_FU189,43,20220601,39,55,3,2,2,6,1
FER_DU_FU19,43,20220601,39,55,3,2,2,6,1
FER_DU_FU190,43,20220601,45,30,3,3,2,6,1
FER_DU_FU191,43,20220601,39,55,3,2,2,6,1
FER_DU_FU192,43,20220601,39,55,3,2,2,6,1
FER_DU_FU193,43,20220601,24,9,1,2,2,6,0
FER_DU_FU194,43,20220601,39,55,3,2,2,6,1
FER_DU_FU195,43,20220601,39,55,3,2,2,6,1
FER_DU_FU196,43,20220601,45,30,3,3,2,6,1
FER_DU_FU197,43,20220601,24,9,1,2,2,6,0
FER_DU_FU198,43,20220601,39,55,3,2,2,6,1
FER_DU_FU199,43,20220601,39,55,3,2,2,6,1
FER_DU_FU2,43,20220601,39,55,3,2,2,6,1
FER_DU_FU20,43,20220601,45,30,3,3,2,6,1
FER_DU_FU200,43,20220601,39,55,3,2,2,6,1
FER_DU_FU201,43,20220601,39,55,3,2,2,6,1
FER_DU_FU202,43,20220601,24,9,1,2,2,6,0
FER_DU_FU203,43,20220601,45,30,3,3,2,6,1
FER_DU_FU204,43,20220601,39,55,3,2,2,6,1
FER_DU_FU205,43,20220601,39,55,3,2,2,6,1
FER_DU_FU206,43,20220601,39,55,3,2,2,6,1
FER_DU_FU207,43,20220601,24,9,1,2,2,6,0
FER_DU_FU208,43,20220601,39,55,3,2,2,6,1
FER_DU_FU209,43,20220601,39,55,3,2,2,6,1
FER_DU_FU21,43,20220601,24,9,1,2,2,6,0
FER_DU_FU210,43,20220601,39,55,3,2,2,6,1
FER_DU_FU211,43,20220601,39,55,3,2,2,6,1
FER_DU_FU212,43,20220601,39,55,3,2,2,6,1
FER_DU_FU213,43,20220601,39,55,3,2,2,6,1
FER_DU_FU214,43,20220601,39,55,3,2,2,6,1
FER_DU_FU215,43,20220601,39,55,3,2,2,6,1
FER_DU_FU216,43,20220601,39,55,3,2,2,6,1
FER_DU_FU217,43,20220601,39,55,3,2,2,6,1
FER_DU_FU218,43,20220601,39,55,3,2,2,6,1
FER_DU_FU219,43,20220601,39,55,3,2,2,6,1
FER_DU_FU22,43,20220601,39,55,3,2,2,6,1
FER_DU_FU220,43,20220601,39,55,3,2,2,6,1
FER_DU_FU221,43,20220601,24,9,1,2,2,6,0
FER_DU_FU222,43,20220601,24,9,1,2,2,6,0
FER_DU_FU223,43,20220601,45,30,3,3,2,6,1
FER_DU_FU224,43,20220601,39,55,3,2,2,6,1
FER_DU_FU225,43,20220601,39,55,3,2,2,6,1
FER_DU_FU226,43,20220601,39,55,3,2,2,6,1
FER_DU_FU227,43,20220601,39,55,3,2,2,6,1
FER_DU_FU228,43,20220601,39,55,3,2,2,6,1
FER_DU_FU229,43,20220601,39,55,3,2,2,6,1
FER_DU_FU23,43,20220601,39,55,3,2,2,6,1
FER_DU_FU230,43,20220601,39,55,3,2,2,6,1
FER_DU_FU231,43,20220601,45,30,3,3,2,6,1
FER_DU_FU232,43,20220601,39,55,3,2,2,6,1
FER_DU_FU233,43,20220601,39,55,3,2,2,6,1
FER_DU_FU234,43,20220601,39,55,3,2,2,6,1
FER_DU_FU235,43,20220601,39,55,3,2,2,6,1
FER_DU_FU236,43,20220601,24,9,1,2,2,6,0
FER_DU_FU237,43,20220601,39,55,3,2,2,6,1
FER_DU_FU238,43,20220601,39,55,3,2,2,6,1
FER_DU_FU239,43,20220601,39,55,3,2,2,6,1
FER_DU_FU24,43,20220601,39,55,3,2,2,6,1
FER_DU_FU240,43,20220601,39,55,3,2,2,6,1
FER_DU_FU241,43,20220601,39,55,3,2,2,6,1
FER_DU_FU242,43,20220601,39,55,3,2,2,6,1
FER_DU_FU243,43,20220601,45,30,3,3,2,6,1
FER_DU_FU244,43,20220601,39,55,3,2,2,6,1
FER_DU_FU245,43,20220601,24,9,1,2,2,6,0
FER_DU_FU246,43,20220601,39,55,3,2,2,6,1
FER_DU_FU247,43,20220601,39,55,3,2,2,6,1
FER_DU_FU248,43,20220601,45,30,3,3,2,6,1
FER_DU_FU249,43,20220601,39,55,3,2,2,6,1
FER_DU_FU25,43,20220601,39,55,3,2,2,6,1
FER_DU_FU250,43,20220601,39,55,3,2,2,6,1
FER_DU_FU251,43,20220601,39,55,3,2,2,6,1
FER_DU_FU252,43,20220601,39,55,3,2,2,6,1
FER_DU_FU253,43,20220601,39,55,3,2,2,6,1
FER_DU_FU254,43,20220601,39,55,3,2,2,6,1
FER_DU_FU255,43,20220601,45,30,3,3,2,6,1
FER_DU_FU256,43,20220601,39,55,3,2,2,6,1
FER_DU_FU257,43,20220601,39,55,3,2,2,6,1
FER_DU_FU258,43,20220601,39,55,3,2,2,6,1
FER_DU_FU259,43,20220601,24,9,1,2,2,6,0
FER_DU_FU26,43,20220601,39,55,3,2,2,6,1
FER_DU_FU260,43,20220601,39,55,3,2,2,6,1
FER_DU_FU261,43,20220601,38,50,3,2,8,6,1
FER_DU_FU262,43,20220601,24,9,1,2,2,6,0
FER_DU_FU263,43,20220601,38,50,3,2,8,6,1
FER_DU_FU264,43,20220601,39,55,3,2,2,6,1
FER_DU_FU265,43,20220601,39,55,3,2,2,6,1
FER_DU_FU266,43,20220601,39,55,3,2,2,6,1
FER_DU_FU267,43,20220601,39,55,3,2,2,6,1
FER_DU_FU268,43,20220601,39,55,3,2,2,6,1
FER_DU_FU269,43,20220601,39,55,3,2,2,6,1
FER_DU_FU27,43,20220601,39,55,3,2,2,6,1
FER_DU_FU270,43,20220601,39,55,3,2,2,6,1
FER_DU_FU271,43,20220601,45,30,3,3,2,6,1
FER_DU_FU272,43,20220601,39,55,3,2,2,6,1
FER_DU_FU273,43,20220601,39,55,3,2,2,6,1
FER_DU_FU274,43,20220601,38,50,3,2,8,6,1
FER_DU_FU275,43,20220601,39,55,3,2,2,6,1
FER_DU_FU276,43,20220601,39,55,3,2,2,6,1
FER_DU_FU277,43,20220601,39,55,3,2,2,6,1
FER_DU_FU278,43,20220601,45,30,3,3,2,6,1
FER_DU_FU279,43,20220601,39,55,3,2,2,6,1
FER_DU_FU28,43,20220601,39,55,3,2,2,6,1
FER_DU_FU280,43,20220601,24,9,1,2,2,6,0
FER_DU_FU281,43,20220601,38,50,3,2,8,6,1
FER_DU_FU282,43,20220601,39,55,3,2,2,6,1
FER_DU_FU283,43,20220601,39,55,3,2,2,6,1
FER_DU_FU284,43,20220601,39,55,3,2,2,6,1
FER_DU_FU285,43,20220601,24,9,1,2,2,6,0
FER_DU_FU286,43,20220601,24,9,1,2,2,6,0
FER_DU_FU287,43,20220601,45,30,3,3,2,6,1
FER_DU_FU288,43,20220601,45,30,3,3,2,6,1
FER_DU_FU289,43,20220601,24,9,1,2,2,6,0
FER_DU_FU29,43,20220601,38,50,3,2,8,6,1
FER_DU_FU290,43,20220601,38,50,3,2,8,6,1
FER_DU_FU291,43,20220601,24,9,1,2,2,6,0
FER_DU_FU292,43,20220601,24,9,1,2,2,6,0
FER_DU_FU293,43,20220601,24,9,1,2,2,6,0
FER_DU_FU294,43,20220601,24,9,1,2,2,6,0
FER_DU_FU295,43,20220601,24,9,1,2,2,6,0
FER_DU_FU296,43,20220601,24,9,1,2,2,6,0
FER_DU_FU3,43,20220601,39,55,3,2,2,6,1
FER_DU_FU30,43,20220601,39,55,3,2,2,6,1
FER_DU_FU31,43,20220601,39,55,3,2,2,6,1
FER_DU_FU32,43,20220601,45,30,3,3,2,6,1
FER_DU_FU33,43,20220601,39,55,3,2,2,6,1
FER_DU_FU34,43,20220601,39,55,3,2,2,6,1
FER_DU_FU35,43,20220601,39,55,3,2,2,6,1
FER_DU_FU36,43,20220601,39,55,3,2,2,6,1
FER_DU_FU37,43,20220601,39,55,3,2,2,6,1
FER_DU_FU38,43,20220601,39,55,3,2,2,6,1
FER_DU_FU39,43,20220601,39,55,3,2,2,6,1
FER_DU_FU4,43,20220601,39,55,3,2,2,6,1
FER_DU_FU40,43,20220601,39,55,3,2,2,6,1
FER_DU_FU41,43,20220601,45,30,3,3,2,6,1
FER_DU_FU42,43,20220601,39,55,3,2,2,6,1
FER_DU_FU43,43,20220601,45,30,3,3,2,6,1
FER_DU_FU44,43,20220601,39,55,3,2,2,6,1
FER_DU_FU45,43,20220601,39,55,3,2,2,6,1
FER_DU_FU46,43,20220601,39,55,3,2,2,6,1
FER_DU_FU47,43,20220601,39,55,3,2,2,6,1
FER_DU_FU48,43,20220601,39,55,3,2,2,6,1
FER_DU_FU49,43,20220601,39,55,3,2,2,6,1
FER_DU_FU5,43,20220601,39,55,3,2,2,6,1
FER_DU_FU50,43,20220601,39,55,3,2,2,6,1
FER_DU_FU51,43,20220601,39,55,3,2,2,6,1
FER_DU_FU52,43,20220601,39,55,3,2,2,6,1
FER_DU_FU53,43,20220601,39,55,3,2,2,6,1
FER_DU_FU54,43,20220601,39,55,3,2,2,6,1
FER_DU_FU55,43,20220601,24,9,1,2,2,6,0
FER_DU_FU56,43,20220601,39,55,3,2,2,6,1
FER_DU_FU57,43,20220601,24,9,1,2,2,6,0
FER_DU_FU58,43,20220601,39,55,3,2,2,6,1
FER_DU_FU59,43,20220601,24,9,1,2,2,6,0
FER_DU_FU6,43,20220601,39,55,3,2,2,6,1
FER_DU_FU60,43,20220601,39,55,3,2,2,6,1
FER_DU_FU61,43,20220601,45,30,3,3,2,6,1
FER_DU_FU62,43,20220601,39,55,3,2,2,6,1
FER_DU_FU63,43,20220601,39,55,3,2,2,6,1
FER_DU_FU64,43,20220601,39,55,3,2,2,6,1
FER_DU_FU65,43,20220601,39,55,3,2,2,6,1
FER_DU_FU66,43,20220601,39,55,3,2,2,6,1
FER_DU_FU67,43,20220601,39,55,3,2,2,6,1
FER_DU_FU68,43,20220601,39,55,3,2,2,6,1
FER_DU_FU69,43,20220601,39,55,3,2,2,6,1
FER_DU_FU7,43,20220601,38,50,3,2,8,6,1
FER_DU_FU70,43,20220601,39,55,3,2,2,6,1
FER_DU_FU71,43,20220601,39,55,3,2,2,6,1
FER_DU_FU72,43,20220601,39,55,3,2,2,6,1
FER_DU_FU73,43,20220601,24,9,1,2,2,6,0
FER_DU_FU74,43,20220601,39,55,3,2,2,6,1
FER_DU_FU75,43,20220601,39,55,3,2,2,6,1
FER_DU_FU76,43,20220601,24,9,1,2,2,6,0
FER_DU_FU77,43,20220601,24,9,1,2,2,6,0
FER_DU_FU78,43,20220601,39,55,3,2,2,6,1
FER_DU_FU79,43,20220601,38,50,3,2,8,6,1
FER_DU_FU8,43,20220601,39,55,3,2,2,6,1
FER_DU_FU80,43,20220601,39,55,3,2,2,6,1
FER_DU_FU81,43,20220601,24,9,1,2,2,6,0
FER_DU_FU82,43,20220601,39,55,3,2,2,6,1
FER_DU_FU83,43,20220601,39,55,3,2,2,6,1
FER_DU_FU84,43,20220601,39,55,3,2,2,6,1
FER_DU_FU85,43,20220601,24,9,1,2,2,6,0
FER_DU_FU86,43,20220601,39,55,3,2,2,6,1
FER_DU_FU87,43,20220601,39,55,3,2,2,6,1
FER_DU_FU88,43,20220601,39,55,3,2,2,6,1
FER_DU_FU89,43,20220601,45,30,3,3,2,6,1
FER_DU_FU9,43,20220601,39,55,3,2,2,6,1
FER_DU_FU90,43,20220601,24,9,1,2,2,6,0
FER_DU_FU91,43,20220601,39,55,3,2,2,6,1
FER_DU_FU92,43,20220601,39,55,3,2,2,6,1
FER_DU_FU93,43,20220601,39,55,3,2,2,6,1
FER_DU_FU94,43,20220601,39,55,3,2,2,6,1
FER_DU_FU95,43,20220601,24,9,1,2,2,6,0
FER_DU_FU96,43,20220601,39,55,3,2,2,6,1
FER_DU_FU97,43,20220601,39,55,3,2,2,6,1
FER_DU_FU98,43,20220601,39,55,3,2,2,6,1
FER_DU_FU99,43,20220601,39,55,3,2,2,6,1
FER_SAB_FS1,43,20220601,39,55,3,2,2,6,1
FER_SAB_FS10,43,20220601,39,55,3,2,2,6,1
FER_SAB_FS100,43,20220601,39,55,3,2,2,6,1
FER_SAB_FS101,43,20220601,39,55,3,2,2,6,1
FER_SAB_FS102,43,20220601,39,55,3,2,2,6,1
FER_SAB_FS103,43,20220601,39,55,3,2,2,6,1
FER_SAB_FS104,43,20220601,39,55,3,2,2,6,1
FER_SAB_FS105,43,20220601,24,9,1,2,2,6,0
FER_SAB_FS106,43,20220601,39,55,3,2,2,6,1
FER_SAB_FS107,43,20220601,39,55,3,2,2,6,1
FER_SAB_FS108,43,20220601,24,9,1,2,2,6,0
FER_SAB_FS109,43,20220601,39,55,3,2,2,6,1
FER_SAB_FS11,43,20220601,39,55,3,2,2,6,1
FER_SAB_FS110,43,20220601,38,50,3,2,8,6,1
FER_SAB_FS111,43,20220601,24,9,1,2,2,6,0
FER_SAB_FS112,43,20220601,39,55,3,2,2,6,1
FER_SAB_FS113,43,20220601,39,55,3,2,2,6,1
FER_SAB_FS114,43,20220601,24,9,1,2,2,6,0
FER_SAB_FS115,43,20220601,24,9,1,2,2,6,0
FER_SAB_FS116,43,20220601,24,9,1,2,2,6,0
FER_SAB_FS117,43,20220601,39,55,3,2,2,6,1
FER_SAB_FS118,43,20220601,39,55,3,2,2,6,1
FER_SAB_FS119,43,20220601,24,9,1,2,2,6,0
FER_SAB_FS12,43,20220601,39,55,3,2,2,6,1
FER_SAB_FS120,43,20220601,39,55,3,2,2,6,1
FER_SAB_FS121,43,20220601,39,55,3,2,2,6,1
FER_SAB_FS122,43,20220601,39,55,3,2,2,6,1
FER_SAB_FS123,43,20220601,39,55,3,2,2,6,1
FER_SAB_FS124,43,20220601,24,9,1,2,2,6,0
FER_SAB_FS125,43,20220601,39,55,3,2,2,6,1
FER_SAB_FS126,43,20220601,24,9,1,2,2,6,0
FER_SAB_FS127,43,20220601,39,55,3,2,2,6,1
FER_SAB_FS128,43,20220601,39,55,3,2,2,6,1
FER_SAB_FS129,43,20220601,45,30,3,3,2,6,1
FER_SAB_FS13,43,20220601,39,55,3,2,2,6,1
FER_SAB_FS130,43,20220601,24,9,1,2,2,6,0
FER_SAB_FS131,43,20220601,24,9,1,2,2,6,0
FER_SAB_FS132,43,20220601,24,9,1,2,2,6,0
FER_SAB_FS133,43,20220601,45,30,3,3,2,6,1
FER_SAB_FS134,43,20220601,38,50,3,2,8,6,1
FER_SAB_FS135,43,20220601,39,55,3,2,2,6,1
FER_SAB_FS14,43,20220601,39,55,3,2,2,6,1
FER_SAB_FS15,43,20220601,39,55,3,2,2,6,1
FER_SAB_FS16,43,20220601,24,9,1,2,2,6,0
FER_SAB_FS17,43,20220601,39,55,3,2,2,6,1
FER_SAB_FS18,43,20220601,39,55,3,2,2,6,1
FER_SAB_FS19,43,20220601,39,55,3,2,2,6,1
FER_SAB_FS2,43,20220601,39,55,3,2,2,6,1
FER_SAB_FS20,43,20220601,45,30,3,3,2,6,1
FER_SAB_FS21,43,20220601,24,9,1,2,2,6,0
FER_SAB_FS22,43,20220601,39,55,3,2,2,6,1
FER_SAB_FS23,43,20220601,39,55,3,2,2,6,1
FER_SAB_FS24,43,20220601,39,55,3,2,2,6,1
FER_SAB_FS25,43,20220601,39,55,3,2,2,6,1
FER_SAB_FS26,43,20220601,39,55,3,2,2,6,1
FER_SAB_FS27,43,20220601,39,55,3,2,2,6,1
FER_SAB_FS28,43,20220601,39,55,3,2,2,6,1
FER_SAB_FS29,43,20220601,24,9,1,2,2,6,0
FER_SAB_FS3,43,20220601,39,55,3,2,2,6,1
FER_SAB_FS30,43,20220601,39,55,3,2,2,6,1
FER_SAB_FS31,43,20220601,39,55,3,2,2,6,1
FER_SAB_FS32,43,20220601,39,55,3,2,2,6,1
FER_SAB_FS33,43,20220601,39,55,3,2,2,6,1
FER_SAB_FS34,43,20220601,39,55,3,2,2,6,1
FER_SAB_FS35,43,20220601,38,50,3,2,8,6,1
FER_SAB_FS36,43,20220601,39,55,3,2,2,6,1
FER_SAB_FS37,43,20220601,39,55,3,2,2,6,1
FER_SAB_FS38,43,20220601,39,55,3,2,2,6,1
FER_SAB_FS39,43,20220601,24,9,1,2,2,6,0
FER_SAB_FS4,43,20220601,39,55,3,2,2,6,1
FER_SAB_FS40,43,20220601,39,55,3,2,2,6,1
FER_SAB_FS41,43,20220601,39,55,3,2,2,6,1
FER_SAB_FS42,43,20220601,39,55,3,2,2,6,1
FER_SAB_FS43,43,20220601,39,55,3,2,2,6,1
FER_SAB_FS44,43,20220601,39,55,3,2,2,6,1
FER_SAB_FS45,43,20220601,24,9,1,2,2,6,0
FER_SAB_FS46,43,20220601,39,55,3,2,2,6,1
FER_SAB_FS47,43,20220601,39,55,3,2,2,6,1
FER_SAB_FS48,43,20220601,39,55,3,2,2,6,1
FER_SAB_FS49,43,20220601,24,9,1,2,2,6,0
FER_SAB_FS5,43,20220601,39,55,3,2,2,6,1
FER_SAB_FS50,43,20220601,39,55,3,2,2,6,1
FER_SAB_FS51,43,20220601,39,55,3,2,2,6,1
FER_SAB_FS52,43,20220601,39,55,3,2,2,6,1
FER_SAB_FS53,43,20220601,39,55,3,2,2,6,1
FER_SAB_FS54,43,20220601,39,55,3,2,2,6,1
FER_SAB_FS55,43,20220601,39,55,3,2,2,6,1
FER_SAB_FS56,43,20220601,39,55,3,2,2,6,1
FER_SAB_FS57,43,20220601,39,55,3,2,2,6,1
FER_SAB_FS58,43,20220601,39,55,3,2,2,6,1
FER_SAB_FS59,43,20220601,39,55,3,2,2,6,1
FER_SAB_FS6,43,20220601,39,55,3,2,2,6,1
FER_SAB_FS60,43,20220601,39,55,3,2,2,6,1
FER_SAB_FS61,43,20220601,39,55,3,2,2,6,1
FER_SAB_FS62,43,20220601,24,9,1,2,2,6,0
FER_SAB_FS63,43,20220601,39,55,3,2,2,6,1
FER_SAB_FS64,43,20220601,39,55,3,2,2,6,1
FER_SAB_FS65,43,20220601,39,55,3,2,2,6,1
FER_SAB_FS66,43,20220601,39,55,3,2,2,6,1
FER_SAB_FS67,43,20220601,39,55,3,2,2,6,1
FER_SAB_FS68,43,20220601,39,55,3,2,2,6,1
FER_SAB_FS69,43,20220601,24,9,1,2,2,6,0
FER_SAB_FS7,43,20220601,39,55,3,2,2,6,1
FER_SAB_FS70,43,20220601,39,55,3,2,2,6,1
FER_SAB_FS71,43,20220601,39,55,3,2,2,6,1
FER_SAB_FS72,43,20220601,39,55,3,2,2,6,1
FER_SAB_FS73,43,20220601,39,55,3,2,2,6,1
FER_SAB_FS74,43,20220601,39,55,3,2,2,6,1
FER_SAB_FS75,43,20220601,39,55,3,2,2,6,1
FER_SAB_FS76,43,20220601,39,55,3,2,2,6,1
FER_SAB_FS77,43,20220601,39,55,3,2,2,6,1
FER_SAB_FS78,43,20220601,45,30,3,3,2,6,1
FER_SAB_FS79,43,20220601,24,9,1,2,2,6,0
FER_SAB_FS8,43,20220601,39,55,3,2,2,6,1
FER_SAB_FS80,43,20220601,24,9,1,2,2,6,0
FER_SAB_FS81,43,20220601,39,55,3,2,2,6,1
FER_SAB_FS82,43,20220601,39,55,3,2,2,6,1
FER_SAB_FS83,43,20220601,24,9,1,2,2,6,0
FER_SAB_FS84,43,20220601,39,55,3,2,2,6,1
FER_SAB_FS85,43,20220601,24,9,1,2,2,6,0
FER_SAB_FS86,43,20220601,39,55,3,2,2,6,1
FER_SAB_FS87,43,20220601,39,55,3,2,2,6,1
FER_SAB_FS88,43,20220601,39,55,3,2,2,6,1
FER_SAB_FS89,43,20220601,38,50,3,2,8,6,1
FER_SAB_FS9,43,20220601,38,50,3,2,8,6,1
FER_SAB_FS90,43,20220601,24,9,1,2,2,6,0
FER_SAB_FS91,43,20220601,45,30,3,3,2,6,1
FER_SAB_FS92,43,20220601,39,55,3,2,2,6,1
FER_SAB_FS93,43,20220601,39,55,3,2,2,6,1
FER_SAB_FS94,43,20220601,39,55,3,2,2,6,1
FER_SAB_FS95,43,20220601,39,55,3,2,2,6,1
FER_SAB_FS96,43,20220601,24,9,1,2,2,6,0
FER_SAB_FS97,43,20220601,39,55,3,2,2,6,1
FER_SAB_FS98,43,20220601,39,55,3,2,2,6,1
FER_SAB_FS99,43,20220601,39,55,3,2,2,6,1
VER_DOM_VD1,43,20220601,39,55,3,2,2,6,1
VER_DOM_VD10,43,20220601,39,55,3,2,2,6,1
VER_DOM_VD100,43,20220601,24,9,1,2,2,6,0
VER_DOM_VD101,43,20220601,39,55,3,2,2,6,1
VER_DOM_VD102,43,20220601,39,55,3,2,2,6,1
VER_DOM_VD103,43,20220601,24,9,1,2,2,6,0
VER_DOM_VD104,43,20220601,24,9,1,2,2,6,0
VER_DOM_VD105,43,20220601,39,55,3,2,2,6,1
VER_DOM_VD106,43,20220601,39,55,3,2,2,6,1
VER_DOM_VD107,43,20220601,39,55,3,2,2,6,1
VER_DOM_VD108,43,20220601,39,55,3,2,2,6,1
VER_DOM_VD109,43,20220601,39,55,3,2,2,6,1
VER_DOM_VD11,43,20220601,45,30,3,3,2,6,1
VER_DOM_VD110,43,20220601,39,55,3,2,2,6,1
VER_DOM_VD111,43,20220601,39,55,3,2,2,6,1
VER_DOM_VD112,43,20220601,24,9,1,2,2,6,0
VER_DOM_VD113,43,20220601,39,55,3,2,2,6,1
VER_DOM_VD114,43,20220601,39,55,3,2,2,6,1
VER_DOM_VD115,43,20220601,39,55,3,2,2,6,1
VER_DOM_VD116,43,20220601,38,50,3,2,8,6,1
VER_DOM_VD117,43,20220601,24,9,1,2,2,6,0
VER_DOM_VD118,43,20220601,39,55,3,2,2,6,1
VER_DOM_VD119,43,20220601,39,55,3,2,2,6,1
VER_DOM_VD12,43,20220601,39,55,3,2,2,6,1
VER_DOM_VD120,43,20220601,39,55,3,2,2,6,1
VER_DOM_VD121,43,20220601,39,55,3,2,2,6,1
VER_DOM_VD122,43,20220601,39,55,3,2,2,6,1
VER_DOM_VD123,43,20220601,24,9,1,2,2,6,0
VER_DOM_VD124,43,20220601,39,55,3,2,2,6,1
VER_DOM_VD125,43,20220601,39,55,3,2,2,6,1
VER_DOM_VD126,43,20220601,39,55,3,2,2,6,1
VER_DOM_VD127,43,20220601,39,55,3,2,2,6,1
VER_DOM_VD128,43,20220601,39,55,3,2,2,6,1
VER_DOM_VD129,43,20220601,39,55,3,2,2,6,1
VER_DOM_VD13,43,20220601,39,55,3,2,2,6,1
VER_DOM_VD130,43,20220601,45,30,3,3,2,6,1
VER_DOM_VD131,43,20220601,24,9,1,2,2,6,0
VER_DOM_VD132,43,20220601,38,50,3,2,8,6,1
VER_DOM_VD133,43,20220601,39,55,3,2,2,6,1
VER_DOM_VD134,43,20220601,39,55,3,2,2,6,1
VER_DOM_VD135,43,20220601,39,55,3,2,2,6,1
VER_DOM_VD136,43,20220601,45,30,3,3,2,6,1
VER_DOM_VD137,43,20220601,38,50,3,2,8,6,1
VER_DOM_VD138,43,20220601,38,50,3,2,8,6,1
VER_DOM_VD139,43,20220601,45,30,3,3,2,6,1
VER_DOM_VD14,43,20220601,39,55,3,2,2,6,1
VER_DOM_VD15,43,20220601,39,55,3,2,2,6,1
VER_DOM_VD16,43,20220601,39,55,3,2,2,6,1
VER_DOM_VD17,43,20220601,39,55,3,2,2,6,1
VER_DOM_VD18,43,20220601,39,55,3,2,2,6,1
VER_DOM_VD19,43,20220601,39,55,3,2,2,6,1
VER_DOM_VD2,43,20220601,39,55,3,2,2,6,1
VER_DOM_VD20,43,20220601,39,55,3,2,2,6,1
VER_DOM_VD21,43,20220601,39,55,3,2,2,6,1
VER_DOM_VD22,43,20220601,38,50,3,2,8,6,1
VER_DOM_VD23,43,20220601,39,55,3,2,2,6,1
VER_DOM_VD24,43,20220601,39,55,3,2,2,6,1
VER_DOM_VD25,43,20220601,39,55,3,2,2,6,1
VER_DOM_VD26,43,20220601,39,55,3,2,2,6,1
VER_DOM_VD27,43,20220601,39,55,3,2,2,6,1
VER_DOM_VD28,43,20220601,24,9,1,2,2,6,0
VER_DOM_VD29,43,20220601,39,55,3,2,2,6,1
VER_DOM_VD3,43,20220601,39,55,3,2,2,6,1
VER_DOM_VD30,43,20220601,39,55,3,2,2,6,1
VER_DOM_VD31,43,20220601,24,9,1,2,2,6,0
VER_DOM_VD32,43,20220601,39,55,3,2,2,6,1
VER_DOM_VD33,43,20220601,39,55,3,2,2,6,1
VER_DOM_VD34,43,20220601,39,55,3,2,2,6,1
VER_DOM_VD35,43,20220601,39,55,3,2,2,6,1
VER_DOM_VD36,43,20220601,39,55,3,2,2,6,1
VER_DOM_VD37,43,20220601,39,55,3,2,2,6,1
VER_DOM_VD38,43,20220601,39,55,3,2,2,6,1
VER_DOM_VD39,43,20220601,39,55,3,2,2,6,1
VER_DOM_VD4,43,20220601,39,55,3,2,2,6,1
VER_DOM_VD40,43,20220601,24,9,1,2,2,6,0
VER_DOM_VD41,43,20220601,39,55,3,2,2,6,1
VER_DOM_VD42,43,20220601,39,55,3,2,2,6,1
VER_DOM_VD43,43,20220601,39,55,3,2,2,6,1
VER_DOM_VD44,43,20220601,39,55,3,2,2,6,1
VER_DOM_VD45,43,20220601,39,55,3,2,2,6,1
VER_DOM_VD46,43,20220601,39,55,3,2,2,6,1
VER_DOM_VD47,43,20220601,39,55,3,2,2,6,1
VER_DOM_VD48,43,20220601,39,55,3,2,2,6,1
VER_DOM_VD49,43,20220601,39,55,3,2,2,6,1
VER_DOM_VD5,43,20220601,39,55,3,2,2,6,1
VER_DOM_VD50,43,20220601,39,55,3,2,2,6,1
VER_DOM_VD51,43,20220601,24,9,1,2,2,6,0
VER_DOM_VD52,43,20220601,45,30,3,3,2,6,1
VER_DOM_VD53,43,20220601,39,55,3,2,2,6,1
VER_DOM_VD54,43,20220601,24,9,1,2,2,6,0
VER_DOM_VD55,43,20220601,24,9,1,2,2,6,0
VER_DOM_VD56,43,20220601,39,55,3,2,2,6,1
VER_DOM_VD57,43,20220601,39,55,3,2,2,6,1
VER_DOM_VD58,43,20220601,39,55,3,2,2,6,1
VER_DOM_VD59,43,20220601,24,9,1,2,2,6,0
VER_DOM_VD6,43,20220601,39,55,3,2,2,6,1
VER_DOM_VD60,43,20220601,39,55,3,2,2,6,1
VER_DOM_VD61,43,20220601,39,55,3,2,2,6,1
VER_DOM_VD62,43,20220601,39,55,3,2,2,6,1
VER_DOM_VD63,43,20220601,39,55,3,2,2,6,1
VER_DOM_VD64,43,20220601,45,30,3,3,2,6,1
VER_DOM_VD65,43,20220601,39,55,3,2,2,6,1
VER_DOM_VD66,43,20220601,39,55,3,2,2,6,1
VER_DOM_VD67,43,20220601,24,9,1,2,2,6,0
VER_DOM_VD68,43,20220601,45,30,3,3,2,6,1
VER_DOM_VD69,43,20220601,39,55,3,2,2,6,1
VER_DOM_VD7,43,20220601,39,55,3,2,2,6,1
VER_DOM_VD70,43,20220601,39,55,3,2,2,6,1
VER_DOM_VD71,43,20220601,39,55,3,2,2,6,1
VER_DOM_VD72,43,20220601,39,55,3,2,2,6,1
VER_DOM_VD73,43,20220601,39,55,3,2,2,6,1
VER_DOM_VD74,43,20220601,39,55,3,2,2,6,1
VER_DOM_VD75,43,20220601,39,55,3,2,2,6,1
VER_DOM_VD76,43,20220601,24,9,1,2,2,6,0
VER_DOM_VD77,43,20220601,24,9,1,2,2,6,0
VER_DOM_VD78,43,20220601,39,55,3,2,2,6,1
VER_DOM_VD79,43,20220601,39,55,3,2,2,6,1
VER_DOM_VD8,43,20220601,38,50,3,2,8,6,1
VER_DOM_VD80,43,20220601,24,9,1,2,2,6,0
VER_DOM_VD81,43,20220601,39,55,3,2,2,6,1
VER_DOM_VD82,43,20220601,45,30,3,3,2,6,1
VER_DOM_VD83,43,20220601,39,55,3,2,2,6,1
VER_DOM_VD84,43,20220601,39,55,3,2,2,6,1
VER_DOM_VD85,43,20220601,39,55,3,2,2,6,1
VER_DOM_VD86,43,20220601,45,30,3,3,2,6,1
VER_DOM_VD87,43,20220601,39,55,3,2,2,6,1
VER_DOM_VD88,43,20220601,24,9,1,2,2,6,0
VER_DOM_VD89,43,20220601,38,50,3,2,8,6,1
VER_DOM_VD9,43,20220601,39,55,3,2,2,6,1
VER_DOM_VD90,43,20220601,39,55,3,2,2,6,1
VER_DOM_VD91,43,20220601,39,55,3,2,2,6,1
VER_DOM_VD92,43,20220601,39,55,3,2,2,6,1
VER_DOM_VD93,43,20220601,39,55,3,2,2,6,1
VER_DOM_VD94,43,20220601,39,55,3,2,2,6,1
VER_DOM_VD95,43,20220601,24,9,1,2,2,6,0
VER_DOM_VD96,43,20220601,39,55,3,2,2,6,1
VER_DOM_VD97,43,20220601,39,55,3,2,2,6,1
VER_DOM_VD98,43,20220601,39,55,3,2,2,6,1
VER_DOM_VD99,43,20220601,24,9,1,2,2,6,0
VER_DU_VU1,43,20220601,24,9,1,2,2,6,0
VER_DU_VU10,43,20220601,39,55,3,2,2,6,1
VER_DU_VU100,43,20220601,39,55,3,2,2,6,1
VER_DU_VU101,43,20220601,39,55,3,2,2,6,1
VER_DU_VU102,43,20220601,39,55,3,2,2,6,1
VER_DU_VU103,43,20220601,45,30,3,3,2,6,1
VER_DU_VU104,43,20220601,38,50,3,2,8,6,1
VER_DU_VU105,43,20220601,38,50,3,2,8,6,1
VER_DU_VU106,43,20220601,24,9,1,2,2,6,0
VER_DU_VU107,43,20220601,39,55,3,2,2,6,1
VER_DU_VU108,43,20220601,38,50,3,2,8,6,1
VER_DU_VU109,43,20220601,39,55,3,2,2,6,1
VER_DU_VU11,43,20220601,39,55,3,2,2,6,1
VER_DU_VU110,43,20220601,39,55,3,2,2,6,1
VER_DU_VU111,43,20220601,24,9,1,2,2,6,0
VER_DU_VU112,43,20220601,39,55,3,2,2,6,1
VER_DU_VU113,43,20220601,45,30,3,3,2,6,1
VER_DU_VU114,43,20220601,24,9,1,2,2,6,0
VER_DU_VU115,43,20220601,39,55,3,2,2,6,1
VER_DU_VU116,43,20220601,39,55,3,2,2,6,1
VER_DU_VU117,43,20220601,24,9,1,2,2,6,0
VER_DU_VU118,43,20220601,39,55,3,2,2,6,1
VER_DU_VU119,43,20220601,39,55,3,2,2,6,1
VER_DU_VU12,43,20220601,24,9,1,2,2,6,0
VER_DU_VU120,43,20220601,24,9,1,2,2,6,0
VER_DU_VU121,43,20220601,39,55,3,2,2,6,1
VER_DU_VU122,43,20220601,39,55,3,2,2,6,1
VER_DU_VU123,43,20220601,39,55,3,2,2,6,1
VER_DU_VU124,43,20220601,39,55,3,2,2,6,1
VER_DU_VU125,43,20220601,39,55,3,2,2,6,1
VER_DU_VU126,43,20220601,39,55,3,2,2,6,1
VER_DU_VU127,43,20220601,45,30,3,3,2,6,1
VER_DU_VU128,43,20220601,24,9,1,2,2,6,0
VER_DU_VU129,43,20220601,39,55,3,2,2,6,1
VER_DU_VU13,43,20220601,39,55,3,2,2,6,1
VER_DU_VU130,43,20220601,39,55,3,2,2,6,1
VER_DU_VU131,43,20220601,39,55,3,2,2,6,1
VER_DU_VU132,43,20220601,39,55,3,2,2,6,1
VER_DU_VU133,43,20220601,39,55,3,2,2,6,1
VER_DU_VU134,43,20220601,24,9,1,2,2,6,0
VER_DU_VU135,43,20220601,39,55,3,2,2,6,1
VER_DU_VU136,43,20220601,39,55,3,2,2,6,1
VER_DU_VU137,43,20220601,39,55,3,2,2,6,1
VER_DU_VU138,43,20220601,24,9,1,2,2,6,0
VER_DU_VU139,43,20220601,39,55,3,2,2,6,1
VER_DU_VU14,43,20220601,39,55,3,2,2,6,1
VER_DU_VU140,43,20220601,45,30,3,3,2,6,1
VER_DU_VU141,43,20220601,39,55,3,2,2,6,1
VER_DU_VU142,43,20220601,39,55,3,2,2,6,1
VER_DU_VU143,43,20220601,39,55,3,2,2,6,1
VER_DU_VU144,43,20220601,39,55,3,2,2,6,1
VER_DU_VU145,43,20220601,39,55,3,2,2,6,1
VER_DU_VU146,43,20220601,39,55,3,2,2,6,1
VER_DU_VU147,43,20220601,39,55,3,2,2,6,1
VER_DU_VU148,43,20220601,39,55,3,2,2,6,1
VER_DU_VU149,43,20220601,39,55,3,2,2,6,1
VER_DU_VU15,43,20220601,39,55,3,2,2,6,1
VER_DU_VU150,43,20220601,39,55,3,2,2,6,1
VER_DU_VU151,43,20220601,39,55,3,2,2,6,1
VER_DU_VU152,43,20220601,24,9,1,2,2,6,0
VER_DU_VU153,43,20220601,39,55,3,2,2,6,1
VER_DU_VU154,43,20220601,39,55,3,2,2,6,1
VER_DU_VU155,43,20220601,38,50,3,2,8,6,1
VER_DU_VU156,43,20220601,39,55,3,2,2,6,1
VER_DU_VU157,43,20220601,39,55,3,2,2,6,1
VER_DU_VU158,43,20220601,39,55,3,2,2,6,1
VER_DU_VU159,43,20220601,39,55,3,2,2,6,1
VER_DU_VU16,43,20220601,39,55,3,2,2,6,1
VER_DU_VU160,43,20220601,39,55,3,2,2,6,1
VER_DU_VU161,43,20220601,39,55,3,2,2,6,1
VER_DU_VU162,43,20220601,45,30,3,3,2,6,1
VER_DU_VU163,43,20220601,39,55,3,2,2,6,1
VER_DU_VU164,43,20220601,39,55,3,2,2,6,1
VER_DU_VU165,43,20220601,39,55,3,2,2,6,1
VER_DU_VU166,43,20220601,38,50,3,2,8,6,1
VER_DU_VU167,43,20220601,24,9,1,2,2,6,0
VER_DU_VU168,43,20220601,45,30,3,3,2,6,1
VER_DU_VU169,43,20220601,39,55,3,2,2,6,1
VER_DU_VU17,43,20220601,39,55,3,2,2,6,1
VER_DU_VU170,43,20220601,39,55,3,2,2,6,1
VER_DU_VU171,43,20220601,39,55,3,2,2,6,1
VER_DU_VU172,43,20220601,39,55,3,2,2,6,1
VER_DU_VU173,43,20220601,38,50,3,2,8,6,1
VER_DU_VU174,43,20220601,39,55,3,2,2,6,1
VER_DU_VU175,43,20220601,45,30,3,3,2,6,1
VER_DU_VU176,43,20220601,39,55,3,2,2,6,1
VER_DU_VU177,43,20220601,24,9,1,2,2,6,0
VER_DU_VU178,43,20220601,24,9,1,2,2,6,0
VER_DU_VU179,43,20220601,39,55,3,2,2,6,1
VER_DU_VU18,43,20220601,39,55,3,2,2,6,1
VER_DU_VU180,43,20220601,39,55,3,2,2,6,1
VER_DU_VU181,43,20220601,39,55,3,2,2,6,1
VER_DU_VU182,43,20220601,39,55,3,2,2,6,1
VER_DU_VU183,43,20220601,39,55,3,2,2,6,1
VER_DU_VU184,43,20220601,39,55,3,2,2,6,1
VER_DU_VU185,43,20220601,39,55,3,2,2,6,1
VER_DU_VU186,43,20220601,45,30,3,3,2,6,1
VER_DU_VU187,43,20220601,39,55,3,2,2,6,1
VER_DU_VU188,43,20220601,24,9,1,2,2,6,0
VER_DU_VU189,43,20220601,45,30,3,3,2,6,1
VER_DU_VU19,43,20220601,39,55,3,2,2,6,1
VER_DU_VU190,43,20220601,39,55,3,2,2,6,1
VER_DU_VU191,43,20220601,39,55,3,2,2,6,1
VER_DU_VU192,43,20220601,45,30,3,3,2,6,1
VER_DU_VU193,43,20220601,39,55,3,2,2,6,1
VER_DU_VU194,43,20220601,39,55,3,2,2,6,1
VER_DU_VU195,43,20220601,24,9,1,2,2,6,0
VER_DU_VU196,43,20220601,39,55,3,2,2,6,1
VER_DU_VU197,43,20220601,39,55,3,2,2,6,1
VER_DU_VU198,43,20220601,24,9,1,2,2,6,0
VER_DU_VU199,43,20220601,39,55,3,2,2,6,1
VER_DU_VU2,43,20220601,39,55,3,2,2,6,1
VER_DU_VU20,43,20220601,45,30,3,3,2,6,1
VER_DU_VU200,43,20220601,24,9,1,2,2,6,0
VER_DU_VU201,43,20220601,39,55,3,2,2,6,1
VER_DU_VU202,43,20220601,39,55,3,2,2,6,1
VER_DU_VU203,43,20220601,39,55,3,2,2,6,1
VER_DU_VU204,43,20220601,39,55,3,2,2,6,1
VER_DU_VU205,43,20220601,39,55,3,2,2,6,1
VER_DU_VU206,43,20220601,45,30,3,3,2,6,1
VER_DU_VU207,43,20220601,39,55,3,2,2,6,1
VER_DU_VU208,43,20220601,39,55,3,2,2,6,1
VER_DU_VU209,43,20220601,39,55,3,2,2,6,1
VER_DU_VU21,43,20220601,24,9,1,2,2,6,0
VER_DU_VU210,43,20220601,39,55,3,2,2,6,1
VER_DU_VU211,43,20220601,39,55,3,2,2,6,1
VER_DU_VU212,43,20220601,39,55,3,2,2,6,1
VER_DU_VU213,43,20220601,39,55,3,2,2,6,1
VER_DU_VU214,43,20220601,39,55,3,2,2,6,1
VER_DU_VU215,43,20220601,39,55,3,2,2,6,1
VER_DU_VU216,43,20220601,39,55,3,2,2,6,1
VER_DU_VU217,43,20220601,39,55,3,2,2,6,1
VER_DU_VU218,43,20220601,45,30,3,3,2,6,1
VER_DU_VU219,43,20220601,39,55,3,2,2,6,1
VER_DU_VU22,43,20220601,39,55,3,2,2,6,1
VER_DU_VU220,43,20220601,39,55,3,2,2,6,1
VER_DU_VU221,43,20220601,39,55,3,2,2,6,1
VER_DU_VU222,43,20220601,39,55,3,2,2,6,1
VER_DU_VU223,43,20220601,39,55,3,2,2,6,1
VER_DU_VU224,43,20220601,24,9,1,2,2,6,0
VER_DU_VU225,43,20220601,45,30,3,3,2,6,1
VER_DU_VU226,43,20220601,39,55,3,2,2,6,1
VER_DU_VU227,43,20220601,39,55,3,2,2,6,1
VER_DU_VU228,43,20220601,39,55,3,2,2,6,1
VER_DU_VU229,43,20220601,39,55,3,2,2,6,1
VER_DU_VU23,43,20220601,39,55,3,2,2,6,1
VER_DU_VU230,43,20220601,39,55,3,2,2,6,1
VER_DU_VU231,43,20220601,39,55,3,2,2,6,1
VER_DU_VU232,43,20220601,39,55,3,2,2,6,1
VER_DU_VU233,43,20220601,39,55,3,2,2,6,1
VER_DU_VU234,43,20220601,39,55,3,2,2,6,1
VER_DU_VU235,43,20220601,39,55,3,2,2,6,1
VER_DU_VU236,43,20220601,39,55,3,2,2,6,1
VER_DU_VU237,43,20220601,45,30,3,3,2,6,1
VER_DU_VU238,43,20220601,24,9,1,2,2,6,0
VER_DU_VU239,43,20220601,24,9,1,2,2,6,0
VER_DU_VU24,43,20220601,39,55,3,2,2,6,1
VER_DU_VU240,43,20220601,39,55,3,2,2,6,1
VER_DU_VU241,43,20220601,45,30,3,3,2,6,1
VER_DU_VU242,43,20220601,45,30,3,3,2,6,1
VER_DU_VU243,43,20220601,39,55,3,2,2,6,1
VER_DU_VU244,43,20220601,39,55,3,2,2,6,1
VER_DU_VU245,43,20220601,39,55,3,2,2,6,1
VER_DU_VU246,43,20220601,39,55,3,2,2,6,1
VER_DU_VU247,43,20220601,39,55,3,2,2,6,1
VER_DU_VU248,43,20220601,39,55,3,2,2,6,1
VER_DU_VU249,43,20220601,39,55,3,2,2,6,1
VER_DU_VU25,43,20220601,39,55,3,2,2,6,1
VER_DU_VU250,43,20220601,45,30,3,3,2,6,1
VER_DU_VU251,43,20220601,24,9,1,2,2,6,0
VER_DU_VU252,43,20220601,39,55,3,2,2,6,1
VER_DU_VU253,43,20220601,24,9,1,2,2,6,0
VER_DU_VU254,43,20220601,39,55,3,2,2,6,1
VER_DU_VU255,43,20220601,39,55,3,2,2,6,1
VER_DU_VU256,43,20220601,39,55,3,2,2,6,1
VER_DU_VU257,43,20220601,39,55,3,2,2,6,1
VER_DU_VU258,43,20220601,39,55,3,2,2,6,1
VER_DU_VU259,43,20220601,39,55,3,2,2,6,1
VER_DU_VU26,43,20220601,39,55,3,2,2,6,1
VER_DU_VU260,43,20220601,39,55,3,2,2,6,1
VER_DU_VU261,43,20220601,45,30,3,3,2,6,1
VER_DU_VU262,43,20220601,39,55,3,2,2,6,1
VER_DU_VU263,43,20220601,39,55,3,2,2,6,1
VER_DU_VU264,43,20220601,39,55,3,2,2,6,1
VER_DU_VU265,43,20220601,39,55,3,2,2,6,1
VER_DU_VU266,43,20220601,45,30,3,3,2,6,1
VER_DU_VU267,43,20220601,39,55,3,2,2,6,1
VER_DU_VU268,43,20220601,39,55,3,2,2,6,1
VER_DU_VU269,43,20220601,45,30,3,3,2,6,1
VER_DU_VU27,43,20220601,39,55,3,2,2,6,1
VER_DU_VU270,43,20220601,39,55,3,2,2,6,1
VER_DU_VU271,43,20220601,39,55,3,2,2,6,1
VER_DU_VU272,43,20220601,39,55,3,2,2,6,1
VER_DU_VU273,43,20220601,39,55,3,2,2,6,1
VER_DU_VU274,43,20220601,39,55,3,2,2,6,1
VER_DU_VU275,43,20220601,38,50,3,2,8,6,1
VER_DU_VU276,43,20220601,39,55,3,2,2,6,1
VER_DU_VU277,43,20220601,24,9,1,2,2,6,0
VER_DU_VU278,43,20220601,39,55,3,2,2,6,1
VER_DU_VU279,43,20220601,38,50,3,2,8,6,1
VER_DU_VU28,43,20220601,39,55,3,2,2,6,1
VER_DU_VU280,43,20220601,39,55,3,2,2,6,1
VER_DU_VU281,43,20220601,39,55,3,2,2,6,1
VER_DU_VU282,43,20220601,24,9,1,2,2,6,0
VER_DU_VU283,43,20220601,45,30,3,3,2,6,1
VER_DU_VU284,43,20220601,39,55,3,2,2,6,1
VER_DU_VU285,43,20220601,45,30,3,3,2,6,1
VER_DU_VU286,43,20220601,39,55,3,2,2,6,1
VER_DU_VU287,43,20220601,24,9,1,2,2,6,0
VER_DU_VU288,43,20220601,24,9,1,2,2,6,0
VER_DU_VU289,43,20220601,38,50,3,2,8,6,1
VER_DU_VU29,43,20220601,39,55,3,2,2,6,1
VER_DU_VU290,43,20220601,24,9,1,2,2,6,0
VER_DU_VU291,43,20220601,38,50,3,2,8,6,1
VER_DU_VU3,43,20220601,39,55,3,2,2,6,1
VER_DU_VU30,43,20220601,38,50,3,2,8,6,1
VER_DU_VU31,43,20220601,45,30,3,3,2,6,1
VER_DU_VU32,43,20220601,39,55,3,2,2,6,1
VER_DU_VU33,43,20220601,39,55,3,2,2,6,1
VER_DU_VU34,43,20220601,39,55,3,2,2,6,1
VER_DU_VU35,43,20220601,39,55,3,2,2,6,1
VER_DU_VU36,43,20220601,39,55,3,2,2,6,1
VER_DU_VU37,43,20220601,45,30,3,3,2,6,1
VER_DU_VU38,43,20220601,39,55,3,2,2,6,1
VER_DU_VU39,43,20220601,39,55,3,2,2,6,1
VER_DU_VU4,43,20220601,39,55,3,2,2,6,1
VER_DU_VU40,43,20220601,39,55,3,2,2,6,1
VER_DU_VU41,43,20220601,39,55,3,2,2,6,1
VER_DU_VU42,43,20220601,39,55,3,2,2,6,1
VER_DU_VU43,43,20220601,39,55,3,2,2,6,1
VER_DU_VU44,43,20220601,39,55,3,2,2,6,1
VER_DU_VU45,43,20220601,39,55,3,2,2,6,1
VER_DU_VU46,43,20220601,39,55,3,2,2,6,1
VER_DU_VU47,43,20220601,39,55,3,2,2,6,1
VER_DU_VU48,43,20220601,39,55,3,2,2,6,1
VER_DU_VU49,43,20220601,39,55,3,2,2,6,1
VER_DU_VU5,43,20220601,39,55,3,2,2,6,1
VER_DU_VU50,43,20220601,39,55,3,2,2,6,1
VER_DU_VU51,43,20220601,39,55,3,2,2,6,1
VER_DU_VU52,43,20220601,45,30,3,3,2,6,1
VER_DU_VU53,43,20220601,39,55,3,2,2,6,1
VER_DU_VU54,43,20220601,24,9,1,2,2,6,0
VER_DU_VU55,43,20220601,24,9,1,2,2,6,0
VER_DU_VU56,43,20220601,39,55,3,2,2,6,1
VER_DU_VU57,43,20220601,38,50,3,2,8,6,1
VER_DU_VU58,43,20220601,39,55,3,2,2,6,1
VER_DU_VU59,43,20220601,39,55,3,2,2,6,1
VER_DU_VU6,43,20220601,39,55,3,2,2,6,1
VER_DU_VU60,43,20220601,39,55,3,2,2,6,1
VER_DU_VU61,43,20220601,39,55,3,2,2,6,1
VER_DU_VU62,43,20220601,39,55,3,2,2,6,1
VER_DU_VU63,43,20220601,39,55,3,2,2,6,1
VER_DU_VU64,43,20220601,24,9,1,2,2,6,0
VER_DU_VU65,43,20220601,39,55,3,2,2,6,1
VER_DU_VU66,43,20220601,39,55,3,2,2,6,1
VER_DU_VU67,43,20220601,39,55,3,2,2,6,1
VER_DU_VU68,43,20220601,39,55,3,2,2,6,1
VER_DU_VU69,43,20220601,38,50,3,2,8,6,1
VER_DU_VU7,43,20220601,38,50,3,2,8,6,1
VER_DU_VU70,43,20220601,39,55,3,2,2,6,1
VER_DU_VU71,43,20220601,39,55,3,2,2,6,1
VER_DU_VU72,43,20220601,39,55,3,2,2,6,1
VER_DU_VU73,43,20220601,39,55,3,2,2,6,1
VER_DU_VU74,43,20220601,24,9,1,2,2,6,0
VER_DU_VU75,43,20220601,24,9,1,2,2,6,0
VER_DU_VU76,43,20220601,39,55,3,2,2,6,1
VER_DU_VU77,43,20220601,24,9,1,2,2,6,0
VER_DU_VU78,43,20220601,39,55,3,2,2,6,1
VER_DU_VU79,43,20220601,24,9,1,2,2,6,0
VER_DU_VU8,43,20220601,39,55,3,2,2,6,1
VER_DU_VU80,43,20220601,39,55,3,2,2,6,1
VER_DU_VU81,43,20220601,39,55,3,2,2,6,1
VER_DU_VU82,43,20220601,24,9,1,2,2,6,0
VER_DU_VU83,43,20220601,39,55,3,2,2,6,1
VER_DU_VU84,43,20220601,39,55,3,2,2,6,1
VER_DU_VU85,43,20220601,24,9,1,2,2,6,0
VER_DU_VU86,43,20220601,39,55,3,2,2,6,1
VER_DU_VU87,43,20220601,39,55,3,2,2,6,1
VER_DU_VU88,43,20220601,45,30,3,3,2,6,1
VER_DU_VU89,43,20220601,24,9,1,2,2,6,0
VER_DU_VU9,43,20220601,39,55,3,2,2,6,1
VER_DU_VU90,43,20220601,39,55,3,2,2,6,1
VER_DU_VU91,43,20220601,24,9,1,2,2,6,0
VER_DU_VU92,43,20220601,39,55,3,2,2,6,1
VER_DU_VU93,43,20220601,24,9,1,2,2,6,0
VER_DU_VU94,43,20220601,39,55,3,2,2,6,1
VER_DU_VU95,43,20220601,39,55,3,2,2,6,1
VER_DU_VU96,43,20220601,45,30,3,3,2,6,1
VER_DU_VU97,43,20220601,39,55,3,2,2,6,1
VER_DU_VU98,43,20220601,39,55,3,2,2,6,1
VER_DU_VU99,43,20220601,39,55,3,2,2,6,1
VER_SAB_VS1,43,20220601,24,9,1,2,2,6,0
VER_SAB_VS10,43,20220601,39,55,3,2,2,6,1
VER_SAB_VS100,43,20220601,39,55,3,2,2,6,1
VER_SAB_VS101,43,20220601,39,55,3,2,2,6,1
VER_SAB_VS102,43,20220601,39,55,3,2,2,6,1
VER_SAB_VS103,43,20220601,39,55,3,2,2,6,1
VER_SAB_VS104,43,20220601,39,55,3,2,2,6,1
VER_SAB_VS105,43,20220601,39,55,3,2,2,6,1
VER_SAB_VS106,43,20220601,39,55,3,2,2,6,1
VER_SAB_VS107,43,20220601,39,55,3,2,2,6,1
VER_SAB_VS108,43,20220601,39,55,3,2,2,6,1
VER_SAB_VS109,43,20220601,39,55,3,2,2,6,1
VER_SAB_VS11,43,20220601,39,55,3,2,2,6,1
VER_SAB_VS110,43,20220601,39,55,3,2,2,6,1
VER_SAB_VS111,43,20220601,39,55,3,2,2,6,1
VER_SAB_VS112,43,20220601,24,9,1,2,2,6,0
VER_SAB_VS113,43,20220601,45,30,3,3,2,6,1
VER_SAB_VS114,43,20220601,39,55,3,2,2,6,1
VER_SAB_VS115,43,20220601,39,55,3,2,2,6,1
VER_SAB_VS116,43,20220601,45,30,3,3,2,6,1
VER_SAB_VS117,43,20220601,24,9,1,2,2,6,0
VER_SAB_VS118,43,20220601,39,55,3,2,2,6,1
VER_SAB_VS119,43,20220601,39,55,3,2,2,6,1
VER_SAB_VS12,43,20220601,39,55,3,2,2,6,1
VER_SAB_VS120,43,20220601,39,55,3,2,2,6,1
VER_SAB_VS121,43,20220601,24,9,1,2,2,6,0
VER_SAB_VS122,43,20220601,39,55,3,2,2,6,1
VER_SAB_VS123,43,20220601,24,9,1,2,2,6,0
VER_SAB_VS124,43,20220601,39,55,3,2,2,6,1
VER_SAB_VS125,43,20220601,39,55,3,2,2,6,1
VER_SAB_VS126,43,20220601,39,55,3,2,2,6,1
VER_SAB_VS127,43,20220601,39,55,3,2,2,6,1
VER_SAB_VS128,43,20220601,39,55,3,2,2,6,1
VER_SAB_VS129,43,20220601,24,9,1,2,2,6,0
VER_SAB_VS13,43,20220601,39,55,3,2,2,6,1
VER_SAB_VS130,43,20220601,39,55,3,2,2,6,1
VER_SAB_VS131,43,20220601,39,55,3,2,2,6,1
VER_SAB_VS132,43,20220601,39,55,3,2,2,6,1
VER_SAB_VS133,43,20220601,39,55,3,2,2,6,1
VER_SAB_VS134,43,20220601,24,9,1,2,2,6,0
VER_SAB_VS135,43,20220601,39,55,3,2,2,6,1
VER_SAB_VS136,43,20220601,39,55,3,2,2,6,1
VER_SAB_VS137,43,20220601,24,9,1,2,2,6,0
VER_SAB_VS138,43,20220601,38,50,3,2,8,6,1
VER_SAB_VS139,43,20220601,39,55,3,2,2,6,1
VER_SAB_VS14,43,20220601,39,55,3,2,2,6,1
VER_SAB_VS140,43,20220601,39,55,3,2,2,6,1
VER_SAB_VS141,43,20220601,45,30,3,3,2,6,1
VER_SAB_VS142,43,20220601,24,9,1,2,2,6,0
VER_SAB_VS143,43,20220601,24,9,1,2,2,6,0
VER_SAB_VS144,43,20220601,24,9,1,2,2,6,0
VER_SAB_VS145,43,20220601,38,50,3,2,8,6,1
VER_SAB_VS146,43,20220601,38,50,3,2,8,6,1
VER_SAB_VS147,43,20220601,38,50,3,2,8,6,1
VER_SAB_VS148,43,20220601,45,30,3,3,2,6,1
VER_SAB_VS15,43,20220601,24,9,1,2,2,6,0
VER_SAB_VS16,43,20220601,24,9,1,2,2,6,0
VER_SAB_VS17,43,20220601,24,9,1,2,2,6,0
VER_SAB_VS18,43,20220601,39,55,3,2,2,6,1
VER_SAB_VS19,43,20220601,39,55,3,2,2,6,1
VER_SAB_VS2,43,20220601,39,55,3,2,2,6,1
VER_SAB_VS20,43,20220601,39,55,3,2,2,6,1
VER_SAB_VS21,43,20220601,39,55,3,2,2,6,1
VER_SAB_VS22,43,20220601,39,55,3,2,2,6,1
VER_SAB_VS23,43,20220601,45,30,3,3,2,6,1
VER_SAB_VS24,43,20220601,39,55,3,2,2,6,1
VER_SAB_VS25,43,20220601,39,55,3,2,2,6,1
VER_SAB_VS26,43,20220601,39,55,3,2,2,6,1
VER_SAB_VS27,43,20220601,39,55,3,2,2,6,1
VER_SAB_VS28,43,20220601,39,55,3,2,2,6,1
VER_SAB_VS29,43,20220601,24,9,1,2,2,6,0
VER_SAB_VS3,43,20220601,39,55,3,2,2,6,1
VER_SAB_VS30,43,20220601,39,55,3,2,2,6,1
VER_SAB_VS31,43,20220601,39,55,3,2,2,6,1
VER_SAB_VS32,43,20220601,39,55,3,2,2,6,1
VER_SAB_VS33,43,20220601,39,55,3,2,2,6,1
VER_SAB_VS34,43,20220601,39,55,3,2,2,6,1
VER_SAB_VS35,43,20220601,38,50,3,2,8,6,1
VER_SAB_VS36,43,20220601,39,55,3,2,2,6,1
VER_SAB_VS37,43,20220601,24,9,1,2,2,6,0
VER_SAB_VS38,43,20220601,38,50,3,2,8,6,1
VER_SAB_VS39,43,20220601,39,55,3,2,2,6,1
VER_SAB_VS4,43,20220601,39,55,3,2,2,6,1
VER_SAB_VS40,43,20220601,39,55,3,2,2,6,1
VER_SAB_VS41,43,20220601,24,9,1,2,2,6,0
VER_SAB_VS42,43,20220601,39,55,3,2,2,6,1
VER_SAB_VS43,43,20220601,39,55,3,2,2,6,1
VER_SAB_VS44,43,20220601,39,55,3,2,2,6,1
VER_SAB_VS45,43,20220601,39,55,3,2,2,6,1
VER_SAB_VS46,43,20220601,39,55,3,2,2,6,1
VER_SAB_VS47,43,20220601,39,55,3,2,2,6,1
VER_SAB_VS48,43,20220601,39,55,3,2,2,6,1
VER_SAB_VS49,43,20220601,39,55,3,2,2,6,1
VER_SAB_VS5,43,20220601,39,55,3,2,2,6,1
VER_SAB_VS50,43,20220601,24,9,1,2,2,6,0
VER_SAB_VS51,43,20220601,39,55,3,2,2,6,1
VER_SAB_VS52,43,20220601,39,55,3,2,2,6,1
VER_SAB_VS53,43,20220601,39,55,3,2,2,6,1
VER_SAB_VS54,43,20220601,39,55,3,2,2,6,1
VER_SAB_VS55,43,20220601,39,55,3,2,2,6,1
VER_SAB_VS56,43,20220601,39,55,3,2,2,6,1
VER_SAB_VS57,43,20220601,39,55,3,2,2,6,1
VER_SAB_VS58,43,20220601,39,55,3,2,2,6,1
VER_SAB_VS59,43,20220601,39,55,3,2,2,6,1
VER_SAB_VS6,43,20220601,39,55,3,2,2,6,1
VER_SAB_VS60,43,20220601,39,55,3,2,2,6,1
VER_SAB_VS61,43,20220601,39,55,3,2,2,6,1
VER_SAB_VS62,43,20220601,39,55,3,2,2,6,1
VER_SAB_VS63,43,20220601,39,55,3,2,2,6,1
VER_SAB_VS64,43,20220601,39,55,3,2,2,6,1
VER_SAB_VS65,43,20220601,39,55,3,2,2,6,1
VER_SAB_VS66,43,20220601,39,55,3,2,2,6,1
VER_SAB_VS67,43,20220601,24,9,1,2,2,6,0
VER_SAB_VS68,43,20220601,39,55,3,2,2,6,1
VER_SAB_VS69,43,20220601,39,55,3,2,2,6,1
VER_SAB_VS7,43,20220601,39,55,3,2,2,6,1
VER_SAB_VS70,43,20220601,39,55,3,2,2,6,1
VER_SAB_VS71,43,20220601,39,55,3,2,2,6,1
VER_SAB_VS72,43,20220601,24,9,1,2,2,6,0
VER_SAB_VS73,43,20220601,39,55,3,2,2,6,1
VER_SAB_VS74,43,20220601,39,55,3,2,2,6,1
VER_SAB_VS75,43,20220601,39,55,3,2,2,6,1
VER_SAB_VS76,43,20220601,39,55,3,2,2,6,1
VER_SAB_VS77,43,20220601,39,55,3,2,2,6,1
VER_SAB_VS78,43,20220601,39,55,3,2,2,6,1
VER_SAB_VS79,43,20220601,24,9,1,2,2,6,0
VER_SAB_VS8,43,20220601,39,55,3,2,2,6,1
VER_SAB_VS80,43,20220601,45,30,3,3,2,6,1
VER_SAB_VS81,43,20220601,39,55,3,2,2,6,1
VER_SAB_VS82,43,20220601,24,9,1,2,2,6,0
VER_SAB_VS83,43,20220601,39,55,3,2,2,6,1
VER_SAB_VS84,43,20220601,24,9,1,2,2,6,0
VER_SAB_VS85,43,20220601,39,55,3,2,2,6,1
VER_SAB_VS86,43,20220601,39,55,3,2,2,6,1
VER_SAB_VS87,43,20220601,24,9,1,2,2,6,0
VER_SAB_VS88,43,20220601,39,55,3,2,2,6,1
VER_SAB_VS89,43,20220601,39,55,3,2,2,6,1
VER_SAB_VS9,43,20220601,38,50,3,2,8,6,1
VER_SAB_VS90,43,20220601,39,55,3,2,2,6,1
VER_SAB_VS91,43,20220601,45,30,3,3,2,6,1
VER_SAB_VS92,43,20220601,39,55,3,2,2,6,1
VER_SAB_VS93,43,20220601,39,55,3,2,2,6,1
VER_SAB_VS94,43,20220601,39,55,3,2,2,6,1
VER_SAB_VS95,43,20220601,39,55,3,2,2,6,1
VER_SAB_VS96,43,20220601,24,9,1,2,2,6,0
VER_SAB_VS97,43,20220601,45,30,3,3,2,6,1
VER_SAB_VS98,43,20220601,39,55,3,2,2,6,1
VER_SAB_VS99,43,20220601,39,55,3,2,2,6,1
3223_EJ1,43,20220601,39,55,3,2,2,6,1
EV_AVT6A_AV51,43,20220601,39,55,3,2,2,6,1
EV_AVT6A_AV52,43,20220601,39,55,3,2,2,6,1
EV_AVT6A_AV53,43,20220601,39,55,3,2,2,6,1
EV_AVTDOM_AV71,43,20220601,39,55,3,2,2,6,1
EV_AVTDOM_AV72,43,20220601,39,55,3,2,2,6,1
EV_AVTSAB_AV61,43,20220601,39,55,3,2,2,6,1
EV_AVTSAB_AV62,43,20220601,39,55,3,2,2,6,1
EV_AVTSAB_AV63,43,20220601,39,55,3,2,2,6,1
EV_SOL5A_SO141,43,20220601,39,55,3,2,2,6,1
EV_SOL5A_SO142,43,20220601,39,55,3,2,2,6,1
EV_SOL5A_SO143,43,20220601,39,55,3,2,2,6,1
EV_SOL6A_SO151,43,20220601,39,55,3,2,2,6,1
EV_SOL6A_SO152,43,20220601,39,55,3,2,2,6,1
EV_SOL6A_SO153,43,20220601,39,55,3,2,2,6,1
EV_SOLDOM_SO171,43,20220601,39,55,3,2,2,6,1
EV_SOLDOM_SO172,43,20220601,24,9,1,2,2,6,0
EV_SOLDOM_SO173,43,20220601,39,55,3,2,2,6,1
EV_SOLSAB_SO161,43,20220601,39,55,3,2,2,6,1
EV_SOLSAB_SO162,43,20220601,39,55,3,2,2,6,1
EV_SUMOL_SU1,43,20220601,39,55,3,2,2,6,1
F01JAN_011,43,20220601,39,55,3,2,2,6,1
F01JAN_0110,43,20220601,39,55,3,2,2,6,1
F01JAN_01100,43,20220601,39,55,3,2,2,6,1
F01JAN_01101,43,20220601,45,30,3,3,2,6,1
F01JAN_01102,43,20220601,24,9,1,2,2,6,0
F01JAN_01103,43,20220601,39,55,3,2,2,6,1
F01JAN_01104,43,20220601,39,55,3,2,2,6,1
F01JAN_01105,43,20220601,39,55,3,2,2,6,1
F01JAN_01106,43,20220601,39,55,3,2,2,6,1
F01JAN_01107,43,20220601,39,55,3,2,2,6,1
F01JAN_01108,43,20220601,38,50,3,2,8,6,1
F01JAN_01109,43,20220601,39,55,3,2,2,6,1
F01JAN_0111,43,20220601,39,55,3,2,2,6,1
F01JAN_01110,43,20220601,39,55,3,2,2,6,1
F01JAN_01111,43,20220601,39,55,3,2,2,6,1
F01JAN_01112,43,20220601,39,55,3,2,2,6,1
F01JAN_01113,43,20220601,39,55,3,2,2,6,1
F01JAN_01114,43,20220601,24,9,1,2,2,6,0
F01JAN_01115,43,20220601,45,30,3,3,2,6,1
F01JAN_01116,43,20220601,45,30,3,3,2,6,1
F01JAN_0112,43,20220601,39,55,3,2,2,6,1
F01JAN_0113,43,20220601,24,9,1,2,2,6,0
F01JAN_0114,43,20220601,39,55,3,2,2,6,1
F01JAN_0115,43,20220601,39,55,3,2,2,6,1
F01JAN_0116,43,20220601,39,55,3,2,2,6,1
F01JAN_0117,43,20220601,39,55,3,2,2,6,1
F01JAN_0118,43,20220601,24,9,1,2,2,6,0
F01JAN_0119,43,20220601,39,55,3,2,2,6,1
F01JAN_012,43,20220601,39,55,3,2,2,6,1
F01JAN_0120,43,20220601,39,55,3,2,2,6,1
F01JAN_0121,43,20220601,39,55,3,2,2,6,1
F01JAN_0122,43,20220601,24,9,1,2,2,6,0
F01JAN_0123,43,20220601,39,55,3,2,2,6,1
F01JAN_0124,43,20220601,39,55,3,2,2,6,1
F01JAN_0125,43,20220601,24,9,1,2,2,6,0
F01JAN_0126,43,20220601,24,9,1,2,2,6,0
F01JAN_0127,43,20220601,39,55,3,2,2,6,1
F01JAN_0128,43,20220601,24,9,1,2,2,6,0
F01JAN_0129,43,20220601,39,55,3,2,2,6,1
F01JAN_013,43,20220601,39,55,3,2,2,6,1
F01JAN_0130,43,20220601,24,9,1,2,2,6,0
F01JAN_0131,43,20220601,24,9,1,2,2,6,0
F01JAN_0132,43,20220601,39,55,3,2,2,6,1
F01JAN_0133,43,20220601,39,55,3,2,2,6,1
F01JAN_0134,43,20220601,38,50,3,2,8,6,1
F01JAN_0135,43,20220601,39,55,3,2,2,6,1
F01JAN_0136,43,20220601,39,55,3,2,2,6,1
F01JAN_0137,43,20220601,39,55,3,2,2,6,1
F01JAN_0138,43,20220601,39,55,3,2,2,6,1
F01JAN_0139,43,20220601,39,55,3,2,2,6,1
F01JAN_014,43,20220601,39,55,3,2,2,6,1
F01JAN_0140,43,20220601,39,55,3,2,2,6,1
F01JAN_0141,43,20220601,39,55,3,2,2,6,1
F01JAN_0142,43,20220601,24,9,1,2,2,6,0
F01JAN_0143,43,20220601,39,55,3,2,2,6,1
F01JAN_0144,43,20220601,39,55,3,2,2,6,1
F01JAN_0145,43,20220601,38,50,3,2,8,6,1
F01JAN_0146,43,20220601,39,55,3,2,2,6,1
F01JAN_0147,43,20220601,39,55,3,2,2,6,1
F01JAN_0148,43,20220601,24,9,1,2,2,6,0
F01JAN_0149,43,20220601,24,9,1,2,2,6,0
F01JAN_015,43,20220601,39,55,3,2,2,6,1
F01JAN_0150,43,20220601,39,55,3,2,2,6,1
F01JAN_0151,43,20220601,39,55,3,2,2,6,1
F01JAN_0152,43,20220601,38,50,3,2,8,6,1
F01JAN_0153,43,20220601,39,55,3,2,2,6,1
F01JAN_0154,43,20220601,39,55,3,2,2,6,1
F01JAN_0155,43,20220601,39,55,3,2,2,6,1
F01JAN_0156,43,20220601,38,50,3,2,8,6,1
F01JAN_0157,43,20220601,39,55,3,2,2,6,1
F01JAN_0158,43,20220601,39,55,3,2,2,6,1
F01JAN_0159,43,20220601,39,55,3,2,2,6,1
F01JAN_016,43,20220601,45,30,3,3,2,6,1
F01JAN_0160,43,20220601,24,9,1,2,2,6,0
F01JAN_0161,43,20220601,39,55,3,2,2,6,1
F01JAN_0162,43,20220601,39,55,3,2,2,6,1
F01JAN_0163,43,20220601,39,55,3,2,2,6,1
F01JAN_0164,43,20220601,39,55,3,2,2,6,1
F01JAN_0165,43,20220601,39,55,3,2,2,6,1
F01JAN_0166,43,20220601,39,55,3,2,2,6,1
F01JAN_0167,43,20220601,39,55,3,2,2,6,1
F01JAN_0168,43,20220601,39,55,3,2,2,6,1
F01JAN_0169,43,20220601,39,55,3,2,2,6,1
F01JAN_017,43,20220601,39,55,3,2,2,6,1
F01JAN_0170,43,20220601,39,55,3,2,2,6,1
F01JAN_0171,43,20220601,39,55,3,2,2,6,1
F01JAN_0172,43,20220601,39,55,3,2,2,6,1
F01JAN_0173,43,20220601,24,9,1,2,2,6,0
F01JAN_0174,43,20220601,39,55,3,2,2,6,1
F01JAN_0175,43,20220601,39,55,3,2,2,6,1
F01JAN_0176,43,20220601,39,55,3,2,2,6,1
F01JAN_0177,43,20220601,39,55,3,2,2,6,1
F01JAN_0178,43,20220601,39,55,3,2,2,6,1
F01JAN_0179,43,20220601,24,9,1,2,2,6,0
F01JAN_018,43,20220601,39,55,3,2,2,6,1
F01JAN_0180,43,20220601,39,55,3,2,2,6,1
F01JAN_0181,43,20220601,39,55,3,2,2,6,1
F01JAN_0182,43,20220601,39,55,3,2,2,6,1
F01JAN_0183,43,20220601,45,30,3,3,2,6,1
F01JAN_0184,43,20220601,24,9,1,2,2,6,0
F01JAN_0185,43,20220601,39,55,3,2,2,6,1
F01JAN_0186,43,20220601,39,55,3,2,2,6,1
F01JAN_0187,43,20220601,39,55,3,2,2,6,1
F01JAN_0188,43,20220601,39,55,3,2,2,6,1
F01JAN_0189,43,20220601,39,55,3,2,2,6,1
F01JAN_019,43,20220601,39,55,3,2,2,6,1
F01JAN_0190,43,20220601,39,55,3,2,2,6,1
F01JAN_0191,43,20220601,45,30,3,3,2,6,1
F01JAN_0192,43,20220601,39,55,3,2,2,6,1
F01JAN_0193,43,20220601,24,9,1,2,2,6,0
F01JAN_0194,43,20220601,39,55,3,2,2,6,1
F01JAN_0195,43,20220601,39,55,3,2,2,6,1
F01JAN_0196,43,20220601,39,55,3,2,2,6,1
F01JAN_0197,43,20220601,45,30,3,3,2,6,1
F01JAN_0198,43,20220601,39,55,3,2,2,6,1
F01JAN_0199,43,20220601,39,55,3,2,2,6,1
F24DEZ_241,43,20220601,39,55,3,2,2,6,1
F24DEZ_2410,43,20220601,39,55,3,2,2,6,1
F24DEZ_24100,43,20220601,24,9,1,2,2,6,0
F24DEZ_24101,43,20220601,39,55,3,2,2,6,1
F24DEZ_24102,43,20220601,38,50,3,2,8,6,1
F24DEZ_24103,43,20220601,24,9,1,2,2,6,0
F24DEZ_24104,43,20220601,39,55,3,2,2,6,1
F24DEZ_24105,43,20220601,39,55,3,2,2,6,1
F24DEZ_24106,43,20220601,45,30,3,3,2,6,1
F24DEZ_24107,43,20220601,38,50,3,2,8,6,1
F24DEZ_24108,43,20220601,39,55,3,2,2,6,1
F24DEZ_24109,43,20220601,39,55,3,2,2,6,1
F24DEZ_2411,43,20220601,39,55,3,2,2,6,1
F24DEZ_24110,43,20220601,39,55,3,2,2,6,1
F24DEZ_24111,43,20220601,39,55,3,2,2,6,1
F24DEZ_24112,43,20220601,24,9,1,2,2,6,0
F24DEZ_24113,43,20220601,39,55,3,2,2,6,1
F24DEZ_24114,43,20220601,39,55,3,2,2,6,1
F24DEZ_24115,43,20220601,24,9,1,2,2,6,0
F24DEZ_24116,43,20220601,39,55,3,2,2,6,1
F24DEZ_24117,43,20220601,39,55,3,2,2,6,1
F24DEZ_24118,43,20220601,38,50,3,2,8,6,1
F24DEZ_24119,43,20220601,45,30,3,3,2,6,1
F24DEZ_2412,43,20220601,39,55,3,2,2,6,1
F24DEZ_24120,43,20220601,39,55,3,2,2,6,1
F24DEZ_24121,43,20220601,39,55,3,2,2,6,1
F24DEZ_24122,43,20220601,39,55,3,2,2,6,1
F24DEZ_24123,43,20220601,45,30,3,3,2,6,1
F24DEZ_24124,43,20220601,24,9,1,2,2,6,0
F24DEZ_24125,43,20220601,39,55,3,2,2,6,1
F24DEZ_24126,43,20220601,39,55,3,2,2,6,1
F24DEZ_24127,43,20220601,39,55,3,2,2,6,1
F24DEZ_24128,43,20220601,39,55,3,2,2,6,1
F24DEZ_24129,43,20220601,39,55,3,2,2,6,1
F24DEZ_2413,43,20220601,39,55,3,2,2,6,1
F24DEZ_24130,43,20220601,39,55,3,2,2,6,1
F24DEZ_24131,43,20220601,39,55,3,2,2,6,1
F24DEZ_24132,43,20220601,39,55,3,2,2,6,1
F24DEZ_24133,43,20220601,39,55,3,2,2,6,1
F24DEZ_24134,43,20220601,39,55,3,2,2,6,1
F24DEZ_24135,43,20220601,39,55,3,2,2,6,1
F24DEZ_24136,43,20220601,24,9,1,2,2,6,0
F24DEZ_24137,43,20220601,39,55,3,2,2,6,1
F24DEZ_24138,43,20220601,39,55,3,2,2,6,1
F24DEZ_24139,43,20220601,39,55,3,2,2,6,1
F24DEZ_2414,43,20220601,39,55,3,2,2,6,1
F24DEZ_24140,43,20220601,24,9,1,2,2,6,0
F24DEZ_24141,43,20220601,39,55,3,2,2,6,1
F24DEZ_24142,43,20220601,39,55,3,2,2,6,1
F24DEZ_24143,43,20220601,39,55,3,2,2,6,1
F24DEZ_24144,43,20220601,39,55,3,2,2,6,1
F24DEZ_24145,43,20220601,39,55,3,2,2,6,1
F24DEZ_24146,43,20220601,39,55,3,2,2,6,1
F24DEZ_24147,43,20220601,39,55,3,2,2,6,1
F24DEZ_24148,43,20220601,39,55,3,2,2,6,1
F24DEZ_24149,43,20220601,24,9,1,2,2,6,0
F24DEZ_2415,43,20220601,39,55,3,2,2,6,1
F24DEZ_24150,43,20220601,45,30,3,3,2,6,1
F24DEZ_24151,43,20220601,39,55,3,2,2,6,1
F24DEZ_24152,43,20220601,39,55,3,2,2,6,1
F24DEZ_24153,43,20220601,39,55,3,2,2,6,1
F24DEZ_24154,43,20220601,45,30,3,3,2,6,1
F24DEZ_24155,43,20220601,39,55,3,2,2,6,1
F24DEZ_24156,43,20220601,39,55,3,2,2,6,1
F24DEZ_24157,43,20220601,39,55,3,2,2,6,1
F24DEZ_24158,43,20220601,39,55,3,2,2,6,1
F24DEZ_24159,43,20220601,39,55,3,2,2,6,1
F24DEZ_2416,43,20220601,39,55,3,2,2,6,1
F24DEZ_24160,43,20220601,39,55,3,2,2,6,1
F24DEZ_24161,43,20220601,39,55,3,2,2,6,1
F24DEZ_24162,43,20220601,39,55,3,2,2,6,1
F24DEZ_24163,43,20220601,39,55,3,2,2,6,1
F24DEZ_24164,43,20220601,38,50,3,2,8,6,1
F24DEZ_24165,43,20220601,45,30,3,3,2,6,1
F24DEZ_24166,43,20220601,39,55,3,2,2,6,1
F24DEZ_24167,43,20220601,39,55,3,2,2,6,1
F24DEZ_24168,43,20220601,38,50,3,2,8,6,1
F24DEZ_24169,43,20220601,39,55,3,2,2,6,1
F24DEZ_2417,43,20220601,39,55,3,2,2,6,1
F24DEZ_24170,43,20220601,24,9,1,2,2,6,0
F24DEZ_24171,43,20220601,45,30,3,3,2,6,1
F24DEZ_24172,43,20220601,24,9,1,2,2,6,0
F24DEZ_24173,43,20220601,39,55,3,2,2,6,1
F24DEZ_24174,43,20220601,38,50,3,2,8,6,1
F24DEZ_24175,43,20220601,39,55,3,2,2,6,1
F24DEZ_24176,43,20220601,39,55,3,2,2,6,1
F24DEZ_24177,43,20220601,45,30,3,3,2,6,1
F24DEZ_24178,43,20220601,39,55,3,2,2,6,1
F24DEZ_24179,43,20220601,39,55,3,2,2,6,1
F24DEZ_2418,43,20220601,39,55,3,2,2,6,1
F24DEZ_24180,43,20220601,39,55,3,2,2,6,1
F24DEZ_24181,43,20220601,39,55,3,2,2,6,1
F24DEZ_24182,43,20220601,39,55,3,2,2,6,1
F24DEZ_24183,43,20220601,39,55,3,2,2,6,1
F24DEZ_24184,43,20220601,24,9,1,2,2,6,0
F24DEZ_24185,43,20220601,38,50,3,2,8,6,1
F24DEZ_24186,43,20220601,24,9,1,2,2,6,0
F24DEZ_24187,43,20220601,39,55,3,2,2,6,1
F24DEZ_24188,43,20220601,39,55,3,2,2,6,1
F24DEZ_24189,43,20220601,39,55,3,2,2,6,1
F24DEZ_2419,43,20220601,39,55,3,2,2,6,1
F24DEZ_24190,43,20220601,39,55,3,2,2,6,1
F24DEZ_24191,43,20220601,24,9,1,2,2,6,0
F24DEZ_24192,43,20220601,39,55,3,2,2,6,1
F24DEZ_24193,43,20220601,39,55,3,2,2,6,1
F24DEZ_24194,43,20220601,39,55,3,2,2,6,1
F24DEZ_24195,43,20220601,39,55,3,2,2,6,1
F24DEZ_24196,43,20220601,39,55,3,2,2,6,1
F24DEZ_24197,43,20220601,39,55,3,2,2,6,1
F24DEZ_24198,43,20220601,39,55,3,2,2,6,1
F24DEZ_24199,43,20220601,39,55,3,2,2,6,1
F24DEZ_242,43,20220601,39,55,3,2,2,6,1
F24DEZ_2420,43,20220601,39,55,3,2,2,6,1
F24DEZ_24200,43,20220601,24,9,1,2,2,6,0
F24DEZ_24201,43,20220601,39,55,3,2,2,6,1
F24DEZ_24202,43,20220601,45,30,3,3,2,6,1
F24DEZ_24203,43,20220601,39,55,3,2,2,6,1
F24DEZ_24204,43,20220601,39,55,3,2,2,6,1
F24DEZ_24205,43,20220601,39,55,3,2,2,6,1
F24DEZ_24206,43,20220601,39,55,3,2,2,6,1
F24DEZ_24207,43,20220601,39,55,3,2,2,6,1
F24DEZ_24208,43,20220601,39,55,3,2,2,6,1
F24DEZ_24209,43,20220601,39,55,3,2,2,6,1
F24DEZ_2421,43,20220601,39,55,3,2,2,6,1
F24DEZ_24210,43,20220601,39,55,3,2,2,6,1
F24DEZ_24211,43,20220601,39,55,3,2,2,6,1
F24DEZ_24212,43,20220601,45,30,3,3,2,6,1
F24DEZ_24213,43,20220601,39,55,3,2,2,6,1
F24DEZ_24214,43,20220601,39,55,3,2,2,6,1
F24DEZ_24215,43,20220601,45,30,3,3,2,6,1
F24DEZ_24216,43,20220601,39,55,3,2,2,6,1
F24DEZ_24217,43,20220601,39,55,3,2,2,6,1
F24DEZ_24218,43,20220601,24,9,1,2,2,6,0
F24DEZ_24219,43,20220601,39,55,3,2,2,6,1
F24DEZ_2422,43,20220601,39,55,3,2,2,6,1
F24DEZ_24220,43,20220601,39,55,3,2,2,6,1
F24DEZ_24221,43,20220601,39,55,3,2,2,6,1
F24DEZ_24222,43,20220601,39,55,3,2,2,6,1
F24DEZ_24223,43,20220601,39,55,3,2,2,6,1
F24DEZ_24224,43,20220601,39,55,3,2,2,6,1
F24DEZ_24225,43,20220601,24,9,1,2,2,6,0
F24DEZ_24226,43,20220601,39,55,3,2,2,6,1
F24DEZ_24227,43,20220601,39,55,3,2,2,6,1
F24DEZ_24228,43,20220601,24,9,1,2,2,6,0
F24DEZ_24229,43,20220601,39,55,3,2,2,6,1
F24DEZ_2423,43,20220601,45,30,3,3,2,6,1
F24DEZ_24230,43,20220601,39,55,3,2,2,6,1
F24DEZ_24231,43,20220601,39,55,3,2,2,6,1
F24DEZ_24232,43,20220601,39,55,3,2,2,6,1
F24DEZ_24233,43,20220601,39,55,3,2,2,6,1
F24DEZ_24234,43,20220601,45,30,3,3,2,6,1
F24DEZ_24235,43,20220601,39,55,3,2,2,6,1
F24DEZ_24236,43,20220601,39,55,3,2,2,6,1
F24DEZ_24237,43,20220601,39,55,3,2,2,6,1
F24DEZ_24238,43,20220601,45,30,3,3,2,6,1
F24DEZ_24239,43,20220601,39,55,3,2,2,6,1
F24DEZ_2424,43,20220601,39,55,3,2,2,6,1
F24DEZ_24240,43,20220601,39,55,3,2,2,6,1
F24DEZ_24241,43,20220601,39,55,3,2,2,6,1
F24DEZ_24242,43,20220601,45,30,3,3,2,6,1
F24DEZ_24243,43,20220601,39,55,3,2,2,6,1
F24DEZ_24244,43,20220601,39,55,3,2,2,6,1
F24DEZ_24245,43,20220601,39,55,3,2,2,6,1
F24DEZ_24246,43,20220601,39,55,3,2,2,6,1
F24DEZ_24247,43,20220601,39,55,3,2,2,6,1
F24DEZ_24248,43,20220601,24,9,1,2,2,6,0
F24DEZ_24249,43,20220601,39,55,3,2,2,6,1
F24DEZ_2425,43,20220601,39,55,3,2,2,6,1
F24DEZ_24250,43,20220601,24,9,1,2,2,6,0
F24DEZ_24251,43,20220601,45,30,3,3,2,6,1
F24DEZ_24252,43,20220601,39,55,3,2,2,6,1
F24DEZ_24253,43,20220601,39,55,3,2,2,6,1
F24DEZ_24254,43,20220601,38,50,3,2,8,6,1
F24DEZ_24255,43,20220601,39,55,3,2,2,6,1
F24DEZ_24256,43,20220601,39,55,3,2,2,6,1
F24DEZ_24257,43,20220601,39,55,3,2,2,6,1
F24DEZ_24258,43,20220601,24,9,1,2,2,6,0
F24DEZ_24259,43,20220601,39,55,3,2,2,6,1
F24DEZ_2426,43,20220601,39,55,3,2,2,6,1
F24DEZ_24260,43,20220601,39,55,3,2,2,6,1
F24DEZ_24261,43,20220601,39,55,3,2,2,6,1
F24DEZ_24262,43,20220601,45,30,3,3,2,6,1
F24DEZ_24263,43,20220601,24,9,1,2,2,6,0
F24DEZ_24264,43,20220601,24,9,1,2,2,6,0
F24DEZ_24265,43,20220601,38,50,3,2,8,6,1
F24DEZ_24266,43,20220601,39,55,3,2,2,6,1
F24DEZ_24267,43,20220601,24,9,1,2,2,6,0
F24DEZ_24268,43,20220601,39,55,3,2,2,6,1
F24DEZ_24269,43,20220601,45,30,3,3,2,6,1
F24DEZ_2427,43,20220601,39,55,3,2,2,6,1
F24DEZ_24270,43,20220601,24,9,1,2,2,6,0
F24DEZ_24271,43,20220601,39,55,3,2,2,6,1
F24DEZ_24272,43,20220601,45,30,3,3,2,6,1
F24DEZ_24273,43,20220601,45,30,3,3,2,6,1
F24DEZ_24274,43,20220601,24,9,1,2,2,6,0
F24DEZ_24275,43,20220601,45,30,3,3,2,6,1
F24DEZ_24276,43,20220601,39,55,3,2,2,6,1
F24DEZ_24277,43,20220601,39,55,3,2,2,6,1
F24DEZ_24278,43,20220601,45,30,3,3,2,6,1
F24DEZ_24279,43,20220601,45,30,3,3,2,6,1
F24DEZ_2428,43,20220601,39,55,3,2,2,6,1
F24DEZ_24280,43,20220601,38,50,3,2,8,6,1
F24DEZ_24281,43,20220601,45,30,3,3,2,6,1
F24DEZ_24282,43,20220601,38,50,3,2,8,6,1
F24DEZ_24283,43,20220601,24,9,1,2,2,6,0
F24DEZ_2429,43,20220601,39,55,3,2,2,6,1
F24DEZ_243,43,20220601,39,55,3,2,2,6,1
F24DEZ_2430,43,20220601,39,55,3,2,2,6,1
F24DEZ_2431,43,20220601,39,55,3,2,2,6,1
F24DEZ_2432,43,20220601,45,30,3,3,2,6,1
F24DEZ_2433,43,20220601,38,50,3,2,8,6,1
F24DEZ_2434,43,20220601,39,55,3,2,2,6,1
F24DEZ_2435,43,20220601,39,55,3,2,2,6,1
F24DEZ_2436,43,20220601,39,55,3,2,2,6,1
F24DEZ_2437,43,20220601,39,55,3,2,2,6,1
F24DEZ_2438,43,20220601,39,55,3,2,2,6,1
F24DEZ_2439,43,20220601,45,30,3,3,2,6,1
F24DEZ_244,43,20220601,39,55,3,2,2,6,1
F24DEZ_2440,43,20220601,39,55,3,2,2,6,1
F24DEZ_2441,43,20220601,39,55,3,2,2,6,1
F24DEZ_2442,43,20220601,39,55,3,2,2,6,1
F24DEZ_2443,43,20220601,39,55,3,2,2,6,1
F24DEZ_2444,43,20220601,39,55,3,2,2,6,1
F24DEZ_2445,43,20220601,39,55,3,2,2,6,1
F24DEZ_2446,43,20220601,39,55,3,2,2,6,1
F24DEZ_2447,43,20220601,39,55,3,2,2,6,1
F24DEZ_2448,43,20220601,39,55,3,2,2,6,1
F24DEZ_2449,43,20220601,39,55,3,2,2,6,1
F24DEZ_245,43,20220601,39,55,3,2,2,6,1
F24DEZ_2450,43,20220601,24,9,1,2,2,6,0
F24DEZ_2451,43,20220601,24,9,1,2,2,6,0
F24DEZ_2452,43,20220601,24,9,1,2,2,6,0
F24DEZ_2453,43,20220601,24,9,1,2,2,6,0
F24DEZ_2454,43,20220601,39,55,3,2,2,6,1
F24DEZ_2455,43,20220601,39,55,3,2,2,6,1
F24DEZ_2456,43,20220601,24,9,1,2,2,6,0
F24DEZ_2457,43,20220601,24,9,1,2,2,6,0
F24DEZ_2458,43,20220601,24,9,1,2,2,6,0
F24DEZ_2459,43,20220601,39,55,3,2,2,6,1
F24DEZ_246,43,20220601,39,55,3,2,2,6,1
F24DEZ_2460,43,20220601,39,55,3,2,2,6,1
F24DEZ_2461,43,20220601,39,55,3,2,2,6,1
F24DEZ_2462,43,20220601,39,55,3,2,2,6,1
F24DEZ_2463,43,20220601,39,55,3,2,2,6,1
F24DEZ_2464,43,20220601,39,55,3,2,2,6,1
F24DEZ_2465,43,20220601,39,55,3,2,2,6,1
F24DEZ_2466,43,20220601,39,55,3,2,2,6,1
F24DEZ_2467,43,20220601,39,55,3,2,2,6,1
F24DEZ_2468,43,20220601,39,55,3,2,2,6,1
F24DEZ_2469,43,20220601,45,30,3,3,2,6,1
F24DEZ_247,43,20220601,38,50,3,2,8,6,1
F24DEZ_2470,43,20220601,39,55,3,2,2,6,1
F24DEZ_2471,43,20220601,39,55,3,2,2,6,1
F24DEZ_2472,43,20220601,39,55,3,2,2,6,1
F24DEZ_2473,43,20220601,39,55,3,2,2,6,1
F24DEZ_2474,43,20220601,39,55,3,2,2,6,1
F24DEZ_2475,43,20220601,24,9,1,2,2,6,0
F24DEZ_2476,43,20220601,39,55,3,2,2,6,1
F24DEZ_2477,43,20220601,39,55,3,2,2,6,1
F24DEZ_2478,43,20220601,39,55,3,2,2,6,1
F24DEZ_2479,43,20220601,24,9,1,2,2,6,0
F24DEZ_248,43,20220601,39,55,3,2,2,6,1
F24DEZ_2480,43,20220601,39,55,3,2,2,6,1
F24DEZ_2481,43,20220601,39,55,3,2,2,6,1
F24DEZ_2482,43,20220601,39,55,3,2,2,6,1
F24DEZ_2483,43,20220601,39,55,3,2,2,6,1
F24DEZ_2484,43,20220601,39,55,3,2,2,6,1
F24DEZ_2485,43,20220601,24,9,1,2,2,6,0
F24DEZ_2486,43,20220601,45,30,3,3,2,6,1
F24DEZ_2487,43,20220601,39,55,3,2,2,6,1
F24DEZ_2488,43,20220601,39,55,3,2,2,6,1
F24DEZ_2489,43,20220601,39,55,3,2,2,6,1
F24DEZ_249,43,20220601,39,55,3,2,2,6,1
F24DEZ_2490,43,20220601,39,55,3,2,2,6,1
F24DEZ_2491,43,20220601,39,55,3,2,2,6,1
F24DEZ_2492,43,20220601,45,30,3,3,2,6,1
F24DEZ_2493,43,20220601,39,55,3,2,2,6,1
F24DEZ_2494,43,20220601,39,55,3,2,2,6,1
F24DEZ_2495,43,20220601,39,55,3,2,2,6,1
F24DEZ_2496,43,20220601,39,55,3,2,2,6,1
F24DEZ_2497,43,20220601,45,30,3,3,2,6,1
F24DEZ_2498,43,20220601,39,55,3,2,2,6,1
F24DEZ_2499,43,20220601,39,55,3,2,2,6,1
F25DEZ_251,43,20220601,39,55,3,2,2,6,1
F25DEZ_2510,43,20220601,39,55,3,2,2,6,1
F25DEZ_25100,43,20220601,39,55,3,2,2,6,1
F25DEZ_25101,43,20220601,24,9,1,2,2,6,0
F25DEZ_25102,43,20220601,39,55,3,2,2,6,1
F25DEZ_25103,43,20220601,39,55,3,2,2,6,1
F25DEZ_25104,43,20220601,39,55,3,2,2,6,1
F25DEZ_25105,43,20220601,39,55,3,2,2,6,1
F25DEZ_25106,43,20220601,39,55,3,2,2,6,1
F25DEZ_25107,43,20220601,39,55,3,2,2,6,1
F25DEZ_25108,43,20220601,39,55,3,2,2,6,1
F25DEZ_25109,43,20220601,38,50,3,2,8,6,1
F25DEZ_2511,43,20220601,24,9,1,2,2,6,0
F25DEZ_25110,43,20220601,24,9,1,2,2,6,0
F25DEZ_25111,43,20220601,24,9,1,2,2,6,0
F25DEZ_25112,43,20220601,39,55,3,2,2,6,1
F25DEZ_25113,43,20220601,39,55,3,2,2,6,1
F25DEZ_25114,43,20220601,45,30,3,3,2,6,1
F25DEZ_25115,43,20220601,39,55,3,2,2,6,1
F25DEZ_25116,43,20220601,24,9,1,2,2,6,0
F25DEZ_25117,43,20220601,24,9,1,2,2,6,0
F25DEZ_25118,43,20220601,38,50,3,2,8,6,1
F25DEZ_25119,43,20220601,45,30,3,3,2,6,1
F25DEZ_2512,43,20220601,39,55,3,2,2,6,1
F25DEZ_2513,43,20220601,39,55,3,2,2,6,1
F25DEZ_2514,43,20220601,39,55,3,2,2,6,1
F25DEZ_2515,43,20220601,39,55,3,2,2,6,1
F25DEZ_2516,43,20220601,39,55,3,2,2,6,1
F25DEZ_2517,43,20220601,24,9,1,2,2,6,0
F25DEZ_2518,43,20220601,39,55,3,2,2,6,1
F25DEZ_2519,43,20220601,39,55,3,2,2,6,1
F25DEZ_252,43,20220601,39,55,3,2,2,6,1
F25DEZ_2520,43,20220601,39,55,3,2,2,6,1
F25DEZ_2521,43,20220601,39,55,3,2,2,6,1
F25DEZ_2522,43,20220601,39,55,3,2,2,6,1
F25DEZ_2523,43,20220601,24,9,1,2,2,6,0
F25DEZ_2524,43,20220601,24,9,1,2,2,6,0
F25DEZ_2525,43,20220601,39,55,3,2,2,6,1
F25DEZ_2526,43,20220601,24,9,1,2,2,6,0
F25DEZ_2527,43,20220601,39,55,3,2,2,6,1
F25DEZ_2528,43,20220601,39,55,3,2,2,6,1
F25DEZ_2529,43,20220601,39,55,3,2,2,6,1
F25DEZ_253,43,20220601,39,55,3,2,2,6,1
F25DEZ_2530,43,20220601,39,55,3,2,2,6,1
F25DEZ_2531,43,20220601,39,55,3,2,2,6,1
F25DEZ_2532,43,20220601,45,30,3,3,2,6,1
F25DEZ_2533,43,20220601,39,55,3,2,2,6,1
F25DEZ_2534,43,20220601,24,9,1,2,2,6,0
F25DEZ_2535,43,20220601,39,55,3,2,2,6,1
F25DEZ_2536,43,20220601,39,55,3,2,2,6,1
F25DEZ_2537,43,20220601,39,55,3,2,2,6,1
F25DEZ_2538,43,20220601,39,55,3,2,2,6,1
F25DEZ_2539,43,20220601,39,55,3,2,2,6,1
F25DEZ_254,43,20220601,39,55,3,2,2,6,1
F25DEZ_2540,43,20220601,39,55,3,2,2,6,1
F25DEZ_2541,43,20220601,39,55,3,2,2,6,1
F25DEZ_2542,43,20220601,38,50,3,2,8,6,1
F25DEZ_2543,43,20220601,39,55,3,2,2,6,1
F25DEZ_2544,43,20220601,39,55,3,2,2,6,1
F25DEZ_2545,43,20220601,39,55,3,2,2,6,1
F25DEZ_2546,43,20220601,24,9,1,2,2,6,0
F25DEZ_2547,43,20220601,38,50,3,2,8,6,1
F25DEZ_2548,43,20220601,39,55,3,2,2,6,1
F25DEZ_2549,43,20220601,39,55,3,2,2,6,1
F25DEZ_255,43,20220601,39,55,3,2,2,6,1
F25DEZ_2550,43,20220601,24,9,1,2,2,6,0
F25DEZ_2551,43,20220601,39,55,3,2,2,6,1
F25DEZ_2552,43,20220601,39,55,3,2,2,6,1
F25DEZ_2553,43,20220601,38,50,3,2,8,6,1
F25DEZ_2554,43,20220601,39,55,3,2,2,6,1
F25DEZ_2555,43,20220601,39,55,3,2,2,6,1
F25DEZ_2556,43,20220601,39,55,3,2,2,6,1
F25DEZ_2557,43,20220601,39,55,3,2,2,6,1
F25DEZ_2558,43,20220601,39,55,3,2,2,6,1
F25DEZ_2559,43,20220601,24,9,1,2,2,6,0
F25DEZ_256,43,20220601,39,55,3,2,2,6,1
F25DEZ_2560,43,20220601,39,55,3,2,2,6,1
F25DEZ_2561,43,20220601,39,55,3,2,2,6,1
F25DEZ_2562,43,20220601,39,55,3,2,2,6,1
F25DEZ_2563,43,20220601,39,55,3,2,2,6,1
F25DEZ_2564,43,20220601,39,55,3,2,2,6,1
F25DEZ_2565,43,20220601,39,55,3,2,2,6,1
F25DEZ_2566,43,20220601,39,55,3,2,2,6,1
F25DEZ_2567,43,20220601,39,55,3,2,2,6,1
F25DEZ_2568,43,20220601,39,55,3,2,2,6,1
F25DEZ_2569,43,20220601,39,55,3,2,2,6,1
F25DEZ_257,43,20220601,45,30,3,3,2,6,1
F25DEZ_2570,43,20220601,39,55,3,2,2,6,1
F25DEZ_2571,43,20220601,39,55,3,2,2,6,1
F25DEZ_2572,43,20220601,39,55,3,2,2,6,1
F25DEZ_2573,43,20220601,39,55,3,2,2,6,1
F25DEZ_2574,43,20220601,24,9,1,2,2,6,0
F25DEZ_2575,43,20220601,39,55,3,2,2,6,1
F25DEZ_2576,43,20220601,24,9,1,2,2,6,0
F25DEZ_2577,43,20220601,39,55,3,2,2,6,1
F25DEZ_2578,43,20220601,39,55,3,2,2,6,1
F25DEZ_2579,43,20220601,39,55,3,2,2,6,1
F25DEZ_258,43,20220601,39,55,3,2,2,6,1
F25DEZ_2580,43,20220601,39,55,3,2,2,6,1
F25DEZ_2581,43,20220601,39,55,3,2,2,6,1
F25DEZ_2582,43,20220601,39,55,3,2,2,6,1
F25DEZ_2583,43,20220601,39,55,3,2,2,6,1
F25DEZ_2584,43,20220601,24,9,1,2,2,6,0
F25DEZ_2585,43,20220601,39,55,3,2,2,6,1
F25DEZ_2586,43,20220601,39,55,3,2,2,6,1
F25DEZ_2587,43,20220601,39,55,3,2,2,6,1
F25DEZ_2588,43,20220601,39,55,3,2,2,6,1
F25DEZ_2589,43,20220601,39,55,3,2,2,6,1
F25DEZ_259,43,20220601,39,55,3,2,2,6,1
F25DEZ_2590,43,20220601,45,30,3,3,2,6,1
F25DEZ_2591,43,20220601,39,55,3,2,2,6,1
F25DEZ_2592,43,20220601,39,55,3,2,2,6,1
F25DEZ_2593,43,20220601,39,55,3,2,2,6,1
F25DEZ_2594,43,20220601,39,55,3,2,2,6,1
F25DEZ_2595,43,20220601,45,30,3,3,2,6,1
F25DEZ_2596,43,20220601,39,55,3,2,2,6,1
F25DEZ_2597,43,20220601,24,9,1,2,2,6,0
F25DEZ_2598,43,20220601,39,55,3,2,2,6,1
F25DEZ_2599,43,20220601,24,9,1,2,2,6,0
F31DEZ_311,43,20220601,39,55,3,2,2,6,1
F31DEZ_3110,43,20220601,39,55,3,2,2,6,1
F31DEZ_31100,43,20220601,24,9,1,2,2,6,0
F31DEZ_31101,43,20220601,45,30,3,3,2,6,1
F31DEZ_31102,43,20220601,39,55,3,2,2,6,1
F31DEZ_31103,43,20220601,39,55,3,2,2,6,1
F31DEZ_31104,43,20220601,39,55,3,2,2,6,1
F31DEZ_31105,43,20220601,24,9,1,2,2,6,0
F31DEZ_31106,43,20220601,39,55,3,2,2,6,1
F31DEZ_31107,43,20220601,39,55,3,2,2,6,1
F31DEZ_31108,43,20220601,39,55,3,2,2,6,1
F31DEZ_31109,43,20220601,39,55,3,2,2,6,1
F31DEZ_3111,43,20220601,39,55,3,2,2,6,1
F31DEZ_31110,43,20220601,39,55,3,2,2,6,1
F31DEZ_31111,43,20220601,39,55,3,2,2,6,1
F31DEZ_31112,43,20220601,39,55,3,2,2,6,1
F31DEZ_31113,43,20220601,39,55,3,2,2,6,1
F31DEZ_31114,43,20220601,24,9,1,2,2,6,0
F31DEZ_31115,43,20220601,39,55,3,2,2,6,1
F31DEZ_31116,43,20220601,24,9,1,2,2,6,0
F31DEZ_31117,43,20220601,39,55,3,2,2,6,1
F31DEZ_31118,43,20220601,39,55,3,2,2,6,1
F31DEZ_31119,43,20220601,39,55,3,2,2,6,1
F31DEZ_3112,43,20220601,39,55,3,2,2,6,1
F31DEZ_31120,43,20220601,39,55,3,2,2,6,1
F31DEZ_31121,43,20220601,39,55,3,2,2,6,1
F31DEZ_31122,43,20220601,39,55,3,2,2,6,1
F31DEZ_31123,43,20220601,39,55,3,2,2,6,1
F31DEZ_31124,43,20220601,39,55,3,2,2,6,1
F31DEZ_31125,43,20220601,45,30,3,3,2,6,1
F31DEZ_31126,43,20220601,24,9,1,2,2,6,0
F31DEZ_31127,43,20220601,39,55,3,2,2,6,1
F31DEZ_31128,43,20220601,39,55,3,2,2,6,1
F31DEZ_31129,43,20220601,39,55,3,2,2,6,1
F31DEZ_3113,43,20220601,39,55,3,2,2,6,1
F31DEZ_31130,43,20220601,39,55,3,2,2,6,1
F31DEZ_31131,43,20220601,24,9,1,2,2,6,0
F31DEZ_31132,43,20220601,39,55,3,2,2,6,1
F31DEZ_31133,43,20220601,45,30,3,3,2,6,1
F31DEZ_31134,43,20220601,39,55,3,2,2,6,1
F31DEZ_31135,43,20220601,24,9,1,2,2,6,0
F31DEZ_31136,43,20220601,39,55,3,2,2,6,1
F31DEZ_31137,43,20220601,39,55,3,2,2,6,1
F31DEZ_31138,43,20220601,39,55,3,2,2,6,1
F31DEZ_31139,43,20220601,39,55,3,2,2,6,1
F31DEZ_3114,43,20220601,39,55,3,2,2,6,1
F31DEZ_31140,43,20220601,38,50,3,2,8,6,1
F31DEZ_31141,43,20220601,39,55,3,2,2,6,1
F31DEZ_31142,43,20220601,39,55,3,2,2,6,1
F31DEZ_31143,43,20220601,39,55,3,2,2,6,1
F31DEZ_31144,43,20220601,39,55,3,2,2,6,1
F31DEZ_31145,43,20220601,39,55,3,2,2,6,1
F31DEZ_31146,43,20220601,39,55,3,2,2,6,1
F31DEZ_31147,43,20220601,39,55,3,2,2,6,1
F31DEZ_31148,43,20220601,39,55,3,2,2,6,1
F31DEZ_31149,43,20220601,24,9,1,2,2,6,0
F31DEZ_3115,43,20220601,39,55,3,2,2,6,1
F31DEZ_31150,43,20220601,39,55,3,2,2,6,1
F31DEZ_31151,43,20220601,39,55,3,2,2,6,1
F31DEZ_31152,43,20220601,39,55,3,2,2,6,1
F31DEZ_31153,43,20220601,45,30,3,3,2,6,1
F31DEZ_31154,43,20220601,39,55,3,2,2,6,1
F31DEZ_31155,43,20220601,45,30,3,3,2,6,1
F31DEZ_31156,43,20220601,39,55,3,2,2,6,1
F31DEZ_31157,43,20220601,39,55,3,2,2,6,1
F31DEZ_31158,43,20220601,39,55,3,2,2,6,1
F31DEZ_31159,43,20220601,39,55,3,2,2,6,1
F31DEZ_3116,43,20220601,39,55,3,2,2,6,1
F31DEZ_31160,43,20220601,39,55,3,2,2,6,1
F31DEZ_31161,43,20220601,38,50,3,2,8,6,1
F31DEZ_31162,43,20220601,39,55,3,2,2,6,1
F31DEZ_31163,43,20220601,39,55,3,2,2,6,1
F31DEZ_31164,43,20220601,39,55,3,2,2,6,1
F31DEZ_31165,43,20220601,45,30,3,3,2,6,1
F31DEZ_31166,43,20220601,39,55,3,2,2,6,1
F31DEZ_31167,43,20220601,24,9,1,2,2,6,0
F31DEZ_31168,43,20220601,39,55,3,2,2,6,1
F31DEZ_31169,43,20220601,39,55,3,2,2,6,1
F31DEZ_3117,43,20220601,39,55,3,2,2,6,1
F31DEZ_31170,43,20220601,38,50,3,2,8,6,1
F31DEZ_31171,43,20220601,39,55,3,2,2,6,1
F31DEZ_31172,43,20220601,39,55,3,2,2,6,1
F31DEZ_31173,43,20220601,39,55,3,2,2,6,1
F31DEZ_31174,43,20220601,24,9,1,2,2,6,0
F31DEZ_31175,43,20220601,45,30,3,3,2,6,1
F31DEZ_31176,43,20220601,39,55,3,2,2,6,1
F31DEZ_31177,43,20220601,39,55,3,2,2,6,1
F31DEZ_31178,43,20220601,39,55,3,2,2,6,1
F31DEZ_31179,43,20220601,39,55,3,2,2,6,1
F31DEZ_3118,43,20220601,39,55,3,2,2,6,1
F31DEZ_31180,43,20220601,39,55,3,2,2,6,1
F31DEZ_31181,43,20220601,24,9,1,2,2,6,0
F31DEZ_31182,43,20220601,39,55,3,2,2,6,1
F31DEZ_31183,43,20220601,45,30,3,3,2,6,1
F31DEZ_31184,43,20220601,39,55,3,2,2,6,1
F31DEZ_31185,43,20220601,39,55,3,2,2,6,1
F31DEZ_31186,43,20220601,39,55,3,2,2,6,1
F31DEZ_31187,43,20220601,39,55,3,2,2,6,1
F31DEZ_31188,43,20220601,39,55,3,2,2,6,1
F31DEZ_31189,43,20220601,39,55,3,2,2,6,1
F31DEZ_3119,43,20220601,39,55,3,2,2,6,1
F31DEZ_31190,43,20220601,39,55,3,2,2,6,1
F31DEZ_31191,43,20220601,45,30,3,3,2,6,1
F31DEZ_31192,43,20220601,24,9,1,2,2,6,0
F31DEZ_31193,43,20220601,38,50,3,2,8,6,1
F31DEZ_31194,43,20220601,39,55,3,2,2,6,1
F31DEZ_31195,43,20220601,39,55,3,2,2,6,1
F31DEZ_31196,43,20220601,39,55,3,2,2,6,1
F31DEZ_31197,43,20220601,39,55,3,2,2,6,1
F31DEZ_31198,43,20220601,24,9,1,2,2,6,0
F31DEZ_31199,43,20220601,39,55,3,2,2,6,1
F31DEZ_312,43,20220601,39,55,3,2,2,6,1
F31DEZ_3120,43,20220601,39,55,3,2,2,6,1
F31DEZ_31200,43,20220601,45,30,3,3,2,6,1
F31DEZ_31201,43,20220601,39,55,3,2,2,6,1
F31DEZ_31202,43,20220601,39,55,3,2,2,6,1
F31DEZ_31203,43,20220601,39,55,3,2,2,6,1
F31DEZ_31204,43,20220601,39,55,3,2,2,6,1
F31DEZ_31205,43,20220601,39,55,3,2,2,6,1
F31DEZ_31206,43,20220601,39,55,3,2,2,6,1
F31DEZ_31207,43,20220601,39,55,3,2,2,6,1
F31DEZ_31208,43,20220601,39,55,3,2,2,6,1
F31DEZ_31209,43,20220601,39,55,3,2,2,6,1
F31DEZ_3121,43,20220601,39,55,3,2,2,6,1
F31DEZ_31210,43,20220601,39,55,3,2,2,6,1
F31DEZ_31211,43,20220601,39,55,3,2,2,6,1
F31DEZ_31212,43,20220601,39,55,3,2,2,6,1
F31DEZ_31213,43,20220601,24,9,1,2,2,6,0
F31DEZ_31214,43,20220601,39,55,3,2,2,6,1
F31DEZ_31215,43,20220601,39,55,3,2,2,6,1
F31DEZ_31216,43,20220601,39,55,3,2,2,6,1
F31DEZ_31217,43,20220601,39,55,3,2,2,6,1
F31DEZ_31218,43,20220601,39,55,3,2,2,6,1
F31DEZ_31219,43,20220601,24,9,1,2,2,6,0
F31DEZ_3122,43,20220601,39,55,3,2,2,6,1
F31DEZ_31220,43,20220601,45,30,3,3,2,6,1
F31DEZ_31221,43,20220601,24,9,1,2,2,6,0
F31DEZ_31222,43,20220601,45,30,3,3,2,6,1
F31DEZ_31223,43,20220601,39,55,3,2,2,6,1
F31DEZ_31224,43,20220601,39,55,3,2,2,6,1
F31DEZ_31225,43,20220601,39,55,3,2,2,6,1
F31DEZ_31226,43,20220601,24,9,1,2,2,6,0
F31DEZ_31227,43,20220601,39,55,3,2,2,6,1
F31DEZ_31228,43,20220601,39,55,3,2,2,6,1
F31DEZ_31229,43,20220601,24,9,1,2,2,6,0
F31DEZ_3123,43,20220601,39,55,3,2,2,6,1
F31DEZ_31230,43,20220601,39,55,3,2,2,6,1
F31DEZ_31231,43,20220601,39,55,3,2,2,6,1
F31DEZ_31232,43,20220601,39,55,3,2,2,6,1
F31DEZ_31233,43,20220601,39,55,3,2,2,6,1
F31DEZ_31234,43,20220601,39,55,3,2,2,6,1
F31DEZ_31235,43,20220601,45,30,3,3,2,6,1
F31DEZ_31236,43,20220601,24,9,1,2,2,6,0
F31DEZ_31237,43,20220601,39,55,3,2,2,6,1
F31DEZ_31238,43,20220601,39,55,3,2,2,6,1
F31DEZ_31239,43,20220601,39,55,3,2,2,6,1
F31DEZ_3124,43,20220601,45,30,3,3,2,6,1
F31DEZ_31240,43,20220601,24,9,1,2,2,6,0
F31DEZ_31241,43,20220601,39,55,3,2,2,6,1
F31DEZ_31242,43,20220601,39,55,3,2,2,6,1
F31DEZ_31243,43,20220601,39,55,3,2,2,6,1
F31DEZ_31244,43,20220601,45,30,3,3,2,6,1
F31DEZ_31245,43,20220601,39,55,3,2,2,6,1
F31DEZ_31246,43,20220601,39,55,3,2,2,6,1
F31DEZ_31247,43,20220601,39,55,3,2,2,6,1
F31DEZ_31248,43,20220601,39,55,3,2,2,6,1
F31DEZ_31249,43,20220601,45,30,3,3,2,6,1
F31DEZ_3125,43,20220601,39,55,3,2,2,6,1
F31DEZ_31250,43,20220601,39,55,3,2,2,6,1
F31DEZ_31251,43,20220601,24,9,1,2,2,6,0
F31DEZ_31252,43,20220601,45,30,3,3,2,6,1
F31DEZ_31253,43,20220601,39,55,3,2,2,6,1
F31DEZ_31254,43,20220601,39,55,3,2,2,6,1
F31DEZ_31255,43,20220601,39,55,3,2,2,6,1
F31DEZ_31256,43,20220601,38,50,3,2,8,6,1
F31DEZ_31257,43,20220601,39,55,3,2,2,6,1
F31DEZ_31258,43,20220601,39,55,3,2,2,6,1
F31DEZ_31259,43,20220601,45,30,3,3,2,6,1
F31DEZ_3126,43,20220601,39,55,3,2,2,6,1
F31DEZ_31260,43,20220601,39,55,3,2,2,6,1
F31DEZ_31261,43,20220601,39,55,3,2,2,6,1
F31DEZ_31262,43,20220601,39,55,3,2,2,6,1
F31DEZ_31263,43,20220601,39,55,3,2,2,6,1
F31DEZ_31264,43,20220601,38,50,3,2,8,6,1
F31DEZ_31265,43,20220601,38,50,3,2,8,6,1
F31DEZ_31266,43,20220601,39,55,3,2,2,6,1
F31DEZ_31267,43,20220601,38,50,3,2,8,6,1
F31DEZ_31268,43,20220601,39,55,3,2,2,6,1
F31DEZ_31269,43,20220601,45,30,3,3,2,6,1
F31DEZ_3127,43,20220601,39,55,3,2,2,6,1
F31DEZ_31270,43,20220601,39,55,3,2,2,6,1
F31DEZ_31271,43,20220601,45,30,3,3,2,6,1
F31DEZ_31272,43,20220601,39,55,3,2,2,6,1
F31DEZ_31273,43,20220601,24,9,1,2,2,6,0
F31DEZ_31274,43,20220601,39,55,3,2,2,6,1
F31DEZ_31275,43,20220601,39,55,3,2,2,6,1
F31DEZ_31276,43,20220601,45,30,3,3,2,6,1
F31DEZ_31277,43,20220601,24,9,1,2,2,6,0
F31DEZ_31278,43,20220601,39,55,3,2,2,6,1
F31DEZ_31279,43,20220601,45,30,3,3,2,6,1
F31DEZ_3128,43,20220601,39,55,3,2,2,6,1
F31DEZ_31280,43,20220601,45,30,3,3,2,6,1
F31DEZ_31281,43,20220601,39,55,3,2,2,6,1
F31DEZ_31282,43,20220601,39,55,3,2,2,6,1
F31DEZ_31283,43,20220601,39,55,3,2,2,6,1
F31DEZ_3129,43,20220601,39,55,3,2,2,6,1
F31DEZ_313,43,20220601,39,55,3,2,2,6,1
F31DEZ_3130,43,20220601,39,55,3,2,2,6,1
F31DEZ_3131,43,20220601,39,55,3,2,2,6,1
F31DEZ_3132,43,20220601,45,30,3,3,2,6,1
F31DEZ_3133,43,20220601,39,55,3,2,2,6,1
F31DEZ_3134,43,20220601,38,50,3,2,8,6,1
F31DEZ_3135,43,20220601,39,55,3,2,2,6,1
F31DEZ_3136,43,20220601,39,55,3,2,2,6,1
F31DEZ_3137,43,20220601,39,55,3,2,2,6,1
F31DEZ_3138,43,20220601,45,30,3,3,2,6,1
F31DEZ_3139,43,20220601,39,55,3,2,2,6,1
F31DEZ_314,43,20220601,39,55,3,2,2,6,1
F31DEZ_3140,43,20220601,39,55,3,2,2,6,1
F31DEZ_3141,43,20220601,39,55,3,2,2,6,1
F31DEZ_3142,43,20220601,39,55,3,2,2,6,1
F31DEZ_3143,43,20220601,39,55,3,2,2,6,1
F31DEZ_3144,43,20220601,39,55,3,2,2,6,1
F31DEZ_3145,43,20220601,39,55,3,2,2,6,1
F31DEZ_3146,43,20220601,39,55,3,2,2,6,1
F31DEZ_3147,43,20220601,39,55,3,2,2,6,1
F31DEZ_3148,43,20220601,39,55,3,2,2,6,1
F31DEZ_3149,43,20220601,39,55,3,2,2,6,1
F31DEZ_315,43,20220601,39,55,3,2,2,6,1
F31DEZ_3150,43,20220601,39,55,3,2,2,6,1
F31DEZ_3151,43,20220601,39,55,3,2,2,6,1
F31DEZ_3152,43,20220601,39,55,3,2,2,6,1
F31DEZ_3153,43,20220601,39,55,3,2,2,6,1
F31DEZ_3154,43,20220601,39,55,3,2,2,6,1
F31DEZ_3155,43,20220601,39,55,3,2,2,6,1
F31DEZ_3156,43,20220601,39,55,3,2,2,6,1
F31DEZ_3157,43,20220601,39,55,3,2,2,6,1
F31DEZ_3158,43,20220601,24,9,1,2,2,6,0
F31DEZ_3159,43,20220601,39,55,3,2,2,6,1
F31DEZ_316,43,20220601,38,50,3,2,8,6,1
F31DEZ_3160,43,20220601,39,55,3,2,2,6,1
F31DEZ_3161,43,20220601,45,30,3,3,2,6,1
F31DEZ_3162,43,20220601,24,9,1,2,2,6,0
F31DEZ_3163,43,20220601,39,55,3,2,2,6,1
F31DEZ_3164,43,20220601,39,55,3,2,2,6,1
F31DEZ_3165,43,20220601,24,9,1,2,2,6,0
F31DEZ_3166,43,20220601,24,9,1,2,2,6,0
F31DEZ_3167,43,20220601,39,55,3,2,2,6,1
F31DEZ_3168,43,20220601,24,9,1,2,2,6,0
F31DEZ_3169,43,20220601,39,55,3,2,2,6,1
F31DEZ_317,43,20220601,39,55,3,2,2,6,1
F31DEZ_3170,43,20220601,24,9,1,2,2,6,0
F31DEZ_3171,43,20220601,24,9,1,2,2,6,0
F31DEZ_3172,43,20220601,39,55,3,2,2,6,1
F31DEZ_3173,43,20220601,39,55,3,2,2,6,1
F31DEZ_3174,43,20220601,39,55,3,2,2,6,1
F31DEZ_3175,43,20220601,39,55,3,2,2,6,1
F31DEZ_3176,43,20220601,39,55,3,2,2,6,1
F31DEZ_3177,43,20220601,39,55,3,2,2,6,1
F31DEZ_3178,43,20220601,39,55,3,2,2,6,1
F31DEZ_3179,43,20220601,24,9,1,2,2,6,0
F31DEZ_318,43,20220601,39,55,3,2,2,6,1
F31DEZ_3180,43,20220601,39,55,3,2,2,6,1
F31DEZ_3181,43,20220601,39,55,3,2,2,6,1
F31DEZ_3182,43,20220601,45,30,3,3,2,6,1
F31DEZ_3183,43,20220601,24,9,1,2,2,6,0
F31DEZ_3184,43,20220601,39,55,3,2,2,6,1
F31DEZ_3185,43,20220601,45,30,3,3,2,6,1
F31DEZ_3186,43,20220601,39,55,3,2,2,6,1
F31DEZ_3187,43,20220601,39,55,3,2,2,6,1
F31DEZ_3188,43,20220601,39,55,3,2,2,6,1
F31DEZ_3189,43,20220601,39,55,3,2,2,6,1
F31DEZ_319,43,20220601,39,55,3,2,2,6,1
F31DEZ_3190,43,20220601,45,30,3,3,2,6,1
F31DEZ_3191,43,20220601,39,55,3,2,2,6,1
F31DEZ_3192,43,20220601,39,55,3,2,2,6,1
F31DEZ_3193,43,20220601,39,55,3,2,2,6,1
F31DEZ_3194,43,20220601,39,55,3,2,2,6,1
F31DEZ_3195,43,20220601,45,30,3,3,2,6,1
F31DEZ_3196,43,20220601,39,55,3,2,2,6,1
F31DEZ_3197,43,20220601,39,55,3,2,2,6,1
F31DEZ_3198,43,20220601,38,50,3,2,8,6,1
F31DEZ_3199,43,20220601,39,55,3,2,2,6,1
VER_REF_RF1,43,20220601,39,55,3,2,2,6,1
VER_REF_RF2,43,20220601,24,9,1,2,2,6,0
