block_id,agency_id,registration_date,available_seats,available_standing,typology,vclass,propulsion,emission,lowered_floor
1_1003,41,20251013,37,52,3,2,2,0,1
1_1008,41,20251013,37,52,3,2,2,0,1
1_1011,41,20251013,37,52,3,2,2,0,1
1_1020,41,20251013,37,52,3,2,2,0,1
1_1022,41,20251013,37,52,3,2,2,0,1
1_1024,41,20251013,37,52,3,2,2,0,1
1_1027,41,20251013,15,10,1,1,2,0,1
1_1029,41,20251013,37,52,3,2,2,0,1
1_1039,41,20251013,15,10,1,1,2,0,1
1_1040,41,20251013,37,52,3,2,2,0,1
1_1043,41,20251013,37,52,3,2,2,0,1
1_1049,41,20251013,37,52,3,2,2,0,1
1_1053,41,20251013,37,52,3,2,2,0,1
1_1059,41,20251013,37,52,3,2,2,0,1
1_1062,41,20251013,37,52,3,2,2,0,1
1_1064,41,20251013,37,52,3,2,2,0,1
1_1069,41,20251013,37,52,3,2,2,0,1
1_1072,41,20251013,37,52,3,2,2,0,1
1_1074,41,20251013,37,52,3,2,2,0,1
1_1079,41,20251013,37,52,3,2,2,0,1
1_1082,41,20251013,37,52,3,2,2,0,1
1_1084,41,20251013,37,52,3,2,2,0,1
1_1089,41,20251013,37,52,3,2,2,0,1
1_1092,41,20251013,37,52,3,2,2,0,1
1_1094,41,20251013,15,10,1,1,2,0,1
1_1099,41,20251013,37,52,3,2,2,0,1
1_1201,41,20251013,37,52,3,2,2,0,1
1_1204,41,20251013,37,52,3,2,2,0,1
1_1206,41,20251013,37,52,3,2,2,0,1
1_1210,41,20251013,15,10,1,1,2,0,1
1_1213,41,20251013,37,52,3,2,2,0,1
1_1215,41,20251013,37,52,3,2,2,0,1
1_1220,41,20251013,15,10,1,1,2,0,1
1_1222,41,20251013,37,52,3,2,2,0,1
1_1224,41,20251013,37,52,3,2,2,0,1
1_1231,41,20251013,37,52,3,2,2,0,1
1_1241,41,20251013,37,52,3,2,2,0,1
1_1305,41,20251013,15,10,1,1,2,0,1
1_1307,41,20251013,15,10,1,1,2,0,1
1_1309,41,20251013,37,52,3,2,2,0,1
1_1314,41,20251013,37,52,3,2,2,0,1
1_1316,41,20251013,15,10,1,1,2,0,1
1_1326,41,20251013,37,52,3,2,2,0,1
1_1328,41,20251013,15,10,1,1,2,0,1
1_1332,41,20251013,37,52,3,2,2,0,1
1_1334,41,20251013,37,52,3,2,2,0,1
1_1336,41,20251013,15,10,1,1,2,0,1
1_1338,41,20251013,37,52,3,2,2,0,1
1_1342,41,20251013,37,52,3,2,2,0,1
1_1409,41,20251013,37,52,3,2,2,0,1
1_1412,41,20251013,15,10,1,1,2,0,1
1_1414,41,20251013,37,52,3,2,2,0,1
1_1415,41,20251013,37,52,3,2,2,0,1
1_1417,41,20251013,37,52,3,2,2,0,1
1_1425,41,20251013,37,52,3,2,2,0,1
1_1430,41,20251013,37,52,3,2,2,0,1
1_1435,41,20251013,37,52,3,2,2,0,1
1_1437,41,20251013,37,52,3,2,2,0,1
1_1439,41,20251013,15,10,1,1,2,0,1
1_1443,41,20251013,37,52,3,2,2,0,1
1_1445,41,20251013,15,10,1,1,2,0,1
1_1454,41,20251013,37,52,3,2,2,0,1
1_1464,41,20251013,37,52,3,2,2,0,1
1_1466,41,20251013,37,52,3,2,2,0,1
1_1471,41,20251013,37,52,3,2,2,0,1
1_1472,41,20251013,15,10,1,1,2,0,1
1_1476,41,20251013,37,52,3,2,2,0,1
1_1478,41,20251013,37,52,3,2,2,0,1
1_1608,41,20251013,37,52,3,2,2,0,1
1_1611,41,20251013,37,52,3,2,2,0,1
1_1613,41,20251013,37,52,3,2,2,0,1
1_1620,41,20251013,37,52,3,2,2,0,1
1_1621,41,20251013,37,52,3,2,2,0,1
1_1623,41,20251013,37,52,3,2,2,0,1
1_1629,41,20251013,29,55,2,2,2,0,1
1_1631,41,20251013,37,52,3,2,2,0,1
1_1633,41,20251013,37,52,3,2,2,0,1
1_1636,41,20251013,37,52,3,2,2,0,1
1_1641,41,20251013,37,52,3,2,2,0,1
1_1648,41,20251013,37,52,3,2,2,0,1
1_1658,41,20251013,37,52,3,2,2,0,1
1_1660,41,20251013,37,52,3,2,2,0,1
1_1665,41,20251013,37,52,3,2,2,0,1
1_1705,41,20251013,37,52,3,2,2,0,1
1_1707,41,20251013,37,52,3,2,2,0,1
1_1709,41,20251013,15,10,1,1,2,0,1
1_1710,41,20251013,15,10,1,1,2,0,1
1_1713,41,20251013,37,52,3,2,2,0,1
1_1715,41,20251013,37,52,3,2,2,0,1
1_1720,41,20251013,37,52,3,2,2,0,1
1_1721,41,20251013,37,52,3,2,2,0,1
1_1725,41,20251013,15,10,1,1,2,0,1
1_1727,41,20251013,37,52,3,2,2,0,1
1_1730,41,20251013,15,10,1,1,2,0,1
1_1731,41,20251013,15,10,1,1,2,0,1
1_1745,41,20251013,37,52,3,2,2,0,1
1_1755,41,20251013,15,10,1,1,2,0,1
1_1760,41,20251013,37,52,3,2,2,0,1
1_1767,41,20251013,37,52,3,2,2,0,1
1_1770,41,20251013,37,52,3,2,2,0,1
1_1775,41,20251013,37,52,3,2,2,0,1
1_1777,41,20251013,37,52,3,2,2,0,1
1_1779,41,20251013,37,52,3,2,2,0,1
1_1780,41,20251013,37,52,3,2,2,0,1
1_1787,41,20251013,37,52,3,2,2,0,1
1_1005,41,20251013,37,52,3,2,2,0,1
1_1006,41,20251013,37,52,3,2,2,0,1
1_1030,41,20251013,15,10,1,1,2,0,1
1_1032,41,20251013,15,10,1,1,2,0,1
1_1034,41,20251013,15,10,1,1,2,0,1
1_1035,41,20251013,37,52,3,2,2,0,1
1_1037,41,20251013,37,52,3,2,2,0,1
1_1047,41,20251013,37,52,3,2,2,0,1
1_1050,41,20251013,37,52,3,2,2,0,1
1_1054,41,20251013,37,52,3,2,2,0,1
1_1055,41,20251013,37,52,3,2,2,0,1
1_1075,41,20251013,37,52,3,2,2,0,1
1_1076,41,20251013,15,10,1,1,2,0,1
1_1078,41,20251013,37,52,3,2,2,0,1
1_1080,41,20251013,37,52,3,2,2,0,1
1_1095,41,20251013,37,52,3,2,2,0,1
1_1096,41,20251013,37,52,3,2,2,0,1
1_1097,41,20251013,37,52,3,2,2,0,1
1_1098,41,20251013,37,52,3,2,2,0,1
1_1208,41,20251013,37,52,3,2,2,0,1
1_1209,41,20251013,37,52,3,2,2,0,1
1_1217,41,20251013,37,52,3,2,2,0,1
1_1219,41,20251013,37,52,3,2,2,0,1
1_1225,41,20251013,37,52,3,2,2,0,1
1_1226,41,20251013,37,52,3,2,2,0,1
1_1227,41,20251013,37,52,3,2,2,0,1
1_1228,41,20251013,37,52,3,2,2,0,1
1_1229,41,20251013,37,52,3,2,2,0,1
1_1235,41,20251013,37,52,3,2,2,0,1
1_1236,41,20251013,37,52,3,2,2,0,1
1_1237,41,20251013,37,52,3,2,2,0,1
1_1243,41,20251013,37,52,3,2,2,0,1
1_1244,41,20251013,37,52,3,2,2,0,1
1_1318,41,20251013,37,52,3,2,2,0,1
1_1321,41,20251013,37,52,3,2,2,0,1
1_1322,41,20251013,37,52,3,2,2,0,1
1_1323,41,20251013,37,52,3,2,2,0,1
1_1324,41,20251013,37,52,3,2,2,0,1
1_1335,41,20251013,37,52,3,2,2,0,1
1_1339,41,20251013,37,52,3,2,2,0,1
1_1343,41,20251013,37,52,3,2,2,0,1
1_1402,41,20251013,15,10,1,1,2,0,1
1_1405,41,20251013,37,52,3,2,2,0,1
1_1406,41,20251013,37,52,3,2,2,0,1
1_1407,41,20251013,37,52,3,2,2,0,1
1_1410,41,20251013,15,10,1,1,2,0,1
1_1419,41,20251013,15,10,1,1,2,0,1
1_1421,41,20251013,37,52,3,2,2,0,1
1_1424,41,20251013,37,52,3,2,2,0,1
1_1427,41,20251013,15,10,1,1,2,0,1
1_1440,41,20251013,37,52,3,2,2,0,1
1_1441,41,20251013,37,52,3,2,2,0,1
1_1444,41,20251013,15,10,1,1,2,0,1
1_1450,41,20251013,37,52,3,2,2,0,1
1_1451,41,20251013,37,52,3,2,2,0,1
1_1452,41,20251013,37,52,3,2,2,0,1
1_1468,41,20251013,15,10,1,1,2,0,1
1_1474,41,20251013,37,52,3,2,2,0,1
1_1475,41,20251013,37,52,3,2,2,0,1
1_1482,41,20251013,15,10,1,1,2,0,1
1_1483,41,20251013,15,10,1,1,2,0,1
1_1512,41,20251013,37,52,3,2,2,0,1
1_1601,41,20251013,37,52,3,2,2,0,1
1_1603,41,20251013,37,52,3,2,2,0,1
1_1604,41,20251013,37,52,3,2,2,0,1
1_1606,41,20251013,37,52,3,2,2,0,1
1_1610,41,20251013,37,52,3,2,2,0,1
1_1625,41,20251013,37,52,3,2,2,0,1
1_1626,41,20251013,37,52,3,2,2,0,1
1_1627,41,20251013,37,52,3,2,2,0,1
1_1630,41,20251013,37,52,3,2,2,0,1
1_1647,41,20251013,37,52,3,2,2,0,1
1_1651,41,20251013,37,52,3,2,2,0,1
1_1652,41,20251013,37,52,3,2,2,0,1
1_1653,41,20251013,37,52,3,2,2,0,1
1_1666,41,20251013,37,52,3,2,2,0,1
1_1667,41,20251013,15,10,1,1,2,0,1
1_1668,41,20251013,37,52,3,2,2,0,1
1_1701,41,20251013,37,52,3,2,2,0,1
1_1702,41,20251013,37,52,3,2,2,0,1
1_1703,41,20251013,37,52,3,2,2,0,1
1_1704,41,20251013,37,52,3,2,2,0,1
1_1717,41,20251013,37,52,3,2,2,0,1
1_1718,41,20251013,37,52,3,2,2,0,1
1_1719,41,20251013,37,52,3,2,2,0,1
1_1723,41,20251013,15,10,1,1,2,0,1
1_1724,41,20251013,37,52,3,2,2,0,1
1_1735,41,20251013,37,52,3,2,2,0,1
1_1736,41,20251013,37,52,3,2,2,0,1
1_1737,41,20251013,37,52,3,2,2,0,1
1_1740,41,20251013,37,52,3,2,2,0,1
1_1741,41,20251013,15,10,1,1,2,0,1
1_1742,41,20251013,37,52,3,2,2,0,1
1_1747,41,20251013,37,52,3,2,2,0,1
1_1758,41,20251013,15,10,1,1,2,0,1
1_1759,41,20251013,37,52,3,2,2,0,1
1_1762,41,20251013,37,52,3,2,2,0,1
1_1763,41,20251013,15,10,1,1,2,0,1
1_1764,41,20251013,37,52,3,2,2,0,1
1_1765,41,20251013,37,52,3,2,2,0,1
1_1778,41,20251013,15,10,1,1,2,0,1
1_1782,41,20251013,37,52,3,2,2,0,1
1_1784,41,20251013,37,52,3,2,2,0,1
1_1785,41,20251013,37,52,3,2,2,0,1
1_1901,41,20251013,37,52,3,2,2,0,1
1_1001,41,20251013,15,10,1,1,2,0,1
1_1013,41,20251013,37,52,3,2,2,0,1
1_1014,41,20251013,37,52,3,2,2,0,1
1_1015,41,20251013,37,52,3,2,2,0,1
1_1016,41,20251013,37,52,3,2,2,0,1
1_1017,41,20251013,37,52,3,2,2,0,1
1_1018,41,20251013,15,10,1,1,2,0,1
1_1019,41,20251013,37,52,3,2,2,0,1
1_1025,41,20251013,37,52,3,2,2,0,1
1_1026,41,20251013,37,52,3,2,2,0,1
1_1028,41,20251013,37,52,3,2,2,0,1
1_1041,41,20251013,37,52,3,2,2,0,1
1_1044,41,20251013,37,52,3,2,2,0,1
1_1045,41,20251013,37,52,3,2,2,0,1
1_1056,41,20251013,15,10,1,1,2,0,1
1_1057,41,20251013,37,52,3,2,2,0,1
1_1065,41,20251013,37,52,3,2,2,0,1
1_1066,41,20251013,37,52,3,2,2,0,1
1_1067,41,20251013,37,52,3,2,2,0,1
1_1068,41,20251013,37,52,3,2,2,0,1
1_1071,41,20251013,15,10,1,1,2,0,1
1_1073,41,20251013,37,52,3,2,2,0,1
1_1085,41,20251013,37,52,3,2,2,0,1
1_1086,41,20251013,37,52,3,2,2,0,1
1_1087,41,20251013,15,10,1,1,2,0,1
1_1088,41,20251013,37,52,3,2,2,0,1
1_1090,41,20251013,37,52,3,2,2,0,1
1_1202,41,20251013,37,52,3,2,2,0,1
1_1203,41,20251013,37,52,3,2,2,0,1
1_1205,41,20251013,37,52,3,2,2,0,1
1_1211,41,20251013,37,52,3,2,2,0,1
1_1212,41,20251013,37,52,3,2,2,0,1
1_1214,41,20251013,37,52,3,2,2,0,1
1_1230,41,20251013,37,52,3,2,2,0,1
1_1233,41,20251013,15,10,1,1,2,0,1
1_1234,41,20251013,37,52,3,2,2,0,1
1_1240,41,20251013,29,55,2,2,2,0,1
1_1245,41,20251013,37,52,3,2,2,0,1
1_1302,41,20251013,15,10,1,1,2,0,1
1_1303,41,20251013,37,52,3,2,2,0,1
1_1304,41,20251013,37,52,3,2,2,0,1
1_1306,41,20251013,37,52,3,2,2,0,1
1_1311,41,20251013,37,52,3,2,2,0,1
1_1312,41,20251013,37,52,3,2,2,0,1
1_1313,41,20251013,37,52,3,2,2,0,1
1_1315,41,20251013,15,10,1,1,2,0,1
1_1319,41,20251013,37,52,3,2,2,0,1
1_1329,41,20251013,37,52,3,2,2,0,1
1_1333,41,20251013,15,10,1,1,2,0,1
1_1408,41,20251013,15,10,1,1,2,0,1
1_1411,41,20251013,15,10,1,1,2,0,1
1_1413,41,20251013,37,52,3,2,2,0,1
1_1418,41,20251013,15,10,1,1,2,0,1
1_1420,41,20251013,15,10,1,1,2,0,1
1_1429,41,20251013,37,52,3,2,2,0,1
1_1431,41,20251013,37,52,3,2,2,0,1
1_1432,41,20251013,37,52,3,2,2,0,1
1_1433,41,20251013,37,52,3,2,2,0,1
1_1434,41,20251013,37,52,3,2,2,0,1
1_1447,41,20251013,37,52,3,2,2,0,1
1_1449,41,20251013,15,10,1,1,2,0,1
1_1456,41,20251013,15,10,1,1,2,0,1
1_1457,41,20251013,37,52,3,2,2,0,1
1_1458,41,20251013,37,52,3,2,2,0,1
1_1459,41,20251013,37,52,3,2,2,0,1
1_1460,41,20251013,37,52,3,2,2,0,1
1_1461,41,20251013,37,52,3,2,2,0,1
1_1462,41,20251013,37,52,3,2,2,0,1
1_1463,41,20251013,37,52,3,2,2,0,1
1_1465,41,20251013,37,52,3,2,2,0,1
1_1477,41,20251013,37,52,3,2,2,0,1
1_1480,41,20251013,37,52,3,2,2,0,1
1_1481,41,20251013,37,52,3,2,2,0,1
1_1599,41,20251013,37,52,3,2,2,0,1
1_1609,41,20251013,37,52,3,2,2,0,1
1_1615,41,20251013,37,52,3,2,2,0,1
1_1616,41,20251013,37,52,3,2,2,0,1
1_1617,41,20251013,15,10,1,1,2,0,1
1_1618,41,20251013,15,10,1,1,2,0,1
1_1624,41,20251013,37,52,3,2,2,0,1
1_1628,41,20251013,29,55,2,2,2,0,1
1_1632,41,20251013,37,52,3,2,2,0,1
1_1635,41,20251013,37,52,3,2,2,0,1
1_1637,41,20251013,37,52,3,2,2,0,1
1_1638,41,20251013,37,52,3,2,2,0,1
1_1642,41,20251013,37,52,3,2,2,0,1
1_1643,41,20251013,37,52,3,2,2,0,1
1_1644,41,20251013,29,55,2,2,2,0,1
1_1654,41,20251013,37,52,3,2,2,0,1
1_1655,41,20251013,37,52,3,2,2,0,1
1_1656,41,20251013,37,52,3,2,2,0,1
1_1657,41,20251013,37,52,3,2,2,0,1
1_1661,41,20251013,37,52,3,2,2,0,1
1_1662,41,20251013,37,52,3,2,2,0,1
1_1663,41,20251013,37,52,3,2,2,0,1
1_1711,41,20251013,15,10,1,1,2,0,1
1_1712,41,20251013,37,52,3,2,2,0,1
1_1714,41,20251013,15,10,1,1,2,0,1
1_1726,41,20251013,37,52,3,2,2,0,1
1_1729,41,20251013,15,10,1,1,2,0,1
1_1733,41,20251013,15,10,1,1,2,0,1
1_1744,41,20251013,15,10,1,1,2,0,1
1_1748,41,20251013,37,52,3,2,2,0,1
1_1749,41,20251013,37,52,3,2,2,0,1
1_1750,41,20251013,15,10,1,1,2,0,1
1_1789,41,20251013,15,10,1,1,2,0,1
1_1790,41,20251013,15,10,1,1,2,0,1
1_1792,41,20251013,15,10,1,1,2,0,1
1_1795,41,20251013,15,10,1,1,2,0,1
1_1905,41,20251013,37,52,3,2,2,0,1
1_1910,41,20251013,37,52,3,2,2,0,1
1_1911,41,20251013,37,52,3,2,2,0,1
11_1961,41,20251013,15,10,1,1,2,0,1
11_1963,41,20251013,15,10,1,1,2,0,1
11_1964,41,20251013,15,10,1,1,2,0,1
11_1966,41,20251013,15,10,1,1,2,0,1
12_2964,41,20251013,15,10,1,1,2,0,1
12_2966,41,20251013,15,10,1,1,2,0,1
13_3965,41,20251013,15,10,1,1,2,0,1
13_3967,41,20251013,15,10,1,1,2,0,1
14_14008,41,20251013,15,10,1,1,2,0,1
14_14009,41,20251013,15,10,1,1,2,0,1
14_14012,41,20251013,15,10,1,1,2,0,1
14_14016,41,20251013,15,10,1,1,2,0,1
14_14018,41,20251013,15,10,1,1,2,0,1
14_14021,41,20251013,15,10,1,1,2,0,1
14_14027,41,20251013,15,10,1,1,2,0,1
14_14035,41,20251013,15,10,1,1,2,0,1
14_14042,41,20251013,15,10,1,1,2,0,1
14_14044,41,20251013,15,10,1,1,2,0,1
14_14054,41,20251013,15,10,1,1,2,0,1
14_14056,41,20251013,15,10,1,1,2,0,1
14_14059,41,20251013,15,10,1,1,2,0,1
14_14060,41,20251013,15,10,1,1,2,0,1
14_14065,41,20251013,15,10,1,1,2,0,1
14_14202,41,20251013,15,10,1,1,2,0,1
14_14207,41,20251013,15,10,1,1,2,0,1
14_14209,41,20251013,15,10,1,1,2,0,1
14_14213,41,20251013,15,10,1,1,2,0,1
14_14215,41,20251013,15,10,1,1,2,0,1
14_14226,41,20251013,15,10,1,1,2,0,1
14_14231,41,20251013,15,10,1,1,2,0,1
14_14236,41,20251013,15,10,1,1,2,0,1
14_14241,41,20251013,15,10,1,1,2,0,1
14_14308,41,20251013,15,10,1,1,2,0,1
14_14312,41,20251013,15,10,1,1,2,0,1
14_14318,41,20251013,15,10,1,1,2,0,1
14_14326,41,20251013,15,10,1,1,2,0,1
14_14328,41,20251013,15,10,1,1,2,0,1
14_14330,41,20251013,15,10,1,1,2,0,1
14_14337,41,20251013,15,10,1,1,2,0,1
14_14339,41,20251013,15,10,1,1,2,0,1
14_14340,41,20251013,15,10,1,1,2,0,1
14_14343,41,20251013,15,10,1,1,2,0,1
14_14402,41,20251013,15,10,1,1,2,0,1
14_14404,41,20251013,15,10,1,1,2,0,1
14_14409,41,20251013,15,10,1,1,2,0,1
14_14410,41,20251013,15,10,1,1,2,0,1
14_14415,41,20251013,15,10,1,1,2,0,1
14_14417,41,20251013,15,10,1,1,2,0,1
14_14419,41,20251013,15,10,1,1,2,0,1
14_14424,41,20251013,15,10,1,1,2,0,1
14_14431,41,20251013,15,10,1,1,2,0,1
14_14432,41,20251013,15,10,1,1,2,0,1
14_14438,41,20251013,15,10,1,1,2,0,1
14_14444,41,20251013,15,10,1,1,2,0,1
14_14447,41,20251013,15,10,1,1,2,0,1
14_14451,41,20251013,15,10,1,1,2,0,1
14_14453,41,20251013,15,10,1,1,2,0,1
14_14462,41,20251013,15,10,1,1,2,0,1
14_14464,41,20251013,15,10,1,1,2,0,1
14_14606,41,20251013,15,10,1,1,2,0,1
14_14608,41,20251013,15,10,1,1,2,0,1
14_14616,41,20251013,15,10,1,1,2,0,1
14_14618,41,20251013,15,10,1,1,2,0,1
14_14622,41,20251013,15,10,1,1,2,0,1
14_14624,41,20251013,15,10,1,1,2,0,1
14_14629,41,20251013,15,10,1,1,2,0,1
14_14631,41,20251013,15,10,1,1,2,0,1
14_14636,41,20251013,15,10,1,1,2,0,1
14_14638,41,20251013,15,10,1,1,2,0,1
14_14641,41,20251013,15,10,1,1,2,0,1
14_14643,41,20251013,15,10,1,1,2,0,1
14_14646,41,20251013,15,10,1,1,2,0,1
14_14648,41,20251013,15,10,1,1,2,0,1
14_14651,41,20251013,15,10,1,1,2,0,1
14_14656,41,20251013,15,10,1,1,2,0,1
14_14704,41,20251013,15,10,1,1,2,0,1
14_14707,41,20251013,15,10,1,1,2,0,1
14_14711,41,20251013,15,10,1,1,2,0,1
14_14712,41,20251013,15,10,1,1,2,0,1
14_14714,41,20251013,15,10,1,1,2,0,1
14_14721,41,20251013,15,10,1,1,2,0,1
14_14722,41,20251013,15,10,1,1,2,0,1
14_14733,41,20251013,15,10,1,1,2,0,1
14_14743,41,20251013,15,10,1,1,2,0,1
14_14745,41,20251013,15,10,1,1,2,0,1
14_14751,41,20251013,15,10,1,1,2,0,1
14_14753,41,20251013,15,10,1,1,2,0,1
14_14760,41,20251013,15,10,1,1,2,0,1
14_14761,41,20251013,15,10,1,1,2,0,1
14_14763,41,20251013,15,10,1,1,2,0,1
14_14770,41,20251013,15,10,1,1,2,0,1
14_14771,41,20251013,15,10,1,1,2,0,1
14_14775,41,20251013,15,10,1,1,2,0,1
1_1902,41,20251013,37,52,3,2,2,0,1
1_1904,41,20251013,37,52,3,2,2,0,1
1_1907,41,20251013,37,52,3,2,2,0,1
1_1908,41,20251013,37,52,3,2,2,0,1
12_2963,41,20251013,15,10,1,1,2,0,1
12_2970,41,20251013,15,10,1,1,2,0,1
12_2971,41,20251013,15,10,1,1,2,0,1
12_2973,41,20251013,15,10,1,1,2,0,1
13_3963,41,20251013,15,10,1,1,2,0,1
13_3970,41,20251013,15,10,1,1,2,0,1
14_14001,41,20251013,15,10,1,1,2,0,1
14_14002,41,20251013,15,10,1,1,2,0,1
14_14003,41,20251013,15,10,1,1,2,0,1
14_14004,41,20251013,15,10,1,1,2,0,1
14_14019,41,20251013,15,10,1,1,2,0,1
14_14025,41,20251013,15,10,1,1,2,0,1
14_14028,41,20251013,15,10,1,1,2,0,1
14_14029,41,20251013,15,10,1,1,2,0,1
14_14030,41,20251013,15,10,1,1,2,0,1
14_14031,41,20251013,15,10,1,1,2,0,1
14_14032,41,20251013,15,10,1,1,2,0,1
14_14037,41,20251013,15,10,1,1,2,0,1
14_14038,41,20251013,15,10,1,1,2,0,1
14_14039,41,20251013,15,10,1,1,2,0,1
14_14040,41,20251013,15,10,1,1,2,0,1
14_14041,41,20251013,15,10,1,1,2,0,1
14_14067,41,20251013,15,10,1,1,2,0,1
14_14068,41,20251013,15,10,1,1,2,0,1
14_14069,41,20251013,15,10,1,1,2,0,1
14_14070,41,20251013,15,10,1,1,2,0,1
14_14071,41,20251013,15,10,1,1,2,0,1
14_14072,41,20251013,15,10,1,1,2,0,1
14_14210,41,20251013,15,10,1,1,2,0,1
14_14211,41,20251013,15,10,1,1,2,0,1
14_14212,41,20251013,15,10,1,1,2,0,1
14_14221,41,20251013,15,10,1,1,2,0,1
14_14222,41,20251013,15,10,1,1,2,0,1
14_14223,41,20251013,15,10,1,1,2,0,1
14_14224,41,20251013,15,10,1,1,2,0,1
14_14225,41,20251013,15,10,1,1,2,0,1
14_14238,41,20251013,15,10,1,1,2,0,1
14_14239,41,20251013,15,10,1,1,2,0,1
14_14301,41,20251013,15,10,1,1,2,0,1
14_14302,41,20251013,15,10,1,1,2,0,1
14_14303,41,20251013,15,10,1,1,2,0,1
14_14304,41,20251013,15,10,1,1,2,0,1
14_14306,41,20251013,15,10,1,1,2,0,1
14_14316,41,20251013,15,10,1,1,2,0,1
14_14319,41,20251013,15,10,1,1,2,0,1
14_14322,41,20251013,15,10,1,1,2,0,1
14_14323,41,20251013,15,10,1,1,2,0,1
14_14324,41,20251013,15,10,1,1,2,0,1
14_14333,41,20251013,15,10,1,1,2,0,1
14_14334,41,20251013,15,10,1,1,2,0,1
14_14335,41,20251013,15,10,1,1,2,0,1
14_14405,41,20251013,15,10,1,1,2,0,1
14_14406,41,20251013,15,10,1,1,2,0,1
14_14407,41,20251013,15,10,1,1,2,0,1
14_14408,41,20251013,15,10,1,1,2,0,1
14_14422,41,20251013,15,10,1,1,2,0,1
14_14425,41,20251013,15,10,1,1,2,0,1
14_14427,41,20251013,15,10,1,1,2,0,1
14_14428,41,20251013,15,10,1,1,2,0,1
14_14434,41,20251013,15,10,1,1,2,0,1
14_14435,41,20251013,15,10,1,1,2,0,1
14_14442,41,20251013,15,10,1,1,2,0,1
14_14443,41,20251013,15,10,1,1,2,0,1
14_14448,41,20251013,15,10,1,1,2,0,1
14_14449,41,20251013,15,10,1,1,2,0,1
14_14455,41,20251013,15,10,1,1,2,0,1
14_14456,41,20251013,15,10,1,1,2,0,1
14_14457,41,20251013,15,10,1,1,2,0,1
14_14458,41,20251013,15,10,1,1,2,0,1
14_14609,41,20251013,15,10,1,1,2,0,1
14_14611,41,20251013,15,10,1,1,2,0,1
14_14612,41,20251013,15,10,1,1,2,0,1
14_14614,41,20251013,15,10,1,1,2,0,1
14_14626,41,20251013,15,10,1,1,2,0,1
14_14627,41,20251013,15,10,1,1,2,0,1
14_14628,41,20251013,15,10,1,1,2,0,1
14_14632,41,20251013,15,10,1,1,2,0,1
14_14633,41,20251013,15,10,1,1,2,0,1
14_14634,41,20251013,15,10,1,1,2,0,1
14_14652,41,20251013,15,10,1,1,2,0,1
14_14653,41,20251013,15,10,1,1,2,0,1
14_14655,41,20251013,15,10,1,1,2,0,1
14_14702,41,20251013,15,10,1,1,2,0,1
14_14703,41,20251013,15,10,1,1,2,0,1
14_14708,41,20251013,15,10,1,1,2,0,1
14_14709,41,20251013,15,10,1,1,2,0,1
14_14724,41,20251013,15,10,1,1,2,0,1
14_14726,41,20251013,15,10,1,1,2,0,1
14_14727,41,20251013,15,10,1,1,2,0,1
14_14728,41,20251013,15,10,1,1,2,0,1
14_14729,41,20251013,15,10,1,1,2,0,1
14_14734,41,20251013,15,10,1,1,2,0,1
14_14735,41,20251013,15,10,1,1,2,0,1
14_14736,41,20251013,15,10,1,1,2,0,1
14_14737,41,20251013,15,10,1,1,2,0,1
14_14738,41,20251013,15,10,1,1,2,0,1
1_1751,41,20251013,15,10,1,1,2,0,1
1_1753,41,20251013,15,10,1,1,2,0,1
1_1754,41,20251013,37,52,3,2,2,0,1
1_1756,41,20251013,37,52,3,2,2,0,1
1_1757,41,20251013,37,52,3,2,2,0,1
1_1769,41,20251013,15,10,1,1,2,0,1
1_1771,41,20251013,15,10,1,1,2,0,1
1_1772,41,20251013,37,52,3,2,2,0,1
1_1773,41,20251013,37,52,3,2,2,0,1
1_1791,41,20251013,37,52,3,2,2,0,1
1_1793,41,20251013,15,10,1,1,2,0,1
1_1794,41,20251013,37,52,3,2,2,0,1
1_1909,41,20251013,37,52,3,2,2,0,1
1_1914,41,20251013,37,52,3,2,2,0,1
11_1965,41,20251013,15,10,1,1,2,0,1
12_2967,41,20251013,15,10,1,1,2,0,1
12_2968,41,20251013,15,10,1,1,2,0,1
12_2969,41,20251013,15,10,1,1,2,0,1
13_3966,41,20251013,15,10,1,1,2,0,1
13_3968,41,20251013,15,10,1,1,2,0,1
13_3969,41,20251013,15,10,1,1,2,0,1
13_3972,41,20251013,15,10,1,1,2,0,1
14_14005,41,20251013,15,10,1,1,2,0,1
14_14006,41,20251013,15,10,1,1,2,0,1
14_14007,41,20251013,15,10,1,1,2,0,1
14_14013,41,20251013,15,10,1,1,2,0,1
14_14014,41,20251013,15,10,1,1,2,0,1
14_14017,41,20251013,15,10,1,1,2,0,1
14_14020,41,20251013,15,10,1,1,2,0,1
14_14022,41,20251013,15,10,1,1,2,0,1
14_14023,41,20251013,15,10,1,1,2,0,1
14_14046,41,20251013,15,10,1,1,2,0,1
14_14047,41,20251013,15,10,1,1,2,0,1
14_14048,41,20251013,15,10,1,1,2,0,1
14_14049,41,20251013,15,10,1,1,2,0,1
14_14050,41,20251013,15,10,1,1,2,0,1
14_14051,41,20251013,15,10,1,1,2,0,1
14_14052,41,20251013,15,10,1,1,2,0,1
14_14053,41,20251013,15,10,1,1,2,0,1
14_14061,41,20251013,15,10,1,1,2,0,1
14_14062,41,20251013,15,10,1,1,2,0,1
14_14063,41,20251013,15,10,1,1,2,0,1
14_14064,41,20251013,15,10,1,1,2,0,1
14_14203,41,20251013,15,10,1,1,2,0,1
14_14204,41,20251013,15,10,1,1,2,0,1
14_14205,41,20251013,15,10,1,1,2,0,1
14_14206,41,20251013,15,10,1,1,2,0,1
14_14208,41,20251013,15,10,1,1,2,0,1
14_14217,41,20251013,15,10,1,1,2,0,1
14_14218,41,20251013,15,10,1,1,2,0,1
14_14219,41,20251013,15,10,1,1,2,0,1
14_14228,41,20251013,15,10,1,1,2,0,1
14_14229,41,20251013,15,10,1,1,2,0,1
14_14230,41,20251013,15,10,1,1,2,0,1
14_14232,41,20251013,15,10,1,1,2,0,1
14_14233,41,20251013,15,10,1,1,2,0,1
14_14234,41,20251013,15,10,1,1,2,0,1
14_14235,41,20251013,15,10,1,1,2,0,1
14_14309,41,20251013,15,10,1,1,2,0,1
14_14310,41,20251013,15,10,1,1,2,0,1
14_14313,41,20251013,15,10,1,1,2,0,1
14_14314,41,20251013,15,10,1,1,2,0,1
14_14325,41,20251013,15,10,1,1,2,0,1
14_14329,41,20251013,15,10,1,1,2,0,1
14_14331,41,20251013,15,10,1,1,2,0,1
14_14336,41,20251013,15,10,1,1,2,0,1
14_14411,41,20251013,15,10,1,1,2,0,1
14_14412,41,20251013,15,10,1,1,2,0,1
14_14413,41,20251013,15,10,1,1,2,0,1
14_14414,41,20251013,15,10,1,1,2,0,1
14_14420,41,20251013,15,10,1,1,2,0,1
14_14429,41,20251013,15,10,1,1,2,0,1
14_14436,41,20251013,15,10,1,1,2,0,1
14_14437,41,20251013,15,10,1,1,2,0,1
14_14440,41,20251013,15,10,1,1,2,0,1
14_14441,41,20251013,15,10,1,1,2,0,1
14_14450,41,20251013,15,10,1,1,2,0,1
14_14460,41,20251013,15,10,1,1,2,0,1
14_14461,41,20251013,15,10,1,1,2,0,1
14_14601,41,20251013,15,10,1,1,2,0,1
14_14602,41,20251013,15,10,1,1,2,0,1
14_14603,41,20251013,15,10,1,1,2,0,1
14_14604,41,20251013,15,10,1,1,2,0,1
14_14617,41,20251013,15,10,1,1,2,0,1
14_14619,41,20251013,15,10,1,1,2,0,1
14_14620,41,20251013,15,10,1,1,2,0,1
14_14621,41,20251013,15,10,1,1,2,0,1
14_14642,41,20251013,15,10,1,1,2,0,1
14_14644,41,20251013,15,10,1,1,2,0,1
14_14645,41,20251013,15,10,1,1,2,0,1
14_14647,41,20251013,15,10,1,1,2,0,1
14_14650,41,20251013,15,10,1,1,2,0,1
14_14701,41,20251013,15,10,1,1,2,0,1
14_14716,41,20251013,15,10,1,1,2,0,1
14_14717,41,20251013,15,10,1,1,2,0,1
14_14718,41,20251013,15,10,1,1,2,0,1
14_14719,41,20251013,15,10,1,1,2,0,1
14_14730,41,20251013,15,10,1,1,2,0,1
14_14731,41,20251013,15,10,1,1,2,0,1
14_14747,41,20251013,15,10,1,1,2,0,1
14_14777,41,20251013,15,10,1,1,2,0,1
14_14785,41,20251013,15,10,1,1,2,0,1
14_14787,41,20251013,15,10,1,1,2,0,1
14_14788,41,20251013,15,10,1,1,2,0,1
14_14791,41,20251013,15,10,1,1,2,0,1
14_14902,41,20251013,15,10,1,1,2,0,1
14_14904,41,20251013,15,10,1,1,2,0,1
14_14910,41,20251013,15,10,1,1,2,0,1
14_14934,41,20251013,15,10,1,1,2,0,1
14_14937,41,20251013,15,10,1,1,2,0,1
14_14940,41,20251013,15,10,1,1,2,0,1
14_14941,41,20251013,15,10,1,1,2,0,1
14_14943,41,20251013,15,10,1,1,2,0,1
15_15006,41,20251013,15,10,1,1,2,0,1
15_15011,41,20251013,15,10,1,1,2,0,1
15_15017,41,20251013,15,10,1,1,2,0,1
15_15021,41,20251013,15,10,1,1,2,0,1
15_15027,41,20251013,15,10,1,1,2,0,1
15_15028,41,20251013,15,10,1,1,2,0,1
15_15034,41,20251013,15,10,1,1,2,0,1
15_15036,41,20251013,15,10,1,1,2,0,1
15_15042,41,20251013,15,10,1,1,2,0,1
15_15044,41,20251013,15,10,1,1,2,0,1
15_15201,41,20251013,15,10,1,1,2,0,1
15_15208,41,20251013,15,10,1,1,2,0,1
15_15211,41,20251013,15,10,1,1,2,0,1
15_15218,41,20251013,15,10,1,1,2,0,1
15_15230,41,20251013,15,10,1,1,2,0,1
15_15305,41,20251013,15,10,1,1,2,0,1
15_15307,41,20251013,15,10,1,1,2,0,1
15_15310,41,20251013,15,10,1,1,2,0,1
15_15315,41,20251013,15,10,1,1,2,0,1
15_15317,41,20251013,15,10,1,1,2,0,1
15_15321,41,20251013,15,10,1,1,2,0,1
15_15323,41,20251013,15,10,1,1,2,0,1
15_15402,41,20251013,15,10,1,1,2,0,1
15_15404,41,20251013,15,10,1,1,2,0,1
15_15413,41,20251013,15,10,1,1,2,0,1
15_15415,41,20251013,15,10,1,1,2,0,1
15_15423,41,20251013,15,10,1,1,2,0,1
15_15437,41,20251013,15,10,1,1,2,0,1
15_15602,41,20251013,15,10,1,1,2,0,1
15_15605,41,20251013,15,10,1,1,2,0,1
15_15607,41,20251013,15,10,1,1,2,0,1
15_15612,41,20251013,15,10,1,1,2,0,1
15_15615,41,20251013,15,10,1,1,2,0,1
15_15621,41,20251013,15,10,1,1,2,0,1
15_15624,41,20251013,15,10,1,1,2,0,1
15_15631,41,20251013,15,10,1,1,2,0,1
15_15701,41,20251013,15,10,1,1,2,0,1
15_15703,41,20251013,15,10,1,1,2,0,1
15_15708,41,20251013,15,10,1,1,2,0,1
15_15715,41,20251013,15,10,1,1,2,0,1
15_15717,41,20251013,15,10,1,1,2,0,1
15_15720,41,20251013,15,10,1,1,2,0,1
15_15725,41,20251013,15,10,1,1,2,0,1
15_15727,41,20251013,15,10,1,1,2,0,1
15_15732,41,20251013,15,10,1,1,2,0,1
15_15734,41,20251013,15,10,1,1,2,0,1
15_15743,41,20251013,15,10,1,1,2,0,1
15_15745,41,20251013,15,10,1,1,2,0,1
15_15751,41,20251013,15,10,1,1,2,0,1
15_15901,41,20251013,15,10,1,1,2,0,1
15_15903,41,20251013,15,10,1,1,2,0,1
2_2001,41,20251013,37,52,3,2,2,0,1
2_2005,41,20251013,37,52,3,2,2,0,1
2_2007,41,20251013,37,52,3,2,2,0,1
2_2015,41,20251013,37,52,3,2,2,0,1
2_2017,41,20251013,15,10,1,1,2,0,1
2_2020,41,20251013,37,52,3,2,2,0,1
2_2025,41,20251013,37,52,3,2,2,0,1
2_2027,41,20251013,37,52,3,2,2,0,1
2_2035,41,20251013,15,10,1,1,2,0,1
2_2037,41,20251013,37,52,3,2,2,0,1
2_2039,41,20251013,37,52,3,2,2,0,1
2_2040,41,20251013,15,10,1,1,2,0,1
2_2045,41,20251013,37,52,3,2,2,0,1
2_2047,41,20251013,15,10,1,1,2,0,1
2_2202,41,20251013,37,52,3,2,2,0,1
2_2204,41,20251013,37,52,3,2,2,0,1
2_2209,41,20251013,37,52,3,2,2,0,1
2_2210,41,20251013,37,52,3,2,2,0,1
2_2219,41,20251013,37,52,3,2,2,0,1
2_2220,41,20251013,37,52,3,2,2,0,1
2_2309,41,20251013,37,52,3,2,2,0,1
2_2315,41,20251013,15,10,1,1,2,0,1
2_2317,41,20251013,37,52,3,2,2,0,1
2_2407,41,20251013,37,52,3,2,2,0,1
2_2409,41,20251013,37,52,3,2,2,0,1
2_2414,41,20251013,37,52,3,2,2,0,1
2_2417,41,20251013,37,52,3,2,2,0,1
2_2603,41,20251013,37,52,3,2,2,0,1
2_2605,41,20251013,37,52,3,2,2,0,1
2_2608,41,20251013,37,52,3,2,2,0,1
2_2618,41,20251013,37,52,3,2,2,0,1
2_2624,41,20251013,37,52,3,2,2,0,1
2_2626,41,20251013,37,52,3,2,2,0,1
2_2705,41,20251013,37,52,3,2,2,0,1
2_2710,41,20251013,37,52,3,2,2,0,1
2_2719,41,20251013,15,10,1,1,2,0,1
2_2724,41,20251013,37,52,3,2,2,0,1
14_14740,41,20251013,15,10,1,1,2,0,1
14_14741,41,20251013,15,10,1,1,2,0,1
14_14742,41,20251013,15,10,1,1,2,0,1
14_14755,41,20251013,15,10,1,1,2,0,1
14_14756,41,20251013,15,10,1,1,2,0,1
14_14757,41,20251013,15,10,1,1,2,0,1
14_14758,41,20251013,15,10,1,1,2,0,1
14_14779,41,20251013,15,10,1,1,2,0,1
14_14781,41,20251013,15,10,1,1,2,0,1
14_14782,41,20251013,15,10,1,1,2,0,1
14_14783,41,20251013,15,10,1,1,2,0,1
14_14837,41,20251013,15,10,1,1,2,0,1
14_14906,41,20251013,15,10,1,1,2,0,1
14_14907,41,20251013,15,10,1,1,2,0,1
14_14908,41,20251013,15,10,1,1,2,0,1
14_14909,41,20251013,15,10,1,1,2,0,1
15_15004,41,20251013,15,10,1,1,2,0,1
15_15007,41,20251013,15,10,1,1,2,0,1
15_15009,41,20251013,15,10,1,1,2,0,1
15_15015,41,20251013,15,10,1,1,2,0,1
15_15018,41,20251013,15,10,1,1,2,0,1
15_15022,41,20251013,15,10,1,1,2,0,1
15_15023,41,20251013,15,10,1,1,2,0,1
15_15030,41,20251013,15,10,1,1,2,0,1
15_15031,41,20251013,15,10,1,1,2,0,1
15_15032,41,20251013,15,10,1,1,2,0,1
15_15033,41,20251013,15,10,1,1,2,0,1
15_15046,41,20251013,15,10,1,1,2,0,1
15_15048,41,20251013,15,10,1,1,2,0,1
15_15212,41,20251013,15,10,1,1,2,0,1
15_15213,41,20251013,15,10,1,1,2,0,1
15_15214,41,20251013,15,10,1,1,2,0,1
15_15215,41,20251013,15,10,1,1,2,0,1
15_15216,41,20251013,15,10,1,1,2,0,1
15_15302,41,20251013,15,10,1,1,2,0,1
15_15303,41,20251013,15,10,1,1,2,0,1
15_15318,41,20251013,15,10,1,1,2,0,1
15_15319,41,20251013,15,10,1,1,2,0,1
15_15401,41,20251013,15,10,1,1,2,0,1
15_15410,41,20251013,15,10,1,1,2,0,1
15_15411,41,20251013,15,10,1,1,2,0,1
15_15440,41,20251013,15,10,1,1,2,0,1
15_15608,41,20251013,15,10,1,1,2,0,1
15_15609,41,20251013,15,10,1,1,2,0,1
15_15610,41,20251013,15,10,1,1,2,0,1
15_15611,41,20251013,15,10,1,1,2,0,1
15_15616,41,20251013,15,10,1,1,2,0,1
15_15617,41,20251013,15,10,1,1,2,0,1
15_15620,41,20251013,15,10,1,1,2,0,1
15_15626,41,20251013,15,10,1,1,2,0,1
15_15704,41,20251013,15,10,1,1,2,0,1
15_15705,41,20251013,15,10,1,1,2,0,1
15_15707,41,20251013,15,10,1,1,2,0,1
15_15710,41,20251013,15,10,1,1,2,0,1
15_15711,41,20251013,15,10,1,1,2,0,1
15_15712,41,20251013,15,10,1,1,2,0,1
15_15713,41,20251013,15,10,1,1,2,0,1
15_15729,41,20251013,15,10,1,1,2,0,1
15_15735,41,20251013,15,10,1,1,2,0,1
15_15736,41,20251013,15,10,1,1,2,0,1
15_15737,41,20251013,15,10,1,1,2,0,1
15_15738,41,20251013,15,10,1,1,2,0,1
15_15739,41,20251013,15,10,1,1,2,0,1
15_15747,41,20251013,15,10,1,1,2,0,1
15_15749,41,20251013,15,10,1,1,2,0,1
15_15750,41,20251013,15,10,1,1,2,0,1
15_15776,41,20251013,15,10,1,1,2,0,1
15_15905,41,20251013,15,10,1,1,2,0,1
15_15906,41,20251013,15,10,1,1,2,0,1
2_2008,41,20251013,37,52,3,2,2,0,1
2_2009,41,20251013,37,52,3,2,2,0,1
2_2010,41,20251013,37,52,3,2,2,0,1
2_2011,41,20251013,37,52,3,2,2,0,1
2_2012,41,20251013,15,10,1,1,2,0,1
2_2013,41,20251013,37,52,3,2,2,0,1
2_2029,41,20251013,37,52,3,2,2,0,1
2_2030,41,20251013,37,52,3,2,2,0,1
2_2033,41,20251013,37,52,3,2,2,0,1
2_2034,41,20251013,37,52,3,2,2,0,1
2_2048,41,20251013,37,52,3,2,2,0,1
2_2049,41,20251013,37,52,3,2,2,0,1
2_2050,41,20251013,37,52,3,2,2,0,1
2_2051,41,20251013,37,52,3,2,2,0,1
2_2212,41,20251013,37,52,3,2,2,0,1
2_2214,41,20251013,37,52,3,2,2,0,1
2_2215,41,20251013,37,52,3,2,2,0,1
2_2217,41,20251013,37,52,3,2,2,0,1
2_2234,41,20251013,37,52,3,2,2,0,1
2_2301,41,20251013,15,10,1,1,2,0,1
2_2303,41,20251013,37,52,3,2,2,0,1
2_2304,41,20251013,37,52,3,2,2,0,1
2_2305,41,20251013,37,52,3,2,2,0,1
2_2307,41,20251013,37,52,3,2,2,0,1
2_2318,41,20251013,37,52,3,2,2,0,1
2_2402,41,20251013,37,52,3,2,2,0,1
2_2403,41,20251013,37,52,3,2,2,0,1
2_2404,41,20251013,15,10,1,1,2,0,1
2_2405,41,20251013,37,52,3,2,2,0,1
2_2406,41,20251013,15,10,1,1,2,0,1
2_2410,41,20251013,37,52,3,2,2,0,1
2_2411,41,20251013,37,52,3,2,2,0,1
2_2412,41,20251013,37,52,3,2,2,0,1
2_2416,41,20251013,15,10,1,1,2,0,1
2_2421,41,20251013,15,10,1,1,2,0,1
2_2437,41,20251013,15,10,1,1,2,0,1
2_2438,41,20251013,37,52,3,2,2,0,1
2_2601,41,20251013,37,52,3,2,2,0,1
2_2602,41,20251013,37,52,3,2,2,0,1
2_2611,41,20251013,37,52,3,2,2,0,1
2_2613,41,20251013,15,10,1,1,2,0,1
2_2614,41,20251013,37,52,3,2,2,0,1
2_2616,41,20251013,37,52,3,2,2,0,1
2_2627,41,20251013,37,52,3,2,2,0,1
2_2630,41,20251013,37,52,3,2,2,0,1
2_2631,41,20251013,37,52,3,2,2,0,1
2_2632,41,20251013,37,52,3,2,2,0,1
2_2633,41,20251013,37,52,3,2,2,0,1
2_2703,41,20251013,37,52,3,2,2,0,1
2_2707,41,20251013,37,52,3,2,2,0,1
2_2708,41,20251013,15,10,1,1,2,0,1
2_2709,41,20251013,37,52,3,2,2,0,1
2_2712,41,20251013,37,52,3,2,2,0,1
2_2713,41,20251013,37,52,3,2,2,0,1
2_2714,41,20251013,15,10,1,1,2,0,1
2_2715,41,20251013,15,10,1,1,2,0,1
2_2717,41,20251013,15,10,1,1,2,0,1
2_2718,41,20251013,15,10,1,1,2,0,1
2_2721,41,20251013,37,52,3,2,2,0,1
2_2722,41,20251013,37,52,3,2,2,0,1
2_2729,41,20251013,29,55,2,2,2,0,1
2_2738,41,20251013,15,10,1,1,2,0,1
2_2740,41,20251013,15,10,1,1,2,0,1
2_2741,41,20251013,15,10,1,1,2,0,1
22_2977,41,20251013,15,10,1,1,2,0,1
22_2978,41,20251013,15,10,1,1,2,0,1
22_2979,41,20251013,15,10,1,1,2,0,1
23_3976,41,20251013,15,10,1,1,2,0,1
23_3978,41,20251013,15,10,1,1,2,0,1
23_3979,41,20251013,15,10,1,1,2,0,1
23_3982,41,20251013,15,10,1,1,2,0,1
28_9913,41,20251013,15,10,1,1,2,0,1
28_9914,41,20251013,15,10,1,1,2,0,1
28_9915,41,20251013,15,10,1,1,2,0,1
28_9916,41,20251013,15,10,1,1,2,0,1
29_3916,41,20251013,15,10,1,1,2,0,1
29_3917,41,20251013,15,10,1,1,2,0,1
29_3918,41,20251013,15,10,1,1,2,0,1
29_3919,41,20251013,15,10,1,1,2,0,1
3_3007,41,20251013,37,52,3,2,2,0,1
3_3008,41,20251013,37,52,3,2,2,0,1
3_3009,41,20251013,37,52,3,2,2,0,1
3_3017,41,20251013,37,52,3,2,2,0,1
3_3018,41,20251013,37,52,3,2,2,0,1
3_3019,41,20251013,37,52,3,2,2,0,1
3_3030,41,20251013,37,52,3,2,2,0,1
3_3033,41,20251013,15,10,1,1,2,0,1
3_3036,41,20251013,37,52,3,2,2,0,1
3_3203,41,20251013,37,52,3,2,2,0,1
3_3204,41,20251013,37,52,3,2,2,0,1
3_3205,41,20251013,37,52,3,2,2,0,1
3_3206,41,20251013,37,52,3,2,2,0,1
3_3216,41,20251013,15,10,1,1,2,0,1
3_3218,41,20251013,37,52,3,2,2,0,1
3_3301,41,20251013,37,52,3,2,2,0,1
3_3302,41,20251013,15,10,1,1,2,0,1
3_3303,41,20251013,37,52,3,2,2,0,1
3_3314,41,20251013,37,52,3,2,2,0,1
3_3315,41,20251013,15,10,1,1,2,0,1
3_3410,41,20251013,37,52,3,2,2,0,1
3_3411,41,20251013,37,52,3,2,2,0,1
3_3415,41,20251013,37,52,3,2,2,0,1
3_3416,41,20251013,37,52,3,2,2,0,1
3_3417,41,20251013,37,52,3,2,2,0,1
3_3433,41,20251013,37,52,3,2,2,0,1
3_3434,41,20251013,15,10,1,1,2,0,1
3_3435,41,20251013,37,52,3,2,2,0,1
3_3604,41,20251013,37,52,3,2,2,0,1
3_3605,41,20251013,37,52,3,2,2,0,1
3_3606,41,20251013,37,52,3,2,2,0,1
3_3607,41,20251013,15,10,1,1,2,0,1
3_3610,41,20251013,37,52,3,2,2,0,1
3_3619,41,20251013,37,52,3,2,2,0,1
3_3623,41,20251013,29,55,2,2,2,0,1
3_3645,41,20251013,37,52,3,2,2,0,1
3_3723,41,20251013,37,52,3,2,2,0,1
3_3725,41,20251013,15,10,1,1,2,0,1
3_3728,41,20251013,37,52,3,2,2,0,1
3_3732,41,20251013,15,10,1,1,2,0,1
3_3733,41,20251013,15,10,1,1,2,0,1
3_3734,41,20251013,37,52,3,2,2,0,1
3_3735,41,20251013,37,52,3,2,2,0,1
3_3737,41,20251013,37,52,3,2,2,0,1
3_3742,41,20251013,15,10,1,1,2,0,1
3_3743,41,20251013,15,10,1,1,2,0,1
3_3745,41,20251013,37,52,3,2,2,0,1
3_3903,41,20251013,37,52,3,2,2,0,1
3_3904,41,20251013,37,52,3,2,2,0,1
3_3905,41,20251013,37,52,3,2,2,0,1
3_3906,41,20251013,37,52,3,2,2,0,1
36_36008,41,20251013,15,10,1,1,2,0,1
36_36009,41,20251013,15,10,1,1,2,0,1
36_36010,41,20251013,15,10,1,1,2,0,1
36_36011,41,20251013,15,10,1,1,2,0,1
36_36012,41,20251013,15,10,1,1,2,0,1
36_36029,41,20251013,15,10,1,1,2,0,1
36_36035,41,20251013,15,10,1,1,2,0,1
36_36036,41,20251013,15,10,1,1,2,0,1
36_36037,41,20251013,15,10,1,1,2,0,1
36_36202,41,20251013,15,10,1,1,2,0,1
36_36203,41,20251013,15,10,1,1,2,0,1
36_36204,41,20251013,15,10,1,1,2,0,1
36_36205,41,20251013,15,10,1,1,2,0,1
36_36206,41,20251013,15,10,1,1,2,0,1
36_36207,41,20251013,15,10,1,1,2,0,1
36_36208,41,20251013,15,10,1,1,2,0,1
36_36211,41,20251013,15,10,1,1,2,0,1
36_36312,41,20251013,15,10,1,1,2,0,1
36_36314,41,20251013,15,10,1,1,2,0,1
36_36315,41,20251013,15,10,1,1,2,0,1
36_36407,41,20251013,15,10,1,1,2,0,1
36_36410,41,20251013,15,10,1,1,2,0,1
36_36411,41,20251013,15,10,1,1,2,0,1
36_36412,41,20251013,15,10,1,1,2,0,1
36_36413,41,20251013,15,10,1,1,2,0,1
36_36624,41,20251013,15,10,1,1,2,0,1
36_36701,41,20251013,15,10,1,1,2,0,1
36_36706,41,20251013,15,10,1,1,2,0,1
36_36707,41,20251013,15,10,1,1,2,0,1
36_36714,41,20251013,15,10,1,1,2,0,1
36_36715,41,20251013,15,10,1,1,2,0,1
36_36716,41,20251013,15,10,1,1,2,0,1
36_36717,41,20251013,15,10,1,1,2,0,1
36_36723,41,20251013,15,10,1,1,2,0,1
36_36724,41,20251013,15,10,1,1,2,0,1
36_36728,41,20251013,15,10,1,1,2,0,1
36_36729,41,20251013,15,10,1,1,2,0,1
36_36731,41,20251013,15,10,1,1,2,0,1
36_36732,41,20251013,15,10,1,1,2,0,1
36_36743,41,20251013,15,10,1,1,2,0,1
36_36745,41,20251013,15,10,1,1,2,0,1
36_36746,41,20251013,15,10,1,1,2,0,1
36_36747,41,20251013,15,10,1,1,2,0,1
36_36748,41,20251013,15,10,1,1,2,0,1
36_v_4,41,20251013,15,10,1,1,2,0,1
4_4019,41,20251013,15,10,1,1,2,0,1
4_4032,41,20251013,37,52,3,2,2,0,1
4_4034,41,20251013,15,10,1,1,2,0,1
4_4035,41,20251013,37,52,3,2,2,0,1
4_4040,41,20251013,37,52,3,2,2,0,1
4_4041,41,20251013,37,52,3,2,2,0,1
4_4059,41,20251013,37,52,3,2,2,0,1
4_4068,41,20251013,37,52,3,2,2,0,1
4_4069,41,20251013,37,52,3,2,2,0,1
4_4077,41,20251013,37,52,3,2,2,0,1
4_4078,41,20251013,37,52,3,2,2,0,1
4_4079,41,20251013,37,52,3,2,2,0,1
4_4080,41,20251013,15,10,1,1,2,0,1
4_4081,41,20251013,15,10,1,1,2,0,1
4_4205,41,20251013,37,52,3,2,2,0,1
4_4206,41,20251013,37,52,3,2,2,0,1
4_4208,41,20251013,37,52,3,2,2,0,1
4_4211,41,20251013,37,52,3,2,2,0,1
4_4213,41,20251013,37,52,3,2,2,0,1
4_4214,41,20251013,37,52,3,2,2,0,1
4_4232,41,20251013,15,10,1,1,2,0,1
4_4234,41,20251013,37,52,3,2,2,0,1
4_4235,41,20251013,37,52,3,2,2,0,1
4_4237,41,20251013,37,52,3,2,2,0,1
4_4238,41,20251013,37,52,3,2,2,0,1
4_4306,41,20251013,15,10,1,1,2,0,1
4_4307,41,20251013,37,52,3,2,2,0,1
4_4310,41,20251013,15,10,1,1,2,0,1
4_4315,41,20251013,37,52,3,2,2,0,1
4_4324,41,20251013,37,52,3,2,2,0,1
4_4325,41,20251013,15,10,1,1,2,0,1
4_4326,41,20251013,37,52,3,2,2,0,1
4_4327,41,20251013,37,52,3,2,2,0,1
4_4335,41,20251013,15,10,1,1,2,0,1
4_4336,41,20251013,37,52,3,2,2,0,1
4_4337,41,20251013,15,10,1,1,2,0,1
4_4338,41,20251013,37,52,3,2,2,0,1
4_4339,41,20251013,37,52,3,2,2,0,1
4_4402,41,20251013,15,10,1,1,2,0,1
4_4403,41,20251013,37,52,3,2,2,0,1
4_4408,41,20251013,37,52,3,2,2,0,1
4_4409,41,20251013,37,52,3,2,2,0,1
4_4410,41,20251013,37,52,3,2,2,0,1
4_4415,41,20251013,37,52,3,2,2,0,1
4_4439,41,20251013,15,10,1,1,2,0,1
4_4440,41,20251013,15,10,1,1,2,0,1
4_4454,41,20251013,37,52,3,2,2,0,1
4_4455,41,20251013,37,52,3,2,2,0,1
4_4456,41,20251013,15,10,1,1,2,0,1
4_4457,41,20251013,15,10,1,1,2,0,1
4_4458,41,20251013,15,10,1,1,2,0,1
4_4465,41,20251013,37,52,3,2,2,0,1
4_4466,41,20251013,37,52,3,2,2,0,1
4_4467,41,20251013,37,52,3,2,2,0,1
4_4471,41,20251013,37,52,3,2,2,0,1
4_4608,41,20251013,37,52,3,2,2,0,1
4_4609,41,20251013,37,52,3,2,2,0,1
4_4611,41,20251013,37,52,3,2,2,0,1
4_4632,41,20251013,37,52,3,2,2,0,1
4_4633,41,20251013,37,52,3,2,2,0,1
4_4636,41,20251013,37,52,3,2,2,0,1
4_4637,41,20251013,37,52,3,2,2,0,1
4_4638,41,20251013,37,52,3,2,2,0,1
4_4639,41,20251013,37,52,3,2,2,0,1
4_4641,41,20251013,37,52,3,2,2,0,1
4_4642,41,20251013,37,52,3,2,2,0,1
4_4643,41,20251013,37,52,3,2,2,0,1
4_4644,41,20251013,37,52,3,2,2,0,1
4_4646,41,20251013,37,52,3,2,2,0,1
4_4647,41,20251013,37,52,3,2,2,0,1
4_4648,41,20251013,37,52,3,2,2,0,1
4_4653,41,20251013,37,52,3,2,2,0,1
4_4654,41,20251013,37,52,3,2,2,0,1
4_4707,41,20251013,37,52,3,2,2,0,1
4_4708,41,20251013,15,10,1,1,2,0,1
4_4710,41,20251013,15,10,1,1,2,0,1
4_4712,41,20251013,15,10,1,1,2,0,1
4_4715,41,20251013,37,52,3,2,2,0,1
4_4716,41,20251013,37,52,3,2,2,0,1
4_4717,41,20251013,37,52,3,2,2,0,1
4_4721,41,20251013,37,52,3,2,2,0,1
4_4723,41,20251013,15,10,1,1,2,0,1
4_4724,41,20251013,37,52,3,2,2,0,1
4_4726,41,20251013,37,52,3,2,2,0,1
4_4727,41,20251013,37,52,3,2,2,0,1
4_4738,41,20251013,15,10,1,1,2,0,1
4_4742,41,20251013,37,52,3,2,2,0,1
4_4750,41,20251013,15,10,1,1,2,0,1
4_4761,41,20251013,37,52,3,2,2,0,1
4_4763,41,20251013,37,52,3,2,2,0,1
4_4764,41,20251013,37,52,3,2,2,0,1
4_4765,41,20251013,15,10,1,1,2,0,1
4_4766,41,20251013,15,10,1,1,2,0,1
4_4768,41,20251013,15,10,1,1,2,0,1
4_4785,41,20251013,37,52,3,2,2,0,1
4_4786,41,20251013,37,52,3,2,2,0,1
4_4787,41,20251013,37,52,3,2,2,0,1
4_4788,41,20251013,37,52,3,2,2,0,1
4_4905,41,20251013,37,52,3,2,2,0,1
4_4907,41,20251013,37,52,3,2,2,0,1
4_4908,41,20251013,37,52,3,2,2,0,1
5_5001,41,20251013,37,52,3,2,2,0,1
5_5006,41,20251013,15,10,1,1,2,0,1
5_5010,41,20251013,37,52,3,2,2,0,1
5_5011,41,20251013,37,52,3,2,2,0,1
5_5012,41,20251013,15,10,1,1,2,0,1
5_5027,41,20251013,37,52,3,2,2,0,1
5_5029,41,20251013,37,52,3,2,2,0,1
5_5032,41,20251013,15,10,1,1,2,0,1
5_5033,41,20251013,37,52,3,2,2,0,1
5_5034,41,20251013,37,52,3,2,2,0,1
5_5037,41,20251013,37,52,3,2,2,0,1
5_5041,41,20251013,37,52,3,2,2,0,1
5_5050,41,20251013,37,52,3,2,2,0,1
5_5051,41,20251013,37,52,3,2,2,0,1
5_5202,41,20251013,37,52,3,2,2,0,1
5_5205,41,20251013,37,52,3,2,2,0,1
5_5206,41,20251013,37,52,3,2,2,0,1
5_5207,41,20251013,37,52,3,2,2,0,1
5_5208,41,20251013,37,52,3,2,2,0,1
5_5212,41,20251013,37,52,3,2,2,0,1
5_5213,41,20251013,37,52,3,2,2,0,1
5_5214,41,20251013,37,52,3,2,2,0,1
5_5218,41,20251013,15,10,1,1,2,0,1
5_5301,41,20251013,15,10,1,1,2,0,1
5_5303,41,20251013,37,52,3,2,2,0,1
5_5304,41,20251013,37,52,3,2,2,0,1
5_5310,41,20251013,37,52,3,2,2,0,1
5_5401,41,20251013,37,52,3,2,2,0,1
5_5402,41,20251013,37,52,3,2,2,0,1
5_5403,41,20251013,37,52,3,2,2,0,1
5_5404,41,20251013,15,10,1,1,2,0,1
5_5406,41,20251013,15,10,1,1,2,0,1
5_5411,41,20251013,37,52,3,2,2,0,1
5_5413,41,20251013,37,52,3,2,2,0,1
5_5414,41,20251013,37,52,3,2,2,0,1
5_5416,41,20251013,15,10,1,1,2,0,1
5_5440,41,20251013,37,52,3,2,2,0,1
5_5605,41,20251013,37,52,3,2,2,0,1
5_5606,41,20251013,15,10,1,1,2,0,1
5_5607,41,20251013,37,52,3,2,2,0,1
5_5608,41,20251013,37,52,3,2,2,0,1
5_5609,41,20251013,37,52,3,2,2,0,1
5_5623,41,20251013,37,52,3,2,2,0,1
5_5624,41,20251013,37,52,3,2,2,0,1
5_5625,41,20251013,37,52,3,2,2,0,1
5_5626,41,20251013,37,52,3,2,2,0,1
5_5629,41,20251013,29,55,2,2,2,0,1
5_5706,41,20251013,37,52,3,2,2,0,1
5_5709,41,20251013,37,52,3,2,2,0,1
5_5721,41,20251013,37,52,3,2,2,0,1
5_5722,41,20251013,37,52,3,2,2,0,1
5_5723,41,20251013,37,52,3,2,2,0,1
5_5729,41,20251013,29,55,2,2,2,0,1
5_5731,41,20251013,15,10,1,1,2,0,1
5_5732,41,20251013,15,10,1,1,2,0,1
5_5737,41,20251013,37,52,3,2,2,0,1
5_5741,41,20251013,15,10,1,1,2,0,1
5_5742,41,20251013,15,10,1,1,2,0,1
5_5906,41,20251013,37,52,3,2,2,0,1
6_6009,41,20251013,37,52,3,2,2,0,1
6_6010,41,20251013,37,52,3,2,2,0,1
6_6014,41,20251013,37,52,3,2,2,0,1
6_6015,41,20251013,37,52,3,2,2,0,1
6_6036,41,20251013,37,52,3,2,2,0,1
6_6038,41,20251013,37,52,3,2,2,0,1
6_6039,41,20251013,37,52,3,2,2,0,1
6_6040,41,20251013,37,52,3,2,2,0,1
6_6041,41,20251013,37,52,3,2,2,0,1
6_6042,41,20251013,37,52,3,2,2,0,1
6_6043,41,20251013,37,52,3,2,2,0,1
6_6044,41,20251013,37,52,3,2,2,0,1
6_6201,41,20251013,37,52,3,2,2,0,1
6_6202,41,20251013,37,52,3,2,2,0,1
6_6214,41,20251013,15,10,1,1,2,0,1
6_6216,41,20251013,15,10,1,1,2,0,1
6_6217,41,20251013,37,52,3,2,2,0,1
6_6218,41,20251013,37,52,3,2,2,0,1
6_6219,41,20251013,37,52,3,2,2,0,1
6_6232,41,20251013,37,52,3,2,2,0,1
6_6304,41,20251013,37,52,3,2,2,0,1
6_6305,41,20251013,37,52,3,2,2,0,1
6_6306,41,20251013,15,10,1,1,2,0,1
6_6307,41,20251013,37,52,3,2,2,0,1
6_6311,41,20251013,37,52,3,2,2,0,1
6_6312,41,20251013,37,52,3,2,2,0,1
6_6313,41,20251013,37,52,3,2,2,0,1
6_6314,41,20251013,37,52,3,2,2,0,1
6_6401,41,20251013,37,52,3,2,2,0,1
6_6402,41,20251013,37,52,3,2,2,0,1
6_6403,41,20251013,37,52,3,2,2,0,1
6_6608,41,20251013,37,52,3,2,2,0,1
6_6613,41,20251013,37,52,3,2,2,0,1
6_6614,41,20251013,37,52,3,2,2,0,1
6_6615,41,20251013,37,52,3,2,2,0,1
6_6616,41,20251013,37,52,3,2,2,0,1
6_6628,41,20251013,37,52,3,2,2,0,1
6_6629,41,20251013,37,52,3,2,2,0,1
6_6703,41,20251013,37,52,3,2,2,0,1
6_6707,41,20251013,37,52,3,2,2,0,1
6_6708,41,20251013,15,10,1,1,2,0,1
6_6713,41,20251013,15,10,1,1,2,0,1
6_6714,41,20251013,15,10,1,1,2,0,1
6_6715,41,20251013,37,52,3,2,2,0,1
6_6716,41,20251013,15,10,1,1,2,0,1
6_6723,41,20251013,37,52,3,2,2,0,1
6_6725,41,20251013,15,10,1,1,2,0,1
6_6726,41,20251013,15,10,1,1,2,0,1
6_6730,41,20251013,37,52,3,2,2,0,1
6_6731,41,20251013,15,10,1,1,2,0,1
6_6732,41,20251013,15,10,1,1,2,0,1
6_6741,41,20251013,15,10,1,1,2,0,1
6_6742,41,20251013,15,10,1,1,2,0,1
6_6743,41,20251013,15,10,1,1,2,0,1
6_6744,41,20251013,37,52,3,2,2,0,1
6_6745,41,20251013,37,52,3,2,2,0,1
6_6901,41,20251013,37,52,3,2,2,0,1
6_6902,41,20251013,37,52,3,2,2,0,1
6_6903,41,20251013,37,52,3,2,2,0,1
7_7010,41,20251013,37,52,3,2,2,0,1
7_7011,41,20251013,37,52,3,2,2,0,1
7_7012,41,20251013,15,10,1,1,2,0,1
7_7013,41,20251013,37,52,3,2,2,0,1
7_7020,41,20251013,37,52,3,2,2,0,1
7_7021,41,20251013,37,52,3,2,2,0,1
7_7025,41,20251013,15,10,1,1,2,0,1
7_7026,41,20251013,15,10,1,1,2,0,1
7_7034,41,20251013,15,10,1,1,2,0,1
7_7039,41,20251013,37,52,3,2,2,0,1
7_7040,41,20251013,37,52,3,2,2,0,1
7_7041,41,20251013,37,52,3,2,2,0,1
7_7050,41,20251013,37,52,3,2,2,0,1
7_7051,41,20251013,37,52,3,2,2,0,1
7_7074,41,20251013,15,10,1,1,2,0,1
7_7077,41,20251013,37,52,3,2,2,0,1
7_7079,41,20251013,37,52,3,2,2,0,1
7_7080,41,20251013,15,10,1,1,2,0,1
7_7090,41,20251013,37,52,3,2,2,0,1
7_7091,41,20251013,37,52,3,2,2,0,1
7_7201,41,20251013,37,52,3,2,2,0,1
7_7202,41,20251013,37,52,3,2,2,0,1
7_7212,41,20251013,15,10,1,1,2,0,1
7_7223,41,20251013,37,52,3,2,2,0,1
7_7226,41,20251013,37,52,3,2,2,0,1
7_7230,41,20251013,37,52,3,2,2,0,1
7_7231,41,20251013,37,52,3,2,2,0,1
7_7232,41,20251013,15,10,1,1,2,0,1
7_7301,41,20251013,37,52,3,2,2,0,1
7_7302,41,20251013,15,10,1,1,2,0,1
7_7305,41,20251013,15,10,1,1,2,0,1
7_7306,41,20251013,15,10,1,1,2,0,1
7_7313,41,20251013,37,52,3,2,2,0,1
7_7318,41,20251013,37,52,3,2,2,0,1
7_7319,41,20251013,37,52,3,2,2,0,1
7_7321,41,20251013,37,52,3,2,2,0,1
7_7322,41,20251013,37,52,3,2,2,0,1
7_7324,41,20251013,37,52,3,2,2,0,1
7_7325,41,20251013,15,10,1,1,2,0,1
7_7326,41,20251013,37,52,3,2,2,0,1
7_7339,41,20251013,37,52,3,2,2,0,1
7_7408,41,20251013,37,52,3,2,2,0,1
7_7409,41,20251013,37,52,3,2,2,0,1
7_7411,41,20251013,37,52,3,2,2,0,1
7_7412,41,20251013,15,10,1,1,2,0,1
7_7413,41,20251013,37,52,3,2,2,0,1
7_7430,41,20251013,37,52,3,2,2,0,1
7_7432,41,20251013,37,52,3,2,2,0,1
7_7434,41,20251013,15,10,1,1,2,0,1
7_7441,41,20251013,37,52,3,2,2,0,1
7_7442,41,20251013,37,52,3,2,2,0,1
7_7443,41,20251013,15,10,1,1,2,0,1
7_7451,41,20251013,37,52,3,2,2,0,1
7_7452,41,20251013,37,52,3,2,2,0,1
7_7456,41,20251013,15,10,1,1,2,0,1
7_7457,41,20251013,15,10,1,1,2,0,1
7_7458,41,20251013,15,10,1,1,2,0,1
7_7469,41,20251013,15,10,1,1,2,0,1
7_7470,41,20251013,37,52,3,2,2,0,1
7_7471,41,20251013,37,52,3,2,2,0,1
7_7612,41,20251013,37,52,3,2,2,0,1
7_7624,41,20251013,37,52,3,2,2,0,1
7_7625,41,20251013,37,52,3,2,2,0,1
7_7630,41,20251013,37,52,3,2,2,0,1
7_7639,41,20251013,37,52,3,2,2,0,1
7_7642,41,20251013,37,52,3,2,2,0,1
7_7645,41,20251013,37,52,3,2,2,0,1
7_7646,41,20251013,37,52,3,2,2,0,1
7_7647,41,20251013,37,52,3,2,2,0,1
7_7648,41,20251013,37,52,3,2,2,0,1
7_7649,41,20251013,15,10,1,1,2,0,1
7_7651,41,20251013,37,52,3,2,2,0,1
7_7652,41,20251013,37,52,3,2,2,0,1
7_7653,41,20251013,37,52,3,2,2,0,1
7_7654,41,20251013,37,52,3,2,2,0,1
7_7704,41,20251013,37,52,3,2,2,0,1
7_7705,41,20251013,37,52,3,2,2,0,1
7_7711,41,20251013,37,52,3,2,2,0,1
7_7712,41,20251013,37,52,3,2,2,0,1
7_7713,41,20251013,37,52,3,2,2,0,1
7_7718,41,20251013,37,52,3,2,2,0,1
7_7724,41,20251013,15,10,1,1,2,0,1
7_7728,41,20251013,37,52,3,2,2,0,1
7_7729,41,20251013,37,52,3,2,2,0,1
7_7734,41,20251013,29,55,2,2,2,0,1
7_7739,41,20251013,37,52,3,2,2,0,1
7_7741,41,20251013,37,52,3,2,2,0,1
7_7742,41,20251013,37,52,3,2,2,0,1
7_7743,41,20251013,37,52,3,2,2,0,1
7_7748,41,20251013,37,52,3,2,2,0,1
7_7750,41,20251013,15,10,1,1,2,0,1
7_7754,41,20251013,37,52,3,2,2,0,1
7_7755,41,20251013,37,52,3,2,2,0,1
7_7756,41,20251013,37,52,3,2,2,0,1
7_7757,41,20251013,37,52,3,2,2,0,1
7_7758,41,20251013,15,10,1,1,2,0,1
7_7769,41,20251013,37,52,3,2,2,0,1
7_7776,41,20251013,15,10,1,1,2,0,1
7_7778,41,20251013,37,52,3,2,2,0,1
7_7779,41,20251013,37,52,3,2,2,0,1
7_7786,41,20251013,15,10,1,1,2,0,1
7_7787,41,20251013,15,10,1,1,2,0,1
7_7788,41,20251013,15,10,1,1,2,0,1
7_7837,41,20251013,37,52,3,2,2,0,1
7_7911,41,20251013,37,52,3,2,2,0,1
77_7933,41,20251013,15,10,1,1,2,0,1
77_7934,41,20251013,15,10,1,1,2,0,1
77_7935,41,20251013,15,10,1,1,2,0,1
77_7936,41,20251013,15,10,1,1,2,0,1
78_8940,41,20251013,15,10,1,1,2,0,1
78_8941,41,20251013,15,10,1,1,2,0,1
79_9933,41,20251013,15,10,1,1,2,0,1
79_9935,41,20251013,15,10,1,1,2,0,1
79_9941,41,20251013,15,10,1,1,2,0,1
79_9942,41,20251013,15,10,1,1,2,0,1
79_9944,41,20251013,15,10,1,1,2,0,1
8_8006,41,20251013,15,10,1,1,2,0,1
8_8010,41,20251013,37,52,3,2,2,0,1
8_8011,41,20251013,37,52,3,2,2,0,1
8_8021,41,20251013,37,52,3,2,2,0,1
8_8022,41,20251013,37,52,3,2,2,0,1
8_8023,41,20251013,37,52,3,2,2,0,1
8_8024,41,20251013,37,52,3,2,2,0,1
8_8041,41,20251013,37,52,3,2,2,0,1
8_8043,41,20251013,15,10,1,1,2,0,1
8_8044,41,20251013,37,52,3,2,2,0,1
8_8051,41,20251013,37,52,3,2,2,0,1
8_8209,41,20251013,37,52,3,2,2,0,1
8_8216,41,20251013,15,10,1,1,2,0,1
8_8217,41,20251013,37,52,3,2,2,0,1
8_8220,41,20251013,37,52,3,2,2,0,1
8_8305,41,20251013,37,52,3,2,2,0,1
8_8306,41,20251013,37,52,3,2,2,0,1
8_8307,41,20251013,37,52,3,2,2,0,1
8_8312,41,20251013,37,52,3,2,2,0,1
8_8315,41,20251013,15,10,1,1,2,0,1
8_8317,41,20251013,37,52,3,2,2,0,1
8_8318,41,20251013,37,52,3,2,2,0,1
8_8401,41,20251013,37,52,3,2,2,0,1
8_8402,41,20251013,37,52,3,2,2,0,1
8_8403,41,20251013,37,52,3,2,2,0,1
8_8404,41,20251013,15,10,1,1,2,0,1
8_8406,41,20251013,15,10,1,1,2,0,1
8_8602,41,20251013,37,52,3,2,2,0,1
8_8603,41,20251013,37,52,3,2,2,0,1
8_8618,41,20251013,37,52,3,2,2,0,1
8_8619,41,20251013,37,52,3,2,2,0,1
8_8629,41,20251013,37,52,3,2,2,0,1
8_8634,41,20251013,37,52,3,2,2,0,1
8_8635,41,20251013,37,52,3,2,2,0,1
8_8708,41,20251013,37,52,3,2,2,0,1
8_8709,41,20251013,37,52,3,2,2,0,1
8_8715,41,20251013,15,10,1,1,2,0,1
8_8718,41,20251013,37,52,3,2,2,0,1
8_8719,41,20251013,15,10,1,1,2,0,1
8_8720,41,20251013,15,10,1,1,2,0,1
8_8721,41,20251013,15,10,1,1,2,0,1
8_8722,41,20251013,15,10,1,1,2,0,1
8_8723,41,20251013,15,10,1,1,2,0,1
8_8724,41,20251013,37,52,3,2,2,0,1
8_8734,41,20251013,15,10,1,1,2,0,1
8_8735,41,20251013,15,10,1,1,2,0,1
8_8736,41,20251013,37,52,3,2,2,0,1
8_8737,41,20251013,37,52,3,2,2,0,1
8_8738,41,20251013,37,52,3,2,2,0,1
8_8739,41,20251013,37,52,3,2,2,0,1
8_8744,41,20251013,37,52,3,2,2,0,1
8_8746,41,20251013,37,52,3,2,2,0,1
8_8747,41,20251013,15,10,1,1,2,0,1
8_8749,41,20251013,15,10,1,1,2,0,1
8_8904,41,20251013,37,52,3,2,2,0,1
8_8905,41,20251013,37,52,3,2,2,0,1
8_8906,41,20251013,37,52,3,2,2,0,1
9_9002,41,20251013,37,52,3,2,2,0,1
9_9004,41,20251013,37,52,3,2,2,0,1
9_9005,41,20251013,37,52,3,2,2,0,1
9_9007,41,20251013,37,52,3,2,2,0,1
9_9014,41,20251013,37,52,3,2,2,0,1
9_9015,41,20251013,37,52,3,2,2,0,1
9_9016,41,20251013,37,52,3,2,2,0,1
9_9022,41,20251013,37,52,3,2,2,0,1
9_9024,41,20251013,37,52,3,2,2,0,1
9_9025,41,20251013,37,52,3,2,2,0,1
9_9030,41,20251013,37,52,3,2,2,0,1
9_9032,41,20251013,37,52,3,2,2,0,1
9_9206,41,20251013,37,52,3,2,2,0,1
9_9207,41,20251013,37,52,3,2,2,0,1
9_9208,41,20251013,37,52,3,2,2,0,1
9_9209,41,20251013,37,52,3,2,2,0,1
9_9210,41,20251013,37,52,3,2,2,0,1
9_9211,41,20251013,37,52,3,2,2,0,1
9_9212,41,20251013,37,52,3,2,2,0,1
9_9216,41,20251013,15,10,1,1,2,0,1
9_9303,41,20251013,37,52,3,2,2,0,1
9_9304,41,20251013,37,52,3,2,2,0,1
9_9305,41,20251013,37,52,3,2,2,0,1
9_9308,41,20251013,37,52,3,2,2,0,1
9_9402,41,20251013,37,52,3,2,2,0,1
9_9403,41,20251013,37,52,3,2,2,0,1
9_9408,41,20251013,37,52,3,2,2,0,1
9_9409,41,20251013,37,52,3,2,2,0,1
9_9411,41,20251013,37,52,3,2,2,0,1
9_9419,41,20251013,29,55,2,2,2,0,1
9_9601,41,20251013,37,52,3,2,2,0,1
9_9602,41,20251013,37,52,3,2,2,0,1
9_9603,41,20251013,37,52,3,2,2,0,1
9_9604,41,20251013,37,52,3,2,2,0,1
9_9623,41,20251013,37,52,3,2,2,0,1
9_9626,41,20251013,37,52,3,2,2,0,1
9_9628,41,20251013,15,10,1,1,2,0,1
9_9629,41,20251013,37,52,3,2,2,0,1
9_9708,41,20251013,15,10,1,1,2,0,1
9_9711,41,20251013,37,52,3,2,2,0,1
9_9726,41,20251013,15,10,1,1,2,0,1
9_9727,41,20251013,15,10,1,1,2,0,1
9_9732,41,20251013,37,52,3,2,2,0,1
9_9733,41,20251013,15,10,1,1,2,0,1
9_9734,41,20251013,15,10,1,1,2,0,1
9_9738,41,20251013,37,52,3,2,2,0,1
9_9739,41,20251013,37,52,3,2,2,0,1
9_9745,41,20251013,37,52,3,2,2,0,1
9_9746,41,20251013,15,10,1,1,2,0,1
9_9747,41,20251013,37,52,3,2,2,0,1
9_9750,41,20251013,15,10,1,1,2,0,1
9_9902,41,20251013,37,52,3,2,2,0,1
91_1925,41,20251013,15,10,1,1,2,0,1
91_1926,41,20251013,15,10,1,1,2,0,1
91_1930,41,20251013,15,10,1,1,2,0,1
91_1931,41,20251013,15,10,1,1,2,0,1
92_2927,41,20251013,15,10,1,1,2,0,1
92_2928,41,20251013,15,10,1,1,2,0,1
92_2929,41,20251013,15,10,1,1,2,0,1
93_3931,41,20251013,15,10,1,1,2,0,1
94_4929,41,20251013,15,10,1,1,2,0,1
95_5923,41,20251013,15,10,1,1,2,0,1
95_5924,41,20251013,15,10,1,1,2,0,1
95_5925,41,20251013,15,10,1,1,2,0,1
95_5926,41,20251013,15,10,1,1,2,0,1
96_6925,41,20251013,15,10,1,1,2,0,1
96_6926,41,20251013,15,10,1,1,2,0,1
97_1940,41,20251013,15,10,1,1,2,0,1
97_1942,41,20251013,15,10,1,1,2,0,1
98_2933,41,20251013,15,10,1,1,2,0,1
98_2940,41,20251013,15,10,1,1,2,0,1
99_3933,41,20251013,15,10,1,1,2,0,1
99_3938,41,20251013,15,10,1,1,2,0,1
99_3939,41,20251013,15,10,1,1,2,0,1
99_3940,41,20251013,15,10,1,1,2,0,1
99_3941,41,20251013,15,10,1,1,2,0,1
99_3942,41,20251013,15,10,1,1,2,0,1
99_3945,41,20251013,15,10,1,1,2,0,1
99_3946,41,20251013,15,10,1,1,2,0,1
14_14748,41,20251013,15,10,1,1,2,0,1
14_14749,41,20251013,15,10,1,1,2,0,1
14_14765,41,20251013,15,10,1,1,2,0,1
14_14766,41,20251013,15,10,1,1,2,0,1
14_14767,41,20251013,15,10,1,1,2,0,1
14_14768,41,20251013,15,10,1,1,2,0,1
14_14772,41,20251013,15,10,1,1,2,0,1
14_14773,41,20251013,15,10,1,1,2,0,1
14_14774,41,20251013,15,10,1,1,2,0,1
14_14784,41,20251013,15,10,1,1,2,0,1
14_14901,41,20251013,15,10,1,1,2,0,1
14_14933,41,20251013,15,10,1,1,2,0,1
14_14938,41,20251013,15,10,1,1,2,0,1
14_14939,41,20251013,15,10,1,1,2,0,1
15_15001,41,20251013,15,10,1,1,2,0,1
15_15002,41,20251013,15,10,1,1,2,0,1
15_15010,41,20251013,15,10,1,1,2,0,1
15_15012,41,20251013,15,10,1,1,2,0,1
15_15013,41,20251013,15,10,1,1,2,0,1
15_15024,41,20251013,15,10,1,1,2,0,1
15_15025,41,20251013,15,10,1,1,2,0,1
15_15038,41,20251013,15,10,1,1,2,0,1
15_15039,41,20251013,15,10,1,1,2,0,1
15_15040,41,20251013,15,10,1,1,2,0,1
15_15041,41,20251013,15,10,1,1,2,0,1
15_15043,41,20251013,15,10,1,1,2,0,1
15_15203,41,20251013,15,10,1,1,2,0,1
15_15204,41,20251013,15,10,1,1,2,0,1
15_15205,41,20251013,15,10,1,1,2,0,1
15_15206,41,20251013,15,10,1,1,2,0,1
15_15207,41,20251013,15,10,1,1,2,0,1
15_15306,41,20251013,15,10,1,1,2,0,1
15_15308,41,20251013,15,10,1,1,2,0,1
15_15309,41,20251013,15,10,1,1,2,0,1
15_15312,41,20251013,15,10,1,1,2,0,1
15_15313,41,20251013,15,10,1,1,2,0,1
15_15322,41,20251013,15,10,1,1,2,0,1
15_15406,41,20251013,15,10,1,1,2,0,1
15_15407,41,20251013,15,10,1,1,2,0,1
15_15408,41,20251013,15,10,1,1,2,0,1
15_15409,41,20251013,15,10,1,1,2,0,1
15_15416,41,20251013,15,10,1,1,2,0,1
15_15417,41,20251013,15,10,1,1,2,0,1
15_15418,41,20251013,15,10,1,1,2,0,1
15_15419,41,20251013,15,10,1,1,2,0,1
15_15420,41,20251013,15,10,1,1,2,0,1
15_15421,41,20251013,15,10,1,1,2,0,1
15_15422,41,20251013,15,10,1,1,2,0,1
15_15439,41,20251013,15,10,1,1,2,0,1
15_15601,41,20251013,15,10,1,1,2,0,1
15_15603,41,20251013,15,10,1,1,2,0,1
15_15606,41,20251013,15,10,1,1,2,0,1
15_15618,41,20251013,15,10,1,1,2,0,1
15_15619,41,20251013,15,10,1,1,2,0,1
15_15627,41,20251013,15,10,1,1,2,0,1
15_15628,41,20251013,15,10,1,1,2,0,1
15_15629,41,20251013,15,10,1,1,2,0,1
15_15630,41,20251013,15,10,1,1,2,0,1
15_15702,41,20251013,15,10,1,1,2,0,1
15_15718,41,20251013,15,10,1,1,2,0,1
15_15719,41,20251013,15,10,1,1,2,0,1
15_15721,41,20251013,15,10,1,1,2,0,1
15_15722,41,20251013,15,10,1,1,2,0,1
15_15723,41,20251013,15,10,1,1,2,0,1
15_15724,41,20251013,15,10,1,1,2,0,1
15_15730,41,20251013,15,10,1,1,2,0,1
15_15740,41,20251013,15,10,1,1,2,0,1
15_15741,41,20251013,15,10,1,1,2,0,1
15_15742,41,20251013,15,10,1,1,2,0,1
15_15744,41,20251013,15,10,1,1,2,0,1
15_15752,41,20251013,15,10,1,1,2,0,1
2_2002,41,20251013,37,52,3,2,2,0,1
2_2003,41,20251013,37,52,3,2,2,0,1
2_2018,41,20251013,37,52,3,2,2,0,1
2_2021,41,20251013,37,52,3,2,2,0,1
2_2022,41,20251013,37,52,3,2,2,0,1
2_2023,41,20251013,37,52,3,2,2,0,1
2_2024,41,20251013,37,52,3,2,2,0,1
2_2041,41,20251013,37,52,3,2,2,0,1
2_2042,41,20251013,15,10,1,1,2,0,1
2_2043,41,20251013,15,10,1,1,2,0,1
2_2205,41,20251013,37,52,3,2,2,0,1
2_2206,41,20251013,37,52,3,2,2,0,1
2_2207,41,20251013,37,52,3,2,2,0,1
2_2208,41,20251013,37,52,3,2,2,0,1
2_2218,41,20251013,15,10,1,1,2,0,1
2_2302,41,20251013,29,55,2,2,2,0,1
2_2308,41,20251013,37,52,3,2,2,0,1
2_2310,41,20251013,37,52,3,2,2,0,1
2_2311,41,20251013,15,10,1,1,2,0,1
2_2312,41,20251013,37,52,3,2,2,0,1
2_2313,41,20251013,37,52,3,2,2,0,1
2_2413,41,20251013,37,52,3,2,2,0,1
2_2419,41,20251013,37,52,3,2,2,0,1
2_2423,41,20251013,37,52,3,2,2,0,1
2_2604,41,20251013,37,52,3,2,2,0,1
2_2609,41,20251013,37,52,3,2,2,0,1
2_2612,41,20251013,29,55,2,2,2,0,1
2_2619,41,20251013,37,52,3,2,2,0,1
2_2620,41,20251013,37,52,3,2,2,0,1
2_2621,41,20251013,37,52,3,2,2,0,1
2_2622,41,20251013,37,52,3,2,2,0,1
2_2628,41,20251013,29,55,2,2,2,0,1
2_2701,41,20251013,37,52,3,2,2,0,1
2_2702,41,20251013,37,52,3,2,2,0,1
2_2732,41,20251013,15,10,1,1,2,0,1
2_2733,41,20251013,15,10,1,1,2,0,1
2_2734,41,20251013,37,52,3,2,2,0,1
2_2736,41,20251013,37,52,3,2,2,0,1
2_2737,41,20251013,37,52,3,2,2,0,1
2_2746,41,20251013,15,10,1,1,2,0,1
2_2748,41,20251013,37,52,3,2,2,0,1
2_2749,41,20251013,37,52,3,2,2,0,1
2_2902,41,20251013,37,52,3,2,2,0,1
2_2903,41,20251013,37,52,3,2,2,0,1
2_2904,41,20251013,37,52,3,2,2,0,1
2_2905,41,20251013,37,52,3,2,2,0,1
2_2906,41,20251013,37,52,3,2,2,0,1
22_2983,41,20251013,15,10,1,1,2,0,1
22_2984,41,20251013,15,10,1,1,2,0,1
22_2985,41,20251013,15,10,1,1,2,0,1
22_2986,41,20251013,15,10,1,1,2,0,1
23_3973,41,20251013,15,10,1,1,2,0,1
23_3980,41,20251013,15,10,1,1,2,0,1
23_3981,41,20251013,15,10,1,1,2,0,1
29_3910,41,20251013,15,10,1,1,2,0,1
29_3911,41,20251013,15,10,1,1,2,0,1
3_3001,41,20251013,37,52,3,2,2,0,1
3_3002,41,20251013,37,52,3,2,2,0,1
3_3010,41,20251013,37,52,3,2,2,0,1
3_3011,41,20251013,37,52,3,2,2,0,1
3_3012,41,20251013,37,52,3,2,2,0,1
3_3022,41,20251013,37,52,3,2,2,0,1
3_3023,41,20251013,15,10,1,1,2,0,1
3_3024,41,20251013,37,52,3,2,2,0,1
3_3025,41,20251013,37,52,3,2,2,0,1
3_3027,41,20251013,37,52,3,2,2,0,1
3_3038,41,20251013,37,52,3,2,2,0,1
3_3039,41,20251013,37,52,3,2,2,0,1
3_3040,41,20251013,37,52,3,2,2,0,1
3_3041,41,20251013,37,52,3,2,2,0,1
3_3046,41,20251013,37,52,3,2,2,0,1
3_3210,41,20251013,37,52,3,2,2,0,1
3_3212,41,20251013,37,52,3,2,2,0,1
3_3213,41,20251013,37,52,3,2,2,0,1
3_3215,41,20251013,37,52,3,2,2,0,1
3_3312,41,20251013,37,52,3,2,2,0,1
3_3313,41,20251013,37,52,3,2,2,0,1
3_3404,41,20251013,37,52,3,2,2,0,1
3_3405,41,20251013,37,52,3,2,2,0,1
3_3407,41,20251013,37,52,3,2,2,0,1
3_3418,41,20251013,15,10,1,1,2,0,1
3_3420,41,20251013,37,52,3,2,2,0,1
3_3421,41,20251013,37,52,3,2,2,0,1
3_3611,41,20251013,37,52,3,2,2,0,1
3_3612,41,20251013,37,52,3,2,2,0,1
3_3613,41,20251013,37,52,3,2,2,0,1
3_3618,41,20251013,37,52,3,2,2,0,1
3_3622,41,20251013,37,52,3,2,2,0,1
3_3624,41,20251013,37,52,3,2,2,0,1
3_3627,41,20251013,37,52,3,2,2,0,1
3_3705,41,20251013,37,52,3,2,2,0,1
3_3706,41,20251013,37,52,3,2,2,0,1
3_3707,41,20251013,37,52,3,2,2,0,1
3_3714,41,20251013,15,10,1,1,2,0,1
3_3715,41,20251013,37,52,3,2,2,0,1
3_3716,41,20251013,15,10,1,1,2,0,1
3_3720,41,20251013,15,10,1,1,2,0,1
3_3738,41,20251013,15,10,1,1,2,0,1
36_36001,41,20251013,15,10,1,1,2,0,1
36_36002,41,20251013,15,10,1,1,2,0,1
36_36003,41,20251013,15,10,1,1,2,0,1
36_36017,41,20251013,15,10,1,1,2,0,1
36_36018,41,20251013,15,10,1,1,2,0,1
36_36019,41,20251013,15,10,1,1,2,0,1
36_36021,41,20251013,15,10,1,1,2,0,1
36_36022,41,20251013,15,10,1,1,2,0,1
36_36023,41,20251013,15,10,1,1,2,0,1
36_36024,41,20251013,15,10,1,1,2,0,1
36_36030,41,20251013,15,10,1,1,2,0,1
36_36212,41,20251013,15,10,1,1,2,0,1
36_36213,41,20251013,15,10,1,1,2,0,1
36_36214,41,20251013,15,10,1,1,2,0,1
36_36302,41,20251013,15,10,1,1,2,0,1
36_36304,41,20251013,15,10,1,1,2,0,1
36_36305,41,20251013,15,10,1,1,2,0,1
36_36316,41,20251013,15,10,1,1,2,0,1
36_36402,41,20251013,15,10,1,1,2,0,1
36_36403,41,20251013,15,10,1,1,2,0,1
36_36404,41,20251013,15,10,1,1,2,0,1
36_36405,41,20251013,15,10,1,1,2,0,1
36_36416,41,20251013,15,10,1,1,2,0,1
36_36418,41,20251013,15,10,1,1,2,0,1
36_36419,41,20251013,15,10,1,1,2,0,1
36_36604,41,20251013,15,10,1,1,2,0,1
36_36605,41,20251013,15,10,1,1,2,0,1
36_36606,41,20251013,15,10,1,1,2,0,1
36_36607,41,20251013,15,10,1,1,2,0,1
36_36611,41,20251013,15,10,1,1,2,0,1
36_36614,41,20251013,15,10,1,1,2,0,1
36_36616,41,20251013,15,10,1,1,2,0,1
36_36617,41,20251013,15,10,1,1,2,0,1
36_36621,41,20251013,15,10,1,1,2,0,1
36_36622,41,20251013,15,10,1,1,2,0,1
36_36708,41,20251013,15,10,1,1,2,0,1
36_36709,41,20251013,15,10,1,1,2,0,1
36_36718,41,20251013,15,10,1,1,2,0,1
36_36721,41,20251013,15,10,1,1,2,0,1
36_36722,41,20251013,15,10,1,1,2,0,1
36_36734,41,20251013,15,10,1,1,2,0,1
36_36737,41,20251013,15,10,1,1,2,0,1
36_36738,41,20251013,15,10,1,1,2,0,1
36_36739,41,20251013,15,10,1,1,2,0,1
36_36902,41,20251013,15,10,1,1,2,0,1
36_36903,41,20251013,15,10,1,1,2,0,1
36_36904,41,20251013,15,10,1,1,2,0,1
36_36905,41,20251013,15,10,1,1,2,0,1
36_n_36752,41,20251013,15,10,1,1,2,0,1
36_v_3,41,20251013,15,10,1,1,2,0,1
4_4004,41,20251013,37,52,3,2,2,0,1
4_4005,41,20251013,37,52,3,2,2,0,1
4_4006,41,20251013,37,52,3,2,2,0,1
4_4007,41,20251013,37,52,3,2,2,0,1
4_4008,41,20251013,15,10,1,1,2,0,1
4_4011,41,20251013,37,52,3,2,2,0,1
4_4012,41,20251013,15,10,1,1,2,0,1
4_4013,41,20251013,37,52,3,2,2,0,1
4_4014,41,20251013,37,52,3,2,2,0,1
4_4021,41,20251013,37,52,3,2,2,0,1
4_4022,41,20251013,37,52,3,2,2,0,1
4_4023,41,20251013,37,52,3,2,2,0,1
4_4024,41,20251013,37,52,3,2,2,0,1
4_4025,41,20251013,15,10,1,1,2,0,1
4_4027,41,20251013,37,52,3,2,2,0,1
4_4036,41,20251013,15,10,1,1,2,0,1
4_4042,41,20251013,37,52,3,2,2,0,1
4_4043,41,20251013,37,52,3,2,2,0,1
4_4048,41,20251013,37,52,3,2,2,0,1
4_4051,41,20251013,37,52,3,2,2,0,1
4_4052,41,20251013,37,52,3,2,2,0,1
4_4053,41,20251013,37,52,3,2,2,0,1
4_4060,41,20251013,37,52,3,2,2,0,1
4_4061,41,20251013,37,52,3,2,2,0,1
4_4062,41,20251013,37,52,3,2,2,0,1
4_4063,41,20251013,37,52,3,2,2,0,1
4_4071,41,20251013,15,10,1,1,2,0,1
4_4072,41,20251013,37,52,3,2,2,0,1
4_4074,41,20251013,15,10,1,1,2,0,1
4_4085,41,20251013,37,52,3,2,2,0,1
4_4086,41,20251013,37,52,3,2,2,0,1
4_4087,41,20251013,37,52,3,2,2,0,1
4_4088,41,20251013,15,10,1,1,2,0,1
4_4201,41,20251013,37,52,3,2,2,0,1
4_4203,41,20251013,37,52,3,2,2,0,1
4_4204,41,20251013,37,52,3,2,2,0,1
4_4217,41,20251013,37,52,3,2,2,0,1
4_4218,41,20251013,37,52,3,2,2,0,1
4_4219,41,20251013,37,52,3,2,2,0,1
4_4220,41,20251013,37,52,3,2,2,0,1
4_4222,41,20251013,37,52,3,2,2,0,1
4_4224,41,20251013,15,10,1,1,2,0,1
4_4225,41,20251013,37,52,3,2,2,0,1
4_4227,41,20251013,15,10,1,1,2,0,1
4_4260,41,20251013,37,52,3,2,2,0,1
4_4303,41,20251013,37,52,3,2,2,0,1
4_4304,41,20251013,37,52,3,2,2,0,1
4_4305,41,20251013,15,10,1,1,2,0,1
4_4316,41,20251013,37,52,3,2,2,0,1
4_4317,41,20251013,37,52,3,2,2,0,1
4_4321,41,20251013,37,52,3,2,2,0,1
4_4330,41,20251013,37,52,3,2,2,0,1
4_4331,41,20251013,37,52,3,2,2,0,1
4_4341,41,20251013,37,52,3,2,2,0,1
4_4412,41,20251013,15,10,1,1,2,0,1
4_4416,41,20251013,37,52,3,2,2,0,1
4_4417,41,20251013,15,10,1,1,2,0,1
4_4418,41,20251013,15,10,1,1,2,0,1
4_4422,41,20251013,15,10,1,1,2,0,1
4_4423,41,20251013,37,52,3,2,2,0,1
4_4424,41,20251013,37,52,3,2,2,0,1
4_4425,41,20251013,37,52,3,2,2,0,1
4_4426,41,20251013,37,52,3,2,2,0,1
4_4432,41,20251013,37,52,3,2,2,0,1
4_4433,41,20251013,15,10,1,1,2,0,1
4_4435,41,20251013,37,52,3,2,2,0,1
4_4445,41,20251013,37,52,3,2,2,0,1
4_4446,41,20251013,37,52,3,2,2,0,1
4_4447,41,20251013,37,52,3,2,2,0,1
4_4448,41,20251013,37,52,3,2,2,0,1
4_4449,41,20251013,15,10,1,1,2,0,1
4_4464,41,20251013,37,52,3,2,2,0,1
4_4603,41,20251013,37,52,3,2,2,0,1
4_4604,41,20251013,37,52,3,2,2,0,1
4_4605,41,20251013,37,52,3,2,2,0,1
4_4614,41,20251013,37,52,3,2,2,0,1
4_4616,41,20251013,37,52,3,2,2,0,1
4_4618,41,20251013,37,52,3,2,2,0,1
4_4619,41,20251013,37,52,3,2,2,0,1
4_4621,41,20251013,15,10,1,1,2,0,1
4_4624,41,20251013,37,52,3,2,2,0,1
4_4630,41,20251013,37,52,3,2,2,0,1
4_4631,41,20251013,37,52,3,2,2,0,1
4_4640,41,20251013,15,10,1,1,2,0,1
4_4655,41,20251013,37,52,3,2,2,0,1
4_4656,41,20251013,37,52,3,2,2,0,1
4_4657,41,20251013,37,52,3,2,2,0,1
4_4702,41,20251013,37,52,3,2,2,0,1
4_4718,41,20251013,37,52,3,2,2,0,1
4_4719,41,20251013,15,10,1,1,2,0,1
4_4728,41,20251013,15,10,1,1,2,0,1
4_4729,41,20251013,37,52,3,2,2,0,1
4_4730,41,20251013,15,10,1,1,2,0,1
4_4732,41,20251013,37,52,3,2,2,0,1
4_4733,41,20251013,37,52,3,2,2,0,1
4_4735,41,20251013,37,52,3,2,2,0,1
4_4747,41,20251013,15,10,1,1,2,0,1
4_4748,41,20251013,15,10,1,1,2,0,1
4_4753,41,20251013,37,52,3,2,2,0,1
4_4754,41,20251013,37,52,3,2,2,0,1
4_4755,41,20251013,37,52,3,2,2,0,1
4_4756,41,20251013,37,52,3,2,2,0,1
4_4769,41,20251013,37,52,3,2,2,0,1
4_4771,41,20251013,37,52,3,2,2,0,1
4_4772,41,20251013,37,52,3,2,2,0,1
4_4774,41,20251013,37,52,3,2,2,0,1
4_4777,41,20251013,15,10,1,1,2,0,1
4_4783,41,20251013,15,10,1,1,2,0,1
4_4784,41,20251013,15,10,1,1,2,0,1
4_4790,41,20251013,15,10,1,1,2,0,1
4_4902,41,20251013,37,52,3,2,2,0,1
5_5007,41,20251013,37,52,3,2,2,0,1
5_5008,41,20251013,37,52,3,2,2,0,1
5_5009,41,20251013,37,52,3,2,2,0,1
5_5018,41,20251013,37,52,3,2,2,0,1
5_5019,41,20251013,15,10,1,1,2,0,1
5_5021,41,20251013,37,52,3,2,2,0,1
5_5022,41,20251013,37,52,3,2,2,0,1
5_5024,41,20251013,37,52,3,2,2,0,1
5_5046,41,20251013,37,52,3,2,2,0,1
5_5047,41,20251013,15,10,1,1,2,0,1
5_5048,41,20251013,37,52,3,2,2,0,1
5_5049,41,20251013,37,52,3,2,2,0,1
5_5215,41,20251013,37,52,3,2,2,0,1
5_5305,41,20251013,37,52,3,2,2,0,1
5_5312,41,20251013,37,52,3,2,2,0,1
5_5315,41,20251013,15,10,1,1,2,0,1
5_5317,41,20251013,37,52,3,2,2,0,1
5_5318,41,20251013,37,52,3,2,2,0,1
5_5409,41,20251013,37,52,3,2,2,0,1
5_5419,41,20251013,37,52,3,2,2,0,1
5_5420,41,20251013,37,52,3,2,2,0,1
5_5421,41,20251013,15,10,1,1,2,0,1
5_5423,41,20251013,37,52,3,2,2,0,1
5_5437,41,20251013,15,10,1,1,2,0,1
5_5438,41,20251013,37,52,3,2,2,0,1
5_5614,41,20251013,37,52,3,2,2,0,1
5_5615,41,20251013,37,52,3,2,2,0,1
5_5616,41,20251013,37,52,3,2,2,0,1
5_5630,41,20251013,37,52,3,2,2,0,1
5_5631,41,20251013,37,52,3,2,2,0,1
5_5632,41,20251013,37,52,3,2,2,0,1
5_5701,41,20251013,37,52,3,2,2,0,1
5_5703,41,20251013,37,52,3,2,2,0,1
5_5712,41,20251013,37,52,3,2,2,0,1
5_5713,41,20251013,37,52,3,2,2,0,1
5_5714,41,20251013,15,10,1,1,2,0,1
5_5715,41,20251013,15,10,1,1,2,0,1
5_5728,41,20251013,37,52,3,2,2,0,1
5_5733,41,20251013,15,10,1,1,2,0,1
5_5734,41,20251013,37,52,3,2,2,0,1
5_5735,41,20251013,37,52,3,2,2,0,1
5_5736,41,20251013,37,52,3,2,2,0,1
5_5744,41,20251013,37,52,3,2,2,0,1
5_5749,41,20251013,37,52,3,2,2,0,1
5_5904,41,20251013,37,52,3,2,2,0,1
5_5905,41,20251013,37,52,3,2,2,0,1
6_6001,41,20251013,37,52,3,2,2,0,1
6_6002,41,20251013,37,52,3,2,2,0,1
6_6003,41,20251013,37,52,3,2,2,0,1
6_6004,41,20251013,37,52,3,2,2,0,1
6_6016,41,20251013,37,52,3,2,2,0,1
6_6017,41,20251013,37,52,3,2,2,0,1
6_6022,41,20251013,37,52,3,2,2,0,1
6_6024,41,20251013,37,52,3,2,2,0,1
6_6025,41,20251013,37,52,3,2,2,0,1
6_6030,41,20251013,37,52,3,2,2,0,1
6_6207,41,20251013,37,52,3,2,2,0,1
6_6208,41,20251013,37,52,3,2,2,0,1
6_6209,41,20251013,37,52,3,2,2,0,1
6_6210,41,20251013,37,52,3,2,2,0,1
6_6211,41,20251013,37,52,3,2,2,0,1
6_6408,41,20251013,37,52,3,2,2,0,1
6_6409,41,20251013,37,52,3,2,2,0,1
6_6411,41,20251013,37,52,3,2,2,0,1
6_6413,41,20251013,37,52,3,2,2,0,1
6_6414,41,20251013,37,52,3,2,2,0,1
6_6416,41,20251013,37,52,3,2,2,0,1
6_6418,41,20251013,15,10,1,1,2,0,1
6_6419,41,20251013,29,55,2,2,2,0,1
6_6421,41,20251013,37,52,3,2,2,0,1
6_6433,41,20251013,37,52,3,2,2,0,1
6_6603,41,20251013,15,10,1,1,2,0,1
6_6605,41,20251013,37,52,3,2,2,0,1
6_6606,41,20251013,37,52,3,2,2,0,1
6_6612,41,20251013,37,52,3,2,2,0,1
6_6620,41,20251013,37,52,3,2,2,0,1
6_6622,41,20251013,37,52,3,2,2,0,1
6_6701,41,20251013,37,52,3,2,2,0,1
6_6702,41,20251013,37,52,3,2,2,0,1
6_6717,41,20251013,37,52,3,2,2,0,1
6_6718,41,20251013,37,52,3,2,2,0,1
6_6720,41,20251013,15,10,1,1,2,0,1
6_6734,41,20251013,37,52,3,2,2,0,1
6_6735,41,20251013,37,52,3,2,2,0,1
6_6736,41,20251013,37,52,3,2,2,0,1
6_6737,41,20251013,37,52,3,2,2,0,1
6_6738,41,20251013,15,10,1,1,2,0,1
6_6904,41,20251013,37,52,3,2,2,0,1
6_6905,41,20251013,37,52,3,2,2,0,1
6_6906,41,20251013,37,52,3,2,2,0,1
7_7003,41,20251013,37,52,3,2,2,0,1
7_7004,41,20251013,37,52,3,2,2,0,1
7_7005,41,20251013,37,52,3,2,2,0,1
7_7006,41,20251013,37,52,3,2,2,0,1
7_7008,41,20251013,15,10,1,1,2,0,1
7_7018,41,20251013,37,52,3,2,2,0,1
7_7027,41,20251013,37,52,3,2,2,0,1
7_7028,41,20251013,37,52,3,2,2,0,1
7_7031,41,20251013,37,52,3,2,2,0,1
7_7046,41,20251013,37,52,3,2,2,0,1
7_7047,41,20251013,37,52,3,2,2,0,1
7_7048,41,20251013,37,52,3,2,2,0,1
7_7049,41,20251013,15,10,1,1,2,0,1
7_7056,41,20251013,37,52,3,2,2,0,1
7_7057,41,20251013,37,52,3,2,2,0,1
7_7058,41,20251013,37,52,3,2,2,0,1
7_7059,41,20251013,37,52,3,2,2,0,1
7_7062,41,20251013,37,52,3,2,2,0,1
7_7063,41,20251013,37,52,3,2,2,0,1
7_7070,41,20251013,37,52,3,2,2,0,1
7_7083,41,20251013,37,52,3,2,2,0,1
7_7085,41,20251013,37,52,3,2,2,0,1
7_7086,41,20251013,37,52,3,2,2,0,1
7_7088,41,20251013,15,10,1,1,2,0,1
7_7203,41,20251013,37,52,3,2,2,0,1
7_7208,41,20251013,37,52,3,2,2,0,1
7_7209,41,20251013,37,52,3,2,2,0,1
7_7213,41,20251013,37,52,3,2,2,0,1
7_7215,41,20251013,37,52,3,2,2,0,1
7_7216,41,20251013,37,52,3,2,2,0,1
7_7229,41,20251013,37,52,3,2,2,0,1
7_7237,41,20251013,37,52,3,2,2,0,1
7_7238,41,20251013,37,52,3,2,2,0,1
7_7239,41,20251013,37,52,3,2,2,0,1
7_7307,41,20251013,37,52,3,2,2,0,1
7_7308,41,20251013,37,52,3,2,2,0,1
7_7309,41,20251013,37,52,3,2,2,0,1
7_7310,41,20251013,15,10,1,1,2,0,1
7_7312,41,20251013,37,52,3,2,2,0,1
7_7331,41,20251013,37,52,3,2,2,0,1
7_7333,41,20251013,37,52,3,2,2,0,1
7_7334,41,20251013,37,52,3,2,2,0,1
7_7335,41,20251013,15,10,1,1,2,0,1
7_7336,41,20251013,37,52,3,2,2,0,1
7_7401,41,20251013,15,10,1,1,2,0,1
7_7402,41,20251013,15,10,1,1,2,0,1
7_7407,41,20251013,37,52,3,2,2,0,1
7_7417,41,20251013,15,10,1,1,2,0,1
7_7418,41,20251013,15,10,1,1,2,0,1
7_7419,41,20251013,37,52,3,2,2,0,1
7_7422,41,20251013,15,10,1,1,2,0,1
7_7423,41,20251013,37,52,3,2,2,0,1
7_7424,41,20251013,37,52,3,2,2,0,1
7_7425,41,20251013,37,52,3,2,2,0,1
7_7435,41,20251013,37,52,3,2,2,0,1
7_7437,41,20251013,15,10,1,1,2,0,1
7_7438,41,20251013,37,52,3,2,2,0,1
7_7439,41,20251013,15,10,1,1,2,0,1
7_7448,41,20251013,37,52,3,2,2,0,1
7_7449,41,20251013,15,10,1,1,2,0,1
7_7450,41,20251013,37,52,3,2,2,0,1
7_7459,41,20251013,37,52,3,2,2,0,1
7_7461,41,20251013,37,52,3,2,2,0,1
7_7462,41,20251013,37,52,3,2,2,0,1
7_7463,41,20251013,37,52,3,2,2,0,1
7_7464,41,20251013,37,52,3,2,2,0,1
7_7602,41,20251013,37,52,3,2,2,0,1
7_7603,41,20251013,37,52,3,2,2,0,1
7_7604,41,20251013,37,52,3,2,2,0,1
7_7605,41,20251013,37,52,3,2,2,0,1
7_7614,41,20251013,37,52,3,2,2,0,1
7_7615,41,20251013,37,52,3,2,2,0,1
7_7617,41,20251013,37,52,3,2,2,0,1
7_7623,41,20251013,37,52,3,2,2,0,1
7_7635,41,20251013,37,52,3,2,2,0,1
7_7636,41,20251013,37,52,3,2,2,0,1
7_7637,41,20251013,37,52,3,2,2,0,1
7_7638,41,20251013,37,52,3,2,2,0,1
7_7640,41,20251013,15,10,1,1,2,0,1
7_7707,41,20251013,15,10,1,1,2,0,1
7_7709,41,20251013,15,10,1,1,2,0,1
7_7721,41,20251013,37,52,3,2,2,0,1
7_7723,41,20251013,15,10,1,1,2,0,1
7_7732,41,20251013,37,52,3,2,2,0,1
7_7737,41,20251013,37,52,3,2,2,0,1
7_7738,41,20251013,37,52,3,2,2,0,1
7_7749,41,20251013,37,52,3,2,2,0,1
7_7751,41,20251013,15,10,1,1,2,0,1
7_7753,41,20251013,29,55,2,2,2,0,1
7_7760,41,20251013,15,10,1,1,2,0,1
7_7761,41,20251013,15,10,1,1,2,0,1
7_7762,41,20251013,37,52,3,2,2,0,1
7_7770,41,20251013,15,10,1,1,2,0,1
7_7780,41,20251013,15,10,1,1,2,0,1
7_7782,41,20251013,37,52,3,2,2,0,1
7_7838,41,20251013,37,52,3,2,2,0,1
7_7905,41,20251013,37,52,3,2,2,0,1
7_7906,41,20251013,37,52,3,2,2,0,1
7_7907,41,20251013,37,52,3,2,2,0,1
7_7908,41,20251013,37,52,3,2,2,0,1
7_7910,41,20251013,37,52,3,2,2,0,1
78_8937,41,20251013,15,10,1,1,2,0,1
78_8938,41,20251013,15,10,1,1,2,0,1
78_8939,41,20251013,15,10,1,1,2,0,1
79_9938,41,20251013,15,10,1,1,2,0,1
79_9939,41,20251013,15,10,1,1,2,0,1
79_9947,41,20251013,15,10,1,1,2,0,1
8_8002,41,20251013,37,52,3,2,2,0,1
8_8003,41,20251013,37,52,3,2,2,0,1
8_8004,41,20251013,37,52,3,2,2,0,1
8_8005,41,20251013,37,52,3,2,2,0,1
8_8012,41,20251013,15,10,1,1,2,0,1
8_8018,41,20251013,37,52,3,2,2,0,1
8_8019,41,20251013,15,10,1,1,2,0,1
8_8031,41,20251013,37,52,3,2,2,0,1
8_8032,41,20251013,15,10,1,1,2,0,1
8_8033,41,20251013,37,52,3,2,2,0,1
8_8034,41,20251013,37,52,3,2,2,0,1
8_8049,41,20251013,37,52,3,2,2,0,1
8_8201,41,20251013,37,52,3,2,2,0,1
8_8202,41,20251013,37,52,3,2,2,0,1
8_8203,41,20251013,37,52,3,2,2,0,1
8_8204,41,20251013,37,52,3,2,2,0,1
8_8212,41,20251013,37,52,3,2,2,0,1
8_8214,41,20251013,37,52,3,2,2,0,1
8_8215,41,20251013,37,52,3,2,2,0,1
8_8310,41,20251013,37,52,3,2,2,0,1
8_8409,41,20251013,37,52,3,2,2,0,1
8_8412,41,20251013,37,52,3,2,2,0,1
8_8413,41,20251013,37,52,3,2,2,0,1
8_8414,41,20251013,37,52,3,2,2,0,1
8_8415,41,20251013,37,52,3,2,2,0,1
8_8420,41,20251013,37,52,3,2,2,0,1
8_8421,41,20251013,15,10,1,1,2,0,1
8_8423,41,20251013,37,52,3,2,2,0,1
8_8437,41,20251013,15,10,1,1,2,0,1
8_8605,41,20251013,37,52,3,2,2,0,1
8_8607,41,20251013,15,10,1,1,2,0,1
8_8608,41,20251013,37,52,3,2,2,0,1
8_8609,41,20251013,37,52,3,2,2,0,1
8_8610,41,20251013,37,52,3,2,2,0,1
8_8611,41,20251013,37,52,3,2,2,0,1
8_8612,41,20251013,15,10,1,1,2,0,1
8_8617,41,20251013,37,52,3,2,2,0,1
8_8620,41,20251013,37,52,3,2,2,0,1
8_8621,41,20251013,37,52,3,2,2,0,1
8_8622,41,20251013,37,52,3,2,2,0,1
8_8623,41,20251013,37,52,3,2,2,0,1
8_8624,41,20251013,37,52,3,2,2,0,1
8_8632,41,20251013,29,55,2,2,2,0,1
8_8701,41,20251013,15,10,1,1,2,0,1
8_8706,41,20251013,37,52,3,2,2,0,1
8_8710,41,20251013,15,10,1,1,2,0,1
8_8713,41,20251013,37,52,3,2,2,0,1
8_8716,41,20251013,37,52,3,2,2,0,1
8_8728,41,20251013,15,10,1,1,2,0,1
8_8730,41,20251013,37,52,3,2,2,0,1
8_8740,41,20251013,15,10,1,1,2,0,1
8_8752,41,20251013,37,52,3,2,2,0,1
9_9019,41,20251013,37,52,3,2,2,0,1
9_9038,41,20251013,37,52,3,2,2,0,1
9_9039,41,20251013,37,52,3,2,2,0,1
9_9040,41,20251013,37,52,3,2,2,0,1
9_9045,41,20251013,37,52,3,2,2,0,1
9_9046,41,20251013,37,52,3,2,2,0,1
9_9205,41,20251013,37,52,3,2,2,0,1
9_9217,41,20251013,37,52,3,2,2,0,1
9_9218,41,20251013,37,52,3,2,2,0,1
9_9219,41,20251013,37,52,3,2,2,0,1
9_9310,41,20251013,37,52,3,2,2,0,1
9_9312,41,20251013,37,52,3,2,2,0,1
9_9315,41,20251013,15,10,1,1,2,0,1
9_9401,41,20251013,37,52,3,2,2,0,1
9_9412,41,20251013,37,52,3,2,2,0,1
9_9413,41,20251013,37,52,3,2,2,0,1
9_9414,41,20251013,37,52,3,2,2,0,1
9_9415,41,20251013,37,52,3,2,2,0,1
9_9421,41,20251013,37,52,3,2,2,0,1
9_9433,41,20251013,37,52,3,2,2,0,1
9_9609,41,20251013,37,52,3,2,2,0,1
9_9610,41,20251013,37,52,3,2,2,0,1
9_9612,41,20251013,37,52,3,2,2,0,1
9_9613,41,20251013,37,52,3,2,2,0,1
9_9614,41,20251013,37,52,3,2,2,0,1
9_9620,41,20251013,37,52,3,2,2,0,1
9_9621,41,20251013,37,52,3,2,2,0,1
9_9630,41,20251013,15,10,1,1,2,0,1
9_9633,41,20251013,37,52,3,2,2,0,1
9_9702,41,20251013,37,52,3,2,2,0,1
9_9703,41,20251013,37,52,3,2,2,0,1
9_9705,41,20251013,37,52,3,2,2,0,1
9_9716,41,20251013,37,52,3,2,2,0,1
9_9717,41,20251013,15,10,1,1,2,0,1
9_9718,41,20251013,37,52,3,2,2,0,1
9_9725,41,20251013,37,52,3,2,2,0,1
9_9730,41,20251013,37,52,3,2,2,0,1
9_9743,41,20251013,15,10,1,1,2,0,1
9_9744,41,20251013,15,10,1,1,2,0,1
9_9751,41,20251013,37,52,3,2,2,0,1
9_9752,41,20251013,37,52,3,2,2,0,1
91_1928,41,20251013,15,10,1,1,2,0,1
92_2921,41,20251013,15,10,1,1,2,0,1
92_2922,41,20251013,15,10,1,1,2,0,1
93_3923,41,20251013,15,10,1,1,2,0,1
93_3924,41,20251013,15,10,1,1,2,0,1
93_3925,41,20251013,15,10,1,1,2,0,1
93_3926,41,20251013,15,10,1,1,2,0,1
94_4921,41,20251013,15,10,1,1,2,0,1
94_4922,41,20251013,15,10,1,1,2,0,1
94_4923,41,20251013,15,10,1,1,2,0,1
94_4924,41,20251013,15,10,1,1,2,0,1
95_5930,41,20251013,15,10,1,1,2,0,1
96_6927,41,20251013,15,10,1,1,2,0,1
96_6928,41,20251013,15,10,1,1,2,0,1
96_6929,41,20251013,15,10,1,1,2,0,1
96_6930,41,20251013,15,10,1,1,2,0,1
96_6931,41,20251013,15,10,1,1,2,0,1
97_1934,41,20251013,15,10,1,1,2,0,1
97_1935,41,20251013,15,10,1,1,2,0,1
97_1936,41,20251013,15,10,1,1,2,0,1
98_2938,41,20251013,15,10,1,1,2,0,1
98_2939,41,20251013,15,10,1,1,2,0,1
98_2942,41,20251013,15,10,1,1,2,0,1
98_2943,41,20251013,15,10,1,1,2,0,1
2_2726,41,20251013,37,52,3,2,2,0,1
2_2728,41,20251013,37,52,3,2,2,0,1
2_2731,41,20251013,15,10,1,1,2,0,1
2_2735,41,20251013,37,52,3,2,2,0,1
2_2742,41,20251013,15,10,1,1,2,0,1
2_2744,41,20251013,37,52,3,2,2,0,1
2_2901,41,20251013,37,52,3,2,2,0,1
22_2975,41,20251013,15,10,1,1,2,0,1
22_2981,41,20251013,15,10,1,1,2,0,1
23_3974,41,20251013,15,10,1,1,2,0,1
28_9911,41,20251013,15,10,1,1,2,0,1
28_9918,41,20251013,15,10,1,1,2,0,1
29_3912,41,20251013,15,10,1,1,2,0,1
29_3914,41,20251013,15,10,1,1,2,0,1
3_3004,41,20251013,37,52,3,2,2,0,1
3_3006,41,20251013,37,52,3,2,2,0,1
3_3013,41,20251013,15,10,1,1,2,0,1
3_3015,41,20251013,37,52,3,2,2,0,1
3_3021,41,20251013,37,52,3,2,2,0,1
3_3026,41,20251013,37,52,3,2,2,0,1
3_3028,41,20251013,37,52,3,2,2,0,1
3_3034,41,20251013,37,52,3,2,2,0,1
3_3043,41,20251013,37,52,3,2,2,0,1
3_3044,41,20251013,37,52,3,2,2,0,1
3_3201,41,20251013,37,52,3,2,2,0,1
3_3208,41,20251013,37,52,3,2,2,0,1
3_3211,41,20251013,37,52,3,2,2,0,1
3_3214,41,20251013,15,10,1,1,2,0,1
3_3232,41,20251013,37,52,3,2,2,0,1
3_3305,41,20251013,37,52,3,2,2,0,1
3_3307,41,20251013,37,52,3,2,2,0,1
3_3308,41,20251013,37,52,3,2,2,0,1
3_3311,41,20251013,37,52,3,2,2,0,1
3_3402,41,20251013,37,52,3,2,2,0,1
3_3406,41,20251013,37,52,3,2,2,0,1
3_3409,41,20251013,37,52,3,2,2,0,1
3_3412,41,20251013,37,52,3,2,2,0,1
3_3602,41,20251013,37,52,3,2,2,0,1
3_3614,41,20251013,37,52,3,2,2,0,1
3_3615,41,20251013,37,52,3,2,2,0,1
3_3617,41,20251013,37,52,3,2,2,0,1
3_3621,41,20251013,15,10,1,1,2,0,1
3_3626,41,20251013,15,10,1,1,2,0,1
3_3628,41,20251013,37,52,3,2,2,0,1
3_3702,41,20251013,37,52,3,2,2,0,1
3_3704,41,20251013,37,52,3,2,2,0,1
3_3708,41,20251013,15,10,1,1,2,0,1
3_3709,41,20251013,15,10,1,1,2,0,1
3_3711,41,20251013,37,52,3,2,2,0,1
3_3713,41,20251013,15,10,1,1,2,0,1
3_3718,41,20251013,37,52,3,2,2,0,1
3_3721,41,20251013,37,52,3,2,2,0,1
3_3722,41,20251013,29,55,2,2,2,0,1
3_3730,41,20251013,37,52,3,2,2,0,1
3_3739,41,20251013,37,52,3,2,2,0,1
3_3741,41,20251013,15,10,1,1,2,0,1
3_3746,41,20251013,15,10,1,1,2,0,1
3_3748,41,20251013,37,52,3,2,2,0,1
36_36004,41,20251013,15,10,1,1,2,0,1
36_36006,41,20251013,15,10,1,1,2,0,1
36_36014,41,20251013,15,10,1,1,2,0,1
36_36016,41,20251013,15,10,1,1,2,0,1
36_36026,41,20251013,15,10,1,1,2,0,1
36_36028,41,20251013,15,10,1,1,2,0,1
36_36031,41,20251013,15,10,1,1,2,0,1
36_36033,41,20251013,15,10,1,1,2,0,1
36_36041,41,20251013,15,10,1,1,2,0,1
36_36043,41,20251013,15,10,1,1,2,0,1
36_36201,41,20251013,15,10,1,1,2,0,1
36_36215,41,20251013,15,10,1,1,2,0,1
36_36217,41,20251013,15,10,1,1,2,0,1
36_36301,41,20251013,15,10,1,1,2,0,1
36_36303,41,20251013,15,10,1,1,2,0,1
36_36306,41,20251013,15,10,1,1,2,0,1
36_36308,41,20251013,15,10,1,1,2,0,1
36_36311,41,20251013,15,10,1,1,2,0,1
36_36409,41,20251013,15,10,1,1,2,0,1
36_36415,41,20251013,15,10,1,1,2,0,1
36_36417,41,20251013,15,10,1,1,2,0,1
36_36421,41,20251013,15,10,1,1,2,0,1
36_36601,41,20251013,15,10,1,1,2,0,1
36_36603,41,20251013,15,10,1,1,2,0,1
36_36608,41,20251013,15,10,1,1,2,0,1
36_36610,41,20251013,15,10,1,1,2,0,1
36_36612,41,20251013,15,10,1,1,2,0,1
36_36615,41,20251013,15,10,1,1,2,0,1
36_36619,41,20251013,15,10,1,1,2,0,1
36_36620,41,20251013,15,10,1,1,2,0,1
36_36626,41,20251013,15,10,1,1,2,0,1
36_36627,41,20251013,15,10,1,1,2,0,1
36_36703,41,20251013,15,10,1,1,2,0,1
36_36704,41,20251013,15,10,1,1,2,0,1
36_36710,41,20251013,15,10,1,1,2,0,1
36_36712,41,20251013,15,10,1,1,2,0,1
36_36719,41,20251013,15,10,1,1,2,0,1
36_36725,41,20251013,15,10,1,1,2,0,1
36_36733,41,20251013,15,10,1,1,2,0,1
36_36735,41,20251013,15,10,1,1,2,0,1
36_36741,41,20251013,15,10,1,1,2,0,1
36_36751,41,20251013,15,10,1,1,2,0,1
36_v_2,41,20251013,15,10,1,1,2,0,1
4_4001,41,20251013,37,52,3,2,2,0,1
4_4003,41,20251013,37,52,3,2,2,0,1
4_4010,41,20251013,37,52,3,2,2,0,1
4_4015,41,20251013,37,52,3,2,2,0,1
4_4017,41,20251013,37,52,3,2,2,0,1
4_4026,41,20251013,15,10,1,1,2,0,1
4_4028,41,20251013,37,52,3,2,2,0,1
4_4031,41,20251013,37,52,3,2,2,0,1
4_4038,41,20251013,37,52,3,2,2,0,1
4_4045,41,20251013,37,52,3,2,2,0,1
4_4046,41,20251013,37,52,3,2,2,0,1
4_4050,41,20251013,37,52,3,2,2,0,1
4_4055,41,20251013,37,52,3,2,2,0,1
4_4057,41,20251013,37,52,3,2,2,0,1
4_4064,41,20251013,15,10,1,1,2,0,1
4_4066,41,20251013,37,52,3,2,2,0,1
4_4070,41,20251013,37,52,3,2,2,0,1
4_4073,41,20251013,37,52,3,2,2,0,1
4_4075,41,20251013,37,52,3,2,2,0,1
4_4083,41,20251013,37,52,3,2,2,0,1
4_4090,41,20251013,37,52,3,2,2,0,1
4_4202,41,20251013,37,52,3,2,2,0,1
4_4209,41,20251013,37,52,3,2,2,0,1
4_4216,41,20251013,37,52,3,2,2,0,1
4_4221,41,20251013,15,10,1,1,2,0,1
4_4226,41,20251013,37,52,3,2,2,0,1
4_4228,41,20251013,37,52,3,2,2,0,1
4_4231,41,20251013,37,52,3,2,2,0,1
4_4233,41,20251013,37,52,3,2,2,0,1
4_4301,41,20251013,37,52,3,2,2,0,1
4_4302,41,20251013,15,10,1,1,2,0,1
4_4308,41,20251013,37,52,3,2,2,0,1
4_4311,41,20251013,37,52,3,2,2,0,1
4_4312,41,20251013,37,52,3,2,2,0,1
4_4314,41,20251013,15,10,1,1,2,0,1
4_4318,41,20251013,37,52,3,2,2,0,1
4_4320,41,20251013,37,52,3,2,2,0,1
4_4322,41,20251013,37,52,3,2,2,0,1
4_4329,41,20251013,15,10,1,1,2,0,1
4_4333,41,20251013,37,52,3,2,2,0,1
4_4401,41,20251013,15,10,1,1,2,0,1
4_4405,41,20251013,37,52,3,2,2,0,1
4_4406,41,20251013,15,10,1,1,2,0,1
4_4413,41,20251013,37,52,3,2,2,0,1
4_4419,41,20251013,37,52,3,2,2,0,1
4_4420,41,20251013,37,52,3,2,2,0,1
4_4427,41,20251013,37,52,3,2,2,0,1
4_4429,41,20251013,37,52,3,2,2,0,1
4_4431,41,20251013,37,52,3,2,2,0,1
4_4434,41,20251013,15,10,1,1,2,0,1
4_4436,41,20251013,37,52,3,2,2,0,1
4_4438,41,20251013,37,52,3,2,2,0,1
4_4442,41,20251013,37,52,3,2,2,0,1
4_4444,41,20251013,37,52,3,2,2,0,1
4_4450,41,20251013,37,52,3,2,2,0,1
4_4452,41,20251013,37,52,3,2,2,0,1
4_4459,41,20251013,37,52,3,2,2,0,1
4_4460,41,20251013,37,52,3,2,2,0,1
4_4461,41,20251013,37,52,3,2,2,0,1
4_4463,41,20251013,37,52,3,2,2,0,1
4_4470,41,20251013,37,52,3,2,2,0,1
4_4602,41,20251013,37,52,3,2,2,0,1
4_4607,41,20251013,37,52,3,2,2,0,1
4_4613,41,20251013,37,52,3,2,2,0,1
4_4615,41,20251013,37,52,3,2,2,0,1
4_4617,41,20251013,37,52,3,2,2,0,1
4_4620,41,20251013,37,52,3,2,2,0,1
4_4623,41,20251013,37,52,3,2,2,0,1
4_4625,41,20251013,37,52,3,2,2,0,1
4_4627,41,20251013,37,52,3,2,2,0,1
4_4629,41,20251013,37,52,3,2,2,0,1
4_4634,41,20251013,37,52,3,2,2,0,1
4_4650,41,20251013,37,52,3,2,2,0,1
4_4651,41,20251013,37,52,3,2,2,0,1
4_4703,41,20251013,15,10,1,1,2,0,1
4_4705,41,20251013,37,52,3,2,2,0,1
4_4709,41,20251013,15,10,1,1,2,0,1
4_4734,41,20251013,15,10,1,1,2,0,1
4_4736,41,20251013,37,52,3,2,2,0,1
4_4740,41,20251013,15,10,1,1,2,0,1
4_4744,41,20251013,37,52,3,2,2,0,1
4_4746,41,20251013,37,52,3,2,2,0,1
4_4749,41,20251013,15,10,1,1,2,0,1
4_4751,41,20251013,15,10,1,1,2,0,1
4_4758,41,20251013,37,52,3,2,2,0,1
4_4770,41,20251013,29,55,2,2,2,0,1
4_4773,41,20251013,15,10,1,1,2,0,1
4_4776,41,20251013,37,52,3,2,2,0,1
4_4778,41,20251013,37,52,3,2,2,0,1
4_4780,41,20251013,37,52,3,2,2,0,1
4_4781,41,20251013,37,52,3,2,2,0,1
4_4791,41,20251013,37,52,3,2,2,0,1
4_4901,41,20251013,37,52,3,2,2,0,1
4_4903,41,20251013,37,52,3,2,2,0,1
4_4910,41,20251013,37,52,3,2,2,0,1
4_4912,41,20251013,37,52,3,2,2,0,1
5_5004,41,20251013,37,52,3,2,2,0,1
5_5013,41,20251013,37,52,3,2,2,0,1
5_5015,41,20251013,37,52,3,2,2,0,1
5_5017,41,20251013,15,10,1,1,2,0,1
5_5020,41,20251013,37,52,3,2,2,0,1
5_5023,41,20251013,37,52,3,2,2,0,1
5_5025,41,20251013,37,52,3,2,2,0,1
5_5030,41,20251013,37,52,3,2,2,0,1
5_5035,41,20251013,15,10,1,1,2,0,1
5_5039,41,20251013,37,52,3,2,2,0,1
5_5040,41,20251013,15,10,1,1,2,0,1
5_5042,41,20251013,15,10,1,1,2,0,1
5_5044,41,20251013,37,52,3,2,2,0,1
5_5204,41,20251013,37,52,3,2,2,0,1
5_5209,41,20251013,37,52,3,2,2,0,1
5_5216,41,20251013,15,10,1,1,2,0,1
5_5219,41,20251013,37,52,3,2,2,0,1
5_5220,41,20251013,37,52,3,2,2,0,1
5_5234,41,20251013,37,52,3,2,2,0,1
5_5306,41,20251013,37,52,3,2,2,0,1
5_5308,41,20251013,37,52,3,2,2,0,1
5_5309,41,20251013,37,52,3,2,2,0,1
5_5311,41,20251013,15,10,1,1,2,0,1
5_5313,41,20251013,37,52,3,2,2,0,1
5_5316,41,20251013,37,52,3,2,2,0,1
5_5405,41,20251013,37,52,3,2,2,0,1
5_5407,41,20251013,37,52,3,2,2,0,1
5_5418,41,20251013,37,52,3,2,2,0,1
5_5422,41,20251013,37,52,3,2,2,0,1
5_5601,41,20251013,37,52,3,2,2,0,1
5_5603,41,20251013,37,52,3,2,2,0,1
5_5611,41,20251013,37,52,3,2,2,0,1
5_5612,41,20251013,29,55,2,2,2,0,1
5_5613,41,20251013,15,10,1,1,2,0,1
5_5618,41,20251013,37,52,3,2,2,0,1
5_5621,41,20251013,37,52,3,2,2,0,1
5_5702,41,20251013,37,52,3,2,2,0,1
5_5704,41,20251013,37,52,3,2,2,0,1
5_5710,41,20251013,37,52,3,2,2,0,1
5_5717,41,20251013,15,10,1,1,2,0,1
5_5719,41,20251013,15,10,1,1,2,0,1
5_5720,41,20251013,15,10,1,1,2,0,1
5_5725,41,20251013,37,52,3,2,2,0,1
5_5727,41,20251013,15,10,1,1,2,0,1
5_5730,41,20251013,37,52,3,2,2,0,1
5_5739,41,20251013,37,52,3,2,2,0,1
5_5743,41,20251013,15,10,1,1,2,0,1
5_5745,41,20251013,15,10,1,1,2,0,1
5_5748,41,20251013,37,52,3,2,2,0,1
5_5901,41,20251013,37,52,3,2,2,0,1
5_5902,41,20251013,37,52,3,2,2,0,1
6_6005,41,20251013,37,52,3,2,2,0,1
6_6007,41,20251013,37,52,3,2,2,0,1
6_6013,41,20251013,15,10,1,1,2,0,1
6_6019,41,20251013,37,52,3,2,2,0,1
6_6020,41,20251013,37,52,3,2,2,0,1
6_6023,41,20251013,15,10,1,1,2,0,1
6_6027,41,20251013,37,52,3,2,2,0,1
6_6029,41,20251013,37,52,3,2,2,0,1
6_6032,41,20251013,37,52,3,2,2,0,1
6_6034,41,20251013,37,52,3,2,2,0,1
6_6046,41,20251013,37,52,3,2,2,0,1
6_6204,41,20251013,37,52,3,2,2,0,1
6_6206,41,20251013,37,52,3,2,2,0,1
6_6212,41,20251013,37,52,3,2,2,0,1
6_6302,41,20251013,15,10,1,1,2,0,1
6_6309,41,20251013,15,10,1,1,2,0,1
6_6316,41,20251013,37,52,3,2,2,0,1
6_6405,41,20251013,37,52,3,2,2,0,1
6_6407,41,20251013,37,52,3,2,2,0,1
6_6410,41,20251013,37,52,3,2,2,0,1
6_6412,41,20251013,37,52,3,2,2,0,1
6_6415,41,20251013,37,52,3,2,2,0,1
6_6417,41,20251013,37,52,3,2,2,0,1
6_6420,41,20251013,37,52,3,2,2,0,1
6_6434,41,20251013,15,10,1,1,2,0,1
6_6601,41,20251013,37,52,3,2,2,0,1
6_6604,41,20251013,37,52,3,2,2,0,1
6_6609,41,20251013,29,55,2,2,2,0,1
6_6611,41,20251013,37,52,3,2,2,0,1
6_6618,41,20251013,37,52,3,2,2,0,1
6_6621,41,20251013,15,10,1,1,2,0,1
6_6623,41,20251013,29,55,2,2,2,0,1
6_6624,41,20251013,37,52,3,2,2,0,1
6_6626,41,20251013,15,10,1,1,2,0,1
6_6705,41,20251013,37,52,3,2,2,0,1
6_6709,41,20251013,15,10,1,1,2,0,1
6_6710,41,20251013,15,10,1,1,2,0,1
6_6712,41,20251013,15,10,1,1,2,0,1
6_6719,41,20251013,37,52,3,2,2,0,1
6_6721,41,20251013,37,52,3,2,2,0,1
6_6722,41,20251013,29,55,2,2,2,0,1
6_6728,41,20251013,37,52,3,2,2,0,1
6_6733,41,20251013,15,10,1,1,2,0,1
6_6746,41,20251013,15,10,1,1,2,0,1
6_6748,41,20251013,37,52,3,2,2,0,1
7_7002,41,20251013,37,52,3,2,2,0,1
7_7007,41,20251013,37,52,3,2,2,0,1
7_7009,41,20251013,37,52,3,2,2,0,1
7_7015,41,20251013,37,52,3,2,2,0,1
7_7017,41,20251013,37,52,3,2,2,0,1
7_7019,41,20251013,15,10,1,1,2,0,1
7_7024,41,20251013,37,52,3,2,2,0,1
7_7030,41,20251013,37,52,3,2,2,0,1
7_7032,41,20251013,37,52,3,2,2,0,1
7_7036,41,20251013,15,10,1,1,2,0,1
7_7037,41,20251013,37,52,3,2,2,0,1
7_7042,41,20251013,37,52,3,2,2,0,1
7_7044,41,20251013,37,52,3,2,2,0,1
7_7053,41,20251013,37,52,3,2,2,0,1
7_7055,41,20251013,37,52,3,2,2,0,1
7_7060,41,20251013,37,52,3,2,2,0,1
7_7065,41,20251013,15,10,1,1,2,0,1
7_7067,41,20251013,37,52,3,2,2,0,1
7_7069,41,20251013,37,52,3,2,2,0,1
1_1002,41,20251013,37,52,3,2,2,0,1
1_1004,41,20251013,15,10,1,1,2,0,1
1_1007,41,20251013,37,52,3,2,2,0,1
1_1009,41,20251013,37,52,3,2,2,0,1
1_1010,41,20251013,37,52,3,2,2,0,1
1_1012,41,20251013,15,10,1,1,2,0,1
1_1021,41,20251013,37,52,3,2,2,0,1
1_1023,41,20251013,37,52,3,2,2,0,1
1_1031,41,20251013,37,52,3,2,2,0,1
1_1033,41,20251013,37,52,3,2,2,0,1
1_1036,41,20251013,15,10,1,1,2,0,1
1_1038,41,20251013,37,52,3,2,2,0,1
1_1042,41,20251013,37,52,3,2,2,0,1
1_1046,41,20251013,37,52,3,2,2,0,1
1_1048,41,20251013,37,52,3,2,2,0,1
1_1051,41,20251013,37,52,3,2,2,0,1
1_1052,41,20251013,15,10,1,1,2,0,1
1_1058,41,20251013,37,52,3,2,2,0,1
1_1060,41,20251013,15,10,1,1,2,0,1
1_1061,41,20251013,37,52,3,2,2,0,1
1_1063,41,20251013,37,52,3,2,2,0,1
1_1070,41,20251013,37,52,3,2,2,0,1
1_1077,41,20251013,37,52,3,2,2,0,1
1_1081,41,20251013,37,52,3,2,2,0,1
1_1083,41,20251013,15,10,1,1,2,0,1
1_1091,41,20251013,37,52,3,2,2,0,1
1_1093,41,20251013,37,52,3,2,2,0,1
1_1100,41,20251013,37,52,3,2,2,0,1
1_1207,41,20251013,37,52,3,2,2,0,1
1_1216,41,20251013,37,52,3,2,2,0,1
1_1218,41,20251013,37,52,3,2,2,0,1
1_1221,41,20251013,37,52,3,2,2,0,1
1_1223,41,20251013,37,52,3,2,2,0,1
1_1232,41,20251013,37,52,3,2,2,0,1
1_1238,41,20251013,37,52,3,2,2,0,1
1_1239,41,20251013,37,52,3,2,2,0,1
1_1242,41,20251013,37,52,3,2,2,0,1
1_1267,41,20251013,37,52,3,2,2,0,1
1_1301,41,20251013,37,52,3,2,2,0,1
1_1308,41,20251013,37,52,3,2,2,0,1
1_1310,41,20251013,15,10,1,1,2,0,1
1_1317,41,20251013,37,52,3,2,2,0,1
1_1320,41,20251013,37,52,3,2,2,0,1
1_1325,41,20251013,37,52,3,2,2,0,1
1_1327,41,20251013,37,52,3,2,2,0,1
1_1330,41,20251013,15,10,1,1,2,0,1
1_1331,41,20251013,37,52,3,2,2,0,1
1_1337,41,20251013,37,52,3,2,2,0,1
1_1340,41,20251013,37,52,3,2,2,0,1
1_1341,41,20251013,37,52,3,2,2,0,1
1_1401,41,20251013,37,52,3,2,2,0,1
1_1403,41,20251013,37,52,3,2,2,0,1
1_1404,41,20251013,37,52,3,2,2,0,1
1_1416,41,20251013,37,52,3,2,2,0,1
1_1422,41,20251013,37,52,3,2,2,0,1
1_1423,41,20251013,15,10,1,1,2,0,1
1_1426,41,20251013,15,10,1,1,2,0,1
1_1428,41,20251013,37,52,3,2,2,0,1
1_1436,41,20251013,37,52,3,2,2,0,1
1_1438,41,20251013,15,10,1,1,2,0,1
1_1442,41,20251013,37,52,3,2,2,0,1
1_1446,41,20251013,37,52,3,2,2,0,1
1_1448,41,20251013,15,10,1,1,2,0,1
1_1453,41,20251013,37,52,3,2,2,0,1
1_1455,41,20251013,37,52,3,2,2,0,1
1_1467,41,20251013,37,52,3,2,2,0,1
1_1469,41,20251013,37,52,3,2,2,0,1
1_1470,41,20251013,37,52,3,2,2,0,1
1_1473,41,20251013,37,52,3,2,2,0,1
1_1479,41,20251013,37,52,3,2,2,0,1
1_1511,41,20251013,37,52,3,2,2,0,1
1_1513,41,20251013,37,52,3,2,2,0,1
1_1600,41,20251013,37,52,3,2,2,0,1
1_1602,41,20251013,37,52,3,2,2,0,1
1_1605,41,20251013,37,52,3,2,2,0,1
1_1607,41,20251013,37,52,3,2,2,0,1
1_1612,41,20251013,37,52,3,2,2,0,1
1_1614,41,20251013,37,52,3,2,2,0,1
1_1619,41,20251013,37,52,3,2,2,0,1
1_1622,41,20251013,37,52,3,2,2,0,1
1_1634,41,20251013,37,52,3,2,2,0,1
1_1639,41,20251013,37,52,3,2,2,0,1
1_1640,41,20251013,15,10,1,1,2,0,1
1_1645,41,20251013,15,10,1,1,2,0,1
1_1646,41,20251013,37,52,3,2,2,0,1
1_1649,41,20251013,37,52,3,2,2,0,1
1_1650,41,20251013,37,52,3,2,2,0,1
1_1659,41,20251013,37,52,3,2,2,0,1
1_1664,41,20251013,37,52,3,2,2,0,1
1_1706,41,20251013,37,52,3,2,2,0,1
1_1708,41,20251013,15,10,1,1,2,0,1
1_1716,41,20251013,15,10,1,1,2,0,1
1_1722,41,20251013,37,52,3,2,2,0,1
1_1728,41,20251013,37,52,3,2,2,0,1
1_1732,41,20251013,37,52,3,2,2,0,1
1_1734,41,20251013,37,52,3,2,2,0,1
1_1738,41,20251013,15,10,1,1,2,0,1
1_1739,41,20251013,37,52,3,2,2,0,1
1_1743,41,20251013,37,52,3,2,2,0,1
1_1746,41,20251013,15,10,1,1,2,0,1
1_1752,41,20251013,29,55,2,2,2,0,1
1_1761,41,20251013,37,52,3,2,2,0,1
1_1766,41,20251013,15,10,1,1,2,0,1
1_1768,41,20251013,37,52,3,2,2,0,1
1_1774,41,20251013,15,10,1,1,2,0,1
7_7072,41,20251013,37,52,3,2,2,0,1
7_7082,41,20251013,37,52,3,2,2,0,1
7_7084,41,20251013,37,52,3,2,2,0,1
7_7087,41,20251013,37,52,3,2,2,0,1
7_7089,41,20251013,37,52,3,2,2,0,1
7_7204,41,20251013,37,52,3,2,2,0,1
7_7206,41,20251013,37,52,3,2,2,0,1
7_7207,41,20251013,37,52,3,2,2,0,1
7_7211,41,20251013,37,52,3,2,2,0,1
7_7214,41,20251013,37,52,3,2,2,0,1
7_7218,41,20251013,37,52,3,2,2,0,1
7_7221,41,20251013,15,10,1,1,2,0,1
7_7228,41,20251013,37,52,3,2,2,0,1
7_7233,41,20251013,37,52,3,2,2,0,1
7_7235,41,20251013,37,52,3,2,2,0,1
7_7303,41,20251013,37,52,3,2,2,0,1
7_7311,41,20251013,37,52,3,2,2,0,1
7_7315,41,20251013,37,52,3,2,2,0,1
7_7320,41,20251013,37,52,3,2,2,0,1
7_7327,41,20251013,37,52,3,2,2,0,1
7_7329,41,20251013,15,10,1,1,2,0,1
7_7330,41,20251013,37,52,3,2,2,0,1
7_7332,41,20251013,15,10,1,1,2,0,1
7_7337,41,20251013,15,10,1,1,2,0,1
7_7341,41,20251013,37,52,3,2,2,0,1
7_7403,41,20251013,37,52,3,2,2,0,1
7_7404,41,20251013,37,52,3,2,2,0,1
7_7406,41,20251013,15,10,1,1,2,0,1
7_7414,41,20251013,15,10,1,1,2,0,1
7_7416,41,20251013,37,52,3,2,2,0,1
7_7421,41,20251013,37,52,3,2,2,0,1
7_7426,41,20251013,37,52,3,2,2,0,1
7_7428,41,20251013,37,52,3,2,2,0,1
7_7436,41,20251013,37,52,3,2,2,0,1
7_7440,41,20251013,15,10,1,1,2,0,1
7_7445,41,20251013,37,52,3,2,2,0,1
7_7447,41,20251013,37,52,3,2,2,0,1
7_7453,41,20251013,15,10,1,1,2,0,1
7_7466,41,20251013,37,52,3,2,2,0,1
7_7468,41,20251013,37,52,3,2,2,0,1
7_7601,41,20251013,37,52,3,2,2,0,1
7_7606,41,20251013,37,52,3,2,2,0,1
7_7608,41,20251013,37,52,3,2,2,0,1
7_7610,41,20251013,37,52,3,2,2,0,1
7_7616,41,20251013,37,52,3,2,2,0,1
7_7619,41,20251013,37,52,3,2,2,0,1
7_7620,41,20251013,37,52,3,2,2,0,1
7_7622,41,20251013,37,52,3,2,2,0,1
7_7626,41,20251013,37,52,3,2,2,0,1
7_7629,41,20251013,37,52,3,2,2,0,1
7_7632,41,20251013,37,52,3,2,2,0,1
7_7634,41,20251013,37,52,3,2,2,0,1
7_7644,41,20251013,37,52,3,2,2,0,1
7_7656,41,20251013,37,52,3,2,2,0,1
7_7701,41,20251013,37,52,3,2,2,0,1
7_7703,41,20251013,37,52,3,2,2,0,1
7_7706,41,20251013,37,52,3,2,2,0,1
7_7708,41,20251013,37,52,3,2,2,0,1
7_7714,41,20251013,37,52,3,2,2,0,1
7_7716,41,20251013,37,52,3,2,2,0,1
7_7719,41,20251013,15,10,1,1,2,0,1
7_7720,41,20251013,37,52,3,2,2,0,1
7_7722,41,20251013,37,52,3,2,2,0,1
7_7725,41,20251013,37,52,3,2,2,0,1
7_7727,41,20251013,37,52,3,2,2,0,1
7_7731,41,20251013,15,10,1,1,2,0,1
7_7733,41,20251013,15,10,1,1,2,0,1
7_7736,41,20251013,37,52,3,2,2,0,1
7_7746,41,20251013,37,52,3,2,2,0,1
7_7759,41,20251013,37,52,3,2,2,0,1
7_7763,41,20251013,37,52,3,2,2,0,1
7_7765,41,20251013,15,10,1,1,2,0,1
7_7767,41,20251013,15,10,1,1,2,0,1
7_7771,41,20251013,37,52,3,2,2,0,1
7_7772,41,20251013,15,10,1,1,2,0,1
7_7774,41,20251013,37,52,3,2,2,0,1
7_7783,41,20251013,15,10,1,1,2,0,1
7_7785,41,20251013,37,52,3,2,2,0,1
7_7901,41,20251013,37,52,3,2,2,0,1
7_7903,41,20251013,37,52,3,2,2,0,1
77_7937,41,20251013,15,10,1,1,2,0,1
77_7939,41,20251013,15,10,1,1,2,0,1
77_7941,41,20251013,15,10,1,1,2,0,1
77_7943,41,20251013,15,10,1,1,2,0,1
78_8934,41,20251013,15,10,1,1,2,0,1
78_8936,41,20251013,15,10,1,1,2,0,1
78_8943,41,20251013,15,10,1,1,2,0,1
78_8945,41,20251013,15,10,1,1,2,0,1
79_9937,41,20251013,15,10,1,1,2,0,1
79_9946,41,20251013,15,10,1,1,2,0,1
8_8007,41,20251013,37,52,3,2,2,0,1
8_8009,41,20251013,37,52,3,2,2,0,1
8_8013,41,20251013,37,52,3,2,2,0,1
8_8015,41,20251013,37,52,3,2,2,0,1
8_8016,41,20251013,37,52,3,2,2,0,1
8_8026,41,20251013,37,52,3,2,2,0,1
8_8028,41,20251013,37,52,3,2,2,0,1
8_8029,41,20251013,37,52,3,2,2,0,1
8_8036,41,20251013,37,52,3,2,2,0,1
8_8038,41,20251013,37,52,3,2,2,0,1
8_8039,41,20251013,37,52,3,2,2,0,1
8_8046,41,20251013,37,52,3,2,2,0,1
8_8048,41,20251013,37,52,3,2,2,0,1
8_8050,41,20251013,37,52,3,2,2,0,1
8_8206,41,20251013,37,52,3,2,2,0,1
8_8208,41,20251013,37,52,3,2,2,0,1
8_8210,41,20251013,37,52,3,2,2,0,1
8_8213,41,20251013,37,52,3,2,2,0,1
8_8219,41,20251013,37,52,3,2,2,0,1
8_8234,41,20251013,37,52,3,2,2,0,1
8_8301,41,20251013,15,10,1,1,2,0,1
8_8302,41,20251013,29,55,2,2,2,0,1
8_8303,41,20251013,37,52,3,2,2,0,1
8_8314,41,20251013,37,52,3,2,2,0,1
8_8405,41,20251013,37,52,3,2,2,0,1
8_8407,41,20251013,37,52,3,2,2,0,1
8_8410,41,20251013,37,52,3,2,2,0,1
8_8417,41,20251013,37,52,3,2,2,0,1
8_8419,41,20251013,37,52,3,2,2,0,1
8_8422,41,20251013,37,52,3,2,2,0,1
8_8438,41,20251013,37,52,3,2,2,0,1
8_8604,41,20251013,37,52,3,2,2,0,1
8_8606,41,20251013,15,10,1,1,2,0,1
8_8613,41,20251013,37,52,3,2,2,0,1
8_8614,41,20251013,37,52,3,2,2,0,1
8_8616,41,20251013,37,52,3,2,2,0,1
8_8625,41,20251013,37,52,3,2,2,0,1
8_8627,41,20251013,37,52,3,2,2,0,1
8_8630,41,20251013,37,52,3,2,2,0,1
8_8633,41,20251013,29,55,2,2,2,0,1
8_8703,41,20251013,37,52,3,2,2,0,1
8_8704,41,20251013,37,52,3,2,2,0,1
8_8711,41,20251013,15,10,1,1,2,0,1
8_8712,41,20251013,37,52,3,2,2,0,1
8_8714,41,20251013,29,55,2,2,2,0,1
8_8717,41,20251013,37,52,3,2,2,0,1
8_8725,41,20251013,15,10,1,1,2,0,1
8_8727,41,20251013,37,52,3,2,2,0,1
8_8729,41,20251013,37,52,3,2,2,0,1
8_8731,41,20251013,37,52,3,2,2,0,1
8_8733,41,20251013,37,52,3,2,2,0,1
8_8742,41,20251013,15,10,1,1,2,0,1
8_8750,41,20251013,15,10,1,1,2,0,1
8_8751,41,20251013,37,52,3,2,2,0,1
8_8901,41,20251013,37,52,3,2,2,0,1
8_8903,41,20251013,37,52,3,2,2,0,1
9_9009,41,20251013,37,52,3,2,2,0,1
9_9011,41,20251013,37,52,3,2,2,0,1
9_9013,41,20251013,15,10,1,1,2,0,1
9_9018,41,20251013,37,52,3,2,2,0,1
9_9020,41,20251013,37,52,3,2,2,0,1
9_9027,41,20251013,37,52,3,2,2,0,1
9_9029,41,20251013,37,52,3,2,2,0,1
9_9031,41,20251013,15,10,1,1,2,0,1
9_9034,41,20251013,37,52,3,2,2,0,1
9_9036,41,20251013,37,52,3,2,2,0,1
9_9037,41,20251013,37,52,3,2,2,0,1
9_9041,41,20251013,37,52,3,2,2,0,1
9_9044,41,20251013,37,52,3,2,2,0,1
9_9201,41,20251013,37,52,3,2,2,0,1
9_9202,41,20251013,37,52,3,2,2,0,1
9_9204,41,20251013,37,52,3,2,2,0,1
9_9214,41,20251013,15,10,1,1,2,0,1
9_9232,41,20251013,37,52,3,2,2,0,1
9_9301,41,20251013,37,52,3,2,2,0,1
9_9302,41,20251013,15,10,1,1,2,0,1
9_9306,41,20251013,15,10,1,1,2,0,1
9_9311,41,20251013,37,52,3,2,2,0,1
9_9314,41,20251013,37,52,3,2,2,0,1
9_9316,41,20251013,37,52,3,2,2,0,1
9_9405,41,20251013,37,52,3,2,2,0,1
9_9406,41,20251013,37,52,3,2,2,0,1
9_9416,41,20251013,37,52,3,2,2,0,1
9_9418,41,20251013,15,10,1,1,2,0,1
9_9420,41,20251013,37,52,3,2,2,0,1
9_9434,41,20251013,15,10,1,1,2,0,1
9_9606,41,20251013,37,52,3,2,2,0,1
9_9611,41,20251013,37,52,3,2,2,0,1
9_9616,41,20251013,37,52,3,2,2,0,1
9_9618,41,20251013,37,52,3,2,2,0,1
9_9625,41,20251013,37,52,3,2,2,0,1
9_9631,41,20251013,37,52,3,2,2,0,1
9_9632,41,20251013,37,52,3,2,2,0,1
9_9701,41,20251013,37,52,3,2,2,0,1
9_9704,41,20251013,15,10,1,1,2,0,1
9_9706,41,20251013,37,52,3,2,2,0,1
9_9709,41,20251013,29,55,2,2,2,0,1
9_9710,41,20251013,15,10,1,1,2,0,1
9_9712,41,20251013,37,52,3,2,2,0,1
9_9714,41,20251013,37,52,3,2,2,0,1
9_9719,41,20251013,15,10,1,1,2,0,1
9_9721,41,20251013,37,52,3,2,2,0,1
9_9722,41,20251013,37,52,3,2,2,0,1
9_9724,41,20251013,15,10,1,1,2,0,1
9_9728,41,20251013,37,52,3,2,2,0,1
9_9731,41,20251013,15,10,1,1,2,0,1
9_9735,41,20251013,37,52,3,2,2,0,1
9_9736,41,20251013,37,52,3,2,2,0,1
9_9742,41,20251013,37,52,3,2,2,0,1
9_9748,41,20251013,15,10,1,1,2,0,1
9_9749,41,20251013,37,52,3,2,2,0,1
9_9904,41,20251013,37,52,3,2,2,0,1
9_9906,41,20251013,37,52,3,2,2,0,1
91_1922,41,20251013,15,10,1,1,2,0,1
91_1923,41,20251013,15,10,1,1,2,0,1
91_1927,41,20251013,15,10,1,1,2,0,1
91_1929,41,20251013,15,10,1,1,2,0,1
92_2923,41,20251013,15,10,1,1,2,0,1
92_2925,41,20251013,15,10,1,1,2,0,1
93_3922,41,20251013,15,10,1,1,2,0,1
93_3927,41,20251013,15,10,1,1,2,0,1
93_3929,41,20251013,15,10,1,1,2,0,1
93_3930,41,20251013,15,10,1,1,2,0,1
94_4925,41,20251013,15,10,1,1,2,0,1
94_4927,41,20251013,15,10,1,1,2,0,1
94_4930,41,20251013,15,10,1,1,2,0,1
95_5921,41,20251013,15,10,1,1,2,0,1
95_5928,41,20251013,15,10,1,1,2,0,1
96_6922,41,20251013,15,10,1,1,2,0,1
96_6923,41,20251013,15,10,1,1,2,0,1
97_1933,41,20251013,15,10,1,1,2,0,1
97_1937,41,20251013,15,10,1,1,2,0,1
97_1939,41,20251013,15,10,1,1,2,0,1
97_1943,41,20251013,15,10,1,1,2,0,1
98_2935,41,20251013,15,10,1,1,2,0,1
98_2937,41,20251013,15,10,1,1,2,0,1
98_2944,41,20251013,15,10,1,1,2,0,1
99_3935,41,20251013,15,10,1,1,2,0,1
99_3943,41,20251013,15,10,1,1,2,0,1
99_3947,41,20251013,15,10,1,1,2,0,1
1_1776,41,20251013,37,52,3,2,2,0,1
1_1781,41,20251013,15,10,1,1,2,0,1
1_1783,41,20251013,15,10,1,1,2,0,1
1_1786,41,20251013,37,52,3,2,2,0,1
1_1788,41,20251013,37,52,3,2,2,0,1
1_1903,41,20251013,37,52,3,2,2,0,1
1_1906,41,20251013,37,52,3,2,2,0,1
11_1962,41,20251013,15,10,1,1,2,0,1
12_2965,41,20251013,15,10,1,1,2,0,1
12_2972,41,20251013,15,10,1,1,2,0,1
12_2974,41,20251013,15,10,1,1,2,0,1
13_3964,41,20251013,15,10,1,1,2,0,1
13_3971,41,20251013,15,10,1,1,2,0,1
14_14010,41,20251013,15,10,1,1,2,0,1
14_14011,41,20251013,15,10,1,1,2,0,1
14_14015,41,20251013,15,10,1,1,2,0,1
14_14024,41,20251013,15,10,1,1,2,0,1
14_14026,41,20251013,15,10,1,1,2,0,1
14_14033,41,20251013,15,10,1,1,2,0,1
14_14034,41,20251013,15,10,1,1,2,0,1
14_14036,41,20251013,15,10,1,1,2,0,1
14_14043,41,20251013,15,10,1,1,2,0,1
14_14045,41,20251013,15,10,1,1,2,0,1
14_14055,41,20251013,15,10,1,1,2,0,1
14_14057,41,20251013,15,10,1,1,2,0,1
14_14058,41,20251013,15,10,1,1,2,0,1
14_14066,41,20251013,15,10,1,1,2,0,1
14_14201,41,20251013,15,10,1,1,2,0,1
14_14214,41,20251013,15,10,1,1,2,0,1
14_14216,41,20251013,15,10,1,1,2,0,1
14_14220,41,20251013,15,10,1,1,2,0,1
14_14227,41,20251013,15,10,1,1,2,0,1
14_14237,41,20251013,15,10,1,1,2,0,1
14_14240,41,20251013,15,10,1,1,2,0,1
14_14305,41,20251013,15,10,1,1,2,0,1
14_14307,41,20251013,15,10,1,1,2,0,1
14_14311,41,20251013,15,10,1,1,2,0,1
14_14315,41,20251013,15,10,1,1,2,0,1
14_14317,41,20251013,15,10,1,1,2,0,1
14_14320,41,20251013,15,10,1,1,2,0,1
14_14321,41,20251013,15,10,1,1,2,0,1
14_14327,41,20251013,15,10,1,1,2,0,1
14_14332,41,20251013,15,10,1,1,2,0,1
14_14338,41,20251013,15,10,1,1,2,0,1
14_14341,41,20251013,15,10,1,1,2,0,1
14_14342,41,20251013,15,10,1,1,2,0,1
14_14401,41,20251013,15,10,1,1,2,0,1
14_14403,41,20251013,15,10,1,1,2,0,1
14_14416,41,20251013,15,10,1,1,2,0,1
14_14418,41,20251013,15,10,1,1,2,0,1
14_14421,41,20251013,15,10,1,1,2,0,1
14_14423,41,20251013,15,10,1,1,2,0,1
14_14426,41,20251013,15,10,1,1,2,0,1
14_14430,41,20251013,15,10,1,1,2,0,1
14_14433,41,20251013,15,10,1,1,2,0,1
14_14439,41,20251013,15,10,1,1,2,0,1
14_14445,41,20251013,15,10,1,1,2,0,1
14_14446,41,20251013,15,10,1,1,2,0,1
14_14452,41,20251013,15,10,1,1,2,0,1
14_14454,41,20251013,15,10,1,1,2,0,1
14_14459,41,20251013,15,10,1,1,2,0,1
14_14463,41,20251013,15,10,1,1,2,0,1
14_14465,41,20251013,15,10,1,1,2,0,1
14_14493,41,20251013,15,10,1,1,2,0,1
14_14605,41,20251013,15,10,1,1,2,0,1
14_14607,41,20251013,15,10,1,1,2,0,1
14_14610,41,20251013,15,10,1,1,2,0,1
14_14613,41,20251013,15,10,1,1,2,0,1
14_14615,41,20251013,15,10,1,1,2,0,1
14_14623,41,20251013,15,10,1,1,2,0,1
14_14625,41,20251013,15,10,1,1,2,0,1
14_14630,41,20251013,15,10,1,1,2,0,1
14_14635,41,20251013,15,10,1,1,2,0,1
14_14637,41,20251013,15,10,1,1,2,0,1
14_14639,41,20251013,15,10,1,1,2,0,1
14_14640,41,20251013,15,10,1,1,2,0,1
14_14649,41,20251013,15,10,1,1,2,0,1
14_14654,41,20251013,15,10,1,1,2,0,1
14_14705,41,20251013,15,10,1,1,2,0,1
14_14706,41,20251013,15,10,1,1,2,0,1
14_14710,41,20251013,15,10,1,1,2,0,1
14_14713,41,20251013,15,10,1,1,2,0,1
14_14715,41,20251013,15,10,1,1,2,0,1
14_14720,41,20251013,15,10,1,1,2,0,1
14_14723,41,20251013,15,10,1,1,2,0,1
14_14725,41,20251013,15,10,1,1,2,0,1
14_14732,41,20251013,15,10,1,1,2,0,1
14_14739,41,20251013,15,10,1,1,2,0,1
14_14744,41,20251013,15,10,1,1,2,0,1
14_14746,41,20251013,15,10,1,1,2,0,1
14_14750,41,20251013,15,10,1,1,2,0,1
14_14752,41,20251013,15,10,1,1,2,0,1
14_14754,41,20251013,15,10,1,1,2,0,1
14_14759,41,20251013,15,10,1,1,2,0,1
14_14762,41,20251013,15,10,1,1,2,0,1
14_14764,41,20251013,15,10,1,1,2,0,1
14_14769,41,20251013,15,10,1,1,2,0,1
14_14776,41,20251013,15,10,1,1,2,0,1
14_14778,41,20251013,15,10,1,1,2,0,1
14_14780,41,20251013,15,10,1,1,2,0,1
14_14786,41,20251013,15,10,1,1,2,0,1
14_14789,41,20251013,15,10,1,1,2,0,1
14_14790,41,20251013,15,10,1,1,2,0,1
14_14792,41,20251013,15,10,1,1,2,0,1
14_14903,41,20251013,15,10,1,1,2,0,1
14_14905,41,20251013,15,10,1,1,2,0,1
14_14911,41,20251013,15,10,1,1,2,0,1
14_14935,41,20251013,15,10,1,1,2,0,1
14_14936,41,20251013,15,10,1,1,2,0,1
14_14942,41,20251013,15,10,1,1,2,0,1
15_15003,41,20251013,15,10,1,1,2,0,1
15_15005,41,20251013,15,10,1,1,2,0,1
15_15008,41,20251013,15,10,1,1,2,0,1
15_15014,41,20251013,15,10,1,1,2,0,1
15_15016,41,20251013,15,10,1,1,2,0,1
15_15019,41,20251013,15,10,1,1,2,0,1
15_15020,41,20251013,15,10,1,1,2,0,1
15_15026,41,20251013,15,10,1,1,2,0,1
15_15029,41,20251013,15,10,1,1,2,0,1
15_15035,41,20251013,15,10,1,1,2,0,1
15_15037,41,20251013,15,10,1,1,2,0,1
15_15045,41,20251013,15,10,1,1,2,0,1
15_15047,41,20251013,15,10,1,1,2,0,1
15_15202,41,20251013,15,10,1,1,2,0,1
15_15209,41,20251013,15,10,1,1,2,0,1
15_15210,41,20251013,15,10,1,1,2,0,1
15_15217,41,20251013,15,10,1,1,2,0,1
15_15219,41,20251013,15,10,1,1,2,0,1
15_15231,41,20251013,15,10,1,1,2,0,1
15_15301,41,20251013,15,10,1,1,2,0,1
15_15304,41,20251013,15,10,1,1,2,0,1
15_15311,41,20251013,15,10,1,1,2,0,1
15_15314,41,20251013,15,10,1,1,2,0,1
15_15316,41,20251013,15,10,1,1,2,0,1
15_15320,41,20251013,15,10,1,1,2,0,1
15_15403,41,20251013,15,10,1,1,2,0,1
15_15405,41,20251013,15,10,1,1,2,0,1
15_15412,41,20251013,15,10,1,1,2,0,1
15_15414,41,20251013,15,10,1,1,2,0,1
15_15604,41,20251013,15,10,1,1,2,0,1
15_15613,41,20251013,15,10,1,1,2,0,1
15_15614,41,20251013,15,10,1,1,2,0,1
15_15622,41,20251013,15,10,1,1,2,0,1
15_15623,41,20251013,15,10,1,1,2,0,1
15_15625,41,20251013,15,10,1,1,2,0,1
15_15706,41,20251013,15,10,1,1,2,0,1
15_15709,41,20251013,15,10,1,1,2,0,1
15_15714,41,20251013,15,10,1,1,2,0,1
15_15716,41,20251013,15,10,1,1,2,0,1
15_15726,41,20251013,15,10,1,1,2,0,1
15_15728,41,20251013,15,10,1,1,2,0,1
15_15731,41,20251013,15,10,1,1,2,0,1
15_15733,41,20251013,15,10,1,1,2,0,1
15_15746,41,20251013,15,10,1,1,2,0,1
15_15748,41,20251013,15,10,1,1,2,0,1
15_15902,41,20251013,15,10,1,1,2,0,1
15_15904,41,20251013,15,10,1,1,2,0,1
2_2004,41,20251013,37,52,3,2,2,0,1
2_2006,41,20251013,15,10,1,1,2,0,1
2_2014,41,20251013,37,52,3,2,2,0,1
2_2016,41,20251013,37,52,3,2,2,0,1
2_2019,41,20251013,15,10,1,1,2,0,1
2_2026,41,20251013,37,52,3,2,2,0,1
2_2028,41,20251013,37,52,3,2,2,0,1
2_2031,41,20251013,37,52,3,2,2,0,1
2_2032,41,20251013,15,10,1,1,2,0,1
2_2036,41,20251013,37,52,3,2,2,0,1
2_2038,41,20251013,37,52,3,2,2,0,1
2_2044,41,20251013,37,52,3,2,2,0,1
2_2046,41,20251013,37,52,3,2,2,0,1
2_2201,41,20251013,37,52,3,2,2,0,1
2_2203,41,20251013,37,52,3,2,2,0,1
2_2211,41,20251013,37,52,3,2,2,0,1
2_2213,41,20251013,37,52,3,2,2,0,1
2_2216,41,20251013,15,10,1,1,2,0,1
2_2306,41,20251013,37,52,3,2,2,0,1
2_2314,41,20251013,37,52,3,2,2,0,1
2_2316,41,20251013,37,52,3,2,2,0,1
2_2401,41,20251013,37,52,3,2,2,0,1
2_2408,41,20251013,37,52,3,2,2,0,1
2_2415,41,20251013,37,52,3,2,2,0,1
2_2418,41,20251013,37,52,3,2,2,0,1
2_2420,41,20251013,37,52,3,2,2,0,1
2_2422,41,20251013,37,52,3,2,2,0,1
2_2440,41,20251013,37,52,3,2,2,0,1
2_2606,41,20251013,15,10,1,1,2,0,1
2_2607,41,20251013,37,52,3,2,2,0,1
2_2610,41,20251013,37,52,3,2,2,0,1
2_2615,41,20251013,37,52,3,2,2,0,1
2_2617,41,20251013,37,52,3,2,2,0,1
2_2623,41,20251013,37,52,3,2,2,0,1
2_2625,41,20251013,37,52,3,2,2,0,1
2_2629,41,20251013,29,55,2,2,2,0,1
2_2704,41,20251013,37,52,3,2,2,0,1
2_2706,41,20251013,37,52,3,2,2,0,1
2_2711,41,20251013,15,10,1,1,2,0,1
2_2716,41,20251013,37,52,3,2,2,0,1
2_2720,41,20251013,15,10,1,1,2,0,1
2_2723,41,20251013,37,52,3,2,2,0,1
2_2725,41,20251013,37,52,3,2,2,0,1
2_2727,41,20251013,15,10,1,1,2,0,1
2_2730,41,20251013,37,52,3,2,2,0,1
2_2739,41,20251013,37,52,3,2,2,0,1
2_2743,41,20251013,15,10,1,1,2,0,1
2_2745,41,20251013,15,10,1,1,2,0,1
2_2747,41,20251013,37,52,3,2,2,0,1
22_2976,41,20251013,15,10,1,1,2,0,1
22_2980,41,20251013,15,10,1,1,2,0,1
22_2982,41,20251013,15,10,1,1,2,0,1
23_3975,41,20251013,15,10,1,1,2,0,1
23_3977,41,20251013,15,10,1,1,2,0,1
28_9910,41,20251013,15,10,1,1,2,0,1
28_9912,41,20251013,15,10,1,1,2,0,1
28_9917,41,20251013,15,10,1,1,2,0,1
28_9919,41,20251013,15,10,1,1,2,0,1
29_3913,41,20251013,15,10,1,1,2,0,1
29_3915,41,20251013,15,10,1,1,2,0,1
3_3003,41,20251013,37,52,3,2,2,0,1
3_3005,41,20251013,37,52,3,2,2,0,1
3_3014,41,20251013,37,52,3,2,2,0,1
3_3016,41,20251013,37,52,3,2,2,0,1
3_3020,41,20251013,37,52,3,2,2,0,1
3_3029,41,20251013,37,52,3,2,2,0,1
3_3031,41,20251013,15,10,1,1,2,0,1
3_3032,41,20251013,37,52,3,2,2,0,1
3_3035,41,20251013,37,52,3,2,2,0,1
3_3037,41,20251013,37,52,3,2,2,0,1
3_3042,41,20251013,37,52,3,2,2,0,1
3_3045,41,20251013,37,52,3,2,2,0,1
3_3202,41,20251013,37,52,3,2,2,0,1
3_3207,41,20251013,37,52,3,2,2,0,1
3_3209,41,20251013,37,52,3,2,2,0,1
3_3217,41,20251013,37,52,3,2,2,0,1
3_3219,41,20251013,37,52,3,2,2,0,1
3_3304,41,20251013,37,52,3,2,2,0,1
3_3306,41,20251013,15,10,1,1,2,0,1
3_3309,41,20251013,15,10,1,1,2,0,1
3_3310,41,20251013,37,52,3,2,2,0,1
3_3316,41,20251013,37,52,3,2,2,0,1
3_3401,41,20251013,37,52,3,2,2,0,1
3_3403,41,20251013,37,52,3,2,2,0,1
3_3408,41,20251013,37,52,3,2,2,0,1
3_3413,41,20251013,37,52,3,2,2,0,1
3_3414,41,20251013,37,52,3,2,2,0,1
3_3419,41,20251013,29,55,2,2,2,0,1
3_3601,41,20251013,37,52,3,2,2,0,1
3_3603,41,20251013,15,10,1,1,2,0,1
3_3608,41,20251013,37,52,3,2,2,0,1
3_3609,41,20251013,29,55,2,2,2,0,1
3_3616,41,20251013,37,52,3,2,2,0,1
3_3620,41,20251013,37,52,3,2,2,0,1
3_3625,41,20251013,37,52,3,2,2,0,1
3_3644,41,20251013,37,52,3,2,2,0,1
3_3701,41,20251013,37,52,3,2,2,0,1
3_3703,41,20251013,37,52,3,2,2,0,1
3_3710,41,20251013,15,10,1,1,2,0,1
3_3712,41,20251013,15,10,1,1,2,0,1
3_3717,41,20251013,37,52,3,2,2,0,1
3_3719,41,20251013,37,52,3,2,2,0,1
3_3724,41,20251013,15,10,1,1,2,0,1
3_3726,41,20251013,15,10,1,1,2,0,1
3_3727,41,20251013,37,52,3,2,2,0,1
3_3729,41,20251013,37,52,3,2,2,0,1
3_3731,41,20251013,15,10,1,1,2,0,1
3_3736,41,20251013,37,52,3,2,2,0,1
3_3740,41,20251013,37,52,3,2,2,0,1
3_3744,41,20251013,37,52,3,2,2,0,1
3_3747,41,20251013,15,10,1,1,2,0,1
3_3749,41,20251013,37,52,3,2,2,0,1
3_3901,41,20251013,37,52,3,2,2,0,1
3_3902,41,20251013,37,52,3,2,2,0,1
36_36005,41,20251013,15,10,1,1,2,0,1
36_36007,41,20251013,15,10,1,1,2,0,1
36_36013,41,20251013,15,10,1,1,2,0,1
36_36015,41,20251013,15,10,1,1,2,0,1
36_36020,41,20251013,15,10,1,1,2,0,1
36_36025,41,20251013,15,10,1,1,2,0,1
36_36027,41,20251013,15,10,1,1,2,0,1
36_36032,41,20251013,15,10,1,1,2,0,1
36_36034,41,20251013,15,10,1,1,2,0,1
36_36038,41,20251013,15,10,1,1,2,0,1
36_36039,41,20251013,15,10,1,1,2,0,1
36_36040,41,20251013,15,10,1,1,2,0,1
36_36042,41,20251013,15,10,1,1,2,0,1
36_36209,41,20251013,15,10,1,1,2,0,1
36_36210,41,20251013,15,10,1,1,2,0,1
36_36216,41,20251013,15,10,1,1,2,0,1
36_36227,41,20251013,15,10,1,1,2,0,1
36_36307,41,20251013,15,10,1,1,2,0,1
36_36309,41,20251013,15,10,1,1,2,0,1
36_36310,41,20251013,15,10,1,1,2,0,1
36_36313,41,20251013,15,10,1,1,2,0,1
36_36401,41,20251013,15,10,1,1,2,0,1
36_36406,41,20251013,15,10,1,1,2,0,1
36_36408,41,20251013,15,10,1,1,2,0,1
36_36414,41,20251013,15,10,1,1,2,0,1
36_36420,41,20251013,15,10,1,1,2,0,1
36_36433,41,20251013,15,10,1,1,2,0,1
36_36602,41,20251013,15,10,1,1,2,0,1
36_36609,41,20251013,15,10,1,1,2,0,1
36_36613,41,20251013,15,10,1,1,2,0,1
36_36618,41,20251013,15,10,1,1,2,0,1
36_36623,41,20251013,15,10,1,1,2,0,1
36_36625,41,20251013,15,10,1,1,2,0,1
36_36628,41,20251013,15,10,1,1,2,0,1
36_36702,41,20251013,15,10,1,1,2,0,1
36_36705,41,20251013,15,10,1,1,2,0,1
36_36711,41,20251013,15,10,1,1,2,0,1
36_36713,41,20251013,15,10,1,1,2,0,1
36_36720,41,20251013,15,10,1,1,2,0,1
36_36726,41,20251013,15,10,1,1,2,0,1
36_36727,41,20251013,15,10,1,1,2,0,1
36_36730,41,20251013,15,10,1,1,2,0,1
36_36736,41,20251013,15,10,1,1,2,0,1
36_36740,41,20251013,15,10,1,1,2,0,1
36_36742,41,20251013,15,10,1,1,2,0,1
36_36744,41,20251013,15,10,1,1,2,0,1
36_36749,41,20251013,15,10,1,1,2,0,1
36_36750,41,20251013,15,10,1,1,2,0,1
36_36901,41,20251013,15,10,1,1,2,0,1
36_36906,41,20251013,15,10,1,1,2,0,1
36_v_1,41,20251013,15,10,1,1,2,0,1
4_4002,41,20251013,37,52,3,2,2,0,1
4_4009,41,20251013,37,52,3,2,2,0,1
4_4016,41,20251013,37,52,3,2,2,0,1
4_4018,41,20251013,37,52,3,2,2,0,1
4_4020,41,20251013,37,52,3,2,2,0,1
4_4029,41,20251013,15,10,1,1,2,0,1
4_4030,41,20251013,37,52,3,2,2,0,1
4_4033,41,20251013,15,10,1,1,2,0,1
4_4037,41,20251013,37,52,3,2,2,0,1
4_4039,41,20251013,37,52,3,2,2,0,1
4_4044,41,20251013,37,52,3,2,2,0,1
4_4047,41,20251013,37,52,3,2,2,0,1
4_4049,41,20251013,15,10,1,1,2,0,1
4_4054,41,20251013,15,10,1,1,2,0,1
4_4056,41,20251013,37,52,3,2,2,0,1
4_4058,41,20251013,37,52,3,2,2,0,1
4_4065,41,20251013,15,10,1,1,2,0,1
4_4067,41,20251013,37,52,3,2,2,0,1
4_4076,41,20251013,15,10,1,1,2,0,1
4_4082,41,20251013,37,52,3,2,2,0,1
4_4084,41,20251013,37,52,3,2,2,0,1
4_4089,41,20251013,37,52,3,2,2,0,1
4_4091,41,20251013,37,52,3,2,2,0,1
4_4207,41,20251013,37,52,3,2,2,0,1
4_4210,41,20251013,37,52,3,2,2,0,1
4_4212,41,20251013,15,10,1,1,2,0,1
4_4215,41,20251013,37,52,3,2,2,0,1
4_4223,41,20251013,37,52,3,2,2,0,1
4_4229,41,20251013,37,52,3,2,2,0,1
4_4230,41,20251013,37,52,3,2,2,0,1
4_4236,41,20251013,37,52,3,2,2,0,1
4_4309,41,20251013,37,52,3,2,2,0,1
4_4313,41,20251013,37,52,3,2,2,0,1
4_4319,41,20251013,37,52,3,2,2,0,1
4_4323,41,20251013,15,10,1,1,2,0,1
4_4328,41,20251013,37,52,3,2,2,0,1
4_4332,41,20251013,15,10,1,1,2,0,1
4_4334,41,20251013,37,52,3,2,2,0,1
4_4340,41,20251013,37,52,3,2,2,0,1
4_4404,41,20251013,37,52,3,2,2,0,1
4_4407,41,20251013,37,52,3,2,2,0,1
4_4411,41,20251013,37,52,3,2,2,0,1
4_4414,41,20251013,15,10,1,1,2,0,1
4_4421,41,20251013,37,52,3,2,2,0,1
4_4428,41,20251013,37,52,3,2,2,0,1
4_4430,41,20251013,37,52,3,2,2,0,1
4_4437,41,20251013,15,10,1,1,2,0,1
4_4441,41,20251013,37,52,3,2,2,0,1
4_4443,41,20251013,15,10,1,1,2,0,1
4_4451,41,20251013,37,52,3,2,2,0,1
4_4453,41,20251013,15,10,1,1,2,0,1
4_4462,41,20251013,37,52,3,2,2,0,1
4_4468,41,20251013,37,52,3,2,2,0,1
4_4469,41,20251013,15,10,1,1,2,0,1
4_4601,41,20251013,37,52,3,2,2,0,1
4_4606,41,20251013,37,52,3,2,2,0,1
4_4610,41,20251013,37,52,3,2,2,0,1
4_4612,41,20251013,37,52,3,2,2,0,1
4_4622,41,20251013,37,52,3,2,2,0,1
4_4626,41,20251013,37,52,3,2,2,0,1
4_4628,41,20251013,15,10,1,1,2,0,1
4_4635,41,20251013,37,52,3,2,2,0,1
4_4645,41,20251013,37,52,3,2,2,0,1
4_4649,41,20251013,15,10,1,1,2,0,1
4_4652,41,20251013,37,52,3,2,2,0,1
4_4701,41,20251013,15,10,1,1,2,0,1
4_4704,41,20251013,37,52,3,2,2,0,1
4_4706,41,20251013,37,52,3,2,2,0,1
4_4711,41,20251013,37,52,3,2,2,0,1
4_4713,41,20251013,37,52,3,2,2,0,1
4_4714,41,20251013,37,52,3,2,2,0,1
4_4720,41,20251013,37,52,3,2,2,0,1
4_4722,41,20251013,37,52,3,2,2,0,1
4_4725,41,20251013,37,52,3,2,2,0,1
4_4731,41,20251013,29,55,2,2,2,0,1
4_4737,41,20251013,37,52,3,2,2,0,1
4_4739,41,20251013,37,52,3,2,2,0,1
4_4741,41,20251013,15,10,1,1,2,0,1
4_4743,41,20251013,15,10,1,1,2,0,1
4_4745,41,20251013,37,52,3,2,2,0,1
4_4752,41,20251013,37,52,3,2,2,0,1
4_4757,41,20251013,37,52,3,2,2,0,1
4_4759,41,20251013,37,52,3,2,2,0,1
4_4760,41,20251013,37,52,3,2,2,0,1
4_4762,41,20251013,15,10,1,1,2,0,1
4_4767,41,20251013,15,10,1,1,2,0,1
4_4775,41,20251013,37,52,3,2,2,0,1
4_4779,41,20251013,15,10,1,1,2,0,1
4_4782,41,20251013,37,52,3,2,2,0,1
4_4789,41,20251013,15,10,1,1,2,0,1
4_4904,41,20251013,37,52,3,2,2,0,1
4_4906,41,20251013,37,52,3,2,2,0,1
4_4909,41,20251013,37,52,3,2,2,0,1
4_4911,41,20251013,37,52,3,2,2,0,1
5_5002,41,20251013,37,52,3,2,2,0,1
5_5003,41,20251013,37,52,3,2,2,0,1
5_5005,41,20251013,37,52,3,2,2,0,1
5_5014,41,20251013,37,52,3,2,2,0,1
5_5016,41,20251013,37,52,3,2,2,0,1
5_5026,41,20251013,37,52,3,2,2,0,1
5_5028,41,20251013,37,52,3,2,2,0,1
5_5031,41,20251013,37,52,3,2,2,0,1
5_5036,41,20251013,37,52,3,2,2,0,1
5_5038,41,20251013,37,52,3,2,2,0,1
5_5043,41,20251013,15,10,1,1,2,0,1
5_5045,41,20251013,37,52,3,2,2,0,1
5_5201,41,20251013,37,52,3,2,2,0,1
5_5203,41,20251013,37,52,3,2,2,0,1
5_5210,41,20251013,37,52,3,2,2,0,1
5_5211,41,20251013,37,52,3,2,2,0,1
5_5217,41,20251013,37,52,3,2,2,0,1
5_5302,41,20251013,29,55,2,2,2,0,1
5_5307,41,20251013,37,52,3,2,2,0,1
5_5314,41,20251013,37,52,3,2,2,0,1
5_5408,41,20251013,37,52,3,2,2,0,1
5_5410,41,20251013,37,52,3,2,2,0,1
5_5412,41,20251013,37,52,3,2,2,0,1
5_5415,41,20251013,37,52,3,2,2,0,1
5_5417,41,20251013,37,52,3,2,2,0,1
5_5602,41,20251013,37,52,3,2,2,0,1
5_5604,41,20251013,37,52,3,2,2,0,1
5_5610,41,20251013,37,52,3,2,2,0,1
5_5617,41,20251013,37,52,3,2,2,0,1
5_5619,41,20251013,37,52,3,2,2,0,1
5_5620,41,20251013,37,52,3,2,2,0,1
5_5622,41,20251013,37,52,3,2,2,0,1
5_5627,41,20251013,37,52,3,2,2,0,1
5_5628,41,20251013,29,55,2,2,2,0,1
5_5633,41,20251013,37,52,3,2,2,0,1
5_5705,41,20251013,37,52,3,2,2,0,1
5_5707,41,20251013,37,52,3,2,2,0,1
5_5708,41,20251013,15,10,1,1,2,0,1
5_5711,41,20251013,15,10,1,1,2,0,1
5_5716,41,20251013,37,52,3,2,2,0,1
5_5718,41,20251013,15,10,1,1,2,0,1
5_5724,41,20251013,37,52,3,2,2,0,1
5_5726,41,20251013,37,52,3,2,2,0,1
5_5738,41,20251013,15,10,1,1,2,0,1
5_5740,41,20251013,15,10,1,1,2,0,1
5_5746,41,20251013,15,10,1,1,2,0,1
5_5747,41,20251013,37,52,3,2,2,0,1
5_5903,41,20251013,37,52,3,2,2,0,1
6_6006,41,20251013,37,52,3,2,2,0,1
6_6008,41,20251013,37,52,3,2,2,0,1
6_6011,41,20251013,37,52,3,2,2,0,1
6_6012,41,20251013,37,52,3,2,2,0,1
6_6018,41,20251013,37,52,3,2,2,0,1
6_6021,41,20251013,37,52,3,2,2,0,1
6_6026,41,20251013,37,52,3,2,2,0,1
6_6028,41,20251013,37,52,3,2,2,0,1
6_6031,41,20251013,15,10,1,1,2,0,1
6_6033,41,20251013,15,10,1,1,2,0,1
6_6035,41,20251013,37,52,3,2,2,0,1
6_6037,41,20251013,37,52,3,2,2,0,1
6_6045,41,20251013,37,52,3,2,2,0,1
6_6203,41,20251013,37,52,3,2,2,0,1
6_6205,41,20251013,37,52,3,2,2,0,1
6_6213,41,20251013,37,52,3,2,2,0,1
6_6215,41,20251013,37,52,3,2,2,0,1
6_6301,41,20251013,37,52,3,2,2,0,1
6_6303,41,20251013,37,52,3,2,2,0,1
6_6308,41,20251013,37,52,3,2,2,0,1
6_6310,41,20251013,37,52,3,2,2,0,1
6_6315,41,20251013,15,10,1,1,2,0,1
6_6404,41,20251013,37,52,3,2,2,0,1
6_6406,41,20251013,37,52,3,2,2,0,1
6_6435,41,20251013,37,52,3,2,2,0,1
6_6602,41,20251013,37,52,3,2,2,0,1
6_6607,41,20251013,15,10,1,1,2,0,1
6_6610,41,20251013,37,52,3,2,2,0,1
6_6617,41,20251013,37,52,3,2,2,0,1
6_6619,41,20251013,37,52,3,2,2,0,1
6_6625,41,20251013,37,52,3,2,2,0,1
6_6627,41,20251013,37,52,3,2,2,0,1
6_6630,41,20251013,37,52,3,2,2,0,1
6_6704,41,20251013,37,52,3,2,2,0,1
6_6706,41,20251013,37,52,3,2,2,0,1
6_6711,41,20251013,37,52,3,2,2,0,1
6_6724,41,20251013,15,10,1,1,2,0,1
6_6727,41,20251013,37,52,3,2,2,0,1
6_6729,41,20251013,37,52,3,2,2,0,1
6_6739,41,20251013,37,52,3,2,2,0,1
6_6740,41,20251013,37,52,3,2,2,0,1
6_6747,41,20251013,15,10,1,1,2,0,1
6_6749,41,20251013,37,52,3,2,2,0,1
7_7001,41,20251013,37,52,3,2,2,0,1
7_7014,41,20251013,37,52,3,2,2,0,1
7_7016,41,20251013,37,52,3,2,2,0,1
7_7022,41,20251013,37,52,3,2,2,0,1
7_7023,41,20251013,37,52,3,2,2,0,1
7_7029,41,20251013,15,10,1,1,2,0,1
7_7033,41,20251013,15,10,1,1,2,0,1
7_7035,41,20251013,37,52,3,2,2,0,1
7_7038,41,20251013,37,52,3,2,2,0,1
7_7043,41,20251013,37,52,3,2,2,0,1
7_7045,41,20251013,37,52,3,2,2,0,1
7_7052,41,20251013,37,52,3,2,2,0,1
7_7054,41,20251013,15,10,1,1,2,0,1
7_7061,41,20251013,37,52,3,2,2,0,1
7_7064,41,20251013,15,10,1,1,2,0,1
7_7066,41,20251013,37,52,3,2,2,0,1
7_7068,41,20251013,37,52,3,2,2,0,1
7_7071,41,20251013,15,10,1,1,2,0,1
7_7073,41,20251013,37,52,3,2,2,0,1
7_7075,41,20251013,37,52,3,2,2,0,1
7_7076,41,20251013,15,10,1,1,2,0,1
7_7078,41,20251013,37,52,3,2,2,0,1
7_7081,41,20251013,15,10,1,1,2,0,1
7_7205,41,20251013,37,52,3,2,2,0,1
7_7210,41,20251013,37,52,3,2,2,0,1
7_7217,41,20251013,37,52,3,2,2,0,1
7_7219,41,20251013,37,52,3,2,2,0,1
7_7220,41,20251013,37,52,3,2,2,0,1
7_7222,41,20251013,37,52,3,2,2,0,1
7_7224,41,20251013,15,10,1,1,2,0,1
7_7225,41,20251013,37,52,3,2,2,0,1
7_7227,41,20251013,15,10,1,1,2,0,1
7_7234,41,20251013,37,52,3,2,2,0,1
7_7236,41,20251013,37,52,3,2,2,0,1
7_7304,41,20251013,37,52,3,2,2,0,1
7_7314,41,20251013,15,10,1,1,2,0,1
7_7316,41,20251013,37,52,3,2,2,0,1
7_7317,41,20251013,37,52,3,2,2,0,1
7_7323,41,20251013,15,10,1,1,2,0,1
7_7328,41,20251013,37,52,3,2,2,0,1
7_7338,41,20251013,37,52,3,2,2,0,1
7_7340,41,20251013,37,52,3,2,2,0,1
7_7405,41,20251013,37,52,3,2,2,0,1
7_7410,41,20251013,37,52,3,2,2,0,1
7_7415,41,20251013,37,52,3,2,2,0,1
7_7420,41,20251013,37,52,3,2,2,0,1
7_7427,41,20251013,37,52,3,2,2,0,1
7_7429,41,20251013,37,52,3,2,2,0,1
7_7431,41,20251013,37,52,3,2,2,0,1
7_7433,41,20251013,15,10,1,1,2,0,1
7_7444,41,20251013,37,52,3,2,2,0,1
7_7446,41,20251013,37,52,3,2,2,0,1
7_7454,41,20251013,37,52,3,2,2,0,1
7_7455,41,20251013,37,52,3,2,2,0,1
7_7460,41,20251013,37,52,3,2,2,0,1
7_7465,41,20251013,37,52,3,2,2,0,1
7_7467,41,20251013,37,52,3,2,2,0,1
7_7607,41,20251013,37,52,3,2,2,0,1
7_7609,41,20251013,37,52,3,2,2,0,1
7_7611,41,20251013,37,52,3,2,2,0,1
7_7613,41,20251013,37,52,3,2,2,0,1
7_7618,41,20251013,37,52,3,2,2,0,1
7_7621,41,20251013,15,10,1,1,2,0,1
7_7627,41,20251013,37,52,3,2,2,0,1
7_7628,41,20251013,15,10,1,1,2,0,1
7_7631,41,20251013,37,52,3,2,2,0,1
7_7633,41,20251013,37,52,3,2,2,0,1
7_7641,41,20251013,37,52,3,2,2,0,1
7_7643,41,20251013,37,52,3,2,2,0,1
7_7650,41,20251013,37,52,3,2,2,0,1
7_7655,41,20251013,37,52,3,2,2,0,1
7_7657,41,20251013,37,52,3,2,2,0,1
7_7702,41,20251013,37,52,3,2,2,0,1
7_7710,41,20251013,15,10,1,1,2,0,1
7_7715,41,20251013,37,52,3,2,2,0,1
7_7717,41,20251013,15,10,1,1,2,0,1
7_7726,41,20251013,37,52,3,2,2,0,1
7_7730,41,20251013,37,52,3,2,2,0,1
7_7735,41,20251013,37,52,3,2,2,0,1
7_7740,41,20251013,37,52,3,2,2,0,1
7_7744,41,20251013,15,10,1,1,2,0,1
7_7745,41,20251013,15,10,1,1,2,0,1
7_7747,41,20251013,37,52,3,2,2,0,1
7_7764,41,20251013,37,52,3,2,2,0,1
7_7766,41,20251013,37,52,3,2,2,0,1
7_7768,41,20251013,15,10,1,1,2,0,1
7_7773,41,20251013,15,10,1,1,2,0,1
7_7775,41,20251013,37,52,3,2,2,0,1
7_7777,41,20251013,37,52,3,2,2,0,1
7_7781,41,20251013,37,52,3,2,2,0,1
7_7784,41,20251013,37,52,3,2,2,0,1
7_7902,41,20251013,37,52,3,2,2,0,1
7_7904,41,20251013,37,52,3,2,2,0,1
7_7909,41,20251013,37,52,3,2,2,0,1
7_7912,41,20251013,37,52,3,2,2,0,1
77_7938,41,20251013,15,10,1,1,2,0,1
77_7940,41,20251013,15,10,1,1,2,0,1
77_7942,41,20251013,15,10,1,1,2,0,1
78_8933,41,20251013,15,10,1,1,2,0,1
78_8935,41,20251013,15,10,1,1,2,0,1
78_8942,41,20251013,15,10,1,1,2,0,1
78_8944,41,20251013,15,10,1,1,2,0,1
79_9934,41,20251013,15,10,1,1,2,0,1
79_9936,41,20251013,15,10,1,1,2,0,1
79_9940,41,20251013,15,10,1,1,2,0,1
79_9943,41,20251013,15,10,1,1,2,0,1
79_9945,41,20251013,15,10,1,1,2,0,1
8_8001,41,20251013,37,52,3,2,2,0,1
8_8008,41,20251013,37,52,3,2,2,0,1
8_8014,41,20251013,37,52,3,2,2,0,1
8_8017,41,20251013,15,10,1,1,2,0,1
8_8020,41,20251013,37,52,3,2,2,0,1
8_8025,41,20251013,37,52,3,2,2,0,1
8_8027,41,20251013,37,52,3,2,2,0,1
8_8030,41,20251013,37,52,3,2,2,0,1
8_8035,41,20251013,15,10,1,1,2,0,1
8_8037,41,20251013,37,52,3,2,2,0,1
8_8040,41,20251013,15,10,1,1,2,0,1
8_8042,41,20251013,15,10,1,1,2,0,1
8_8045,41,20251013,37,52,3,2,2,0,1
8_8047,41,20251013,15,10,1,1,2,0,1
8_8205,41,20251013,37,52,3,2,2,0,1
8_8207,41,20251013,37,52,3,2,2,0,1
8_8211,41,20251013,37,52,3,2,2,0,1
8_8218,41,20251013,15,10,1,1,2,0,1
8_8304,41,20251013,37,52,3,2,2,0,1
8_8308,41,20251013,37,52,3,2,2,0,1
8_8309,41,20251013,37,52,3,2,2,0,1
8_8311,41,20251013,15,10,1,1,2,0,1
8_8313,41,20251013,37,52,3,2,2,0,1
8_8316,41,20251013,37,52,3,2,2,0,1
8_8408,41,20251013,37,52,3,2,2,0,1
8_8411,41,20251013,37,52,3,2,2,0,1
8_8416,41,20251013,15,10,1,1,2,0,1
8_8418,41,20251013,37,52,3,2,2,0,1
8_8440,41,20251013,37,52,3,2,2,0,1
8_8601,41,20251013,37,52,3,2,2,0,1
8_8615,41,20251013,37,52,3,2,2,0,1
8_8626,41,20251013,37,52,3,2,2,0,1
8_8628,41,20251013,37,52,3,2,2,0,1
8_8631,41,20251013,37,52,3,2,2,0,1
8_8636,41,20251013,37,52,3,2,2,0,1
8_8702,41,20251013,37,52,3,2,2,0,1
8_8705,41,20251013,37,52,3,2,2,0,1
8_8707,41,20251013,15,10,1,1,2,0,1
8_8726,41,20251013,37,52,3,2,2,0,1
8_8732,41,20251013,15,10,1,1,2,0,1
8_8741,41,20251013,37,52,3,2,2,0,1
8_8743,41,20251013,15,10,1,1,2,0,1
8_8745,41,20251013,15,10,1,1,2,0,1
8_8748,41,20251013,37,52,3,2,2,0,1
8_8902,41,20251013,37,52,3,2,2,0,1
9_9001,41,20251013,37,52,3,2,2,0,1
9_9003,41,20251013,37,52,3,2,2,0,1
9_9006,41,20251013,37,52,3,2,2,0,1
9_9008,41,20251013,37,52,3,2,2,0,1
9_9010,41,20251013,37,52,3,2,2,0,1
9_9012,41,20251013,37,52,3,2,2,0,1
9_9017,41,20251013,37,52,3,2,2,0,1
9_9021,41,20251013,37,52,3,2,2,0,1
9_9023,41,20251013,15,10,1,1,2,0,1
9_9026,41,20251013,37,52,3,2,2,0,1
9_9028,41,20251013,37,52,3,2,2,0,1
9_9033,41,20251013,15,10,1,1,2,0,1
9_9035,41,20251013,37,52,3,2,2,0,1
9_9042,41,20251013,37,52,3,2,2,0,1
9_9043,41,20251013,37,52,3,2,2,0,1
9_9203,41,20251013,37,52,3,2,2,0,1
9_9213,41,20251013,37,52,3,2,2,0,1
9_9215,41,20251013,37,52,3,2,2,0,1
9_9307,41,20251013,37,52,3,2,2,0,1
9_9309,41,20251013,15,10,1,1,2,0,1
9_9313,41,20251013,37,52,3,2,2,0,1
9_9404,41,20251013,37,52,3,2,2,0,1
9_9407,41,20251013,37,52,3,2,2,0,1
9_9410,41,20251013,37,52,3,2,2,0,1
9_9417,41,20251013,37,52,3,2,2,0,1
9_9435,41,20251013,37,52,3,2,2,0,1
9_9605,41,20251013,15,10,1,1,2,0,1
9_9607,41,20251013,37,52,3,2,2,0,1
9_9608,41,20251013,29,55,2,2,2,0,1
9_9615,41,20251013,15,10,1,1,2,0,1
9_9617,41,20251013,37,52,3,2,2,0,1
9_9619,41,20251013,37,52,3,2,2,0,1
9_9622,41,20251013,37,52,3,2,2,0,1
9_9624,41,20251013,37,52,3,2,2,0,1
9_9627,41,20251013,15,10,1,1,2,0,1
9_9707,41,20251013,37,52,3,2,2,0,1
9_9713,41,20251013,37,52,3,2,2,0,1
9_9715,41,20251013,37,52,3,2,2,0,1
9_9720,41,20251013,37,52,3,2,2,0,1
9_9723,41,20251013,15,10,1,1,2,0,1
9_9729,41,20251013,15,10,1,1,2,0,1
9_9737,41,20251013,37,52,3,2,2,0,1
9_9740,41,20251013,15,10,1,1,2,0,1
9_9741,41,20251013,37,52,3,2,2,0,1
9_9901,41,20251013,37,52,3,2,2,0,1
9_9903,41,20251013,37,52,3,2,2,0,1
9_9905,41,20251013,37,52,3,2,2,0,1
91_1921,41,20251013,15,10,1,1,2,0,1
91_1924,41,20251013,15,10,1,1,2,0,1
92_2924,41,20251013,15,10,1,1,2,0,1
92_2926,41,20251013,15,10,1,1,2,0,1
92_2930,41,20251013,15,10,1,1,2,0,1
93_3921,41,20251013,15,10,1,1,2,0,1
93_3928,41,20251013,15,10,1,1,2,0,1
94_4926,41,20251013,15,10,1,1,2,0,1
94_4928,41,20251013,15,10,1,1,2,0,1
95_5922,41,20251013,15,10,1,1,2,0,1
95_5927,41,20251013,15,10,1,1,2,0,1
95_5929,41,20251013,15,10,1,1,2,0,1
96_6921,41,20251013,15,10,1,1,2,0,1
96_6924,41,20251013,15,10,1,1,2,0,1
97_1938,41,20251013,15,10,1,1,2,0,1
97_1941,41,20251013,15,10,1,1,2,0,1
98_2934,41,20251013,15,10,1,1,2,0,1
98_2936,41,20251013,15,10,1,1,2,0,1
98_2941,41,20251013,15,10,1,1,2,0,1
98_2945,41,20251013,15,10,1,1,2,0,1
99_3934,41,20251013,15,10,1,1,2,0,1
99_3936,41,20251013,15,10,1,1,2,0,1
99_3937,41,20251013,15,10,1,1,2,0,1
99_3944,41,20251013,15,10,1,1,2,0,1
