stop_id,stop_id_stepp,stop_code,stop_name,stop_desc,stop_remarks,stop_lat,stop_lon,zone_shift,stop_url,location_type,parent_station,wheelchair_boarding,entrance_restriction,exit_restriction,slot,signalling,shelter,bench,network_map,schedule,real_time_information,tariff,preservation_state,equipment,observations,region,municipality,municipality_fare_1,municipality_fare_2
000100,000100,000100,"QUELUZ BXO (PARQUE)",,,38.74095,-9.2701,,,0,,0,0,0,0,0,0,0,0,0,0,0,0,0,0,PT170,1110,,
000101,000101,000101,"ADROANA (PARQUE)",,,38.7408569999999,-9.38798,,,0,,0,0,0,0,0,0,0,0,0,0,0,0,0,0,PT170,1110,,
000102,000102,000102,"TALAÍDE (PARQUE)",,,38.74053,-9.31359,,,0,,0,0,0,0,0,0,0,0,0,0,0,0,0,0,PT170,1110,,
000103,000103,000103,"BELEM PARQUE",,,38.69575,-9.20468,,,0,,0,0,0,0,0,0,0,0,0,0,0,0,0,0,PT170,1110,,
000104,000104,000104,"CASAL CAMBRA PARQUE LIDL/ALDI",,,38.79651323,-9.22927875,,,0,,0,0,0,0,0,0,0,0,0,0,0,0,0,0,PT170,1110,,
000106,000106,000106,"CORTESIA (Parque Catribana)",,,38.9013655381418,-9.4160279155032,,,0,,0,0,0,0,0,0,0,0,0,0,0,0,0,0,PT170,1110,,
000108,000108,000108,"MIRA SINTRA MERCADO (PARQUE)",,,38.78795969,-9.30389452,,,0,,0,0,0,0,0,0,0,0,0,0,0,0,0,0,PT170,1110,,
000109,000109,000109,"MONTELAVAR (PARQUE)",,,38.86393,-9.33033,,,0,,0,0,0,0,0,0,0,0,0,0,0,0,0,0,PT170,1110,,
000110,000110,000110,"REBOLEIRA PARQUE",,,38.7558443680815,-9.22905035485354,,,0,,0,0,0,0,0,0,0,0,0,0,0,0,0,0,PT170,1110,,
110003,110003,110003,"Rua Major Rosa Bastos (X) Rua Vitor Hugo",,,38.81029505,-9.23383721,,,0,,0,0,0,0,0,0,0,0,0,0,0,0,0,0,PT170,1116,,
110004,110004,110004,"R M Rosa Bastos (P Combust)",,,38.8103155660037,-9.23435227945447,,,0,,0,0,0,0,0,0,0,0,0,0,0,0,0,0,PT170,1116,,
110005,110005,110005,"Azinhaga Canhamato 7A (Qta Bretão)",,,38.8128237426281,-9.23429586924613,,,0,,0,0,0,0,0,0,0,0,0,0,0,0,0,0,PT170,1116,,
110007,110007,110007,"Caneças (Largo Vieira Caldas)",,,38.8129277620465,-9.22852568328381,,,0,,0,0,0,0,0,0,0,0,0,0,0,0,0,0,PT170,1116,,
110009,110009,110009,"R Major Rosa Bastos (Supermercado)",,,38.8110983278602,-9.23135926946998,,,0,,0,0,0,0,0,0,0,0,0,0,0,0,0,0,PT170,1116,,
110010,110010,110010,"R Major Rosa Bastos (Supermercado)",,,38.8109877286479,-9.23132658004761,,,0,,0,0,0,0,0,0,0,0,0,0,0,0,0,0,PT170,1116,,
110013,110013,110013,"R Pinhal Verde 30",,,38.8186739338562,-9.2301407083869,,,0,,0,0,0,0,0,0,0,0,0,0,0,0,0,0,PT170,1116,,
110014,110014,110014,"R Pinhal Verde 32",,,38.8187913643196,-9.23021648079157,,,0,,0,0,0,0,0,0,0,0,0,0,0,0,0,0,PT170,1116,,
110015,110015,110015,"R Rontaínhas (Fonte Castanheiros)",,,38.8165941322222,-9.22827053815126,,,0,,0,0,0,0,0,0,0,0,0,0,0,0,0,0,PT170,1116,,
110017,110017,110017,"R Fonte Castanheiro (Lgo)",,,38.8149988465011,-9.22732019796968,,,0,,0,0,0,0,0,0,0,0,0,0,0,0,0,0,PT170,1116,,
110019,110019,110019,"Caneças (Bº Maria Teresa)",,,38.8161685829982,-9.23624281771481,,,0,,0,0,0,0,0,0,0,0,0,0,0,0,0,0,PT170,1116,,
110021,110021,110021,"R Major Rosa Bastos 134 (Caneças)",,,38.8099096901715,-9.23761552199721,,,0,,0,0,0,0,0,0,0,0,0,0,0,0,0,0,PT170,1116,,
110022,110022,110022,"R Major Rosa Bastos 134 (Caneças)",,,38.8098105741665,-9.23701202496886,,,0,,0,0,0,0,0,0,0,0,0,0,0,0,0,0,PT170,1116,,
110023,110023,110023,"R Coronel Braz Oliveira 19",,,38.8118739053607,-9.22695835120976,,,0,,0,0,0,0,0,0,0,0,0,0,0,0,0,0,PT170,1116,,
110024,110024,110024,"R Coronel Braz Oliveira 19",,,38.8119795592502,-9.22703336924314,,,0,,0,0,0,0,0,0,0,0,0,0,0,0,0,0,PT170,1116,,
110025,110025,110025,"Lgo Vieira Caldas (Casa Cultura)",,,38.8126352755353,-9.22753904946148,,,0,,0,0,0,0,0,0,0,0,0,0,0,0,0,0,PT170,1116,,
110027,110027,110027,"Lgo Dr Manuel D'Arriaga (Jardim)",,,38.8130160653964,-9.22644278034568,,,0,,0,0,0,0,0,0,0,0,0,0,0,0,0,0,PT170,1116,,
110029,110029,110029,"R Liberdade 131",,,38.7825285689905,-9.2174862138927,,,0,,0,0,0,0,0,0,0,0,0,0,0,0,0,0,PT170,1116,,
110030,110030,110030,"R Liberdade 131",,,38.7824897188693,-9.21740767545998,,,0,,0,0,0,0,0,0,0,0,0,0,0,0,0,0,PT170,1116,,
110031,110031,110031,"R Liberdade 79",,,38.7802483560517,-9.21638080850244,,,0,,0,0,0,0,0,0,0,0,0,0,0,0,0,0,PT170,1116,,
110032,110032,110032,"R Liberdade 79",,,38.7803298700601,-9.21634334139526,,,0,,0,0,0,0,0,0,0,0,0,0,0,0,0,0,PT170,1116,,
110033,110033,110033,"R Liberdade 11",,,38.7788011785597,-9.21543725766242,,,0,,0,0,0,0,0,0,0,0,0,0,0,0,0,0,PT170,1116,,
110035,110035,110035,"R Liberdade 24",,,38.7740578595549,-9.21337991952896,,,0,,0,0,0,0,0,0,0,0,0,0,0,0,0,0,PT170,1116,,
110037,110037,110037,"R Liberdade 1",,,38.7726425752044,-9.21192993409932,,,0,,0,0,0,0,0,0,0,0,0,0,0,0,0,0,PT170,1116,,
110039,110039,110039,"R Liberdade 6",,,38.7679819017649,-9.20470389537513,,,0,,0,0,0,0,0,0,0,0,0,0,0,0,0,0,PT170,1116,,
110041,110041,110041,"R Cidade Horta 15 (Pontinha)",,,38.7663105502725,-9.20124401338398,,,0,,0,0,0,0,0,0,0,0,0,0,0,0,0,0,PT170,1116,,
110043,110043,110043,"Av S Pedro 3 (Escola)",,,38.7645034538582,-9.20013341121376,,,0,,0,0,0,0,0,0,0,0,0,0,0,0,0,0,PT170,1116,,
110045,110045,110045,"Pontinha (R Regimento Engenharia Um)",,,38.76509280693068,-9.198136674240232,,,0,,0,0,0,0,0,0,0,0,0,0,0,0,0,0,PT170,1116,,
110047,110047,110047,"R Sto Eloy 40 (Pontinha)",,,38.76731567957856,-9.20205739326775,,,0,,0,0,0,0,0,0,0,0,0,0,0,0,0,0,PT170,1116,,
110049,110049,110049,"R Liberdade 11",,,38.7765334127471,-9.2149649374187,,,0,,0,0,0,0,0,0,0,0,0,0,0,0,0,0,PT170,1116,,
110051,110051,110051,"R Liberdade 111",,,38.7787449778989,-9.21529887244105,,,0,,0,0,0,0,0,0,0,0,0,0,0,0,0,0,PT170,1116,,
110053,110053,110053,"Presa (X) Casal da Mira",,,38.7840359285474,-9.22002299688756,,,0,,0,0,0,0,0,0,0,0,0,0,0,0,0,0,PT170,1116,,
110055,110055,110055,"Pça Dr Manuel de Arriaga Fonte",,,38.81289763933798,-9.22687252386527,,,0,,0,0,0,0,0,0,0,0,0,0,0,0,0,0,PT170,1116,,
110057,110057,110057,"Caneças (Qtª São Carlos)",,,38.8156676912445,-9.22610154264683,,,0,,0,0,0,0,0,0,0,0,0,0,0,0,0,0,PT170,1116,,
110059,110059,110059,"Pça Dr Manuel de Arriaga 18",,,38.81293659611056,-9.226468739113564,,,0,,0,0,0,0,0,0,0,0,0,0,0,0,0,0,PT170,1116,,
110061,110061,110061,"Caneças (Escola Secundária)",,,38.8098060951395,-9.23315173946321,,,0,,0,0,0,0,0,0,0,0,0,0,0,0,0,0,PT170,1116,,
110169,110169,110169,"CASA DA CULTURA",,,38.8125887978822,-9.22716471366584,,,0,,0,0,0,0,0,0,0,0,0,0,0,0,0,0,PT170,1116,,
110170,110170,110170,"R Pinhal Verde Fte 5",,,38.81694312597793,-9.22814753168918,,,0,,0,0,0,0,0,0,0,0,0,0,0,0,0,0,PT170,1116,,
000111,000111,000111,"RESTELO PARQUE",,,38.7098464690749,-9.20993740170728,,,0,,0,0,0,0,0,0,0,0,0,0,0,0,0,0,PT170,1110,,
111021,111021,111021,"R Pinhal Castelo Vide (X) R Aqueduto",,,38.815408,-9.235176,,,0,,0,0,0,0,0,0,0,0,0,0,0,0,0,0,PT170,1116,,
000112,000112,000112,"URBANIZACAO SÃO MARCOS (PARQUE)",,,38.7507554727886,-9.30120487223708,,,0,,0,0,0,0,0,0,0,0,0,0,0,0,0,0,PT170,1110,,
000113,000113,000113,"VILA CHA PARQUE (Escola)",,,38.7685806426613,-9.23995277811083,,,0,,0,0,0,0,0,0,0,0,0,0,0,0,0,0,PT170,1110,,
114919,114919,114919,"Rua do Salão (X) Rua do Aqueduto",,,38.816838,-9.234905,,,0,,0,0,0,0,0,0,0,0,0,0,0,0,0,0,PT170,1116,,
000115,000115,000115,"TABAQUEIRA (PARQUE)",,,38.75382,-9.34375,,,0,,0,0,0,0,0,0,0,0,0,0,0,0,0,0,PT170,1110,,
000116,000116,000116,"ABÓBODA (PARQUE RECHEIO)",,,38.720918,-9.33526,,,0,,0,0,0,0,0,0,0,0,0,0,0,0,0,0,PT170,1110,,
000117,000117,000117,"CONTINENTE AMADORA (PARQUE)",,,38.743273,-9.233695,,,0,,0,0,0,0,0,0,0,0,0,0,0,0,0,0,PT170,1110,,
000118,000118,000118,"AMADORA NORTE (PARQUE)",,,38.759187,-9.234425,,,0,,0,0,0,0,0,0,0,0,0,0,0,0,0,0,PT170,1110,,
119320,119320,119320,"Rua do Aqueduto 34",,,38.81681,-9.234737,,,0,,0,0,0,0,0,0,0,0,0,0,0,0,0,0,PT170,1116,,
120001,120001,120001,"Alfragide (Centro Comercial)",,,38.7285990687087,-9.21862942166626,,,0,,0,0,0,0,0,0,0,0,0,0,0,0,0,0,PT170,1110,,
120003,120003,120003,"Av Cavaleiros (X) R Qta do Salrego",,,38.72840286050052,-9.221435347571967,,,0,,0,0,0,0,0,0,0,0,0,0,0,0,0,0,PT170,1110,,
120005,120005,120005,"Av Cavaleiros 70",,,38.72655,-9.21595,,,0,,0,0,0,0,0,0,0,0,0,0,0,0,0,0,PT170,1110,,
120006,120006,120006,"Av Cavaleiros 70",,,38.7267757952213,-9.21602725982666,,,0,,0,0,0,0,0,0,0,0,0,0,0,0,0,0,PT170,1110,,
120007,120007,120007,"R Qta Paizinho 8",,,38.723807814839255,-9.215413825148586,,,0,,0,0,0,0,0,0,0,0,0,0,0,0,0,0,PT170,1110,,
120008,120008,120008,"R Qta Paizinho 8",,,38.72389111281537,-9.215235505253077,,,0,,0,0,0,0,0,0,0,0,0,0,0,0,0,0,PT170,1110,,
120009,120009,120009,"R Qta Paizinho 11",,,38.72231292813834,-9.217873625457289,,,0,,0,0,0,0,0,0,0,0,0,0,0,0,0,0,PT170,1110,,
120010,120010,120010,"R Qta Paizinho 11",,,38.7221498647705,-9.21773054637015,,,0,,0,0,0,0,0,0,0,0,0,0,0,0,0,0,PT170,1110,,
120011,120011,120011,"R Cincinato da Costa 39",,,38.7203107913956,-9.21951346099377,,,0,,0,0,0,0,0,0,0,0,0,0,0,0,0,0,PT170,1110,,
120012,120012,120012,"R Cincinato da Costa 39",,,38.72034783662062,-9.219419918954372,,,0,,0,0,0,0,0,0,0,0,0,0,0,0,0,0,PT170,1110,,
120013,120013,120013,"Estr Portela 45",,,38.72125746249981,-9.221389247104526,,,0,,0,0,0,0,0,0,0,0,0,0,0,0,0,0,PT170,1110,,
120014,120014,120014,"Estr Velha Portela 2",,,38.721269974485,-9.22152855433524,,,0,,0,0,0,0,0,0,0,0,0,0,0,0,0,0,PT170,1110,,
120015,120015,120015,"Estr Portela (Esc Primária)",,,38.72238236008911,-9.224585853517056,,,0,,0,0,0,0,0,0,0,0,0,0,0,0,0,0,PT170,1110,,
120016,120016,120016,"Estr Portela (Esc Primária)",,,38.7223077798262,-9.2246800661087,,,0,,0,0,0,0,0,0,0,0,0,0,0,0,0,0,PT170,1110,,
120017,120017,120017,"R Cravos Abril (P Desp Carlos Queiroz)",,,38.72377712305837,-9.225982697680593,,,0,,0,0,0,0,0,0,0,0,0,0,0,0,0,0,PT170,1110,,
120018,120018,120018,"Estr da Costa 20",,,38.703334,-9.251361,,,0,,0,0,0,0,0,0,0,0,0,0,0,0,0,0,PT170,1110,,
120019,120019,120019,"R Cravos Abril (X) Liberdade",,,38.724053990421886,-9.228203231468797,,,0,,0,0,0,0,0,0,0,0,0,0,0,0,0,0,PT170,1110,,
120020,120020,120020,"Faculdade de Motricidade Humana",,,38.705333,-9.252363,,,0,,0,0,0,0,0,0,0,0,0,0,0,0,0,0,PT170,1110,,
120021,120021,120021,"Av Professor D Bernardino Machado",,,38.7230674317107,-9.22980593517423,,,0,,0,0,0,0,0,0,0,0,0,0,0,0,0,0,PT170,1110,,
120022,120022,120022,"Estr da Costa (Jamor P4)",,,38.70775,-9.251583,,,0,,0,0,0,0,0,0,0,0,0,0,0,0,0,0,PT170,1110,,
120023,120023,120023,"R C Belo Morais(x)Av Lima Bastos",,,38.71953291441226,-9.227826716378331,,,0,,0,0,0,0,0,0,0,0,0,0,0,0,0,0,PT170,1110,,
120024,120024,120024,"R da Eira 4",,,38.706444,-9.231389,,,0,,0,0,0,0,0,0,0,0,0,0,0,0,0,0,PT170,1110,,
120025,120025,120025,"R C Belo Morais (Alam Alto Barronhos)",,,38.7174731818959,-9.23174634575844,,,0,,0,0,0,0,0,0,0,0,0,0,0,0,0,0,PT170,1110,,
120026,120026,120026,"R C Belo Morais (Alam Alto Barronhos)",,,38.717322,-9.231836,,,0,,0,0,0,0,0,0,0,0,0,0,0,0,0,0,PT170,1110,,
120027,120027,120027,"R Mário Moreira 16A",,,38.718946,-9.232812,,,0,,0,0,0,0,0,0,0,0,0,0,0,0,0,0,PT170,1110,,
120028,120028,120028,"Algés (Estação) P13",,,38.699388,-9.227667,,,0,,0,0,0,0,0,0,0,0,0,0,0,0,0,0,PT170,1110,,
120029,120029,120029,"R Manuel Ant Rodrigues (Escadinhas)",,,38.7206339556724,-9.23256819136441,,,0,,0,0,0,0,0,0,0,0,0,0,0,0,0,0,PT170,1110,,
120030,120030,120030,"R Manuel Ant Rodrigues (Escadinhas)",,,38.7206780444831,-9.23263222910464,,,0,,0,0,0,0,0,0,0,0,0,0,0,0,0,0,PT170,1110,,
120031,120031,120031,"R nossa Senhora Conceição 2",,,38.72095056941277,-9.233321053907275,,,0,,0,0,0,0,0,0,0,0,0,0,0,0,0,0,PT170,1110,,
120032,120032,120032,"R nossa Senhora Conceição 2",,,38.72082307949047,-9.233416188508272,,,0,,0,0,0,0,0,0,0,0,0,0,0,0,0,0,PT170,1110,,
120033,120033,120033,"Av Forte (Posto Combust)",,,38.7241684785113,-9.23473156057298,,,0,,0,0,0,0,0,0,0,0,0,0,0,0,0,0,PT170,1110,,
120035,120035,120035,"Av Prof Rein Santos (Edif S Paulo)",,,38.72561417000794,-9.234427297487857,,,0,,0,0,0,0,0,0,0,0,0,0,0,0,0,0,PT170,1110,,
120037,120037,120037,"Av Prof Reinaldo Santos (Hosp Sta Cruz)",,,38.727359653276565,-9.234245158731936,,,0,,0,0,0,0,0,0,0,0,0,0,0,0,0,0,PT170,1110,,
120038,120038,120038,"Av Pf Reinaldo Santos (Hosp Sta Cruz)",,,38.727023,-9.23446,,,0,,0,0,0,0,0,0,0,0,0,0,0,0,0,0,PT170,1110,,
120039,120039,120039,"R Manuel Teixeira Gomes (Bombeiros)",,,38.7287524575368,-9.23672276549041,,,0,,0,0,0,0,0,0,0,0,0,0,0,0,0,0,PT170,1110,,
120040,120040,120040,"R Manuel Teixeira Gomes (Bombeiros)",,,38.728626,-9.236855,,,0,,0,0,0,0,0,0,0,0,0,0,0,0,0,0,PT170,1110,,
120041,120041,120041,"R Aquilino Ribeiro 7",,,38.72767025970105,-9.240076532587407,,,0,,0,0,0,0,0,0,0,0,0,0,0,0,0,0,PT170,1110,,
120042,120042,120042,"R Aquilino Ribeiro 7",,,38.727592,-9.240131,,,0,,0,0,0,0,0,0,0,0,0,0,0,0,0,0,PT170,1110,,
120043,120043,120043,"R Aquilino Ribeiro 20",,,38.72851839744074,-9.241655012592672,,,0,,0,0,0,0,0,0,0,0,0,0,0,0,0,0,PT170,1110,,
120044,120044,120044,"R Aquilino Ribeiro 27",,,38.7282094778493,-9.24146432429552,,,0,,0,0,0,0,0,0,0,0,0,0,0,0,0,0,PT170,1110,,
120045,120045,120045,"R Aquilino Ribeiro (Esc Preparatória)",,,38.72884932,-9.24482714,,,0,,0,0,0,0,0,0,0,0,0,0,0,0,0,0,PT170,1110,,
120047,120047,120047,"Av Portugal (X) Av Sacadura Cabral",,,38.7259868904948,-9.24328302964568,,,0,,0,0,0,0,0,0,0,0,0,0,0,0,0,0,PT170,1110,,
120049,120049,120049,"Av Tomás Ribeiro 47 (Cemitério)",,,38.7240507127717,-9.24349492415786,,,0,,0,0,0,0,0,0,0,0,0,0,0,0,0,0,PT170,1110,,
120050,120050,120050,"Av Tomás Ribeiro 47 (Cemitério)",,,38.7240481562912,-9.24326098524034,,,0,,0,0,0,0,0,0,0,0,0,0,0,0,0,0,PT170,1110,,
120051,120051,120051,"Av Tomás Ribeiro (X) R C Wallenstein",,,38.7218333333333,-9.24328333333333,,,0,,0,0,0,0,0,0,0,0,0,0,0,0,0,0,PT170,1110,,
120053,120053,120053,"Av Tomás Ribeiro 63",,,38.7159,-9.24483333333333,,,0,,0,0,0,0,0,0,0,0,0,0,0,0,0,0,PT170,1110,,
120055,120055,120055,"Av Tomás Ribeiro 45",,,38.714164,-9.244559,,,0,,0,0,0,0,0,0,0,0,0,0,0,0,0,0,PT170,1110,,
120057,120057,120057,"Calçada Chafariz 8",,,38.7127583194524,-9.24589784815907,,,0,,0,0,0,0,0,0,0,0,0,0,0,0,0,0,PT170,1110,,
120058,120058,120058,"Calçada Chafariz 4",,,38.7131090601906,-9.24527884460986,,,0,,0,0,0,0,0,0,0,0,0,0,0,0,0,0,PT170,1110,,
120059,120059,120059,"Av D Pedro V 49",,,38.711291,-9.246191,,,0,,0,0,0,0,0,0,0,0,0,0,0,0,0,0,PT170,1110,,
120060,120060,120060,"Av D Pedro V 28",,,38.711436,-9.246127,,,0,,0,0,0,0,0,0,0,0,0,0,0,0,0,0,PT170,1110,,
120061,120061,120061,"Av D Pedro V 25",,,38.7100856238976,-9.24540323205292,,,0,,0,0,0,0,0,0,0,0,0,0,0,0,0,0,PT170,1110,,
120062,120062,120062,"Av D Pedro V 16D",,,38.70984175298334,-9.24514071084559,,,0,,0,0,0,0,0,0,0,0,0,0,0,0,0,0,PT170,1110,,
120063,120063,120063,"Av D Pedro V 1",,,38.70798662827391,-9.244638212052994,,,0,,0,0,0,0,0,0,0,0,0,0,0,0,0,0,PT170,1110,,
120064,120064,120064,"Av D Pedro V 1",,,38.7081333333333,-9.24446666666667,,,0,,0,0,0,0,0,0,0,0,0,0,0,0,0,0,PT170,1110,,
120065,120065,120065,"R Manuel Ferreira (Esc Secundária)",,,38.705979,-9.242707,,,0,,0,0,0,0,0,0,0,0,0,0,0,0,0,0,PT170,1110,,
120066,120066,120066,"R Manuel Ferreira (Esc Secundária)",,,38.705772,-9.241997,,,0,,0,0,0,0,0,0,0,0,0,0,0,0,0,0,PT170,1110,,
120067,120067,120067,"R M Ferreira (X) R Castro Soromenho",,,38.703775,-9.241852,,,0,,0,0,0,0,0,0,0,0,0,0,0,0,0,0,PT170,1110,,
120069,120069,120069,"Linda-a-velha (Alto Stª Catarina)",,,38.705386881305046,-9.240261521190403,,,0,,0,0,0,0,0,0,0,0,0,0,0,0,0,0,PT170,1110,,
120070,120070,120070,"Linda-a-velha (Alto Stª Catarina)",,,38.7052948633209,-9.24040594138205,,,0,,0,0,0,0,0,0,0,0,0,0,0,0,0,0,PT170,1110,,
120071,120071,120071,"Dafundo (B S Mateus)",,,38.702523,-9.240172,,,0,,0,0,0,0,0,0,0,0,0,0,0,0,0,0,PT170,1110,,
120072,120072,120072,"Dafundo (B S Mateus)",,,38.70271030815744,-9.23999981514613,,,0,,0,0,0,0,0,0,0,0,0,0,0,0,0,0,PT170,1110,,
120073,120073,120073,"R S João Deus 11",,,38.701048,-9.239713,,,0,,0,0,0,0,0,0,0,0,0,0,0,0,0,0,PT170,1110,,
120075,120075,120075,"R Direita 77",,,38.70006,-9.240029,,,0,,0,0,0,0,0,0,0,0,0,0,0,0,0,0,PT170,1110,,
120077,120077,120077,"R Direita - Aquário Vasco Gama",,,38.69919353226865,-9.237558776512742,,,0,,0,0,0,0,0,0,0,0,0,0,0,0,0,0,PT170,1110,,
120078,120078,120078,"R Direita - Aquário Vasco Gama",,,38.69925641808294,-9.237396335229278,,,0,,0,0,0,0,0,0,0,0,0,0,0,0,0,0,PT170,1110,,
120079,120079,120079,"R Damião Góis (Palácio Anjos)",,,38.69924,-9.230784,,,0,,0,0,0,0,0,0,0,0,0,0,0,0,0,0,PT170,1110,,
120081,120081,120081,"Algés (Estação) P11",,,38.6992333333333,-9.22761666666667,,,0,,0,0,0,0,0,0,0,0,0,0,0,0,0,0,PT170,1110,,
120085,120085,120085,"R Direita 46",,,38.700012,-9.239641,,,0,,0,0,0,0,0,0,0,0,0,0,0,0,0,0,PT170,1110,,
120087,120087,120087,"R S João Deus Fte 12",,,38.701406,-9.239445,,,0,,0,0,0,0,0,0,0,0,0,0,0,0,0,0,PT170,1110,,
120089,120089,120089,"R Manuel Ferreira 12",,,38.704121,-9.241711,,,0,,0,0,0,0,0,0,0,0,0,0,0,0,0,0,PT170,1110,,
120091,120091,120091,"Av Tomás Ribeiro 58",,,38.71502571330736,-9.244543012483906,,,0,,0,0,0,0,0,0,0,0,0,0,0,0,0,0,PT170,1110,,
120093,120093,120093,"Av Tomás Ribeiro 88A",,,38.71685,-9.24488333333333,,,0,,0,0,0,0,0,0,0,0,0,0,0,0,0,0,PT170,1110,,
120095,120095,120095,"Av Tomás Ribeiro (Qta Acácias)",,,38.7225787667558,-9.2430507671088,,,0,,0,0,0,0,0,0,0,0,0,0,0,0,0,0,PT170,1110,,
120097,120097,120097,"Carnaxide (Av Portugal)",,,38.72679410484241,-9.244464542716742,,,0,,0,0,0,0,0,0,0,0,0,0,0,0,0,0,PT170,1110,,
120099,120099,120099,"R Aquilino Ribeiro 3",,,38.729102,-9.243899,,,0,,0,0,0,0,0,0,0,0,0,0,0,0,0,0,PT170,1110,,
120101,120101,120101,"R Manuel Teixeira Gomes 11",,,38.7269616220146,-9.23979833722115,,,0,,0,0,0,0,0,0,0,0,0,0,0,0,0,0,PT170,1110,,
120103,120103,120103,"Av de Portugal 16",,,38.725991290994,-9.23912250436842,,,0,,0,0,0,0,0,0,0,0,0,0,0,0,0,0,PT170,1110,,
120105,120105,120105,"Av Portugal (X) Pct Eugénio Castro",,,38.726534288533706,-9.236847907304764,,,0,,0,0,0,0,0,0,0,0,0,0,0,0,0,0,PT170,1110,,
120107,120107,120107,"R Ten Gen Zef Sequeira (Ed S Paulo)",,,38.725766604097416,-9.235182758420706,,,0,,0,0,0,0,0,0,0,0,0,0,0,0,0,0,PT170,1110,,
120109,120109,120109,"Av Forte (Posto Combust)",,,38.723626517664535,-9.23503054305911,,,0,,0,0,0,0,0,0,0,0,0,0,0,0,0,0,PT170,1110,,
120111,120111,120111,"R Mário Moreira 16A",,,38.719041,-9.232961,,,0,,0,0,0,0,0,0,0,0,0,0,0,0,0,0,PT170,1110,,
120113,120113,120113,"R Carlos Belo Morais 37",,,38.7200242560357,-9.22751499339938,,,0,,0,0,0,0,0,0,0,0,0,0,0,0,0,0,PT170,1110,,
120115,120115,120115,"Av Professor D Bernardino Machado",,,38.723018229939,-9.22964072786272,,,0,,0,0,0,0,0,0,0,0,0,0,0,0,0,0,PT170,1110,,
120117,120117,120117,"R Cravos Abril 45",,,38.7240876350552,-9.22760669142008,,,0,,0,0,0,0,0,0,0,0,0,0,0,0,0,0,PT170,1110,,
120119,120119,120119,"R Cravos Abril (X) R Elisio Moura",,,38.72366810205124,-9.226027708500624,,,0,,0,0,0,0,0,0,0,0,0,0,0,0,0,0,PT170,1110,,
120123,120123,120123,"Carnaxide (Escola Secundária)",,,38.72267560636234,-9.244811721146108,,,0,,0,0,0,0,0,0,0,0,0,0,0,0,0,0,PT170,1110,,
120125,120125,120125,"Cruz Quebrada (Piscinas)",,,38.7034499645233,-9.25669767893851,,,0,,0,0,0,0,0,0,0,0,0,0,0,0,0,0,PT170,1110,,
120127,120127,120127,"Cruz Quebrada",,,38.7015994079411,-9.25186894834042,,,0,,0,0,0,0,0,0,0,0,0,0,0,0,0,0,PT170,1110,,
120128,120128,120128,"Cruz Quebrada",,,38.7016990268603,-9.25188018009067,,,0,,0,0,0,0,0,0,0,0,0,0,0,0,0,0,PT170,1110,,
120129,120129,120129,"R Sacadura Cabral 93",,,38.70102037229405,-9.249743716791272,,,0,,0,0,0,0,0,0,0,0,0,0,0,0,0,0,PT170,1110,,
120130,120130,120130,"R Sacadura Cabral 91",,,38.7010633852333,-9.2496129591018,,,0,,0,0,0,0,0,0,0,0,0,0,0,0,0,0,PT170,1110,,
120131,120131,120131,"R Bombeiros Voluntários Dafundo",,,38.700086347643605,-9.246810742982907,,,0,,0,0,0,0,0,0,0,0,0,0,0,0,0,0,PT170,1110,,
120133,120133,120133,"R Paulo Duque 36",,,38.7005,-9.24334,,,0,,0,0,0,0,0,0,0,0,0,0,0,0,0,0,PT170,1110,,
120135,120135,120135,"R Sacadura Cabral 29",,,38.7007479742169,-9.24456847831607,,,0,,0,0,0,0,0,0,0,0,0,0,0,0,0,0,PT170,1110,,
120136,120136,120136,"R Sacadura Cabral 29",,,38.7006692262366,-9.24439966678619,,,0,,0,0,0,0,0,0,0,0,0,0,0,0,0,0,PT170,1110,,
120142,120142,120142,"R Mata de São Mateus 68A",,,38.70295,-9.246854,,,0,,0,0,0,0,0,0,0,0,0,0,0,0,0,0,PT170,1110,,
120144,120144,120144,"R Mata de São Mateus 42",,,38.70204526584476,-9.242622944992553,,,0,,0,0,0,0,0,0,0,0,0,0,0,0,0,0,PT170,1110,,
120146,120146,120146,"R Cláudio de Oliveira Bastos 20",,,38.70369419268241,-9.240597755208013,,,0,,0,0,0,0,0,0,0,0,0,0,0,0,0,0,PT170,1110,,
120148,120148,120148,"Rua Antero de Figueiredo (Frente Museu Automóvel)",,,38.706064,-9.241074,,,0,,0,0,0,0,0,0,0,0,0,0,0,0,0,0,PT170,1110,,
120149,120149,120149,"R Luz soriano 6",,,38.7081709038466,-9.24335989169776,,,0,,0,0,0,0,0,0,0,0,0,0,0,0,0,0,PT170,1110,,
120150,120150,120150,"R Luz Soriano 1A",,,38.7076390301809,-9.24350976012647,,,0,,0,0,0,0,0,0,0,0,0,0,0,0,0,0,PT170,1110,,
120151,120151,120151,"R Francisco José Vitorino 13",,,38.709122,-9.244315,,,0,,0,0,0,0,0,0,0,0,0,0,0,0,0,0,PT170,1110,,
120152,120152,120152,"R Francisco José Vitorino 11",,,38.70903,-9.2441,,,0,,0,0,0,0,0,0,0,0,0,0,0,0,0,0,PT170,1110,,
120157,120157,120157,"Linda-a-Velha (Palácio Aciprestes)",,,38.71049552862794,-9.242849536499502,,,0,,0,0,0,0,0,0,0,0,0,0,0,0,0,0,PT170,1110,,
120158,120158,120158,"Linda-a-Velha (Palácio Aciprestes)",,,38.711082,-9.242971,,,0,,0,0,0,0,0,0,0,0,0,0,0,0,0,0,PT170,1110,,
120159,120159,120159,"R Pedro Alvares Cabral 23",,,38.710810909364405,-9.240381298586726,,,0,,0,0,0,0,0,0,0,0,0,0,0,0,0,0,PT170,1110,,
120160,120160,120160,"R Pedro Alvares Cabral (Esc Primária)",,,38.7107435613871,-9.24054306931794,,,0,,0,0,0,0,0,0,0,0,0,0,0,0,0,0,PT170,1110,,
120166,120166,120166,"R Rodrigues Lobo 2",,,38.7148,-9.23992,,,0,,0,0,0,0,0,0,0,0,0,0,0,0,0,0,PT170,1110,,
120167,120167,120167,"Av 25 de Abril 16",,,38.71533,-9.24129,,,0,,0,0,0,0,0,0,0,0,0,0,0,0,0,0,PT170,1110,,
120170,120170,120170,"R do Brasil 28",,,38.716647,-9.243033,,,0,,0,0,0,0,0,0,0,0,0,0,0,0,0,0,PT170,1110,,
120173,120173,120173,"Av 25 de Abril - Central Park",,,38.716695,-9.238147,,,0,,0,0,0,0,0,0,0,0,0,0,0,0,0,0,PT170,1110,,
120176,120176,120176,"Av Carolina Michaellis 36",,,38.7143057445064,-9.23738753423095,,,0,,0,0,0,0,0,0,0,0,0,0,0,0,0,0,PT170,1110,,
120177,120177,120177,"Linda-a-velha",,,38.7140252441168,-9.23382665030658,,,0,,0,0,0,0,0,0,0,0,0,0,0,0,0,0,PT170,1110,,
120179,120179,120179,"Miraflores (Esc Preparatória)",,,38.7116074664057,-9.231239191192998,,,0,,0,0,0,0,0,0,0,0,0,0,0,0,0,0,PT170,1110,,
120180,120180,120180,"Miraflores (Esc Preparatória)",,,38.712131745362775,-9.231130561736718,,,0,,0,0,0,0,0,0,0,0,0,0,0,0,0,0,PT170,1110,,
120181,120181,120181,"Av Jaime Cortesão 6",,,38.711058,-9.2285,,,0,,0,0,0,0,0,0,0,0,0,0,0,0,0,0,PT170,1110,,
120182,120182,120182,"Av Jaime Cortesão 6",,,38.7112,-9.22878,,,0,,0,0,0,0,0,0,0,0,0,0,0,0,0,0,PT170,1110,,
120183,120183,120183,"Av das Túlipas 6",,,38.7099,-9.22798,,,0,,0,0,0,0,0,0,0,0,0,0,0,0,0,0,PT170,1110,,
120184,120184,120184,"Av das Túlipas 6",,,38.71,-9.22794,,,0,,0,0,0,0,0,0,0,0,0,0,0,0,0,0,PT170,1110,,
120185,120185,120185,"Av Bomb Voluntários Algés (Pav Desp)",,,38.707901,-9.22564,,,0,,0,0,0,0,0,0,0,0,0,0,0,0,0,0,PT170,1110,,
120186,120186,120186,"Av Bomb Voluntários Algés 74A",,,38.707349,-9.225586,,,0,,0,0,0,0,0,0,0,0,0,0,0,0,0,0,PT170,1110,,
120187,120187,120187,"Av Bomb Voluntários Algés (Cinema)",,,38.705745,-9.226822,,,0,,0,0,0,0,0,0,0,0,0,0,0,0,0,0,PT170,1110,,
120188,120188,120188,"Av Bomb Voluntários Algés (Cinema)",,,38.705256,-9.226753,,,0,,0,0,0,0,0,0,0,0,0,0,0,0,0,0,PT170,1110,,
120189,120189,120189,"Calçada Rio 43",,,38.7057,-9.2288,,,0,,0,0,0,0,0,0,0,0,0,0,0,0,0,0,PT170,1110,,
120190,120190,120190,"Calçada Rio 43",,,38.705722,-9.228695,,,0,,0,0,0,0,0,0,0,0,0,0,0,0,0,0,PT170,1110,,
120191,120191,120191,"R Luís de Camões 84a",,,38.7041,-9.22862,,,0,,0,0,0,0,0,0,0,0,0,0,0,0,0,0,PT170,1110,,
120193,120193,120193,"R Luís de Camões 50a",,,38.703,-9.22872,,,0,,0,0,0,0,0,0,0,0,0,0,0,0,0,0,PT170,1110,,
120195,120195,120195,"R Luís de Camões 19C",,,38.701618,-9.22884,,,0,,0,0,0,0,0,0,0,0,0,0,0,0,0,0,PT170,1110,,
120197,120197,120197,"Av Combatentes Grande Guerra 48B",,,38.700286,-9.22968,,,0,,0,0,0,0,0,0,0,0,0,0,0,0,0,0,PT170,1110,,
120199,120199,120199,"R Eduardo Augusto Pedroso 18C",,,38.700632,-9.2306,,,0,,0,0,0,0,0,0,0,0,0,0,0,0,0,0,PT170,1110,,
120201,120201,120201,"R João Chagas - Biblioteca Mun Algés",,,38.7001,-9.23181,,,0,,0,0,0,0,0,0,0,0,0,0,0,0,0,0,PT170,1110,,
120203,120203,120203,"Av Republica 34",,,38.7019833333333,-9.23196666666667,,,0,,0,0,0,0,0,0,0,0,0,0,0,0,0,0,PT170,1110,,
120204,120204,120204,"Av Republica 55",,,38.7022166666667,-9.2317,,,0,,0,0,0,0,0,0,0,0,0,0,0,0,0,0,PT170,1110,,
120209,120209,120209,"Av Republica 96",,,38.70425,-9.23043333333333,,,0,,0,0,0,0,0,0,0,0,0,0,0,0,0,0,PT170,1110,,
120211,120211,120211,"R da Eira 11",,,38.707277,-9.232043,,,0,,0,0,0,0,0,0,0,0,0,0,0,0,0,0,PT170,1110,,
120212,120212,120212,"R da Eira 11",,,38.707141,-9.232146,,,0,,0,0,0,0,0,0,0,0,0,0,0,0,0,0,PT170,1110,,
120215,120215,120215,"R da Eira 44",,,38.706307,-9.232553,,,0,,0,0,0,0,0,0,0,0,0,0,0,0,0,0,PT170,1110,,
120216,120216,120216,"R da Eira 44",,,38.706347,-9.232475,,,0,,0,0,0,0,0,0,0,0,0,0,0,0,0,0,PT170,1110,,
120217,120217,120217,"R Dr Mário Charrua 27",,,38.702308,-9.235557,,,0,,0,0,0,0,0,0,0,0,0,0,0,0,0,0,PT170,1110,,
120218,120218,120218,"R Dr Mário Charrua 27",,,38.702076,-9.235818,,,0,,0,0,0,0,0,0,0,0,0,0,0,0,0,0,PT170,1110,,
120219,120219,120219,"Algés Junça (Centro Comercial)",,,38.705202,-9.237751,,,0,,0,0,0,0,0,0,0,0,0,0,0,0,0,0,PT170,1110,,
120221,120221,120221,"R da Eira 3",,,38.70646,-9.231554,,,0,,0,0,0,0,0,0,0,0,0,0,0,0,0,0,PT170,1110,,
120227,120227,120227,"R Gen Humberto Delgado 13",,,38.699999,-9.228529,,,0,,0,0,0,0,0,0,0,0,0,0,0,0,0,0,PT170,1110,,
120233,120233,120233,"Estr Romeiras 12-23",,,38.707346,-9.228654,,,0,,0,0,0,0,0,0,0,0,0,0,0,0,0,0,PT170,1110,,
120237,120237,120237,"R Ceuta 23A",,,38.71462,-9.235022,,,0,,0,0,0,0,0,0,0,0,0,0,0,0,0,0,PT170,1110,,
120239,120239,120239,"R Ceuta 33",,,38.714674548246,-9.23681203275919,,,0,,0,0,0,0,0,0,0,0,0,0,0,0,0,0,PT170,1110,,
120240,120240,120240,"R Ceuta 33",,,38.71458455167341,-9.236922319714209,,,0,,0,0,0,0,0,0,0,0,0,0,0,0,0,0,PT170,1110,,
120241,120241,120241,"Av 25 de Abril - Central Park",,,38.716894746758,-9.23818482086062,,,0,,0,0,0,0,0,0,0,0,0,0,0,0,0,0,PT170,1110,,
120243,120243,120243,"R Almeida Garret 17",,,38.717444,-9.240333,,,0,,0,0,0,0,0,0,0,0,0,0,0,0,0,0,PT170,1110,,
120249,120249,120249,"Av 25 de Abril Fte 22",,,38.714632,-9.2421,,,0,,0,0,0,0,0,0,0,0,0,0,0,0,0,0,PT170,1110,,
120255,120255,120255,"Calçada Santa Catarina 17",,,38.7017,-9.248257,,,0,,0,0,0,0,0,0,0,0,0,0,0,0,0,0,PT170,1110,,
120258,120258,120258,"R Sacadura Cabral 55",,,38.7002134183422,-9.2465512175113,,,0,,0,0,0,0,0,0,0,0,0,0,0,0,0,0,PT170,1110,,
120261,120261,120261,"Algés (Estação) P10",,,38.6991456896067,-9.22762387432158,,,0,,0,0,0,0,0,0,0,0,0,0,0,0,0,0,PT170,1110,,
120263,120263,120263,"R João Chagas - Biblioteca Mun Algés",,,38.699776,-9.23154,,,0,,0,0,0,0,0,0,0,0,0,0,0,0,0,0,PT170,1110,,
120265,120265,120265,"R João Chagas 16",,,38.700389,-9.233161,,,0,,0,0,0,0,0,0,0,0,0,0,0,0,0,0,PT170,1110,,
120266,120266,120266,"R João Chagas 9",,,38.700279,-9.23306,,,0,,0,0,0,0,0,0,0,0,0,0,0,0,0,0,PT170,1110,,
120267,120267,120267,"R João Chagas - Esc Preparatória",,,38.701482,-9.236453,,,0,,0,0,0,0,0,0,0,0,0,0,0,0,0,0,PT170,1110,,
120268,120268,120268,"R João Chagas - Esc Preparatória",,,38.701729,-9.236947,,,0,,0,0,0,0,0,0,0,0,0,0,0,0,0,0,PT170,1110,,
120269,120269,120269,"Algés (Junça)",,,38.70598,-9.238695,,,0,,0,0,0,0,0,0,0,0,0,0,0,0,0,0,PT170,1110,,
120271,120271,120271,"R João Chagas 159",,,38.708107,-9.240848,,,0,,0,0,0,0,0,0,0,0,0,0,0,0,0,0,PT170,1110,,
120272,120272,120272,"R João Chagas 159",,,38.7081161280207,-9.241004988343246,,,0,,0,0,0,0,0,0,0,0,0,0,0,0,0,0,PT170,1110,,
120273,120273,120273,"R Francisco José Vitorino 6",,,38.709458,-9.243273,,,0,,0,0,0,0,0,0,0,0,0,0,0,0,0,0,PT170,1110,,
120275,120275,120275,"Av Forte (Proteção Civil)",,,38.7199926143512,-9.23473172821105,,,0,,0,0,0,0,0,0,0,0,0,0,0,0,0,0,PT170,1110,,
120276,120276,120276,"Av Forte (Proteção Civil)",,,38.7202309537679,-9.23488679341972,,,0,,0,0,0,0,0,0,0,0,0,0,0,0,0,0,PT170,1110,,
120277,120277,120277,"Av Portugal 44",,,38.7262084661052,-9.24354873597622,,,0,,0,0,0,0,0,0,0,0,0,0,0,0,0,0,PT170,1110,,
120279,120279,120279,"R 5 Outubro 13 (Lgo Pátria Nova)",,,38.72538842996557,-9.246042855083942,,,0,,0,0,0,0,0,0,0,0,0,0,0,0,0,0,PT170,1110,,
120281,120281,120281,"R 5 Outubro 2",,,38.72510092064537,-9.249095460399984,,,0,,0,0,0,0,0,0,0,0,0,0,0,0,0,0,PT170,1110,,
120283,120283,120283,"Av Tomás Ribeiro 81",,,38.723185909912,-9.24844670109451,,,0,,0,0,0,0,0,0,0,0,0,0,0,0,0,0,PT170,1110,,
120284,120284,120284,"Av Tomás Ribeiro 81A",,,38.72305830525782,-9.248548122122884,,,0,,0,0,0,0,0,0,0,0,0,0,0,0,0,0,PT170,1110,,
120285,120285,120285,"Av Tomás Ribeiro (X) Sant N Sra Rocha",,,38.720735,-9.250854,,,0,,0,0,0,0,0,0,0,0,0,0,0,0,0,0,PT170,1110,,
120286,120286,120286,"Av Tomás Ribeiro (X) Sant N Sra Rocha",,,38.720707,-9.250737,,,0,,0,0,0,0,0,0,0,0,0,0,0,0,0,0,PT170,1110,,
120287,120287,120287,"Av Tomás Ribeiro 82",,,38.71754275453722,-9.25231813453138,,,0,,0,0,0,0,0,0,0,0,0,0,0,0,0,0,PT170,1110,,
120288,120288,120288,"Av Tomás Ribeiro 82",,,38.71743161977447,-9.252298353239894,,,0,,0,0,0,0,0,0,0,0,0,0,0,0,0,0,PT170,1110,,
120289,120289,120289,"Av Tomás Ribeiro (X) Tv Godinho",,,38.71599965075338,-9.254040196537971,,,0,,0,0,0,0,0,0,0,0,0,0,0,0,0,0,PT170,1110,,
120290,120290,120290,"Av Tomás Ribeiro (X) Tv Godinho",,,38.71603666465551,-9.253847328945994,,,0,,0,0,0,0,0,0,0,0,0,0,0,0,0,0,PT170,1110,,
120291,120291,120291,"Av Tomás Ribeiro (X) Visconde m rey",,,38.71480063070316,-9.25622477196157,,,0,,0,0,0,0,0,0,0,0,0,0,0,0,0,0,PT170,1110,,
120292,120292,120292,"Av Tomás Ribeiro (X) Beco dos Mouros",,,38.714592973951056,-9.256517635658383,,,0,,0,0,0,0,0,0,0,0,0,0,0,0,0,0,PT170,1110,,
120293,120293,120293,"Av Tomás Ribeiro (Rot Queijas)",,,38.71561954392809,-9.26278411410749,,,0,,0,0,0,0,0,0,0,0,0,0,0,0,0,0,PT170,1110,,
120295,120295,120295,"R João XXI 10",,,38.717597,-9.263256,,,0,,0,0,0,0,0,0,0,0,0,0,0,0,0,0,PT170,1110,,
120296,120296,120296,"R João XXI 1",,,38.71753720461291,-9.263399261981249,,,0,,0,0,0,0,0,0,0,0,0,0,0,0,0,0,PT170,1110,,
120297,120297,120297,"R João XXI (Igreja)",,,38.719079,-9.263025,,,0,,0,0,0,0,0,0,0,0,0,0,0,0,0,0,PT170,1110,,
120299,120299,120299,"R Mouzinho Silveira 25",,,38.722013,-9.263508,,,0,,0,0,0,0,0,0,0,0,0,0,0,0,0,0,PT170,1110,,
120303,120303,120303,"R Açores 32",,,38.72327,-9.266329,,,0,,0,0,0,0,0,0,0,0,0,0,0,0,0,0,PT170,1110,,
120305,120305,120305,"R Angra Heroísmo (Escadinhas)",,,38.72174660494152,-9.26648556254804,,,0,,0,0,0,0,0,0,0,0,0,0,0,0,0,0,PT170,1110,,
120306,120306,120306,"R Angra Heroísmo (Fte Escadinhas)",,,38.721833,-9.266452,,,0,,0,0,0,0,0,0,0,0,0,0,0,0,0,0,PT170,1110,,
120307,120307,120307,"R Qta Bonfim (X) R Marquez Sá Bandeira",,,38.72042682422674,-9.265801515430212,,,0,,0,0,0,0,0,0,0,0,0,0,0,0,0,0,PT170,1110,,
120308,120308,120308,"R Qta Bonfim (X) Marquez Sá Bandeira",,,38.72068045563528,-9.265867207175608,,,0,,0,0,0,0,0,0,0,0,0,0,0,0,0,0,PT170,1110,,
120309,120309,120309,"Queijas (PSP)",,,38.72051051421854,-9.263771083205938,,,0,,0,0,0,0,0,0,0,0,0,0,0,0,0,0,PT170,1110,,
120310,120310,120310,"R Marques Sá Bandeira (Fte PSP)",,,38.720572,-9.264379,,,0,,0,0,0,0,0,0,0,0,0,0,0,0,0,0,PT170,1110,,
120313,120313,120313,"R João XXI (Igreja)",,,38.7188022164628,-9.26313070580363,,,0,,0,0,0,0,0,0,0,0,0,0,0,0,0,0,PT170,1110,,
120315,120315,120315,"Av Tomás Ribeiro (Rot Queijas)",,,38.71539939534115,-9.262514300644398,,,0,,0,0,0,0,0,0,0,0,0,0,0,0,0,0,PT170,1110,,
120317,120317,120317,"Av Tomás Ribeiro (Tv Escadinhas)",,,38.72438617563155,-9.24661248922348,,,0,,0,0,0,0,0,0,0,0,0,0,0,0,0,0,PT170,1110,,
120319,120319,120319,"Av 25 de Abril 34",,,38.714259,-9.24341,,,0,,0,0,0,0,0,0,0,0,0,0,0,0,0,0,PT170,1110,,
120321,120321,120321,"R Francisco José Vitorino 1A",,,38.709638,-9.242775,,,0,,0,0,0,0,0,0,0,0,0,0,0,0,0,0,PT170,1110,,
120323,120323,120323,"Algés (Junça)",,,38.705134,-9.238704,,,0,,0,0,0,0,0,0,0,0,0,0,0,0,0,0,PT170,1110,,
120325,120325,120325,"Algés (Estação) P12",,,38.699316,-9.227629,,,0,,0,0,0,0,0,0,0,0,0,0,0,0,0,0,PT170,1110,,
120327,120327,120327,"R Damião de Gois 36A",,,38.699541,-9.228383,,,0,,0,0,0,0,0,0,0,0,0,0,0,0,0,0,PT170,1110,,
120328,120328,120328,"R Damião de Gois 39",,,38.699378889364425,-9.22861125276915,,,0,,0,0,0,0,0,0,0,0,0,0,0,0,0,0,PT170,1110,,
120329,120329,120329,"R Sacadura Cabral Fte 1",,,38.7002373067662,-9.24068665131927,,,0,,0,0,0,0,0,0,0,0,0,0,0,0,0,0,PT170,1110,,
120331,120331,120331,"Av Pierre Coubertin",,,38.702323,-9.255614,,,0,,0,0,0,0,0,0,0,0,0,0,0,0,0,0,PT170,1110,,
120333,120333,120333,"Alto Boa Viagem (Posto Combust)",,,38.7033159798011,-9.26106590777636,,,0,,0,0,0,0,0,0,0,0,0,0,0,0,0,0,PT170,1110,,
120334,120334,120334,"Alto Boa Viagem (Posto Combust)",,,38.703105552122,-9.26112290471792,,,0,,0,0,0,0,0,0,0,0,0,0,0,0,0,0,PT170,1110,,
120335,120335,120335,"Estádio Nacional (Tribuna do Estádio)",,,38.7087782418199,-9.263862194493411,,,0,,0,0,0,0,0,0,0,0,0,0,0,0,0,0,PT170,1110,,
120337,120337,120337,"Estádio Nacional",,,38.7096257088706,-9.25886817276478,,,0,,0,0,0,0,0,0,0,0,0,0,0,0,0,0,PT170,1110,,
120339,120339,120339,"Algés (Estação) P1",,,38.6987763829529,-9.22759789042175,,,0,,0,0,0,0,0,0,0,0,0,0,0,0,0,0,PT170,1110,,
120340,120340,120340,"Algés (Estação) P4",,,38.69873849249628,-9.227495442373565,,,0,,0,0,0,0,0,0,0,0,0,0,0,0,0,0,PT170,1110,,
120341,120341,120341,"Pça Dr Manuel Martins (Merc Algés)",,,38.701263,-9.22688,,,0,,0,0,0,0,0,0,0,0,0,0,0,0,0,0,PT170,1110,,
120343,120343,120343,"Av Bomb Voluntários Algés 26",,,38.703227,-9.227107,,,0,,0,0,0,0,0,0,0,0,0,0,0,0,0,0,PT170,1110,,
120344,120344,120344,"Av Bomb Voluntários Algés 31",,,38.703295,-9.227346,,,0,,0,0,0,0,0,0,0,0,0,0,0,0,0,0,PT170,1110,,
120345,120345,120345,"Av Gen Norton Matos (PSP)",,,38.711463,-9.225661,,,0,,0,0,0,0,0,0,0,0,0,0,0,0,0,0,PT170,1110,,
120347,120347,120347,"Miraflores (Clínica)",,,38.713219,-9.225085,,,0,,0,0,0,0,0,0,0,0,0,0,0,0,0,0,PT170,1110,,
120348,120348,120348,"Av Gen Norton Matos - Clínica",,,38.713272,-9.225286,,,0,,0,0,0,0,0,0,0,0,0,0,0,0,0,0,PT170,1110,,
120349,120349,120349,"Al Fernão Lopes 16",,,38.7144334847108,-9.22688844613731,,,0,,0,0,0,0,0,0,0,0,0,0,0,0,0,0,PT170,1110,,
120351,120351,120351,"Av Tulipas 24 (Piscina)",,,38.7124166666667,-9.22758333333333,,,0,,0,0,0,0,0,0,0,0,0,0,0,0,0,0,PT170,1110,,
120352,120352,120352,"Av Tulipas 24 (Piscina)",,,38.71249843031632,-9.227388309192657,,,0,,0,0,0,0,0,0,0,0,0,0,0,0,0,0,PT170,1110,,
120353,120353,120353,"Av Carolina Michaellis (Esc Cond)",,,38.7123084207997,-9.23366932198405,,,0,,0,0,0,0,0,0,0,0,0,0,0,0,0,0,PT170,1110,,
120354,120354,120354,"Av Carolina Michaellis (Esc Cond)",,,38.7122850771993,-9.23322114162147,,,0,,0,0,0,0,0,0,0,0,0,0,0,0,0,0,PT170,1110,,
120355,120355,120355,"Av Carolina Michaellis (Esc Secund)",,,38.71206485948468,-9.235765133053064,,,0,,0,0,0,0,0,0,0,0,0,0,0,0,0,0,PT170,1110,,
120356,120356,120356,"Linda-a-velha (Esc Secundária)",,,38.711926786655205,-9.235677877441049,,,0,,0,0,0,0,0,0,0,0,0,0,0,0,0,0,PT170,1110,,
120357,120357,120357,"Av Carolina Michaellis 20B",,,38.7128414260224,-9.23708184622228,,,0,,0,0,0,0,0,0,0,0,0,0,0,0,0,0,PT170,1110,,
120358,120358,120358,"Av Carolina Michaellis 3",,,38.7125501548871,-9.23712442629039,,,0,,0,0,0,0,0,0,0,0,0,0,0,0,0,0,PT170,1110,,
120359,120359,120359,"Al António Sérgio 82B",,,38.7167983129621,-9.23729390837252,,,0,,0,0,0,0,0,0,0,0,0,0,0,0,0,0,PT170,1110,,
120361,120361,120361,"Carnaxide (Av Portugal)",,,38.7265562312678,-9.24440712668002,,,0,,0,0,0,0,0,0,0,0,0,0,0,0,0,0,PT170,1110,,
120363,120363,120363,"Estr Queluz (Qta Gandarela)",,,38.72519555665176,-9.253235198557377,,,0,,0,0,0,0,0,0,0,0,0,0,0,0,0,0,PT170,1110,,
120364,120364,120364,"Estr Queluz (Qta Gandarela)",,,38.72509036404248,-9.253155821934342,,,0,,0,0,0,0,0,0,0,0,0,0,0,0,0,0,PT170,1110,,
120365,120365,120365,"Estr Queluz 95",,,38.73078236367802,-9.258439689874647,,,0,,0,0,0,0,0,0,0,0,0,0,0,0,0,0,PT170,1110,,
120366,120366,120366,"Estr Queluz 91",,,38.730865018423344,-9.258652171120048,,,0,,0,0,0,0,0,0,0,0,0,0,0,0,0,0,PT170,1110,,
120367,120367,120367,"Estr Queluz",,,38.733308,-9.259666,,,0,,0,0,0,0,0,0,0,0,0,0,0,0,0,0,PT170,1110,,
120368,120368,120368,"Estr Queluz X R Ant Rodrigues",,,38.733416,-9.259788,,,0,,0,0,0,0,0,0,0,0,0,0,0,0,0,0,PT170,1110,,
120369,120369,120369,"Valejas (X) Estr Milit",,,38.736519,-9.259814,,,0,,0,0,0,0,0,0,0,0,0,0,0,0,0,0,PT170,1110,,
120370,120370,120370,"Valejas (X) Estr Milit",,,38.736334,-9.259813,,,0,,0,0,0,0,0,0,0,0,0,0,0,0,0,0,PT170,1110,,
120371,120371,120371,"Estr Militar (Casal Martins)",,,38.7376689165831,-9.26361761055887,,,0,,0,0,0,0,0,0,0,0,0,0,0,0,0,0,PT170,1110,,
120372,120372,120372,"Estr Militar (Casal Martins)",,,38.7374120950699,-9.2634089011699,,,0,,0,0,0,0,0,0,0,0,0,0,0,0,0,0,PT170,1110,,
120373,120373,120373,"Estr Militar 1",,,38.734968891217385,-9.264763165265322,,,0,,0,0,0,0,0,0,0,0,0,0,0,0,0,0,PT170,1110,,
120374,120374,120374,"Estr Militar 1",,,38.7348851189017,-9.26510824821889,,,0,,0,0,0,0,0,0,0,0,0,0,0,0,0,0,PT170,1110,,
120375,120375,120375,"Valejas Cima",,,38.7355349259451,-9.26731746643782,,,0,,0,0,0,0,0,0,0,0,0,0,0,0,0,0,PT170,1110,,
120376,120376,120376,"Valejas Cima",,,38.7355440622196,-9.2674199771136,,,0,,0,0,0,0,0,0,0,0,0,0,0,0,0,0,PT170,1110,,
120377,120377,120377,"R Trabalho (Fábricas)",,,38.73822,-9.269267,,,0,,0,0,0,0,0,0,0,0,0,0,0,0,0,0,PT170,1110,,
120379,120379,120379,"R Mário Castelhano 40",,,38.740304,-9.268346,,,0,,0,0,0,0,0,0,0,0,0,0,0,0,0,0,PT170,1110,,
120381,120381,120381,"R Mario Castelhano (Consiglieri Park)",,,38.741741,-9.26927,,,0,,0,0,0,0,0,0,0,0,0,0,0,0,0,0,PT170,1110,,
120383,120383,120383,"Estr Consiglieri Pedroso 69",,,38.742764,-9.267929,,,0,,0,0,0,0,0,0,0,0,0,0,0,0,0,0,PT170,1110,,
120384,120384,120384,"Estr Consiglieri Pedroso 69",,,38.742921,-9.268002,,,0,,0,0,0,0,0,0,0,0,0,0,0,0,0,0,PT170,1110,,
120385,120385,120385,"Estrada Consiglieri Pedroso 47A",,,38.74446,-9.266581,,,0,,0,0,0,0,0,0,0,0,0,0,0,0,0,0,PT170,1110,,
120387,120387,120387,"Estr Consigl Pedroso 52",,,38.7443135026842,-9.26692611537874,,,0,,0,0,0,0,0,0,0,0,0,0,0,0,0,0,PT170,1110,,
120389,120389,120389,"Estr Consiglieri P (X) R M Castelhano",,,38.741884,-9.269407,,,0,,0,0,0,0,0,0,0,0,0,0,0,0,0,0,PT170,1110,,
120391,120391,120391,"Estr Palmeiras (X) Estr Consig Pedroso",,,38.740537,-9.271399,,,0,,0,0,0,0,0,0,0,0,0,0,0,0,0,0,PT170,1110,,
120393,120393,120393,"Estr Palmeiras 36",,,38.737897,-9.26956,,,0,,0,0,0,0,0,0,0,0,0,0,0,0,0,0,PT170,1110,,
120395,120395,120395,"Estr Desvio 20",,,38.724601,-9.24977,,,0,,0,0,0,0,0,0,0,0,0,0,0,0,0,0,PT170,1110,,
120397,120397,120397,"Al António Sérgio 81",,,38.7164426688105,-9.23736716620624,,,0,,0,0,0,0,0,0,0,0,0,0,0,0,0,0,PT170,1110,,
120399,120399,120399,"Av Gen Norton Matos (Rot Miraflores)",,,38.711086,-9.226194,,,0,,0,0,0,0,0,0,0,0,0,0,0,0,0,0,PT170,1110,,
120401,120401,120401,"Av Bomb Voluntários (Mercado Algés)",,,38.70083103437863,-9.227939452975988,,,0,,0,0,0,0,0,0,0,0,0,0,0,0,0,0,PT170,1110,,
120403,120403,120403,"Queluz de Baixo",,,38.744686,-9.266123,,,0,,0,0,0,0,0,0,0,0,0,0,0,0,0,0,PT170,1110,,
120405,120405,120405,"Estr Militar 73",,,38.7355757458135,-9.26799430511892,,,0,,0,0,0,0,0,0,0,0,0,0,0,0,0,0,PT170,1110,,
120406,120406,120406,"Estr Militar (Fte Estudios)",,,38.7333171581849,-9.27012012340128,,,0,,0,0,0,0,0,0,0,0,0,0,0,0,0,0,PT170,1110,,
120407,120407,120407,"Estr Militar (Viv GNR)",,,38.7312094867229,-9.27226765081286,,,0,,0,0,0,0,0,0,0,0,0,0,0,0,0,0,PT170,1110,,
120408,120408,120408,"Estr Militar (Viv GNR)",,,38.7311801081523,-9.27216514013708,,,0,,0,0,0,0,0,0,0,0,0,0,0,0,0,0,PT170,1110,,
120411,120411,120411,"R Ilha S Jorge 4 (C Lameiro)",,,38.7222571950406,-9.26717287860811,,,0,,0,0,0,0,0,0,0,0,0,0,0,0,0,0,PT170,1110,,
120412,120412,120412,"R Ilha S Jorge Fte 8 (C Lameiro)",,,38.72217279583696,-9.267773030757905,,,0,,0,0,0,0,0,0,0,0,0,0,0,0,0,0,PT170,1110,,
120413,120413,120413,"Estr Militar 75",,,38.7354368157685,-9.26791593432426,,,0,,0,0,0,0,0,0,0,0,0,0,0,0,0,0,PT170,1110,,
120414,120414,120414,"Estr Palmeiras (Fábricas)",,,38.737322,-9.269045,,,0,,0,0,0,0,0,0,0,0,0,0,0,0,0,0,PT170,1110,,
120415,120415,120415,"Carnaxide (Centro Cívico)",,,38.725827,-9.241155,,,0,,0,0,0,0,0,0,0,0,0,0,0,0,0,0,PT170,1110,,
120417,120417,120417,"Estr Outurela 164",,,38.724651,-9.242743,,,0,,0,0,0,0,0,0,0,0,0,0,0,0,0,0,PT170,1110,,
120423,120423,120423,"Av Portugal (X) R B Ferreira Torrão",,,38.728132360071896,-9.246583333333335,,,0,,0,0,0,0,0,0,0,0,0,0,0,0,0,0,PT170,1110,,
120424,120424,120424,"Av Portugal (X) R B Ferreira Torrão",,,38.7280666666667,-9.2465,,,0,,0,0,0,0,0,0,0,0,0,0,0,0,0,0,PT170,1110,,
120427,120427,120427,"R Quinta da Gandarela 22",,,38.724916,-9.254222,,,0,,0,0,0,0,0,0,0,0,0,0,0,0,0,0,PT170,1110,,
120429,120429,120429,"R Quinta da Gandarela 66",,,38.723999,-9.253475,,,0,,0,0,0,0,0,0,0,0,0,0,0,0,0,0,PT170,1110,,
120431,120431,120431,"Carnaxide (C Branca)",,,38.723774,-9.247636,,,0,,0,0,0,0,0,0,0,0,0,0,0,0,0,0,PT170,1110,,
120433,120433,120433,"Estr da Outurela (CTT / PSP)",,,38.724606747084586,-9.242428131104033,,,0,,0,0,0,0,0,0,0,0,0,0,0,0,0,0,PT170,1110,,
120435,120435,120435,"Estr da Outurela 135 / Escadaria",,,38.725331,-9.239137,,,0,,0,0,0,0,0,0,0,0,0,0,0,0,0,0,PT170,1110,,
120437,120437,120437,"Estr Outurela (Mercado Municipal)",,,38.725224,-9.236951,,,0,,0,0,0,0,0,0,0,0,0,0,0,0,0,0,PT170,1110,,
120438,120438,120438,"Estr da Outurela / Merc Municipal",,,38.72525963735582,-9.236331777944573,,,0,,0,0,0,0,0,0,0,0,0,0,0,0,0,0,PT170,1110,,
120439,120439,120439,"R Fernando de Almeida 5",,,38.7179,-9.23059,,,0,,0,0,0,0,0,0,0,0,0,0,0,0,0,0,PT170,1110,,
120441,120441,120441,"R João Pedro de Andrade 5A",,,38.721569,-9.226396,,,0,,0,0,0,0,0,0,0,0,0,0,0,0,0,0,PT170,1110,,
120443,120443,120443,"Estrada da Portela N10 (Carnaxide)",,,38.7215,-9.22207,,,0,,0,0,0,0,0,0,0,0,0,0,0,0,0,0,PT170,1110,,
120445,120445,120445,"R Ferreira Lapa 1",,,38.723,-9.22082,,,0,,0,0,0,0,0,0,0,0,0,0,0,0,0,0,PT170,1110,,
120447,120447,120447,"R Ferreira Lapa 2",,,38.723466,-9.219554,,,0,,0,0,0,0,0,0,0,0,0,0,0,0,0,0,PT170,1110,,
120449,120449,120449,"R Qta Pinheiro (Fte X) R Alto Montijo",,,38.7243,-9.21779,,,0,,0,0,0,0,0,0,0,0,0,0,0,0,0,0,PT170,1110,,
120453,120453,120453,"R Ant Navarro (X) R Ant Gomes Leal",,,38.723532,-9.22233,,,0,,0,0,0,0,0,0,0,0,0,0,0,0,0,0,PT170,1110,,
120455,120455,120455,"R A Navarro - Igreja N Sra Conceição",,,38.724049,-9.224262,,,0,,0,0,0,0,0,0,0,0,0,0,0,0,0,0,PT170,1110,,
120457,120457,120457,"Outurela (Bairro 18 Maio)",,,38.7248,-9.22694,,,0,,0,0,0,0,0,0,0,0,0,0,0,0,0,0,PT170,1110,,
120459,120459,120459,"Outurela",,,38.7241,-9.22857,,,0,,0,0,0,0,0,0,0,0,0,0,0,0,0,0,PT170,1110,,
120461,120461,120461,"Estr Outurela (Parque Holanda)",,,38.7245001085103,-9.23148030415177,,,0,,0,0,0,0,0,0,0,0,0,0,0,0,0,0,PT170,1110,,
120462,120462,120462,"Estr Outurela (Parque Holanda)",,,38.7243717396632,-9.23125717788935,,,0,,0,0,0,0,0,0,0,0,0,0,0,0,0,0,PT170,1110,,
120473,120473,120473,"R Manuel Teixeira Gomes 23A",,,38.7281765788794,-9.23847843892872,,,0,,0,0,0,0,0,0,0,0,0,0,0,0,0,0,PT170,1110,,
120474,120474,120474,"R M Teixeira Gomes (C Saúde)",,,38.727798,-9.238717,,,0,,0,0,0,0,0,0,0,0,0,0,0,0,0,0,PT170,1110,,
120475,120475,120475,"R 25 de Abril",,,38.727677,-9.243195,,,0,,0,0,0,0,0,0,0,0,0,0,0,0,0,0,PT170,1110,,
120476,120476,120476,"R 25 de Abril",,,38.727786,-9.243241,,,0,,0,0,0,0,0,0,0,0,0,0,0,0,0,0,PT170,1110,,
120479,120479,120479,"R 25 de Abril",,,38.726718,-9.240734,,,0,,0,0,0,0,0,0,0,0,0,0,0,0,0,0,PT170,1110,,
120481,120481,120481,"R Cesário Verde",,,38.726941,-9.242331,,,0,,0,0,0,0,0,0,0,0,0,0,0,0,0,0,PT170,1110,,
120483,120483,120483,"Estr da Outurela 135 / Escadaria",,,38.7255,-9.23904,,,0,,0,0,0,0,0,0,0,0,0,0,0,0,0,0,PT170,1110,,
120485,120485,120485,"R Cesário Verde (X) R C Lobo Oliveira",,,38.717921,-9.254864,,,0,,0,0,0,0,0,0,0,0,0,0,0,0,0,0,PT170,1110,,
120487,120487,120487,"R Cesário Verde 40",,,38.72009,-9.253599,,,0,,0,0,0,0,0,0,0,0,0,0,0,0,0,0,PT170,1110,,
120489,120489,120489,"R Cesário Verde 75",,,38.720144,-9.255674,,,0,,0,0,0,0,0,0,0,0,0,0,0,0,0,0,PT170,1110,,
120491,120491,120491,"R Ant Lopes Ribeiro (Farmácia)",,,38.719521,-9.257474,,,0,,0,0,0,0,0,0,0,0,0,0,0,0,0,0,PT170,1110,,
120494,120494,120494,"Queijas (Escola)",,,38.71960291576119,-9.25809617096583,,,0,,0,0,0,0,0,0,0,0,0,0,0,0,0,0,PT170,1110,,
120501,120501,120501,"R António Maria Costa Macedo 27",,,38.720637,-9.261232,,,0,,0,0,0,0,0,0,0,0,0,0,0,0,0,0,PT170,1110,,
120502,120502,120502,"R António Maria Costa Macedo 27",,,38.720811,-9.26148,,,0,,0,0,0,0,0,0,0,0,0,0,0,0,0,0,PT170,1110,,
120503,120503,120503,"Alameda de Queijas 1",,,38.7223,-9.26034,,,0,,0,0,0,0,0,0,0,0,0,0,0,0,0,0,PT170,1110,,
120504,120504,120504,"Alameda de Queijas 1",,,38.7223,-9.26038,,,0,,0,0,0,0,0,0,0,0,0,0,0,0,0,0,PT170,1110,,
120505,120505,120505,"R São Romão",,,38.724324,-9.262336,,,0,,0,0,0,0,0,0,0,0,0,0,0,0,0,0,PT170,1110,,
120506,120506,120506,"R São Romão",,,38.724125,-9.26228,,,0,,0,0,0,0,0,0,0,0,0,0,0,0,0,0,PT170,1110,,
120520,120520,120520,"Massamá - Barcarena (Estação Sul)",,,38.75134981905379,-9.283943431528687,,,0,,0,0,0,0,0,0,0,0,0,0,0,0,0,0,PT170,1110,,
120521,120521,120521,"Av Infante D Henrique 135",,,38.75005,-9.28145,,,0,,0,0,0,0,0,0,0,0,0,0,0,0,0,0,PT170,1110,,
120522,120522,120522,"Av Infante D Henrique 135",,,38.75015,-9.2812,,,0,,0,0,0,0,0,0,0,0,0,0,0,0,0,0,PT170,1110,,
120523,120523,120523,"Av Infante dom Henrique 42",,,38.748371,-9.282374,,,0,,0,0,0,0,0,0,0,0,0,0,0,0,0,0,PT170,1110,,
120524,120524,120524,"Av Infante dom Henrique 42",,,38.748494,-9.282541,,,0,,0,0,0,0,0,0,0,0,0,0,0,0,0,0,PT170,1110,,
120525,120525,120525,"Av Sto António de Tercena",,,38.747427,-9.281937,,,0,,0,0,0,0,0,0,0,0,0,0,0,0,0,0,PT170,1110,,
120526,120526,120526,"Av Sto António de Tercena",,,38.747418,-9.281772,,,0,,0,0,0,0,0,0,0,0,0,0,0,0,0,0,PT170,1110,,
120529,120529,120529,"R António Quadros Fte 8",,,38.74453299870675,-9.280012826778457,,,0,,0,0,0,0,0,0,0,0,0,0,0,0,0,0,PT170,1110,,
120530,120530,120530,"R António Quadros Fte 8",,,38.74498179542903,-9.279979171868185,,,0,,0,0,0,0,0,0,0,0,0,0,0,0,0,0,PT170,1110,,
120531,120531,120531,"Estr Cruz Cavalinhos 28",,,38.7420689128339,-9.27723778411746,,,0,,0,0,0,0,0,0,0,0,0,0,0,0,0,0,PT170,1110,,
120532,120532,120532,"Estr Cruz Cavalinhos 30",,,38.742239,-9.277282,,,0,,0,0,0,0,0,0,0,0,0,0,0,0,0,0,PT170,1110,,
120533,120533,120533,"Estr Consigl Pedroso 123",,,38.740268,-9.272985,,,0,,0,0,0,0,0,0,0,0,0,0,0,0,0,0,PT170,1110,,
120534,120534,120534,"Estr Consigl Pedroso 123",,,38.740227,-9.273357,,,0,,0,0,0,0,0,0,0,0,0,0,0,0,0,0,PT170,1110,,
120535,120535,120535,"Estr Consiglieri Pedroso 81",,,38.741636,-9.26971,,,0,,0,0,0,0,0,0,0,0,0,0,0,0,0,0,PT170,1110,,
120536,120536,120536,"Avenida do Forte (Parque Suécia)",,,38.721098,-9.23462,,,0,,0,0,0,0,0,0,0,0,0,0,0,0,0,0,PT170,1110,,
120541,120541,120541,"R Roberto Ivens",,,38.722063,-9.264568,,,0,,0,0,0,0,0,0,0,0,0,0,0,0,0,0,PT170,1110,,
120543,120543,120543,"R Mouzinho Silveira (X) Açores",,,38.7235,-9.263616,,,0,,0,0,0,0,0,0,0,0,0,0,0,0,0,0,PT170,1110,,
120545,120545,120545,"R J Iteperano Duarte 16",,,38.72005,-9.260361,,,0,,0,0,0,0,0,0,0,0,0,0,0,0,0,0,PT170,1110,,
120546,120546,120546,"R J Iteperano Duarte 11",,,38.720122,-9.260461,,,0,,0,0,0,0,0,0,0,0,0,0,0,0,0,0,PT170,1110,,
120547,120547,120547,"R Camilo C Branco (X) R Fel Castilho",,,38.7162,-9.25917,,,0,,0,0,0,0,0,0,0,0,0,0,0,0,0,0,PT170,1110,,
120548,120548,120548,"R Camilo C Branco (X) R Fel Castilho",,,38.716143,-9.258976,,,0,,0,0,0,0,0,0,0,0,0,0,0,0,0,0,PT170,1110,,
120549,120549,120549,"R Camilo C Branco (X) Rua Alves Crespo",,,38.7159,-9.26181,,,0,,0,0,0,0,0,0,0,0,0,0,0,0,0,0,PT170,1110,,
120553,120553,120553,"Barcarena (Cemitério)",,,38.73020012931289,-9.2765087261796,,,0,,0,0,0,0,0,0,0,0,0,0,0,0,0,0,PT170,1110,,
120554,120554,120554,"Barcarena (Cemitério)",,,38.7300001876429,-9.27649372257292,,,0,,0,0,0,0,0,0,0,0,0,0,0,0,0,0,PT170,1110,,
120555,120555,120555,"Barcarena (Bombeiros)",,,38.73176983024032,-9.27814998663962,,,0,,0,0,0,0,0,0,0,0,0,0,0,0,0,0,PT170,1110,,
120556,120556,120556,"Barcarena (Bombeiros)",,,38.731735,-9.278317,,,0,,0,0,0,0,0,0,0,0,0,0,0,0,0,0,PT170,1110,,
120557,120557,120557,"Barcarena (Rotunda)",,,38.732664,-9.280044,,,0,,0,0,0,0,0,0,0,0,0,0,0,0,0,0,PT170,1110,,
120558,120558,120558,"R Fernel Duarte 25",,,38.73254,-9.280117,,,0,,0,0,0,0,0,0,0,0,0,0,0,0,0,0,PT170,1110,,
120559,120559,120559,"Barcarena (Ponte)",,,38.7328874180093,-9.28071619011462,,,0,,0,0,0,0,0,0,0,0,0,0,0,0,0,0,PT170,1110,,
120560,120560,120560,"Barcarena (Ponte)",,,38.73231080227566,-9.281064625829458,,,0,,0,0,0,0,0,0,0,0,0,0,0,0,0,0,PT170,1110,,
120561,120561,120561,"R Dom Manuel I 41",,,38.732596,-9.282921,,,0,,0,0,0,0,0,0,0,0,0,0,0,0,0,0,PT170,1110,,
120562,120562,120562,"R Dom Manuel I 41",,,38.732557,-9.282989,,,0,,0,0,0,0,0,0,0,0,0,0,0,0,0,0,PT170,1110,,
120563,120563,120563,"R Dom Manuel I 38",,,38.7321,-9.28462,,,0,,0,0,0,0,0,0,0,0,0,0,0,0,0,0,PT170,1110,,
120564,120564,120564,"R Dom Manuel I 38",,,38.7321,-9.28457,,,0,,0,0,0,0,0,0,0,0,0,0,0,0,0,0,PT170,1110,,
120565,120565,120565,"R Tomás Leal da Câmara 8",,,38.729824,-9.285242,,,0,,0,0,0,0,0,0,0,0,0,0,0,0,0,0,PT170,1110,,
120566,120566,120566,"R Tomás Leal da Câmara 8",,,38.72999,-9.285146,,,0,,0,0,0,0,0,0,0,0,0,0,0,0,0,0,PT170,1110,,
120567,120567,120567,"Leceia (Rotunda Idade Cobre)",,,38.728437,-9.285651,,,0,,0,0,0,0,0,0,0,0,0,0,0,0,0,0,PT170,1110,,
120568,120568,120568,"Leceia (Mercado)",,,38.728201,-9.285766,,,0,,0,0,0,0,0,0,0,0,0,0,0,0,0,0,PT170,1110,,
120569,120569,120569,"Leceia (Sociedade)",,,38.7277,-9.28528,,,0,,0,0,0,0,0,0,0,0,0,0,0,0,0,0,PT170,1110,,
120570,120570,120570,"Leceia (Sociedade)",,,38.72772791389611,-9.28531834452198,,,0,,0,0,0,0,0,0,0,0,0,0,0,0,0,0,PT170,1110,,
120571,120571,120571,"Igreja Nossa Senhora da Piedade",,,38.7279,-9.28452,,,0,,0,0,0,0,0,0,0,0,0,0,0,0,0,0,PT170,1110,,
120572,120572,120572,"Igreja Nossa Senhora da Piedade",,,38.7279,-9.28448,,,0,,0,0,0,0,0,0,0,0,0,0,0,0,0,0,PT170,1110,,
120573,120573,120573,"R Moinho",,,38.7269,-9.28496,,,0,,0,0,0,0,0,0,0,0,0,0,0,0,0,0,PT170,1110,,
120574,120574,120574,"R Moinho",,,38.726790601734905,-9.28488085716404,,,0,,0,0,0,0,0,0,0,0,0,0,0,0,0,0,PT170,1110,,
120575,120575,120575,"Estr Leceia (Fte X) Caminho Serra",,,38.73067698383178,-9.288437930059432,,,0,,0,0,0,0,0,0,0,0,0,0,0,0,0,0,PT170,1110,,
120576,120576,120576,"Estr Leceia (Fte X) Caminho Serra",,,38.7305666666667,-9.28841666666667,,,0,,0,0,0,0,0,0,0,0,0,0,0,0,0,0,PT170,1110,,
120577,120577,120577,"Estr Caminho da Serra (Simas)",,,38.7347,-9.28898,,,0,,0,0,0,0,0,0,0,0,0,0,0,0,0,0,PT170,1110,,
120578,120578,120578,"Estr Caminho da Serra (Simas)",,,38.7347,-9.28901,,,0,,0,0,0,0,0,0,0,0,0,0,0,0,0,0,PT170,1110,,
120579,120579,120579,"R Coop Pessoal Fábrica Pólvora",,,38.74304813614804,-9.291938965880584,,,0,,0,0,0,0,0,0,0,0,0,0,0,0,0,0,PT170,1110,,
120580,120580,120580,"R Coop Pessoal Fábrica Pólvora",,,38.74317061077565,-9.292146196271426,,,0,,0,0,0,0,0,0,0,0,0,0,0,0,0,0,PT170,1110,,
120581,120581,120581,"R Azenhas 23E",,,38.74017508340097,-9.289168323760316,,,0,,0,0,0,0,0,0,0,0,0,0,0,0,0,0,PT170,1110,,
120582,120582,120582,"Oeiras Golf Residence (Rotunda)",,,38.7401626585051,-9.28907001391053,,,0,,0,0,0,0,0,0,0,0,0,0,0,0,0,0,PT170,1110,,
120583,120583,120583,"Barcarena (Fábrica Pólvora Acesso Sul)",,,38.740339,-9.285505,,,0,,0,0,0,0,0,0,0,0,0,0,0,0,0,0,PT170,1110,,
120585,120585,120585,"Estr Palmeiras (X) Estr Consig Pedroso",,,38.740948,-9.271523,,,0,,0,0,0,0,0,0,0,0,0,0,0,0,0,0,PT170,1110,,
120587,120587,120587,"Caxias (Estação)",,,38.6989333333333,-9.27403333333333,,,0,,0,0,0,0,0,0,0,0,0,0,0,0,0,0,PT170,1110,,
120589,120589,120589,"Av A Florêncio Santos (Jta Freguesia)",,,38.701376,-9.275794,,,0,,0,0,0,0,0,0,0,0,0,0,0,0,0,0,PT170,1110,,
120591,120591,120591,"Av Cons Ferreira Lobo 2A (CTT)",,,38.703735,-9.27466,,,0,,0,0,0,0,0,0,0,0,0,0,0,0,0,0,PT170,1110,,
120593,120593,120593,"Av Cons Ferreira Lobo 40",,,38.70678238288205,-9.2748595867306,,,0,,0,0,0,0,0,0,0,0,0,0,0,0,0,0,PT170,1110,,
120594,120594,120594,"Laveiras (Igreja)",,,38.7070089625195,-9.27503367885947,,,0,,0,0,0,0,0,0,0,0,0,0,0,0,0,0,PT170,1110,,
120595,120595,120595,"Laveiras (Coreto)",,,38.707784,-9.273801,,,0,,0,0,0,0,0,0,0,0,0,0,0,0,0,0,PT170,1110,,
120596,120596,120596,"Laveiras (Coreto)",,,38.7078702868894,-9.27371780388057,,,0,,0,0,0,0,0,0,0,0,0,0,0,0,0,0,PT170,1110,,
120597,120597,120597,"Av João Freitas Branco 24",,,38.7095701368526,-9.27245548926294,,,0,,0,0,0,0,0,0,0,0,0,0,0,0,0,0,PT170,1110,,
120598,120598,120598,"Av João Freitas Branco 23",,,38.7098091468215,-9.27249957807362,,,0,,0,0,0,0,0,0,0,0,0,0,0,0,0,0,PT170,1110,,
120599,120599,120599,"Av J Freitas Branco (Lgo Qta Jardim)",,,38.71109230408037,-9.271151265129449,,,0,,0,0,0,0,0,0,0,0,0,0,0,0,0,0,PT170,1110,,
120600,120600,120600,"Av J Freitas Branco (X) R Artur Rib",,,38.7107615824789,-9.27180186845362,,,0,,0,0,0,0,0,0,0,0,0,0,0,0,0,0,PT170,1110,,
120601,120601,120601,"R Tilias (X) al Sabugueiros",,,38.7110584275797,-9.26891807466745,,,0,,0,0,0,0,0,0,0,0,0,0,0,0,0,0,PT170,1110,,
120602,120602,120602,"R Tilias (X) Alam Sabugueiros",,,38.7110158056021,-9.2686274740845,,,0,,0,0,0,0,0,0,0,0,0,0,0,0,0,0,PT170,1110,,
120603,120603,120603,"Caxias (Cidade Futebol)",,,38.7074015289545,-9.26724378950894,,,0,,0,0,0,0,0,0,0,0,0,0,0,0,0,0,PT170,1110,,
120605,120605,120605,"Paço De Arcos (Estação Norte)",,,38.69873798111113,-9.291179990395904,,,0,,0,0,0,0,0,0,0,0,0,0,0,0,0,0,PT170,1110,,
120607,120607,120607,"Estr Paço Arcos (CC)",,,38.7008675001562,-9.29354921914637,,,0,,0,0,0,0,0,0,0,0,0,0,0,0,0,0,PT170,1110,,
120608,120608,120608,"Estr Paço Arcos (Lj Solid Seg Social)",,,38.7017360748723,-9.29409353993833,,,0,,0,0,0,0,0,0,0,0,0,0,0,0,0,0,PT170,1110,,
120609,120609,120609,"Estr Paço Arcos (Veolia)",,,38.7041983008385,-9.29506248794496,,,0,,0,0,0,0,0,0,0,0,0,0,0,0,0,0,PT170,1110,,
120610,120610,120610,"Estr Paço Arcos 42",,,38.7043058825657,-9.29516885429621,,,0,,0,0,0,0,0,0,0,0,0,0,0,0,0,0,PT170,1110,,
120611,120611,120611,"Estr Paço Arcos (Supermercado)",,,38.7059399764985,-9.29520380683243,,,0,,0,0,0,0,0,0,0,0,0,0,0,0,0,0,PT170,1110,,
120612,120612,120612,"Estr Paço Arcos (Supermercado)",,,38.7061,-9.29529,,,0,,0,0,0,0,0,0,0,0,0,0,0,0,0,0,PT170,1110,,
120613,120613,120613,"Paço Arcos (Alto Mocho)",,,38.7069427454844,-9.29610259830952,,,0,,0,0,0,0,0,0,0,0,0,0,0,0,0,0,PT170,1110,,
120614,120614,120614,"Paço Arcos (Alto Mocho)",,,38.7068665958941,-9.29602506570518,,,0,,0,0,0,0,0,0,0,0,0,0,0,0,0,0,PT170,1110,,
120615,120615,120615,"Av Fundadores 26",,,38.70553423365131,-9.297564653679729,,,0,,0,0,0,0,0,0,0,0,0,0,0,0,0,0,PT170,1110,,
120616,120616,120616,"Av Fundadores 26",,,38.7053708452731,-9.29753892123699,,,0,,0,0,0,0,0,0,0,0,0,0,0,0,0,0,PT170,1110,,
120617,120617,120617,"Av Fundadores (Ringue)",,,38.70362934610787,-9.299081610515714,,,0,,0,0,0,0,0,0,0,0,0,0,0,0,0,0,PT170,1110,,
120618,120618,120618,"Av Fundadores (Ringue)",,,38.7036341568455,-9.29896401241422,,,0,,0,0,0,0,0,0,0,0,0,0,0,0,0,0,PT170,1110,,
120619,120619,120619,"Av A Bern Cabral Macedo (Oeiras Parque)",,,38.704228894785,-9.30155720561743,,,0,,0,0,0,0,0,0,0,0,0,0,0,0,0,0,PT170,1110,,
120621,120621,120621,"Estr de Oeiras 10",,,38.7056051194668,-9.30755529552698,,,0,,0,0,0,0,0,0,0,0,0,0,0,0,0,0,PT170,1110,,
120622,120622,120622,"Estr de Oeiras 10",,,38.7052737409249,-9.30681861005723,,,0,,0,0,0,0,0,0,0,0,0,0,0,0,0,0,PT170,1110,,
120625,120625,120625,"Av A Bern Cabral Macedo (Pq Poetas)",,,38.7038942892104,-9.30120969191194,,,0,,0,0,0,0,0,0,0,0,0,0,0,0,0,0,PT170,1110,,
120627,120627,120627,"Paço De Arcos (Estação Norte)",,,38.698546,-9.291069,,,0,,0,0,0,0,0,0,0,0,0,0,0,0,0,0,PT170,1110,,
120629,120629,120629,"Av Conde S Januário 21",,,38.7002708343789,-9.29089869372547,,,0,,0,0,0,0,0,0,0,0,0,0,0,0,0,0,PT170,1110,,
120631,120631,120631,"R Instituto Conde Agrolongo 36a",,,38.702271846123,-9.29061689414084,,,0,,0,0,0,0,0,0,0,0,0,0,0,0,0,0,PT170,1110,,
120632,120632,120632,"R Inst C Agrolongo 35",,,38.7021814892069,-9.29077623412013,,,0,,0,0,0,0,0,0,0,0,0,0,0,0,0,0,PT170,1110,,
120633,120633,120633,"R Conde Rio Maior 56",,,38.7041651085019,-9.28992697969079,,,0,,0,0,0,0,0,0,0,0,0,0,0,0,0,0,PT170,1110,,
120635,120635,120635,"Av Conde S Januário 54",,,38.7048224592581,-9.2881166562438,,,0,,0,0,0,0,0,0,0,0,0,0,0,0,0,0,PT170,1110,,
120636,120636,120636,"Terrugem (Cab Pt)",,,38.7047710781917,-9.28818144835532,,,0,,0,0,0,0,0,0,0,0,0,0,0,0,0,0,PT170,1110,,
120637,120637,120637,"R Manuel Viegas Guerreiro 1",,,38.709029420279,-9.28874026983976,,,0,,0,0,0,0,0,0,0,0,0,0,0,0,0,0,PT170,1110,,
120638,120638,120638,"R Manuel Viegas Guerreiro 1",,,38.7089212937281,-9.28876080550253,,,0,,0,0,0,0,0,0,0,0,0,0,0,0,0,0,PT170,1110,,
120639,120639,120639,"Qta Torneiro",,,38.7101230071858,-9.28949740715325,,,0,,0,0,0,0,0,0,0,0,0,0,0,0,0,0,PT170,1110,,
120640,120640,120640,"R Manuel Viegas Guerreiro 19",,,38.7099962728098,-9.28968893364072,,,0,,0,0,0,0,0,0,0,0,0,0,0,0,0,0,PT170,1110,,
120641,120641,120641,"R António Sena da Silva",,,38.7097321171314,-9.28589050658047,,,0,,0,0,0,0,0,0,0,0,0,0,0,0,0,0,PT170,1110,,
120643,120643,120643,"R Augusto Sousa Lobo (X) R Maluda",,,38.7044285936281,-9.28658796474338,,,0,,0,0,0,0,0,0,0,0,0,0,0,0,0,0,PT170,1110,,
120644,120644,120644,"R Augusto Sousa Lobo (X) R Maluda",,,38.7045602314174,-9.286491824314,,,0,,0,0,0,0,0,0,0,0,0,0,0,0,0,0,PT170,1110,,
120645,120645,120645,"R Aug Sousa Lobo (X) Al Cal Gulbenk",,,38.7027911050245,-9.28481946699321,,,0,,0,0,0,0,0,0,0,0,0,0,0,0,0,0,PT170,1110,,
120646,120646,120646,"R Aug Sousa Lobo (X) Al Cal Gulbenk",,,38.7028489401564,-9.28467923775315,,,0,,0,0,0,0,0,0,0,0,0,0,0,0,0,0,PT170,1110,,
120647,120647,120647,"R S Gabriel 11A",,,38.7020178744569,-9.28186308592558,,,0,,0,0,0,0,0,0,0,0,0,0,0,0,0,0,PT170,1110,,
120648,120648,120648,"R S Gabriel 18",,,38.7020799005404,-9.28192460909486,,,0,,0,0,0,0,0,0,0,0,0,0,0,0,0,0,PT170,1110,,
120649,120649,120649,"Alto Lagoal (B Chelag)",,,38.7041808664799,-9.28181648254395,,,0,,0,0,0,0,0,0,0,0,0,0,0,0,0,0,PT170,1110,,
120651,120651,120651,"R Pero Alenquer 79",,,38.7059176387265,-9.28105398081243,,,0,,0,0,0,0,0,0,0,0,0,0,0,0,0,0,PT170,1110,,
120653,120653,120653,"R Fernando Vaz 6",,,38.7081463029608,-9.28154884837568,,,0,,0,0,0,0,0,0,0,0,0,0,0,0,0,0,PT170,1110,,
120655,120655,120655,"R António Pires 23",,,38.7076238170266,-9.27759720012546,,,0,,0,0,0,0,0,0,0,0,0,0,0,0,0,0,PT170,1110,,
120657,120657,120657,"R S João de Deus 9",,,38.704269,-9.274533,,,0,,0,0,0,0,0,0,0,0,0,0,0,0,0,0,PT170,1110,,
120659,120659,120659,"Av A Florêncio Santos (Jta Freguesia)",,,38.701687,-9.275555,,,0,,0,0,0,0,0,0,0,0,0,0,0,0,0,0,PT170,1110,,
120661,120661,120661,"Caxias (Estação)",,,38.6991709191352,-9.27374185994267,,,0,,0,0,0,0,0,0,0,0,0,0,0,0,0,0,PT170,1110,,
120662,120662,120662,"Caxias (Estação)",,,38.699423,-9.274043,,,0,,0,0,0,0,0,0,0,0,0,0,0,0,0,0,PT170,1110,,
120663,120663,120663,"R Calvet Magalhães 58",,,38.70825456055747,-9.277438446879389,,,0,,0,0,0,0,0,0,0,0,0,0,0,0,0,0,PT170,1110,,
120665,120665,120665,"R Fernando Vaz 6",,,38.708459995687,-9.2816929332912,,,0,,0,0,0,0,0,0,0,0,0,0,0,0,0,0,PT170,1110,,
120667,120667,120667,"R Cedros 74",,,38.7059824727476,-9.28203742951155,,,0,,0,0,0,0,0,0,0,0,0,0,0,0,0,0,PT170,1110,,
120669,120669,120669,"Alto Lagoal (B Chelag)",,,38.7034628726542,-9.28261678665876,,,0,,0,0,0,0,0,0,0,0,0,0,0,0,0,0,PT170,1110,,
120671,120671,120671,"R Inst c Agrolongo 51",,,38.7037674291059,-9.29053500294685,,,0,,0,0,0,0,0,0,0,0,0,0,0,0,0,0,PT170,1110,,
120673,120673,120673,"R Angola 14",,,38.7001615762711,-9.29076810367405,,,0,,0,0,0,0,0,0,0,0,0,0,0,0,0,0,PT170,1110,,
120675,120675,120675,"Caxias (Ped Italiana)",,,38.712985846214,-9.2760425247252,,,0,,0,0,0,0,0,0,0,0,0,0,0,0,0,0,PT170,1110,,
120677,120677,120677,"R Pedreira Italiana (Rotunda)",,,38.7117431033403,-9.27489495836198,,,0,,0,0,0,0,0,0,0,0,0,0,0,0,0,0,PT170,1110,,
120679,120679,120679,"R Viscondessa Stº Amaro 20",,,38.7095635151491,-9.27458030171692,,,0,,0,0,0,0,0,0,0,0,0,0,0,0,0,0,PT170,1110,,
120681,120681,120681,"Estr Murganhal (Hosp Caxias)",,,38.708177,-9.270306,,,0,,0,0,0,0,0,0,0,0,0,0,0,0,0,0,PT170,1110,,
120682,120682,120682,"Estr Murganhal (Hosp Caxias)",,,38.708146,-9.270191,,,0,,0,0,0,0,0,0,0,0,0,0,0,0,0,0,PT170,1110,,
120683,120683,120683,"R Jorge Rivotti (X) R a Vasconcelos",,,38.7026168871671,-9.27170044742525,,,0,,0,0,0,0,0,0,0,0,0,0,0,0,0,0,PT170,1110,,
120684,120684,120684,"R Jorge Rivotti (X) R a Vasconcelos",,,38.7026073317975,-9.27161864005029,,,0,,0,0,0,0,0,0,0,0,0,0,0,0,0,0,PT170,1110,,
120685,120685,120685,"Escola S Bruno",,,38.7091989023611,-9.27523677237332,,,0,,0,0,0,0,0,0,0,0,0,0,0,0,0,0,PT170,1110,,
120687,120687,120687,"Paço Arcos (X) Tap Mocho",,,38.6999046290293,-9.29541980847716,,,0,,0,0,0,0,0,0,0,0,0,0,0,0,0,0,PT170,1110,,
120689,120689,120689,"Paço Arcos (Esc Preparatória)",,,38.6975960852578,-9.29632010869682,,,0,,0,0,0,0,0,0,0,0,0,0,0,0,0,0,PT170,1110,,
120691,120691,120691,"Caxias (Qta Moura)",,,38.719398,-9.280015,,,0,,0,0,0,0,0,0,0,0,0,0,0,0,0,0,PT170,1110,,
120693,120693,120693,"R do Castelo 4",,,38.7176229245961,-9.28065952844918,,,0,,0,0,0,0,0,0,0,0,0,0,0,0,0,0,PT170,1110,,
120694,120694,120694,"R do Castelo 4",,,38.71737325798823,-9.280779899240558,,,0,,0,0,0,0,0,0,0,0,0,0,0,0,0,0,PT170,1110,,
120695,120695,120695,"R Alto da Peça 20A",,,38.71577847856718,-9.280811879853529,,,0,,0,0,0,0,0,0,0,0,0,0,0,0,0,0,PT170,1110,,
120697,120697,120697,"R Penedo (X) R Calvet Magalhães",,,38.7105925614014,-9.28548163734376,,,0,,0,0,0,0,0,0,0,0,0,0,0,0,0,0,PT170,1110,,
120698,120698,120698,"R Penedo (X) R Calvet Magalhães",,,38.7107,-9.28534,,,0,,0,0,0,0,0,0,0,0,0,0,0,0,0,0,PT170,1110,,
120699,120699,120699,"R Calvet Magalhães - Estaleiro",,,38.7094791093841,-9.28227212280035,,,0,,0,0,0,0,0,0,0,0,0,0,0,0,0,0,PT170,1110,,
120700,120700,120700,"R Calvet Magalhães - Estaleiro",,,38.70953,-9.281898,,,0,,0,0,0,0,0,0,0,0,0,0,0,0,0,0,PT170,1110,,
120701,120701,120701,"R Alto da Peça 21",,,38.715600883241805,-9.280896368672323,,,0,,0,0,0,0,0,0,0,0,0,0,0,0,0,0,PT170,1110,,
120705,120705,120705,"Vila Fria (Largo)",,,38.720821,-9.292668,,,0,,0,0,0,0,0,0,0,0,0,0,0,0,0,0,PT170,1110,,
120707,120707,120707,"R Carlos Paião 30A",,,38.7200226215646,-9.29352692328393,,,0,,0,0,0,0,0,0,0,0,0,0,0,0,0,0,PT170,1110,,
120708,120708,120708,"R Carlos Paião 30A",,,38.7198084639385,-9.29329541511834,,,0,,0,0,0,0,0,0,0,0,0,0,0,0,0,0,PT170,1110,,
120709,120709,120709,"Av 25 de Abril (X) R Carlos Paião",,,38.7176236789674,-9.29280398413539,,,0,,0,0,0,0,0,0,0,0,0,0,0,0,0,0,PT170,1110,,
120710,120710,120710,"R 25 Abril (X) R Carlos Paião",,,38.71751531599613,-9.292543893679976,,,0,,0,0,0,0,0,0,0,0,0,0,0,0,0,0,PT170,1110,,
120711,120711,120711,"Av 25 de Abril 2B",,,38.7159045506269,-9.29389086551964,,,0,,0,0,0,0,0,0,0,0,0,0,0,0,0,0,PT170,1110,,
120712,120712,120712,"R 25 Abril 6",,,38.7160063907504,-9.2937824036926,,,0,,0,0,0,0,0,0,0,0,0,0,0,0,0,0,PT170,1110,,
120713,120713,120713,"R Actor Pinheiro 27",,,38.71411149853501,-9.295486696064472,,,0,,0,0,0,0,0,0,0,0,0,0,0,0,0,0,PT170,1110,,
120714,120714,120714,"R Actor Pinheiro 27",,,38.7140169041231,-9.29570353589952,,,0,,0,0,0,0,0,0,0,0,0,0,0,0,0,0,PT170,1110,,
120715,120715,120715,"Estr Paço Arcos 80",,,38.712512,-9.296715,,,0,,0,0,0,0,0,0,0,0,0,0,0,0,0,0,PT170,1110,,
120717,120717,120717,"Estr Paço Arcos (Serviços CM Oeiras)",,,38.7086420087144,-9.29623536765575,,,0,,0,0,0,0,0,0,0,0,0,0,0,0,0,0,PT170,1110,,
120719,120719,120719,"Estr Paço Arcos 52",,,38.7074025766924,-9.2954732850194,,,0,,0,0,0,0,0,0,0,0,0,0,0,0,0,0,PT170,1110,,
120720,120720,120720,"Estr Paço Arcos 52",,,38.7073,-9.2954,,,0,,0,0,0,0,0,0,0,0,0,0,0,0,0,0,PT170,1110,,
120721,120721,120721,"Estr Paço Arcos (Serviços CM Oeiras)",,,38.7098829913884,-9.29550052620471,,,0,,0,0,0,0,0,0,0,0,0,0,0,0,0,0,PT170,1110,,
120723,120723,120723,"Porto Salvo (Qta Fonte)",,,38.7119558779523,-9.29779222235084,,,0,,0,0,0,0,0,0,0,0,0,0,0,0,0,0,PT170,1110,,
120724,120724,120724,"Porto Salvo (Qta Fonte)",,,38.7122830655426,-9.29783480241895,,,0,,0,0,0,0,0,0,0,0,0,0,0,0,0,0,PT170,1110,,
120725,120725,120725,"R 25 Abril 58",,,38.7189258495346,-9.29095166735351,,,0,,0,0,0,0,0,0,0,0,0,0,0,0,0,0,PT170,1110,,
120727,120727,120727,"Vila Fria 85 (Largo)",,,38.7204258330166,-9.29095543920994,,,0,,0,0,0,0,0,0,0,0,0,0,0,0,0,0,PT170,1110,,
120729,120729,120729,"Oeiras (Estação) P7 Entrada Norte",,,38.688804326148976,-9.316653193129342,,,0,,0,0,0,0,0,0,0,0,0,0,0,0,0,0,PT170,1110,,
120731,120731,120731,"R Desembargador Faria (Ina)",,,38.6917494563386,-9.31403014808893,,,0,,0,0,0,0,0,0,0,0,0,0,0,0,0,0,PT170,1110,,
120733,120733,120733,"R Cândido dos Reis 84",,,38.692623299760335,-9.3112775310874,,,0,,0,0,0,0,0,0,0,0,0,0,0,0,0,0,PT170,1110,,
120735,120735,120735,"Av Copacabana 8",,,38.69374355874509,-9.310456228109045,,,0,,0,0,0,0,0,0,0,0,0,0,0,0,0,0,PT170,1110,,
120737,120737,120737,"R Com Germano Dias (X) R Fern Pessoa",,,38.694201,-9.309412,,,0,,0,0,0,0,0,0,0,0,0,0,0,0,0,0,PT170,1110,,
120739,120739,120739,"R Com Germano Dias 3",,,38.694688,-9.30796,,,0,,0,0,0,0,0,0,0,0,0,0,0,0,0,0,PT170,1110,,
120741,120741,120741,"Av Angola (X) Pcta Cabinda",,,38.69489745641808,-9.306679275882315,,,0,,0,0,0,0,0,0,0,0,0,0,0,0,0,0,PT170,1110,,
120742,120742,120742,"Av Angola (X) Pcta Cabinda",,,38.69477043735058,-9.306566650047898,,,0,,0,0,0,0,0,0,0,0,0,0,0,0,0,0,PT170,1110,,
120743,120743,120743,"Av Angola (X) Av Ultramar",,,38.6943309986964,-9.30588075891137,,,0,,0,0,0,0,0,0,0,0,0,0,0,0,0,0,PT170,1110,,
120745,120745,120745,"Av Ultramar 12",,,38.696049163118,-9.30584597401321,,,0,,0,0,0,0,0,0,0,0,0,0,0,0,0,0,PT170,1110,,
120747,120747,120747,"R Figueirinha 26",,,38.697262994780736,-9.306185776367784,,,0,,0,0,0,0,0,0,0,0,0,0,0,0,0,0,PT170,1110,,
120749,120749,120749,"Av Brasilia 12",,,38.6974699795246,-9.30530022829771,,,0,,0,0,0,0,0,0,0,0,0,0,0,0,0,0,PT170,1110,,
120750,120750,120750,"Oeiras (Bº Augusto Castro)",,,38.697562773791766,-9.305202160030603,,,0,,0,0,0,0,0,0,0,0,0,0,0,0,0,0,PT170,1110,,
120751,120751,120751,"Av Brasília 33",,,38.6976267630234,-9.30310341529548,,,0,,0,0,0,0,0,0,0,0,0,0,0,0,0,0,PT170,1110,,
120752,120752,120752,"Av Brasília 33",,,38.6976721091196,-9.30295513942838,,,0,,0,0,0,0,0,0,0,0,0,0,0,0,0,0,PT170,1110,,
120753,120753,120753,"R Carlos Vieira Ramos 32",,,38.6977158385401,-9.301448743790388,,,0,,0,0,0,0,0,0,0,0,0,0,0,0,0,0,PT170,1110,,
120754,120754,120754,"R Carlos Vieira Ramos 47",,,38.69776752978539,-9.30134916678071,,,0,,0,0,0,0,0,0,0,0,0,0,0,0,0,0,PT170,1110,,
120755,120755,120755,"R Gazeta Oeiras 8",,,38.6982855387032,-9.30020973086357,,,0,,0,0,0,0,0,0,0,0,0,0,0,0,0,0,PT170,1110,,
120756,120756,120756,"R Gazeta Oeiras 8",,,38.698230392364174,-9.300304278731346,,,0,,0,0,0,0,0,0,0,0,0,0,0,0,0,0,PT170,1110,,
120757,120757,120757,"R Gazeta Oeiras 33",,,38.6999402102083,-9.29938578978181,,,0,,0,0,0,0,0,0,0,0,0,0,0,0,0,0,PT170,1110,,
120758,120758,120758,"R Gazeta Oeiras 31",,,38.69999280321751,-9.299734057858586,,,0,,0,0,0,0,0,0,0,0,0,0,0,0,0,0,PT170,1110,,
120759,120759,120759,"R Gazeta Oeiras (X) R Franco Nogueira",,,38.7000819062814,-9.29787738248706,,,0,,0,0,0,0,0,0,0,0,0,0,0,0,0,0,PT170,1110,,
120760,120760,120760,"R Gazeta Oeiras (X) Franco Nogueira",,,38.7002275655846,-9.29779733531177,,,0,,0,0,0,0,0,0,0,0,0,0,0,0,0,0,PT170,1110,,
120761,120761,120761,"R Gazeta Oeiras 48",,,38.7013264512643,-9.29833017289639,,,0,,0,0,0,0,0,0,0,0,0,0,0,0,0,0,PT170,1110,,
120762,120762,120762,"R Gazeta Oeiras Fte 52",,,38.701482731849,-9.29863661527634,,,0,,0,0,0,0,0,0,0,0,0,0,0,0,0,0,PT170,1110,,
120765,120765,120765,"Av Ant Bern Cabral Macedo (C Saúde)",,,38.7024148833007,-9.29887499660254,,,0,,0,0,0,0,0,0,0,0,0,0,0,0,0,0,PT170,1110,,
120766,120766,120766,"Av Ant Bern Cabr Macedo (X) R Fund",,,38.70278103447196,-9.29904229938984,,,0,,0,0,0,0,0,0,0,0,0,0,0,0,0,0,PT170,1110,,
120767,120767,120767,"Av A B Cab Macedo (X) R Joaquim Quirino",,,38.7007748382166,-9.29623394273221,,,0,,0,0,0,0,0,0,0,0,0,0,0,0,0,0,PT170,1110,,
120768,120768,120768,"Av A B Cab Macedo (X) R Joaquim Quirino",,,38.70100646988303,-9.2964178416878,,,0,,0,0,0,0,0,0,0,0,0,0,0,0,0,0,PT170,1110,,
120769,120769,120769,"Paço de Arcos (Estação Norte)",,,38.6983280349523,-9.29093808867037,,,0,,0,0,0,0,0,0,0,0,0,0,0,0,0,0,PT170,1110,,
120771,120771,120771,"Oeiras (B Augusto Castro)",,,38.69600004620605,-9.306635046377778,,,0,,0,0,0,0,0,0,0,0,0,0,0,0,0,0,PT170,1110,,
120773,120773,120773,"Av Ultramar (Jardim)",,,38.69467437663705,-9.305440289899709,,,0,,0,0,0,0,0,0,0,0,0,0,0,0,0,0,PT170,1110,,
120775,120775,120775,"R Com Germano Dias 2",,,38.694770360695706,-9.308315366506577,,,0,,0,0,0,0,0,0,0,0,0,0,0,0,0,0,PT170,1110,,
120777,120777,120777,"R Com Germano Dias (X) Av Copacabana",,,38.693996,-9.310365,,,0,,0,0,0,0,0,0,0,0,0,0,0,0,0,0,PT170,1110,,
120779,120779,120779,"Av Copacabana (X) Jaime Cortesão",,,38.69484396096544,-9.310962287709115,,,0,,0,0,0,0,0,0,0,0,0,0,0,0,0,0,PT170,1110,,
120781,120781,120781,"Av Emb Aug Castro (X) R Junção bem",,,38.69567493346049,-9.312044228709068,,,0,,0,0,0,0,0,0,0,0,0,0,0,0,0,0,PT170,1110,,
120783,120783,120783,"Lgo Avião Lusitania 7",,,38.69346623535965,-9.313645586371422,,,0,,0,0,0,0,0,0,0,0,0,0,0,0,0,0,PT170,1110,,
120787,120787,120787,"Oeiras (Estação) P1 Entrada Norte",,,38.6885555740446,-9.31776227429509,,,0,,0,0,0,0,0,0,0,0,0,0,0,0,0,0,PT170,1110,,
120789,120789,120789,"Oeiras (Piscina Oceânica)",,,38.6777,-9.31865,,,0,,0,0,0,0,0,0,0,0,0,0,0,0,0,0,PT170,1110,,
120791,120791,120791,"Piscina Oceânica de Oeiras",,,38.677072,-9.319237,,,0,,0,0,0,0,0,0,0,0,0,0,0,0,0,0,PT170,1110,,
120792,120792,120792,"Piscina Oceânica de Oeiras",,,38.676984,-9.319193,,,0,,0,0,0,0,0,0,0,0,0,0,0,0,0,0,PT170,1110,,
120793,120793,120793,"Passeio Marítimo de Oeiras (Carruagem)",,,38.676891,-9.323846,,,0,,0,0,0,0,0,0,0,0,0,0,0,0,0,0,PT170,1110,,
120794,120794,120794,"Passeio Marítimo de Oeiras (Carruagem)",,,38.676877,-9.323303,,,0,,0,0,0,0,0,0,0,0,0,0,0,0,0,0,PT170,1110,,
120795,120795,120795,"R Aljubarrota 17B",,,38.6812,-9.31755,,,0,,0,0,0,0,0,0,0,0,0,0,0,0,0,0,PT170,1110,,
120796,120796,120796,"R Aljubarrota 17B",,,38.6811,-9.31757,,,0,,0,0,0,0,0,0,0,0,0,0,0,0,0,0,PT170,1110,,
120797,120797,120797,"R de Aljubarrota 9",,,38.681223,-9.318941,,,0,,0,0,0,0,0,0,0,0,0,0,0,0,0,0,PT170,1110,,
120799,120799,120799,"R D Filipa Lencastre 2",,,38.68330790141483,-9.31958726607263,,,0,,0,0,0,0,0,0,0,0,0,0,0,0,0,0,PT170,1110,,
120801,120801,120801,"Av Infante D Henrique 12",,,38.6841181525961,-9.32165751233697,,,0,,0,0,0,0,0,0,0,0,0,0,0,0,0,0,PT170,1110,,
120803,120803,120803,"R Fundição de Oeiras",,,38.687292,-9.31953,,,0,,0,0,0,0,0,0,0,0,0,0,0,0,0,0,PT170,1110,,
120805,120805,120805,"Av D João I 15 (Igreja)",,,38.68487992657081,-9.320602817460896,,,0,,0,0,0,0,0,0,0,0,0,0,0,0,0,0,PT170,1110,,
120807,120807,120807,"Av D João I 39 (Tribunal)",,,38.6839333333333,-9.31931666666667,,,0,,0,0,0,0,0,0,0,0,0,0,0,0,0,0,PT170,1110,,
120809,120809,120809,"Av D João I - Escola Preparatória",,,38.68375792252574,-9.317858163267374,,,0,,0,0,0,0,0,0,0,0,0,0,0,0,0,0,PT170,1110,,
120811,120811,120811,"R Infanta D Isabel (Liceu)",,,38.68541264840789,-9.316355371847749,,,0,,0,0,0,0,0,0,0,0,0,0,0,0,0,0,PT170,1110,,
120813,120813,120813,"R Inf D Isabel (Estação)",,,38.68748600403861,-9.31663105264306,,,0,,0,0,0,0,0,0,0,0,0,0,0,0,0,0,PT170,1110,,
120815,120815,120815,"R José Diogo Silva (Parque)",,,38.68722522708248,-9.314989792183042,,,0,,0,0,0,0,0,0,0,0,0,0,0,0,0,0,PT170,1110,,
120817,120817,120817,"R Qta Grande 3 - Inst Gulbenkian",,,38.690783851916535,-9.315991597250104,,,0,,0,0,0,0,0,0,0,0,0,0,0,0,0,0,PT170,1110,,
120819,120819,120819,"R dos Lagares da Quinta 17",,,38.693094,-9.317122,,,0,,0,0,0,0,0,0,0,0,0,0,0,0,0,0,PT170,1110,,
120821,120821,120821,"R Estação Agronómica Nacional 3",,,38.6957,-9.32608,,,0,,0,0,0,0,0,0,0,0,0,0,0,0,0,0,PT170,1110,,
120827,120827,120827,"Alameda Conde de Oeiras 93",,,38.690832,-9.323537,,,0,,0,0,0,0,0,0,0,0,0,0,0,0,0,0,PT170,1110,,
120829,120829,120829,"R da Quinta Grande 18",,,38.691008,-9.318665,,,0,,0,0,0,0,0,0,0,0,0,0,0,0,0,0,PT170,1110,,
120830,120830,120830,"R da Quinta Grande 18",,,38.691134,-9.318959,,,0,,0,0,0,0,0,0,0,0,0,0,0,0,0,0,PT170,1110,,
120835,120835,120835,"Lgo Luís Pereira Mota",,,38.689744,-9.311812,,,0,,0,0,0,0,0,0,0,0,0,0,0,0,0,0,PT170,1110,,
120837,120837,120837,"Santo Amaro (Estação)",,,38.686929,-9.31137,,,0,,0,0,0,0,0,0,0,0,0,0,0,0,0,0,PT170,1110,,
120839,120839,120839,"R Associação Desportiva de Oeiras 4",,,38.688601,-9.306576,,,0,,0,0,0,0,0,0,0,0,0,0,0,0,0,0,PT170,1110,,
120840,120840,120840,"R Associação Desportiva de Oeiras 4",,,38.688566,-9.30687,,,0,,0,0,0,0,0,0,0,0,0,0,0,0,0,0,PT170,1110,,
120841,120841,120841,"Biblioteca de Oeiras",,,38.691634,-9.304794,,,0,,0,0,0,0,0,0,0,0,0,0,0,0,0,0,PT170,1110,,
120842,120842,120842,"Biblioteca de Oeiras",,,38.691578,-9.304978,,,0,,0,0,0,0,0,0,0,0,0,0,0,0,0,0,PT170,1110,,
120843,120843,120843,"Av Dr Francisco de Sá Carneiro 6",,,38.692923,-9.305201,,,0,,0,0,0,0,0,0,0,0,0,0,0,0,0,0,PT170,1110,,
120845,120845,120845,"Av Moçambique 12",,,38.69434527741408,-9.304130533710122,,,0,,0,0,0,0,0,0,0,0,0,0,0,0,0,0,PT170,1110,,
120847,120847,120847,"R Salvador da Baía - Jardins dos Arcos",,,38.69619576591544,-9.302435796707869,,,0,,0,0,0,0,0,0,0,0,0,0,0,0,0,0,PT170,1110,,
120849,120849,120849,"R São Salvador da Baía 24",,,38.69832508867756,-9.302695825286014,,,0,,0,0,0,0,0,0,0,0,0,0,0,0,0,0,PT170,1110,,
120850,120850,120850,"R São Salvador da Baía 24",,,38.69820117110213,-9.302792472373795,,,0,,0,0,0,0,0,0,0,0,0,0,0,0,0,0,PT170,1110,,
120855,120855,120855,"R Dr José da Cunha 17B",,,38.701449,-9.307368,,,0,,0,0,0,0,0,0,0,0,0,0,0,0,0,0,PT170,1110,,
120856,120856,120856,"R Dr José da Cunha 17B",,,38.701572,-9.307467,,,0,,0,0,0,0,0,0,0,0,0,0,0,0,0,0,PT170,1110,,
120857,120857,120857,"R Dr José da Cunha 23",,,38.70214029439677,-9.30746769692421,,,0,,0,0,0,0,0,0,0,0,0,0,0,0,0,0,PT170,1110,,
120859,120859,120859,"Estr de Oeiras 10",,,38.7053161952645,-9.30603984743357,,,0,,0,0,0,0,0,0,0,0,0,0,0,0,0,0,PT170,1110,,
120860,120860,120860,"Cacilhas (C Morais)",,,38.70551038447058,-9.306092821061611,,,0,,0,0,0,0,0,0,0,0,0,0,0,0,0,0,PT170,1110,,
120861,120861,120861,"Estr Oeiras (Rot R Cacilhas)",,,38.70866389429571,-9.305647071450949,,,0,,0,0,0,0,0,0,0,0,0,0,0,0,0,0,PT170,1110,,
120863,120863,120863,"Estr Oeiras (Posto Combust)",,,38.70267972205443,-9.30758555419743,,,0,,0,0,0,0,0,0,0,0,0,0,0,0,0,0,PT170,1110,,
120865,120865,120865,"Oeiras (Aerlis)",,,38.70353862589653,-9.301859716667018,,,0,,0,0,0,0,0,0,0,0,0,0,0,0,0,0,PT170,1110,,
120867,120867,120867,"R Coro de Santo Amaro de Oeiras 12A",,,38.701039866781,-9.305055014138212,,,0,,0,0,0,0,0,0,0,0,0,0,0,0,0,0,PT170,1110,,
120869,120869,120869,"R José Malhoa 33",,,38.69894164905187,-9.305579738046337,,,0,,0,0,0,0,0,0,0,0,0,0,0,0,0,0,PT170,1110,,
120871,120871,120871,"Av Dr Francisco de Sá Carneiro 6",,,38.693,-9.30532,,,0,,0,0,0,0,0,0,0,0,0,0,0,0,0,0,PT170,1110,,
120873,120873,120873,"Av Brasil 6D",,,38.6872,-9.3124,,,0,,0,0,0,0,0,0,0,0,0,0,0,0,0,0,PT170,1110,,
120877,120877,120877,"Av Salvador Allende 35 (C Saúde)",,,38.692824480478976,-9.318353785201907,,,0,,0,0,0,0,0,0,0,0,0,0,0,0,0,0,PT170,1110,,
120879,120879,120879,"Av Infante D Henrique (Quartel)",,,38.68630645437158,-9.319166662171485,,,0,,0,0,0,0,0,0,0,0,0,0,0,0,0,0,PT170,1110,,
120881,120881,120881,"Bº Joaquim Matias",,,38.6909719090909,-9.3014844506979,,,0,,0,0,0,0,0,0,0,0,0,0,0,0,0,0,PT170,1110,,
120882,120882,120882,"Bº Joaquim Matias",,,38.6910096695647,-9.30145645514131,,,0,,0,0,0,0,0,0,0,0,0,0,0,0,0,0,PT170,1110,,
120883,120883,120883,"Av Eng Bonneville Franco (Esc Náutica)",,,38.6920189764351,-9.2991965264082,,,0,,0,0,0,0,0,0,0,0,0,0,0,0,0,0,PT170,1110,,
120884,120884,120884,"Av Eng Bonneville Franco (Esc Náutica)",,,38.692164234817,-9.29895311594009,,,0,,0,0,0,0,0,0,0,0,0,0,0,0,0,0,PT170,1110,,
120885,120885,120885,"R Costa Pinto (Quartel)",,,38.6943255923688,-9.29571409709752,,,0,,0,0,0,0,0,0,0,0,0,0,0,0,0,0,PT170,1110,,
120887,120887,120887,"R Costa Pinto (Mercado)",,,38.6947456933558,-9.29367545060813,,,0,,0,0,0,0,0,0,0,0,0,0,0,0,0,0,PT170,1110,,
120889,120889,120889,"Paço De Arcos (Estação Sul)",,,38.6973083345219,-9.29241891950369,,,0,,0,0,0,0,0,0,0,0,0,0,0,0,0,0,PT170,1110,,
120890,120890,120890,"Paço De Arcos (Estação Sul)",,,38.6976563511416,-9.29279753006995,,,0,,0,0,0,0,0,0,0,0,0,0,0,0,0,0,PT170,1110,,
120891,120891,120891,"Paço Arcos (X) Tap Mocho",,,38.69991028339828,-9.295513255907474,,,0,,0,0,0,0,0,0,0,0,0,0,0,0,0,0,PT170,1110,,
120894,120894,120894,"R Manuel Pinhanços (Fte Escola)",,,38.6977166666667,-9.29496666666667,,,0,,0,0,0,0,0,0,0,0,0,0,0,0,0,0,PT170,1110,,
120895,120895,120895,"Av Eng Álvaro Roquette (Hospital)",,,38.70102079827225,-9.305743376272066,,,0,,0,0,0,0,0,0,0,0,0,0,0,0,0,0,PT170,1110,,
120897,120897,120897,"Oeiras Parque",,,38.7035541515797,-9.30388603359461,,,0,,0,0,0,0,0,0,0,0,0,0,0,0,0,0,PT170,1110,,
120898,120898,120898,"Oeiras Parque (Posto Combust)",,,38.7031573103741,-9.30452154949307,,,0,,0,0,0,0,0,0,0,0,0,0,0,0,0,0,PT170,1110,,
120899,120899,120899,"R Vasco Gama 23a",,,38.7039666666667,-9.28028333333333,,,0,,0,0,0,0,0,0,0,0,0,0,0,0,0,0,PT170,1110,,
120900,120900,120900,"R Vasco Gama 23a",,,38.704,-9.28038333333333,,,0,,0,0,0,0,0,0,0,0,0,0,0,0,0,0,PT170,1110,,
120901,120901,120901,"R Vasco Gama 3",,,38.7024666666667,-9.2776,,,0,,0,0,0,0,0,0,0,0,0,0,0,0,0,0,PT170,1110,,
120903,120903,120903,"R Bernardim Ribeiro 3",,,38.7019333333333,-9.27658333333333,,,0,,0,0,0,0,0,0,0,0,0,0,0,0,0,0,PT170,1110,,
120905,120905,120905,"Estr Murganhal (Escola)",,,38.71276995915653,-9.271369251736012,,,0,,0,0,0,0,0,0,0,0,0,0,0,0,0,0,PT170,1110,,
120906,120906,120906,"Estr Murganhal (Escola)",,,38.7131333333333,-9.27188333333333,,,0,,0,0,0,0,0,0,0,0,0,0,0,0,0,0,PT170,1110,,
120907,120907,120907,"Murganhal (Chafariz)",,,38.71483162093478,-9.27254041798909,,,0,,0,0,0,0,0,0,0,0,0,0,0,0,0,0,PT170,1110,,
120908,120908,120908,"Murganhal (Chafariz)",,,38.714482,-9.272538,,,0,,0,0,0,0,0,0,0,0,0,0,0,0,0,0,PT170,1110,,
120909,120909,120909,"Estr Cacém (Fte X) R Qta Moura",,,38.717854638419,-9.275687033960509,,,0,,0,0,0,0,0,0,0,0,0,0,0,0,0,0,PT170,1110,,
120910,120910,120910,"Estr Cacém (X) R Qta Moura",,,38.71772917326554,-9.27563944859267,,,0,,0,0,0,0,0,0,0,0,0,0,0,0,0,0,PT170,1110,,
120911,120911,120911,"R da Pedreira Italiana",,,38.7143,-9.27403,,,0,,0,0,0,0,0,0,0,0,0,0,0,0,0,0,PT170,1110,,
120913,120913,120913,"Pça Dionísio Matias (Mercado)",,,38.6947710905224,-9.29376832209527,,,0,,0,0,0,0,0,0,0,0,0,0,0,0,0,0,PT170,1110,,
120915,120915,120915,"R Costa Pinto 216",,,38.6943820025772,-9.29583194665611,,,0,,0,0,0,0,0,0,0,0,0,0,0,0,0,0,PT170,1110,,
120917,120917,120917,"R Calvet Magalhães (Ed S Franc Sales)",,,38.7089068349451,-9.29309642873704,,,0,,0,0,0,0,0,0,0,0,0,0,0,0,0,0,PT170,1110,,
120919,120919,120919,"Porto Salvo (Centro)",,,38.7161446921527,-9.30155645124614,,,0,,0,0,0,0,0,0,0,0,0,0,0,0,0,0,PT170,1110,,
120921,120921,120921,"R C Rio Maior (Igreja)",,,38.7189983110875,-9.30221761576831,,,0,,0,0,0,0,0,0,0,0,0,0,0,0,0,0,PT170,1110,,
120922,120922,120922,"R Conde Rio Maior (Igreja)",,,38.7189624784514,-9.30236714892089,,,0,,0,0,0,0,0,0,0,0,0,0,0,0,0,0,PT170,1110,,
120923,120923,120923,"Av Eng Arantes Oliveira 27",,,38.722749442926094,-9.304554658010602,,,0,,0,0,0,0,0,0,0,0,0,0,0,0,0,0,PT170,1110,,
120924,120924,120924,"Av Eng Arantes Oliveira 21",,,38.72265179296012,-9.304266991093757,,,0,,0,0,0,0,0,0,0,0,0,0,0,0,0,0,PT170,1110,,
120925,120925,120925,"Porto Salvo (B Auto Construção)",,,38.72258584781265,-9.307788647711275,,,0,,0,0,0,0,0,0,0,0,0,0,0,0,0,0,PT170,1110,,
120927,120927,120927,"R Portelas (X) R Carlos Queiroz",,,38.7203521141782,-9.30679220706224,,,0,,0,0,0,0,0,0,0,0,0,0,0,0,0,0,PT170,1110,,
120928,120928,120928,"R Portelas 41",,,38.7205517292023,-9.30681089870632,,,0,,0,0,0,0,0,0,0,0,0,0,0,0,0,0,PT170,1110,,
120929,120929,120929,"R Portelas (Eira Velha)",,,38.7176526803523,-9.30514315143228,,,0,,0,0,0,0,0,0,0,0,0,0,0,0,0,0,PT170,1110,,
120930,120930,120930,"R Portelas (Eira Velha)",,,38.7176381796598,-9.3050813768059,,,0,,0,0,0,0,0,0,0,0,0,0,0,0,0,0,PT170,1110,,
120931,120931,120931,"R Casal Deserto 47",,,38.7172544561327,-9.30761883035302,,,0,,0,0,0,0,0,0,0,0,0,0,0,0,0,0,PT170,1110,,
120932,120932,120932,"R Casal Deserto 55",,,38.71720803192479,-9.30746478399591,,,0,,0,0,0,0,0,0,0,0,0,0,0,0,0,0,PT170,1110,,
120933,120933,120933,"R Oliveira Martins 2",,,38.7170121772215,-9.31066221557558,,,0,,0,0,0,0,0,0,0,0,0,0,0,0,0,0,PT170,1110,,
120934,120934,120934,"R Oliveira Martins 1",,,38.716551004909,-9.31103655137122,,,0,,0,0,0,0,0,0,0,0,0,0,0,0,0,0,PT170,1110,,
120935,120935,120935,"Porto Salvo (M Rolas)",,,38.7147264322266,-9.31170115247369,,,0,,0,0,0,0,0,0,0,0,0,0,0,0,0,0,PT170,1110,,
120936,120936,120936,"Porto Salvo (M Rolas)",,,38.7146196048707,-9.31153368204832,,,0,,0,0,0,0,0,0,0,0,0,0,0,0,0,0,PT170,1110,,
120938,120938,120938,"Lagoas Park (Teixeira Duarte)",,,38.71413075934906,-9.310800600796938,,,0,,0,0,0,0,0,0,0,0,0,0,0,0,0,0,PT170,1110,,
120939,120939,120939,"R 7 Junho (Esc Primária)",,,38.7218497507274,-9.30760483257473,,,0,,0,0,0,0,0,0,0,0,0,0,0,0,0,0,PT170,1110,,
120940,120940,120940,"R 7 Junho (Esc Primária)",,,38.7219460587949,-9.30741716176271,,,0,,0,0,0,0,0,0,0,0,0,0,0,0,0,0,PT170,1110,,
120941,120941,120941,"R 7 Junho (X) Comércio",,,38.7225433113053,-9.30581982247531,,,0,,0,0,0,0,0,0,0,0,0,0,0,0,0,0,PT170,1110,,
120943,120943,120943,"Porto Salvo (B Auto Construção)",,,38.7224084889204,-9.307768866419792,,,0,,0,0,0,0,0,0,0,0,0,0,0,0,0,0,PT170,1110,,
120945,120945,120945,"R Conde Rio Maior (X) R C Carneiro",,,38.7217609863728,-9.30277551524341,,,0,,0,0,0,0,0,0,0,0,0,0,0,0,0,0,PT170,1110,,
120947,120947,120947,"Porto Salvo (Centro)",,,38.717432571575,-9.30231953971088,,,0,,0,0,0,0,0,0,0,0,0,0,0,0,0,0,PT170,1110,,
120949,120949,120949,"Porto Salvo (Sociedade Musical)",,,38.7175,-9.30163,,,0,,0,0,0,0,0,0,0,0,0,0,0,0,0,0,PT170,1110,,
120951,120951,120951,"Porto Salvo (Centro)",,,38.7170933140442,-9.3019369058311,,,0,,0,0,0,0,0,0,0,0,0,0,0,0,0,0,PT170,1110,,
120953,120953,120953,"R José Filipe Rodrigues 9",,,38.71800515062864,-9.299142714589834,,,0,,0,0,0,0,0,0,0,0,0,0,0,0,0,0,PT170,1110,,
120954,120954,120954,"R José Filipe Rodrigues 9",,,38.7180392537266,-9.29908337071538,,,0,,0,0,0,0,0,0,0,0,0,0,0,0,0,0,PT170,1110,,
120955,120955,120955,"R José Filipe Rodrigues 34",,,38.7188695231453,-9.29758711718023,,,0,,0,0,0,0,0,0,0,0,0,0,0,0,0,0,PT170,1110,,
120956,120956,120956,"R José Filipe Rodrigues 31",,,38.7189436191693,-9.29785148240626,,,0,,0,0,0,0,0,0,0,0,0,0,0,0,0,0,PT170,1110,,
120958,120958,120958,"Quinta da Fonte",,,38.712592,-9.298308,,,0,,0,0,0,0,0,0,0,0,0,0,0,0,0,0,PT170,1110,,
120960,120960,120960,"Estr Ribeira da Lage 35",,,38.70566894515496,-9.309706988769664,,,0,,0,0,0,0,0,0,0,0,0,0,0,0,0,0,PT170,1110,,
120961,120961,120961,"Lage (Centro)",,,38.7105575250462,-9.31446181610227,,,0,,0,0,0,0,0,0,0,0,0,0,0,0,0,0,PT170,1110,,
120965,120965,120965,"Igreja da Sra da Laje",,,38.70986808193086,-9.314748104910846,,,0,,0,0,0,0,0,0,0,0,0,0,0,0,0,0,PT170,1110,,
120969,120969,120969,"R Joaquim Matias",,,38.7089,-9.31655,,,0,,0,0,0,0,0,0,0,0,0,0,0,0,0,0,PT170,1110,,
120971,120971,120971,"R Encosta Lagoas (X) R das Lajes",,,38.7100337818265,-9.31227028369904,,,0,,0,0,0,0,0,0,0,0,0,0,0,0,0,0,PT170,1110,,
120972,120972,120972,"R Encosta Lagoas (X) Estr Ribeira Lajes",,,38.71005321623478,-9.312438173219562,,,0,,0,0,0,0,0,0,0,0,0,0,0,0,0,0,PT170,1110,,
120975,120975,120975,"R Luis de Pina",,,38.725504,-9.303604,,,0,,0,0,0,0,0,0,0,0,0,0,0,0,0,0,PT170,1110,,
120978,120978,120978,"R do Comércio (X) R 7 de Junho",,,38.72237391960945,-9.306409853425032,,,0,,0,0,0,0,0,0,0,0,0,0,0,0,0,0,PT170,1110,,
120979,120979,120979,"Av D Pedro V 66",,,38.7230787053704,-9.30969083681703,,,0,,0,0,0,0,0,0,0,0,0,0,0,0,0,0,PT170,1110,,
120980,120980,120980,"R D Pedro V (X) Av Eng a Oliveira",,,38.722809,-9.309905,,,0,,0,0,0,0,0,0,0,0,0,0,0,0,0,0,PT170,1110,,
120981,120981,120981,"R Augusta (X) Pct José Afonso",,,38.7251200759783,-9.3099183216691,,,0,,0,0,0,0,0,0,0,0,0,0,0,0,0,0,PT170,1110,,
120982,120982,120982,"R Augusta (X) Pct José Afonso",,,38.7250343710184,-9.30995629169047,,,0,,0,0,0,0,0,0,0,0,0,0,0,0,0,0,PT170,1110,,
120984,120984,120984,"R Cidade de Coimbra",,,38.7244,-9.31314,,,0,,0,0,0,0,0,0,0,0,0,0,0,0,0,0,PT170,1110,,
120986,120986,120986,"Associação Flores da Beira",,,38.72575919580732,-9.313487376074798,,,0,,0,0,0,0,0,0,0,0,0,0,0,0,0,0,PT170,1110,,
120988,120988,120988,"R Quinta das Estrangeiras",,,38.7256,-9.31418,,,0,,0,0,0,0,0,0,0,0,0,0,0,0,0,0,PT170,1110,,
120990,120990,120990,"R Quinta das Estrangeiras 20",,,38.723843,-9.313365,,,0,,0,0,0,0,0,0,0,0,0,0,0,0,0,0,PT170,1110,,
120991,120991,120991,"R S Jose 119",,,38.725065,-9.310731,,,0,,0,0,0,0,0,0,0,0,0,0,0,0,0,0,PT170,1110,,
120992,120992,120992,"R S Jose Fte 119",,,38.72541109916151,-9.310776984820988,,,0,,0,0,0,0,0,0,0,0,0,0,0,0,0,0,PT170,1110,,
120994,120994,120994,"R Augusta (X) R S José",,,38.727783,-9.310509,,,0,,0,0,0,0,0,0,0,0,0,0,0,0,0,0,PT170,1110,,
120995,120995,120995,"Talaíde (B Naveg)",,,38.73073316648733,-9.317235220223663,,,0,,0,0,0,0,0,0,0,0,0,0,0,0,0,0,PT170,1110,,
120997,120997,120997,"R Diogo Lopes Sequeira 77",,,38.7309378711507,-9.31503639556468,,,0,,0,0,0,0,0,0,0,0,0,0,0,0,0,0,PT170,1110,,
120998,120998,120998,"Av Diogo Lopes Sequeira 86",,,38.730679258366806,-9.315184503793716,,,0,,0,0,0,0,0,0,0,0,0,0,0,0,0,0,PT170,1110,,
120999,120999,120999,"Av Diogo Lopes Sequeira 64",,,38.7303589330986,-9.31352446787059,,,0,,0,0,0,0,0,0,0,0,0,0,0,0,0,0,PT170,1110,,
121000,121000,121000,"Av Diogo Lopes Sequeira 64",,,38.73045768592016,-9.313488258048892,,,0,,0,0,0,0,0,0,0,0,0,0,0,0,0,0,PT170,1110,,
121001,121001,121001,"Estr Talaíde 92",,,38.7345223501325,-9.3071071151644,,,0,,0,0,0,0,0,0,0,0,0,0,0,0,0,0,PT170,1110,,
121002,121002,121002,"Estr Talaíde (X) R Lopo S Albergaria",,,38.73422287187241,-9.30691852234304,,,0,,0,0,0,0,0,0,0,0,0,0,0,0,0,0,PT170,1110,,
121004,121004,121004,"Av Eng Valente de Oliveira",,,38.73607803168221,-9.30923460615158,,,0,,0,0,0,0,0,0,0,0,0,0,0,0,0,0,PT170,1110,,
121006,121006,121006,"Av Eng Valente Oliveira (Jardim)",,,38.7378333333333,-9.30888333333333,,,0,,0,0,0,0,0,0,0,0,0,0,0,0,0,0,PT170,1110,,
121008,121008,121008,"R Pf J Pinto Peix (X) R Pf Romú Car",,,38.73858163164343,-9.308243449777365,,,0,,0,0,0,0,0,0,0,0,0,0,0,0,0,0,PT170,1110,,
121010,121010,121010,"R Dr Prof José Pinto Peixoto 8",,,38.73654808842782,-9.307395284995437,,,0,,0,0,0,0,0,0,0,0,0,0,0,0,0,0,PT170,1110,,
121011,121011,121011,"R Fern Sabido (X) Av Doming Vandelli",,,38.73455288741133,-9.306366071105003,,,0,,0,0,0,0,0,0,0,0,0,0,0,0,0,0,PT170,1110,,
121014,121014,121014,"Estr Talaide 68",,,38.7330231629312,-9.30467711761594,,,0,,0,0,0,0,0,0,0,0,0,0,0,0,0,0,PT170,1110,,
121015,121015,121015,"Estr Talaíde 53",,,38.7327564507723,-9.30428358726203,,,0,,0,0,0,0,0,0,0,0,0,0,0,0,0,0,PT170,1110,,
121017,121017,121017,"Estr Talaíde (Igreja)",,,38.7303178198636,-9.30208945646882,,,0,,0,0,0,0,0,0,0,0,0,0,0,0,0,0,PT170,1110,,
121018,121018,121018,"Estr Talaíde (Igreja)",,,38.7298071524128,-9.30190807208419,,,0,,0,0,0,0,0,0,0,0,0,0,0,0,0,0,PT170,1110,,
121019,121019,121019,"Leião (X) Talaíde",,,38.7293894402683,-9.30130516178906,,,0,,0,0,0,0,0,0,0,0,0,0,0,0,0,0,PT170,1110,,
121020,121020,121020,"Leião (X) Talaíde (Posto Combust)",,,38.72975299021109,-9.301264509558678,,,0,,0,0,0,0,0,0,0,0,0,0,0,0,0,0,PT170,1110,,
121021,121021,121021,"Leião",,,38.73094631451776,-9.299407660682938,,,0,,0,0,0,0,0,0,0,0,0,0,0,0,0,0,PT170,1110,,
121022,121022,121022,"R Pedreiras",,,38.73030362511776,-9.300154796191118,,,0,,0,0,0,0,0,0,0,0,0,0,0,0,0,0,PT170,1110,,
121023,121023,121023,"R Fern Sabido (X) Av Doming Vandelli",,,38.7343871500343,-9.3063903786242,,,0,,0,0,0,0,0,0,0,0,0,0,0,0,0,0,PT170,1110,,
121033,121033,121033,"R Casal do Deserto",,,38.716988,-9.30358,,,0,,0,0,0,0,0,0,0,0,0,0,0,0,0,0,PT170,1110,,
121035,121035,121035,"R Dr José da Cunha 23",,,38.70203092383844,-9.307631399388312,,,0,,0,0,0,0,0,0,0,0,0,0,0,0,0,0,PT170,1110,,
121039,121039,121039,"Taguspark (Novo Banco)",,,38.750726,-9.308186,,,0,,0,0,0,0,0,0,0,0,0,0,0,0,0,0,PT170,1110,,
121041,121041,121041,"Estr de Alfragide (Cimpor)",,,38.734831,-9.232549,,,0,,0,0,0,0,0,0,0,0,0,0,0,0,0,0,PT170,1110,,
121043,121043,121043,"Estr Alfragide 17",,,38.73449,-9.227391,,,0,,0,0,0,0,0,0,0,0,0,0,0,0,0,0,PT170,1110,,
121045,121045,121045,"Algés Cima",,,38.70575,-9.23021666666667,,,0,,0,0,0,0,0,0,0,0,0,0,0,0,0,0,PT170,1110,,
121046,121046,121046,"Algés Cima",,,38.7059833333333,-9.23021666666667,,,0,,0,0,0,0,0,0,0,0,0,0,0,0,0,0,PT170,1110,,
121047,121047,121047,"R Victor Duarte Pedroso 26",,,38.708,-9.23031666666667,,,0,,0,0,0,0,0,0,0,0,0,0,0,0,0,0,PT170,1110,,
121048,121048,121048,"R Victor Duarte Pedroso Fte 14",,,38.7077666666667,-9.23033333333333,,,0,,0,0,0,0,0,0,0,0,0,0,0,0,0,0,PT170,1110,,
121049,121049,121049,"R Victor Duarte Pedroso - B Húngaros",,,38.708986,-9.233564,,,0,,0,0,0,0,0,0,0,0,0,0,0,0,0,0,PT170,1110,,
121050,121050,121050,"R Victor Duarte Pedroso - B Húngaros",,,38.70881434119945,-9.23299732721646,,,0,,0,0,0,0,0,0,0,0,0,0,0,0,0,0,PT170,1110,,
121051,121051,121051,"R Eng J F Ulrich(x)r D Dom Fernandes",,,38.710842674640105,-9.238595014715187,,,0,,0,0,0,0,0,0,0,0,0,0,0,0,0,0,PT170,1110,,
121053,121053,121053,"EN 6-2 2",,,38.7344692088664,-9.22684947028756,,,0,,0,0,0,0,0,0,0,0,0,0,0,0,0,0,PT170,1110,,
121055,121055,121055,"Av Marconi (X) Estr Casal Canas",,,38.7345333333333,-9.2346,,,0,,0,0,0,0,0,0,0,0,0,0,0,0,0,0,PT170,1110,,
121057,121057,121057,"R Eng J F Ulrich(x)r D Dom Fernandes",,,38.7105333333333,-9.23828333333333,,,0,,0,0,0,0,0,0,0,0,0,0,0,0,0,0,PT170,1110,,
121059,121059,121059,"Av Republica 117",,,38.7039166666667,-9.23053333333333,,,0,,0,0,0,0,0,0,0,0,0,0,0,0,0,0,PT170,1110,,
121061,121061,121061,"Algés (Estação) P9",,,38.6990833333333,-9.22758333333333,,,0,,0,0,0,0,0,0,0,0,0,0,0,0,0,0,PT170,1110,,
121063,121063,121063,"Al Fernão Lopes (Est Miraflores)",,,38.715032,-9.229399,,,0,,0,0,0,0,0,0,0,0,0,0,0,0,0,0,PT170,1110,,
121065,121065,121065,"Av José Gomes Ferreira 37",,,38.715077,-9.231711,,,0,,0,0,0,0,0,0,0,0,0,0,0,0,0,0,PT170,1110,,
121066,121066,121066,"Av José Gomes Ferreira (Carris)",,,38.714899,-9.231683,,,0,,0,0,0,0,0,0,0,0,0,0,0,0,0,0,PT170,1110,,
121067,121067,121067,"Alameda António Sérgio 7",,,38.7139644753188,-9.23257984220982,,,0,,0,0,0,0,0,0,0,0,0,0,0,0,0,0,PT170,1110,,
121069,121069,121069,"Al António Sérgio 14",,,38.7142435507849,-9.23259886913002,,,0,,0,0,0,0,0,0,0,0,0,0,0,0,0,0,PT170,1110,,
121071,121071,121071,"Al Fernão Lopes (Rotunda Carris)",,,38.714628,-9.229249,,,0,,0,0,0,0,0,0,0,0,0,0,0,0,0,0,PT170,1110,,
121073,121073,121073,"Al Fernão Lopes Torre 1",,,38.7141918344423,-9.22737384214997,,,0,,0,0,0,0,0,0,0,0,0,0,0,0,0,0,PT170,1110,,
121075,121075,121075,"R das Tilias X R das Magnólias",,,38.7098476616666,-9.26695184782147,,,0,,0,0,0,0,0,0,0,0,0,0,0,0,0,0,PT170,1110,,
121077,121077,121077,"Av Cons Ferreira Lobo 39",,,38.7070333333333,-9.2748,,,0,,0,0,0,0,0,0,0,0,0,0,0,0,0,0,PT170,1110,,
121081,121081,121081,"Linda-a-Velha (Alameda António Sérgio)",,,38.716053210615314,-9.235698832198976,,,0,,0,0,0,0,0,0,0,0,0,0,0,0,0,0,PT170,1110,,
121083,121083,121083,"R 7 Junho 32",,,38.731097378768,-9.28214773535728,,,0,,0,0,0,0,0,0,0,0,0,0,0,0,0,0,PT170,1110,,
121084,121084,121084,"R 7 Junho Fte 32",,,38.730419478707205,-9.281901801986535,,,0,,0,0,0,0,0,0,0,0,0,0,0,0,0,0,PT170,1110,,
121085,121085,121085,"Leceia (Igreja)",,,38.7284982763231,-9.2844901420176,,,0,,0,0,0,0,0,0,0,0,0,0,0,0,0,0,PT170,1110,,
121086,121086,121086,"Leceia (Igreja)",,,38.72843249651654,-9.284446695781057,,,0,,0,0,0,0,0,0,0,0,0,0,0,0,0,0,PT170,1110,,
121087,121087,121087,"Estr Leião (X) Av Eng Arantes Oliveira",,,38.72314117941251,-9.30248382501304,,,0,,0,0,0,0,0,0,0,0,0,0,0,0,0,0,PT170,1110,,
121089,121089,121089,"Av Eng Valente Oliv(x)Av Dr M Soares",,,38.7436609070145,-9.306516777724028,,,0,,0,0,0,0,0,0,0,0,0,0,0,0,0,0,PT170,1110,,
121090,121090,121090,"Av Eng Valente Oliv(x)Av Dr M Soares",,,38.74361148738635,-9.3064284324646,,,0,,0,0,0,0,0,0,0,0,0,0,0,0,0,0,PT170,1110,,
121091,121091,121091,"Taguspark (BCP)",,,38.744939507147,-9.304312588647008,,,0,,0,0,0,0,0,0,0,0,0,0,0,0,0,0,PT170,1110,,
121092,121092,121092,"Taguspark (BCP)",,,38.745498242788,-9.30482589639723,,,0,,0,0,0,0,0,0,0,0,0,0,0,0,0,0,PT170,1110,,
121093,121093,121093,"Linda-a-Velha (Alameda António Sérgio)",,,38.7158538820222,-9.2357633728534,,,0,,0,0,0,0,0,0,0,0,0,0,0,0,0,0,PT170,1110,,
121095,121095,121095,"Algés (Estação) P3",,,38.69851748324015,-9.227583476043408,,,0,,0,0,0,0,0,0,0,0,0,0,0,0,0,0,PT170,1110,,
121097,121097,121097,"Estr Consigl Pedroso (Esc Primária)",,,38.745946076032695,-9.265233725309372,,,0,,0,0,0,0,0,0,0,0,0,0,0,0,0,0,PT170,1110,,
121099,121099,121099,"Estr Consigl Pedroso (Esc Primária)",,,38.7461314117536,-9.26524135284126,,,0,,0,0,0,0,0,0,0,0,0,0,0,0,0,0,PT170,1110,,
121101,121101,121101,"Av Prof Dr Cavaco Silva (Seg Social)",,,38.7415716145188,-9.30531732738018,,,0,,0,0,0,0,0,0,0,0,0,0,0,0,0,0,PT170,1110,,
121102,121102,121102,"Taguspark (Núcleo Central)",,,38.7415755121037,-9.30508917197585,,,0,,0,0,0,0,0,0,0,0,0,0,0,0,0,0,PT170,1110,,
121103,121103,121103,"Av Prof Dr Cavaco Silva (IST)",,,38.7379881413653,-9.30415014736354,,,0,,0,0,0,0,0,0,0,0,0,0,0,0,0,0,PT170,1110,,
121104,121104,121104,"Av Prof Dr Cavaco Silva 19",,,38.7391497055069,-9.30477158166468,,,0,,0,0,0,0,0,0,0,0,0,0,0,0,0,0,PT170,1110,,
121105,121105,121105,"Taguspark (Rotunda SEF)",,,38.7358811823651,-9.29966239258647,,,0,,0,0,0,0,0,0,0,0,0,0,0,0,0,0,PT170,1110,,
121106,121106,121106,"Taguspark (Rotunda SEF)",,,38.7360434560105,-9.29995374754071,,,0,,0,0,0,0,0,0,0,0,0,0,0,0,0,0,PT170,1110,,
121107,121107,121107,"Av Sta Casa Miseric (X) Estr Oeiras",,,38.714130352590594,-9.304856825619936,,,0,,0,0,0,0,0,0,0,0,0,0,0,0,0,0,PT170,1110,,
121108,121108,121108,"Av Sta Casa Miseric (X) Estr Oeiras",,,38.7139766290784,-9.3048382177949,,,0,,0,0,0,0,0,0,0,0,0,0,0,0,0,0,PT170,1110,,
121109,121109,121109,"Av Sta Casa Miseric Oei (Estr Oeiras)",,,38.71452986872643,-9.307894930243492,,,0,,0,0,0,0,0,0,0,0,0,0,0,0,0,0,PT170,1110,,
121110,121110,121110,"Av Sta Casa Misericórd (Saída Lagoas)",,,38.7144425790757,-9.30803809314966,,,0,,0,0,0,0,0,0,0,0,0,0,0,0,0,0,PT170,1110,,
121111,121111,121111,"Av Rio Janeiro (X) R Franc Manuel Melo",,,38.69767214747287,-9.31136352941394,,,0,,0,0,0,0,0,0,0,0,0,0,0,0,0,0,PT170,1110,,
121112,121112,121112,"Av Rio Janeiro (X) R Gaspar Lemos",,,38.6977953230962,-9.31138792075217,,,0,,0,0,0,0,0,0,0,0,0,0,0,0,0,0,PT170,1110,,
121113,121113,121113,"Pça Com Henrique Moreira Rato",,,38.69742942491457,-9.30961431004107,,,0,,0,0,0,0,0,0,0,0,0,0,0,0,0,0,PT170,1110,,
121114,121114,121114,"Pça Com Henrique Moreira Rato 34B",,,38.69738687083287,-9.309344915673137,,,0,,0,0,0,0,0,0,0,0,0,0,0,0,0,0,PT170,1110,,
121115,121115,121115,"Av Rio Janeiro (Cemitério)",,,38.698119870387,-9.30676253512502,,,0,,0,0,0,0,0,0,0,0,0,0,0,0,0,0,PT170,1110,,
121116,121116,121116,"Av Rio Janeiro (Cemitério)",,,38.6981997918338,-9.30680234916508,,,0,,0,0,0,0,0,0,0,0,0,0,0,0,0,0,PT170,1110,,
121119,121119,121119,"R Figueirinha 14",,,38.69382714783109,-9.308058628812432,,,0,,0,0,0,0,0,0,0,0,0,0,0,0,0,0,PT170,1110,,
121121,121121,121121,"Estr Oeiras (Posto Combust)",,,38.7016965961084,-9.30828309617937,,,0,,0,0,0,0,0,0,0,0,0,0,0,0,0,0,PT170,1110,,
121123,121123,121123,"Estr Leceia (X) Estr Leião",,,38.7322688754648,-9.29799715988338,,,0,,0,0,0,0,0,0,0,0,0,0,0,0,0,0,PT170,1110,,
121124,121124,121124,"Estr Leceia (X) Estr Leião",,,38.73236479026905,-9.297947317790989,,,0,,0,0,0,0,0,0,0,0,0,0,0,0,0,0,PT170,1110,,
121125,121125,121125,"Talaíde (Esc Secundária)",,,38.7344864336774,-9.3056477420032,,,0,,0,0,0,0,0,0,0,0,0,0,0,0,0,0,PT170,1110,,
121127,121127,121127,"Estr Cacém (Fte Vivendas)",,,38.7205333333333,-9.27648333333333,,,0,,0,0,0,0,0,0,0,0,0,0,0,0,0,0,PT170,1110,,
121128,121128,121128,"Estr Cacém (Fte Vivendas)",,,38.72014790731241,-9.276567045799892,,,0,,0,0,0,0,0,0,0,0,0,0,0,0,0,0,PT170,1110,,
121129,121129,121129,"Estr Cacém - Casal Sto Ant Sol Posto",,,38.72255,-9.27523333333333,,,0,,0,0,0,0,0,0,0,0,0,0,0,0,0,0,PT170,1110,,
121130,121130,121130,"Estr Cacém - Casal Sto Ant Sol Posto",,,38.72267496287932,-9.2753365983804,,,0,,0,0,0,0,0,0,0,0,0,0,0,0,0,0,PT170,1110,,
121131,121131,121131,"Estr Cacém (X) R Antero Quental",,,38.72663788495176,-9.276280456844963,,,0,,0,0,0,0,0,0,0,0,0,0,0,0,0,0,PT170,1110,,
121132,121132,121132,"Estr Cacém (X) R Antero Quental",,,38.7265166666667,-9.27636666666667,,,0,,0,0,0,0,0,0,0,0,0,0,0,0,0,0,PT170,1110,,
121133,121133,121133,"R J Sabino Sousa (Escadinhas)",,,38.7290166666667,-9.27678333333333,,,0,,0,0,0,0,0,0,0,0,0,0,0,0,0,0,PT170,1110,,
121135,121135,121135,"Estr Cacém (Ribeira Acima)",,,38.736516,-9.282159,,,0,,0,0,0,0,0,0,0,0,0,0,0,0,0,0,PT170,1110,,
121136,121136,121136,"Estr Cacém (Ribeira Acima)",,,38.7367166666667,-9.28233333333333,,,0,,0,0,0,0,0,0,0,0,0,0,0,0,0,0,PT170,1110,,
121137,121137,121137,"Estr Fontaínhas (X) Fábrica Pólvora",,,38.7413,-9.2843,,,0,,0,0,0,0,0,0,0,0,0,0,0,0,0,0,PT170,1110,,
121138,121138,121138,"Estr Fontaínhas (X) Fábrica Pólvora",,,38.7413166666667,-9.28438333333333,,,0,,0,0,0,0,0,0,0,0,0,0,0,0,0,0,PT170,1110,,
121139,121139,121139,"Estr Fontaínhas 11",,,38.742611820468944,-9.28308275992076,,,0,,0,0,0,0,0,0,0,0,0,0,0,0,0,0,PT170,1110,,
121140,121140,121140,"Estr Fontaínhas 23",,,38.742593,-9.283213,,,0,,0,0,0,0,0,0,0,0,0,0,0,0,0,0,PT170,1110,,
121141,121141,121141,"Av Santo António Fte 8",,,38.74365,-9.28281666666667,,,0,,0,0,0,0,0,0,0,0,0,0,0,0,0,0,PT170,1110,,
121142,121142,121142,"Av Santo António Fte 8",,,38.7436,-9.28296666666667,,,0,,0,0,0,0,0,0,0,0,0,0,0,0,0,0,PT170,1110,,
121143,121143,121143,"Tercena (e R 25 Ab)",,,38.744794,-9.283966,,,0,,0,0,0,0,0,0,0,0,0,0,0,0,0,0,PT170,1110,,
121144,121144,121144,"Tercena (e R 25 Ab)",,,38.744867,-9.284157,,,0,,0,0,0,0,0,0,0,0,0,0,0,0,0,0,PT170,1110,,
121145,121145,121145,"Tercena (Av Sto António)",,,38.7462947701958,-9.283613119626052,,,0,,0,0,0,0,0,0,0,0,0,0,0,0,0,0,PT170,1110,,
121146,121146,121146,"Av Santo António 61A",,,38.74645,-9.28355,,,0,,0,0,0,0,0,0,0,0,0,0,0,0,0,0,PT170,1110,,
121147,121147,121147,"Av Infante D Henrique (X) R Helena de Aragão",,,38.748407,-9.28305,,,0,,0,0,0,0,0,0,0,0,0,0,0,0,0,0,PT170,1110,,
121148,121148,121148,"Tercena (Rest Anibal)",,,38.7481833333333,-9.28341666666667,,,0,,0,0,0,0,0,0,0,0,0,0,0,0,0,0,PT170,1110,,
121149,121149,121149,"Estr Cacém (Ponte Rio)",,,38.7334166666667,-9.28071666666667,,,0,,0,0,0,0,0,0,0,0,0,0,0,0,0,0,PT170,1110,,
121151,121151,121151,"R J Sabino Sousa (Fte Escadinhas)",,,38.7290166666667,-9.27688333333333,,,0,,0,0,0,0,0,0,0,0,0,0,0,0,0,0,PT170,1110,,
121153,121153,121153,"Caxias (Estabelecimento Prisional)",,,38.7042,-9.26648333333333,,,0,,0,0,0,0,0,0,0,0,0,0,0,0,0,0,PT170,1110,,
121157,121157,121157,"EN250 (Fte Hospital Prisional Caxias)",,,38.707798,-9.269564,,,0,,0,0,0,0,0,0,0,0,0,0,0,0,0,0,PT170,1110,,
121158,121158,121158,"EN250 (Fte Hospital Prisional Caxias)",,,38.7077,-9.269559,,,0,,0,0,0,0,0,0,0,0,0,0,0,0,0,0,PT170,1110,,
121159,121159,121159,"Cruz Quebrada (Estação)",,,38.700086978047175,-9.25218427553773,,,0,,0,0,0,0,0,0,0,0,0,0,0,0,0,0,PT170,1110,,
121161,121161,121161,"Av Ferreira Godinho 6",,,38.7011916702613,-9.25355639308691,,,0,,0,0,0,0,0,0,0,0,0,0,0,0,0,0,PT170,1110,,
121162,121162,121162,"Av Ferreira Godinho 6",,,38.7013183208182,-9.25364096648991,,,0,,0,0,0,0,0,0,0,0,0,0,0,0,0,0,PT170,1110,,
121163,121163,121163,"Estádio Nacional",,,38.706944338046,-9.26391927525401,,,0,,0,0,0,0,0,0,0,0,0,0,0,0,0,0,PT170,1110,,
121167,121167,121167,"R Juventude (X) R António Quadros",,,38.7460333333333,-9.28058333333333,,,0,,0,0,0,0,0,0,0,0,0,0,0,0,0,0,PT170,1110,,
121168,121168,121168,"R Juventude (X) R António Quadros",,,38.7460666666667,-9.28055,,,0,,0,0,0,0,0,0,0,0,0,0,0,0,0,0,PT170,1110,,
121169,121169,121169,"Jardim Odette de Saint-Maurice",,,38.7437179684639,-9.27935161627829,,,0,,0,0,0,0,0,0,0,0,0,0,0,0,0,0,PT170,1110,,
121171,121171,121171,"Estr Oeiras (Inst Condessa de Cuba)",,,38.7118091527373,-9.30514625273645,,,0,,0,0,0,0,0,0,0,0,0,0,0,0,0,0,PT170,1110,,
121172,121172,121172,"Estr Oeiras (Inst Condessa de Cuba)",,,38.7114866590127,-9.30525907315314,,,0,,0,0,0,0,0,0,0,0,0,0,0,0,0,0,PT170,1110,,
121173,121173,121173,"R Augusta Fte 220",,,38.72733,-9.310052,,,0,,0,0,0,0,0,0,0,0,0,0,0,0,0,0,PT170,1110,,
121175,121175,121175,"Av Lopo Soares Albergaria 40",,,38.7292126659304,-9.30989795364439,,,0,,0,0,0,0,0,0,0,0,0,0,0,0,0,0,PT170,1110,,
121176,121176,121176,"Av Lopo Soares Albergaria 40",,,38.7292187428102,-9.30997498333454,,,0,,0,0,0,0,0,0,0,0,0,0,0,0,0,0,PT170,1110,,
121177,121177,121177,"Taguspark (BCP)",,,38.7439961638302,-9.30401151068509,,,0,,0,0,0,0,0,0,0,0,0,0,0,0,0,0,PT170,1110,,
121178,121178,121178,"Taguspark (BCP)",,,38.74389469053543,-9.303839499833323,,,0,,0,0,0,0,0,0,0,0,0,0,0,0,0,0,PT170,1110,,
121179,121179,121179,"R 7 Junho 74",,,38.7222746293992,-9.30612928234041,,,0,,0,0,0,0,0,0,0,0,0,0,0,0,0,0,PT170,1110,,
121181,121181,121181,"Estr Oeiras (X) R Sta Casa Misericordia",,,38.7134666666667,-9.3043,,,0,,0,0,0,0,0,0,0,0,0,0,0,0,0,0,PT170,1110,,
121182,121182,121182,"Estr Oeiras (X) R Sta Casa Misericordia",,,38.7133166666667,-9.30458333333333,,,0,,0,0,0,0,0,0,0,0,0,0,0,0,0,0,PT170,1110,,
121183,121183,121183,"Estr Leceia Viv Terranova",,,38.7314666666667,-9.292,,,0,,0,0,0,0,0,0,0,0,0,0,0,0,0,0,PT170,1110,,
121184,121184,121184,"Estr Leceia Viv Terranova",,,38.7315333333333,-9.29195,,,0,,0,0,0,0,0,0,0,0,0,0,0,0,0,0,PT170,1110,,
121185,121185,121185,"Oeiras (Medrosa)",,,38.68280264256611,-9.323257701471448,,,0,,0,0,0,0,0,0,0,0,0,0,0,0,0,0,PT170,1110,,
121186,121186,121186,"Oeiras (Medrosa)",,,38.68286311903715,-9.323116801679134,,,0,,0,0,0,0,0,0,0,0,0,0,0,0,0,0,PT170,1110,,
121187,121187,121187,"Oeiras (Estação) P9 Entrada Sul",,,38.6881461599842,-9.31750008836389,,,0,,0,0,0,0,0,0,0,0,0,0,0,0,0,0,PT170,1110,,
121188,121188,121188,"Oeiras (Estação) P10 Entrada Sul",,,38.6878873268142,-9.31779286824167,,,0,,0,0,0,0,0,0,0,0,0,0,0,0,0,0,PT170,1110,,
121189,121189,121189,"R D Filipa Lencastre 10",,,38.68374721162397,-9.321276471018791,,,0,,0,0,0,0,0,0,0,0,0,0,0,0,0,0,PT170,1110,,
121191,121191,121191,"R Cândido dos Reis - PSP",,,38.6933358572423,-9.30789643898606,,,0,,0,0,0,0,0,0,0,0,0,0,0,0,0,0,PT170,1110,,
121193,121193,121193,"Av Moçambique - (PSP)",,,38.69518750848318,-9.302546689286828,,,0,,0,0,0,0,0,0,0,0,0,0,0,0,0,0,PT170,1110,,
121195,121195,121195,"Av Embaixador Aug Castro 18 D",,,38.695816903210975,-9.30999065039407,,,0,,0,0,0,0,0,0,0,0,0,0,0,0,0,0,PT170,1110,,
121197,121197,121197,"Av República 15",,,38.69507080932179,-9.32471925392747,,,0,,0,0,0,0,0,0,0,0,0,0,0,0,0,0,PT170,1110,,
121198,121198,121198,"Av República 15",,,38.6949265329167,-9.32479963637888,,,0,,0,0,0,0,0,0,0,0,0,0,0,0,0,0,PT170,1110,,
121199,121199,121199,"R das Escolas - Escola",,,38.6979298526421,-9.3242843169719,,,0,,0,0,0,0,0,0,0,0,0,0,0,0,0,0,PT170,1110,,
121200,121200,121200,"R Escolas (Fte Esc Conde de Oeiras)",,,38.6978845484555,-9.32437869720161,,,0,,0,0,0,0,0,0,0,0,0,0,0,0,0,0,PT170,1110,,
121201,121201,121201,"Rotunda Quinta do Marquês",,,38.6964353173971,-9.32611785829067,,,0,,0,0,0,0,0,0,0,0,0,0,0,0,0,0,PT170,1110,,
121203,121203,121203,"Av República (Estação Agronómica)",,,38.694031057564985,-9.318402400240302,,,0,,0,0,0,0,0,0,0,0,0,0,0,0,0,0,PT170,1110,,
121207,121207,121207,"Av Inf D Henrique (Clínica)",,,38.68707385904656,-9.318706998601556,,,0,,0,0,0,0,0,0,0,0,0,0,0,0,0,0,PT170,1110,,
121209,121209,121209,"Av Inf D Henrique 6",,,38.6835420643911,-9.32192238047719,,,0,,0,0,0,0,0,0,0,0,0,0,0,0,0,0,PT170,1110,,
121213,121213,121213,"Carnaxide (Urbanização Norte)",,,38.7338418653235,-9.22988212667406,,,0,,0,0,0,0,0,0,0,0,0,0,0,0,0,0,PT170,1110,,
121215,121215,121215,"R Qta do Salredo",,,38.73088447690671,-9.225601612268443,,,0,,0,0,0,0,0,0,0,0,0,0,0,0,0,0,PT170,1110,,
121216,121216,121216,"R Qta do Salredo (Posto Combust)",,,38.73062543571,-9.22551079653203,,,0,,0,0,0,0,0,0,0,0,0,0,0,0,0,0,PT170,1110,,
121217,121217,121217,"R Qta do Salredo",,,38.728269,-9.22215,,,0,,0,0,0,0,0,0,0,0,0,0,0,0,0,0,PT170,1110,,
121218,121218,121218,"R Qta do Salredo (X) R dos Cavaleiros",,,38.728339,-9.222081,,,0,,0,0,0,0,0,0,0,0,0,0,0,0,0,0,PT170,1110,,
121219,121219,121219,"Queijas (Rotunda saida)",,,38.71516303536423,-9.263567989692092,,,0,,0,0,0,0,0,0,0,0,0,0,0,0,0,0,PT170,1110,,
121221,121221,121221,"R Mina - Bairro Mina (Chafariz)",,,38.705818,-9.32226,,,0,,0,0,0,0,0,0,0,0,0,0,0,0,0,0,PT170,1110,,
121222,121222,121222,"R Mina - Bairro Mina (Chafariz)",,,38.705942,-9.322427,,,0,,0,0,0,0,0,0,0,0,0,0,0,0,0,0,PT170,1110,,
121223,121223,121223,"R da Mina X Estr Quinta Agronómica",,,38.704091,-9.323214,,,0,,0,0,0,0,0,0,0,0,0,0,0,0,0,0,PT170,1110,,
121225,121225,121225,"Av República (Pingo Doce)",,,38.6955637671053,-9.32869680225849,,,0,,0,0,0,0,0,0,0,0,0,0,0,0,0,0,PT170,1110,,
121226,121226,121226,"Av República (Supermercado)",,,38.6957869771868,-9.32904205285013,,,0,,0,0,0,0,0,0,0,0,0,0,0,0,0,0,PT170,1110,,
121227,121227,121227,"Av D José I (Qta do Barão)",,,38.694459,-9.328629,,,0,,0,0,0,0,0,0,0,0,0,0,0,0,0,0,PT170,1110,,
121228,121228,121228,"Av D José I (Qta do Barão)",,,38.694475,-9.328473,,,0,,0,0,0,0,0,0,0,0,0,0,0,0,0,0,PT170,1110,,
121229,121229,121229,"Av D José I fte 171A",,,38.692238,-9.328605,,,0,,0,0,0,0,0,0,0,0,0,0,0,0,0,0,PT170,1110,,
121230,121230,121230,"Av D José I fte 171A",,,38.692313,-9.328477,,,0,,0,0,0,0,0,0,0,0,0,0,0,0,0,0,PT170,1110,,
121231,121231,121231,"Av D José I 29 (C C Palmeiras)",,,38.691149,-9.327205,,,0,,0,0,0,0,0,0,0,0,0,0,0,0,0,0,PT170,1110,,
121232,121232,121232,"Av D José I 29 (C C Palmeiras)",,,38.691192,-9.327068,,,0,,0,0,0,0,0,0,0,0,0,0,0,0,0,0,PT170,1110,,
121233,121233,121233,"R Dr José Carlos Moreira 8",,,38.69086,-9.325167,,,0,,0,0,0,0,0,0,0,0,0,0,0,0,0,0,PT170,1110,,
121234,121234,121234,"R Dr José Carlos Moreira 8",,,38.690964,-9.325196,,,0,,0,0,0,0,0,0,0,0,0,0,0,0,0,0,PT170,1110,,
121235,121235,121235,"Oeiras (Estação) P4 Entrada Norte",,,38.68865402759099,-9.317038658241474,,,0,,0,0,0,0,0,0,0,0,0,0,0,0,0,0,PT170,1110,,
121237,121237,121237,"R Monsenhor Ferreira de Melo - Igreja",,,38.693365,-9.323919,,,0,,0,0,0,0,0,0,0,0,0,0,0,0,0,0,PT170,1110,,
121239,121239,121239,"Alameda Conde de Oeiras 68",,,38.69171,-9.324061,,,0,,0,0,0,0,0,0,0,0,0,0,0,0,0,0,PT170,1110,,
121241,121241,121241,"R Norton de Matos",,,38.6978334,-9.3270052,,,0,,0,0,0,0,0,0,0,0,0,0,0,0,0,0,PT170,1110,,
121242,121242,121242,"R Norton de Matos - Escola",,,38.6976465024054,-9.32696216739714,,,0,,0,0,0,0,0,0,0,0,0,0,0,0,0,0,PT170,1110,,
121243,121243,121243,"Av Elvira Velez (Esc Preparatória)",,,38.69832952377916,-9.296752654872938,,,0,,0,0,0,0,0,0,0,0,0,0,0,0,0,0,PT170,1110,,
121247,121247,121247,"EN 117 (Alfrapark)",,,38.73191946171516,-9.222682271163947,,,0,,0,0,0,0,0,0,0,0,0,0,0,0,0,0,PT170,1110,,
121249,121249,121249,"EN 117 (Centro Comercial)",,,38.7278668256477,-9.21730868518353,,,0,,0,0,0,0,0,0,0,0,0,0,0,0,0,0,PT170,1110,,
121257,121257,121257,"R Dr Agostinho Campos (C Saúde)",,,38.7143106060103,-9.23490791581571,,,0,,0,0,0,0,0,0,0,0,0,0,0,0,0,0,PT170,1110,,
121259,121259,121259,"R Dom Fernandes (X) R Estevão Lopes",,,38.7114590406418,-9.23739499412477,,,0,,0,0,0,0,0,0,0,0,0,0,0,0,0,0,PT170,1110,,
121261,121261,121261,"R Lusíadas 25",,,38.7143,-9.23906,,,0,,0,0,0,0,0,0,0,0,0,0,0,0,0,0,PT170,1110,,
121263,121263,121263,"R Goa 19",,,38.7043666666667,-9.27631666666667,,,0,,0,0,0,0,0,0,0,0,0,0,0,0,0,0,PT170,1110,,
121265,121265,121265,"R Goa 3B",,,38.7035166666667,-9.27841666666667,,,0,,0,0,0,0,0,0,0,0,0,0,0,0,0,0,PT170,1110,,
121267,121267,121267,"R Carlos Vieira Ramos 20 (Escola)",,,38.6973833333333,-9.29966666666667,,,0,,0,0,0,0,0,0,0,0,0,0,0,0,0,0,PT170,1110,,
121268,121268,121268,"R Carlos Vieira Ramos 20 (Escola)",,,38.69715,-9.29896666666667,,,0,,0,0,0,0,0,0,0,0,0,0,0,0,0,0,PT170,1110,,
121269,121269,121269,"Av Ultramar (Jardim Ultramar)",,,38.6943833333333,-9.30528333333333,,,0,,0,0,0,0,0,0,0,0,0,0,0,0,0,0,PT170,1110,,
121270,121270,121270,"Oeiras (Estação) P8 Entrada Norte",,,38.68862314330067,-9.31661831215024,,,0,,0,0,0,0,0,0,0,0,0,0,0,0,0,0,PT170,1110,,
121272,121272,121272,"Oeiras (Estação) P5 Entrada Norte",,,38.68868821217609,-9.31691880337894,,,0,,0,0,0,0,0,0,0,0,0,0,0,0,0,0,PT170,1110,,
121273,121273,121273,"Porto Salvo (Lagoas park)",,,38.71401416027011,-9.311346765607595,,,0,,0,0,0,0,0,0,0,0,0,0,0,0,0,0,PT170,1110,,
121274,121274,121274,"R Sacadura Cabral 65B",,,38.7003614041817,-9.247053215330748,,,0,,0,0,0,0,0,0,0,0,0,0,0,0,0,0,PT170,1110,,
121275,121275,121275,"Estr Militar (Estudios)",,,38.7332183355466,-9.27037233486772,,,0,,0,0,0,0,0,0,0,0,0,0,0,0,0,0,PT170,1110,,
121276,121276,121276,"Estr Leiao Fte 49B",,,38.72537302086519,-9.30232498794794,,,0,,0,0,0,0,0,0,0,0,0,0,0,0,0,0,PT170,1110,,
121277,121277,121277,"R Bombeiros Voluntários (Vivendas)",,,38.735114,-9.279111,,,0,,0,0,0,0,0,0,0,0,0,0,0,0,0,0,PT170,1110,,
121278,121278,121278,"Av Carolina Michaellis 23",,,38.7140531558543,-9.23763253726065,,,0,,0,0,0,0,0,0,0,0,0,0,0,0,0,0,PT170,1110,,
121280,121280,121280,"Estr Casal Canas (Fte Vila Utopia)",,,38.73325,-9.2377,,,0,,0,0,0,0,0,0,0,0,0,0,0,0,0,0,PT170,1110,,
121281,121281,121281,"R Mina Grande",,,38.7313833333333,-9.23916666666667,,,0,,0,0,0,0,0,0,0,0,0,0,0,0,0,0,PT170,1110,,
121283,121283,121283,"R Bomb Voluntários (Recorte)",,,38.73763,-9.278845,,,0,,0,0,0,0,0,0,0,0,0,0,0,0,0,0,PT170,1110,,
121284,121284,121284,"R Roma (X) R Napoles",,,38.7117546703666,-9.27673260681331,,,0,,0,0,0,0,0,0,0,0,0,0,0,0,0,0,PT170,1110,,
121285,121285,121285,"Av Eng Maria de Lurdes Pintassilgo",,,38.7186992447823,-9.22307342290878,,,0,,0,0,0,0,0,0,0,0,0,0,0,0,0,0,PT170,1110,,
121286,121286,121286,"Estr Militar (X) Mata",,,38.7073,-9.26706666666667,,,0,,0,0,0,0,0,0,0,0,0,0,0,0,0,0,PT170,1110,,
121287,121287,121287,"Estr Oeiras (Rot R Cacilhas)",,,38.70895059718039,-9.305520504713058,,,0,,0,0,0,0,0,0,0,0,0,0,0,0,0,0,PT170,1110,,
121291,121291,121291,"Oeiras (Estação) P6 Entrada Norte",,,38.68855468951193,-9.31695299715587,,,0,,0,0,0,0,0,0,0,0,0,0,0,0,0,0,PT170,1110,,
121292,121292,121292,"R Gazeta Oeiras Fte 66",,,38.70254983642371,-9.300241470893896,,,0,,0,0,0,0,0,0,0,0,0,0,0,0,0,0,PT170,1110,,
121293,121293,121293,"R Gazeta Oeiras 64",,,38.70243763075165,-9.299947615122726,,,0,,0,0,0,0,0,0,0,0,0,0,0,0,0,0,PT170,1110,,
121295,121295,121295,"Av Eng Maria de Lurdes Pintassilgo",,,38.7189880013466,-9.22252130694687,,,0,,0,0,0,0,0,0,0,0,0,0,0,0,0,0,PT170,1110,,
121296,121296,121296,"R Camilo C Branco 31",,,38.7158030020163,-9.261676330164068,,,0,,0,0,0,0,0,0,0,0,0,0,0,0,0,0,PT170,1110,,
121297,121297,121297,"Oeiras (Estação) P3 Entrada Norte",,,38.6886307020783,-9.317123600611692,,,0,,0,0,0,0,0,0,0,0,0,0,0,0,0,0,PT170,1110,,
121298,121298,121298,"Rua Mina Grande 7",,,38.73102771879118,-9.239158826873274,,,0,,0,0,0,0,0,0,0,0,0,0,0,0,0,0,PT170,1110,,
121299,121299,121299,"Estr Ribeira Lage",,,38.70909400066183,-9.312865944244324,,,0,,0,0,0,0,0,0,0,0,0,0,0,0,0,0,PT170,1110,,
121300,121300,121300,"Estr Ribeira Lage (Ribeira)",,,38.70901551269769,-9.313053698860118,,,0,,0,0,0,0,0,0,0,0,0,0,0,0,0,0,PT170,1110,,
121301,121301,121301,"Estr Casal Canas (Vila Utopia)",,,38.73323920918062,-9.23739797287256,,,0,,0,0,0,0,0,0,0,0,0,0,0,0,0,0,PT170,1110,,
121302,121302,121302,"R São Salvador da Baía (X) R Macau",,,38.696045704026005,-9.302548903188944,,,0,,0,0,0,0,0,0,0,0,0,0,0,0,0,0,PT170,1110,,
121303,121303,121303,"Av Moçambique (X) Prct Manica",,,38.695257,-9.30254,,,0,,0,0,0,0,0,0,0,0,0,0,0,0,0,0,PT170,1110,,
121304,121304,121304,"Av Moçambique (X) Fte Prct Maputo",,,38.694414,-9.304202,,,0,,0,0,0,0,0,0,0,0,0,0,0,0,0,0,PT170,1110,,
121309,121309,121309,"Algés (Estação) P2",,,38.698524,-9.227718,,,0,,0,0,0,0,0,0,0,0,0,0,0,0,0,0,PT170,1110,,
121310,121310,121310,"R Adriano José da Silva 1",,,38.700395,-9.292249,,,0,,0,0,0,0,0,0,0,0,0,0,0,0,0,0,PT170,1110,,
121311,121311,121311,"R Adriano José da Silva 1",,,38.700452,-9.292184,,,0,,0,0,0,0,0,0,0,0,0,0,0,0,0,0,PT170,1110,,
121312,121312,121312,"R Conde Rio Maior (Escola)",,,38.702336,-9.292274,,,0,,0,0,0,0,0,0,0,0,0,0,0,0,0,0,PT170,1110,,
121313,121313,121313,"R Conde Rio Maior (Escola)",,,38.702249,-9.292287,,,0,,0,0,0,0,0,0,0,0,0,0,0,0,0,0,PT170,1110,,
121314,121314,121314,"R Lino de Assunção 4B",,,38.697129,-9.293278,,,0,,0,0,0,0,0,0,0,0,0,0,0,0,0,0,PT170,1110,,
121321,121321,121321,"R Medrosa Fte 38",,,38.68372820072625,-9.324104226292226,,,0,,0,0,0,0,0,0,0,0,0,0,0,0,0,0,PT170,1110,,
121323,121323,121323,"R Medrosa 4A",,,38.68546536891851,-9.322133526524828,,,0,,0,0,0,0,0,0,0,0,0,0,0,0,0,0,PT170,1110,,
000122,000122,000122,"PARQUE CANIL AMADORA",,,38.750895,-9.248049,,,0,,0,0,0,0,0,0,0,0,0,0,0,0,0,0,PT170,1110,,
123132,123132,123132,"Rua da Quinta do Salrego (Zona Comercial)",,,38.726309,-9.217681,,,0,,0,0,0,0,0,0,0,0,0,0,0,0,0,0,PT170,1110,,
123557,123557,123557,"Avenida Infante Dom Henrique (Frente Igreja)",,,38.746283,-9.283204,,,0,,0,0,0,0,0,0,0,0,0,0,0,0,0,0,PT170,1110,,
123639,123639,123639,"Avenida da Republica 90",,,38.70387,-9.230452,,,0,,0,0,0,0,0,0,0,0,0,0,0,0,0,0,PT170,1110,,
123758,123758,123758,"Rua Fernando Távora (World Trade Center)",,,38.717681,-9.222137,,,0,,0,0,0,0,0,0,0,0,0,0,0,0,0,0,PT170,1110,,
124079,124079,124079,"Avenida dos Cavaleiros Frente 28",,,38.725753,-9.222265,,,0,,0,0,0,0,0,0,0,0,0,0,0,0,0,0,PT170,1110,,
124135,124135,124135,"Avenida Carlos Silva Frente 30",,,38.691082,-9.308901,,,0,,0,0,0,0,0,0,0,0,0,0,0,0,0,0,PT170,1110,,
125518,125518,125518,"Rua Alto Montijo (X) Rua Quinta do Salrego",,,38.726101,-9.217351,,,0,,0,0,0,0,0,0,0,0,0,0,0,0,0,0,PT170,1110,,
126214,126214,126214,"Rua António Aleixo (X) Rua Tony de Matos",,,38.744301,-9.267817,,,0,,0,0,0,0,0,0,0,0,0,0,0,0,0,0,PT170,1110,,
126234,126234,126234,"Rua Henrique de Paiva Couceiro (Estação)",,,38.688315,-9.316886,,,0,,0,0,0,0,0,0,0,0,0,0,0,0,0,0,PT170,1110,,
126478,126478,126478,"Avenida Infante Dom Henrique (Igreja)",,,38.746461,-9.283079,,,0,,0,0,0,0,0,0,0,0,0,0,0,0,0,0,PT170,1110,,
127203,127203,127203,"Rua de Aljubarrota Frente 1",,,38.68076938,-9.31967879,,,0,,0,0,0,0,0,0,0,0,0,0,0,0,0,0,PT170,1110,,
127263,127263,127263,"Avenida Professor Doutor Bernardino Machado (Parque Canino)",,,38.720497,-9.227999,,,0,,0,0,0,0,0,0,0,0,0,0,0,0,0,0,PT170,1110,,
128231,128231,128231,"Rua Afonso Albuquerque (X) Avenida Carlos Silva",,,38.69096491,-9.30888699,,,0,,0,0,0,0,0,0,0,0,0,0,0,0,0,0,PT170,1110,,
128308,128308,128308,"Rua António Aleixo (X) Rua Bartolomeu Dias",,,38.746123,-9.266136,,,0,,0,0,0,0,0,0,0,0,0,0,0,0,0,0,PT170,1110,,
128553,128553,128553,"Rua Elias Garcia Frente 8",,,38.703914,-9.228434,,,0,,0,0,0,0,0,0,0,0,0,0,0,0,0,0,PT170,1110,,
128736,128736,128736,"Rua Quinta de Santa Marta Frente 38",,,38.711676,-9.231894,,,0,,0,0,0,0,0,0,0,0,0,0,0,0,0,0,PT170,1110,,
128991,128991,128991,"Avenida Professor Doutor Bernardino Machado (Frente Parque Canino)",,,38.720728,-9.22799,,,0,,0,0,0,0,0,0,0,0,0,0,0,0,0,0,PT170,1110,,
129634,129634,129634,"Rua Doutor José da Cunha (X) Avenida Engenheiro Álvaro Roquette",,,38.701656,-9.306141,,,0,,0,0,0,0,0,0,0,0,0,0,0,0,0,0,PT170,1110,,
129943,129943,129943,"Rua Quinta de Santa Marta (Área Comercial)",,,38.708167,-9.232416,,,0,,0,0,0,0,0,0,0,0,0,0,0,0,0,0,PT170,1110,,
170001,170001,170001,"Canil Municipal Amadora",,,38.750779251200726,-9.247510023415089,,,0,,0,0,0,0,0,0,0,0,0,0,0,0,0,0,PT170,1111,,
170002,170002,170002,"Canil Municipal Amadora",,,38.75090668293448,-9.247763324528933,,,0,,0,0,0,0,0,0,0,0,0,0,0,0,0,0,PT170,1111,,
170003,170003,170003,"Estr de Alcolombal",,,38.8459675898775,-9.36156459152699,,,0,,0,0,0,0,0,0,0,0,0,0,0,0,0,0,PT170,1111,,
170004,170004,170004,"Rua Primeiro de Maio 1",,,38.78547,-9.304779,,,0,,0,0,0,0,0,0,0,0,0,0,0,0,0,0,PT170,1111,,
170005,170005,170005,"Estr de Alcolombal (X) Largo",,,38.8494393741712,-9.35906996950507,,,0,,0,0,0,0,0,0,0,0,0,0,0,0,0,0,PT170,1111,,
170006,170006,170006,"Estr de Alcolombal (X) Largo",,,38.8493506098166,-9.35921791009605,,,0,,0,0,0,0,0,0,0,0,0,0,0,0,0,0,PT170,1111,,
170007,170007,170007,"Estr de Alcolombal Estr Linhares",,,38.8492475543171,-9.36487603001297,,,0,,0,0,0,0,0,0,0,0,0,0,0,0,0,0,PT170,1111,,
170008,170008,170008,"Estr de Alcolombal (X) Estr de Linhares",,,38.8492249650881,-9.36484610661864,,,0,,0,0,0,0,0,0,0,0,0,0,0,0,0,0,PT170,1111,,
170009,170009,170009,"Estr de Alcolombal (X) R dos Selões",,,38.8465425046161,-9.37005897983909,,,0,,0,0,0,0,0,0,0,0,0,0,0,0,0,0,PT170,1111,,
170010,170010,170010,"Estr de Alcolombal (X) R dos Selões",,,38.846443304792,-9.3702136259526,,,0,,0,0,0,0,0,0,0,0,0,0,0,0,0,0,PT170,1111,,
170011,170011,170011,"Estr de Alcolombal 53",,,38.8459162088111,-9.37454883009195,,,0,,0,0,0,0,0,0,0,0,0,0,0,0,0,0,PT170,1111,,
170012,170012,170012,"Estr de Alcolombal 44",,,38.8458548951894,-9.37462024390697,,,0,,0,0,0,0,0,0,0,0,0,0,0,0,0,0,PT170,1111,,
170013,170013,170013,"Estr do À-do-Pipo 14",,,38.844246,-9.377112,,,0,,0,0,0,0,0,0,0,0,0,0,0,0,0,0,PT170,1111,,
170014,170014,170014,"Estr do À-do-Pipo 15",,,38.8442355534062,-9.37740630470216,,,0,,0,0,0,0,0,0,0,0,0,0,0,0,0,0,PT170,1111,,
170015,170015,170015,"Estr de À-do-Pipo 31",,,38.8436729181558,-9.37947135418653,,,0,,0,0,0,0,0,0,0,0,0,0,0,0,0,0,PT170,1111,,
170016,170016,170016,"Estr do À-do-Pipo 31",,,38.8436587946489,-9.37940656207502,,,0,,0,0,0,0,0,0,0,0,0,0,0,0,0,0,PT170,1111,,
170017,170017,170017,"Estr Alpolentim (X) R Concheiras",,,38.842224,-9.385003,,,0,,0,0,0,0,0,0,0,0,0,0,0,0,0,0,PT170,1111,,
170018,170018,170018,"Estr de Alpolentim (X) R Concheiras 6a",,,38.8421293906868,-9.38495211303234,,,0,,0,0,0,0,0,0,0,0,0,0,0,0,0,0,PT170,1111,,
170019,170019,170019,"Estr de Alpolentim 73",,,38.8396863592789,-9.38562216237187,,,0,,0,0,0,0,0,0,0,0,0,0,0,0,0,0,PT170,1111,,
170020,170020,170020,"Estr de Alpolentim 73",,,38.8395978044719,-9.38550925813615,,,0,,0,0,0,0,0,0,0,0,0,0,0,0,0,0,PT170,1111,,
170021,170021,170021,"Largo do Fontanário 2",,,38.838136,-9.386021,,,0,,0,0,0,0,0,0,0,0,0,0,0,0,0,0,PT170,1111,,
170023,170023,170023,"Terrugem (Igreja)",,,38.84720754023965,-9.378149947151542,,,0,,0,0,0,0,0,0,0,0,0,0,0,0,0,0,PT170,1111,,
170024,170024,170024,"Terrugem (Igreja)",,,38.8470601290464,-9.3781971372664,,,0,,0,0,0,0,0,0,0,0,0,0,0,0,0,0,PT170,1111,,
170025,170025,170025,"Av 29 Agosto 271 (Cemitério)",,,38.8504086993635,-9.38007099553943,,,0,,0,0,0,0,0,0,0,0,0,0,0,0,0,0,PT170,1111,,
170026,170026,170026,"Av 29 Agosto (Cemitério)",,,38.8509184448048,-9.38059033825994,,,0,,0,0,0,0,0,0,0,0,0,0,0,0,0,0,PT170,1111,,
170027,170027,170027,"Terrugem (Escola Secundária)",,,38.8528041215613,-9.38354923389852,,,0,,0,0,0,0,0,0,0,0,0,0,0,0,0,0,PT170,1111,,
170028,170028,170028,"R Alto dos Moinhos (Escola)",,,38.8527185004205,-9.38364386558533,,,0,,0,0,0,0,0,0,0,0,0,0,0,0,0,0,PT170,1111,,
170029,170029,170029,"R Alto do Moinhos",,,38.8536222054279,-9.3854256692992,,,0,,0,0,0,0,0,0,0,0,0,0,0,0,0,0,PT170,1111,,
170030,170030,170030,"R Alto do Moinhos (X) R 5 Outubro",,,38.8535318455956,-9.385418260445071,,,0,,0,0,0,0,0,0,0,0,0,0,0,0,0,0,PT170,1111,,
170031,170031,170031,"R Principal 58",,,38.8598625544277,-9.3911498064075,,,0,,0,0,0,0,0,0,0,0,0,0,0,0,0,0,PT170,1111,,
170032,170032,170032,"R Principal 58",,,38.8597458325817,-9.3911808276269,,,0,,0,0,0,0,0,0,0,0,0,0,0,0,0,0,PT170,1111,,
170033,170033,170033,"R Principal 98",,,38.8630511480208,-9.3936015614441,,,0,,0,0,0,0,0,0,0,0,0,0,0,0,0,0,PT170,1111,,
170034,170034,170034,"R Principal 73",,,38.8627856221009,-9.39345908612025,,,0,,0,0,0,0,0,0,0,0,0,0,0,0,0,0,PT170,1111,,
170035,170035,170035,"R Principal 20",,,38.8671650740477,-9.39713087516885,,,0,,0,0,0,0,0,0,0,0,0,0,0,0,0,0,PT170,1111,,
170036,170036,170036,"R Principal 20",,,38.8670840589233,-9.39720825342181,,,0,,0,0,0,0,0,0,0,0,0,0,0,0,0,0,PT170,1111,,
170038,170038,170038,"Av Dr Brandão Vasconcelos 1",,,38.862240719609,-9.403768312186,,,0,,0,0,0,0,0,0,0,0,0,0,0,0,0,0,PT170,1111,,
170039,170039,170039,"R Guilherme Jacinto (Lgo Central)",,,38.8508250832249,-9.40086943206001,,,0,,0,0,0,0,0,0,0,0,0,0,0,0,0,0,PT170,1111,,
170040,170040,170040,"R Guilherme Jacinto (Lgo Central)",,,38.8509570973625,-9.40119914719784,,,0,,0,0,0,0,0,0,0,0,0,0,0,0,0,0,PT170,1111,,
170041,170041,170041,"Av 5 Outubro 57A",,,38.8523300531476,-9.39484809052386,,,0,,0,0,0,0,0,0,0,0,0,0,0,0,0,0,PT170,1111,,
170042,170042,170042,"Av 5 Outubro 60 A",,,38.85249,-9.39511,,,0,,0,0,0,0,0,0,0,0,0,0,0,0,0,0,PT170,1111,,
170043,170043,170043,"Av 5 Outubro Tasco",,,38.8520581498881,-9.38981057099641,,,0,,0,0,0,0,0,0,0,0,0,0,0,0,0,0,PT170,1111,,
170044,170044,170044,"Av 5 Outubro Tasco",,,38.8521136563303,-9.38983495858214,,,0,,0,0,0,0,0,0,0,0,0,0,0,0,0,0,PT170,1111,,
170045,170045,170045,"Av 5 Outubro (X)",,,38.8531026384843,-9.3854308819354,,,0,,0,0,0,0,0,0,0,0,0,0,0,0,0,0,PT170,1111,,
170046,170046,170046,"Av 5 Outubro (X)",,,38.8531794313205,-9.38550619867203,,,0,,0,0,0,0,0,0,0,0,0,0,0,0,0,0,PT170,1111,,
170047,170047,170047,"Alto do Forte (Centro Comercial)",,,38.775575,-9.342097,,,0,,0,0,0,0,0,0,0,0,0,0,0,0,0,0,PT170,1111,,
170048,170048,170048,"Alto do Forte (Centro Comercial)",,,38.775739,-9.34208,,,0,,0,0,0,0,0,0,0,0,0,0,0,0,0,0,PT170,1111,,
170049,170049,170049,"Estr Terras Lagoa (Centro Comercial)",,,38.7749175494537,-9.34316690079868,,,0,,0,0,0,0,0,0,0,0,0,0,0,0,0,0,PT170,1111,,
170050,170050,170050,"Rua Primeiro de Maio (X) Largo Desportos e Juventude",,,38.785254,-9.30514,,,0,,0,0,0,0,0,0,0,0,0,0,0,0,0,0,PT170,1111,,
170051,170051,170051,"Estr Terras da Lagoa (Rotunda)",,,38.77826332614994,-9.34217163271561,,,0,,0,0,0,0,0,0,0,0,0,0,0,0,0,0,PT170,1111,,
170052,170052,170052,"Carregueira (Fte Estabelecimento Prisional)",,,38.805196,-9.287307,,,0,,0,0,0,0,0,0,0,0,0,0,0,0,0,0,PT170,1111,,
170053,170053,170053,"EN 249 Km13 5",,,38.7782715680078,-9.33932170271873,,,0,,0,0,0,0,0,0,0,0,0,0,0,0,0,0,PT170,1111,,
170054,170054,170054,"EN 249 Km13 5",,,38.77803170122657,-9.338059974834325,,,0,,0,0,0,0,0,0,0,0,0,0,0,0,0,0,PT170,1111,,
170055,170055,170055,"R Elias Garcia (Zona Comercial)",,,38.7769806291908,-9.3350460100919,,,0,,0,0,0,0,0,0,0,0,0,0,0,0,0,0,PT170,1111,,
170056,170056,170056,"EN117 (Av General Barnabé António Ferreira)",,,38.810309702601096,-9.290911128224376,,,0,,0,0,0,0,0,0,0,0,0,0,0,0,0,0,PT170,1111,,
170057,170057,170057,"Alto do Forte - Av Irene Lisboa",,,38.7799817277119,-9.33455541729927,,,0,,0,0,0,0,0,0,0,0,0,0,0,0,0,0,PT170,1111,,
170058,170058,170058,"Alto do Forte - Av Irene Lisboa",,,38.7800003774464,-9.33443170040846,,,0,,0,0,0,0,0,0,0,0,0,0,0,0,0,0,PT170,1111,,
170059,170059,170059,"Av Irene Lisboa (Armazém A)",,,38.7806107476354,-9.33127608150244,,,0,,0,0,0,0,0,0,0,0,0,0,0,0,0,0,PT170,1111,,
170060,170060,170060,"Av Irene Lisboa (Armazém A)",,,38.78061532615784,-9.3313592299819,,,0,,0,0,0,0,0,0,0,0,0,0,0,0,0,0,PT170,1111,,
170061,170061,170061,"Av Maria Lamas 5 (Farmácia)",,,38.7837308272719,-9.33015994727612,,,0,,0,0,0,0,0,0,0,0,0,0,0,0,0,0,PT170,1111,,
170062,170062,170062,"Av Maria Lamas 29",,,38.78397749272523,-9.33031844906509,,,0,,0,0,0,0,0,0,0,0,0,0,0,0,0,0,PT170,1111,,
170063,170063,170063,"Av Maria Lamas 48",,,38.786038,-9.329946,,,0,,0,0,0,0,0,0,0,0,0,0,0,0,0,0,PT170,1111,,
170064,170064,170064,"Av Maria Lamas 49",,,38.7859955755994,-9.33012859895825,,,0,,0,0,0,0,0,0,0,0,0,0,0,0,0,0,PT170,1111,,
170065,170065,170065,"R da Ponte",,,38.7867879588157,-9.32869898155332,,,0,,0,0,0,0,0,0,0,0,0,0,0,0,0,0,PT170,1111,,
170066,170066,170066,"R da Ponte",,,38.78709067753606,-9.328686241060495,,,0,,0,0,0,0,0,0,0,0,0,0,0,0,0,0,PT170,1111,,
170067,170067,170067,"Av D João II 45",,,38.784415377304,-9.3262979015708,,,0,,0,0,0,0,0,0,0,0,0,0,0,0,0,0,PT170,1111,,
170068,170068,170068,"Av D João II 45",,,38.7845043,-9.3261705,,,0,,0,0,0,0,0,0,0,0,0,0,0,0,0,0,PT170,1111,,
170069,170069,170069,"Av D João II 3",,,38.7815491436049,-9.32446419261396,,,0,,0,0,0,0,0,0,0,0,0,0,0,0,0,0,PT170,1111,,
170070,170070,170070,"Av D João II 3",,,38.78166567271816,-9.32442219927907,,,0,,0,0,0,0,0,0,0,0,0,0,0,0,0,0,PT170,1111,,
170071,170071,170071,"Av Gago Coutinho 54",,,38.7821619445458,-9.32334722019732,,,0,,0,0,0,0,0,0,0,0,0,0,0,0,0,0,PT170,1111,,
170072,170072,170072,"Av General Barnabé António Ferreira 341",,,38.813278,-9.292526,,,0,,0,0,0,0,0,0,0,0,0,0,0,0,0,0,PT170,1111,,
170073,170073,170073,"Rio De Mouro (Estação Sul)",,,38.78392404990285,-9.321860773451393,,,0,,0,0,0,0,0,0,0,0,0,0,0,0,0,0,PT170,1111,,
170074,170074,170074,"EN117 (X) Vale Lobos",,,38.815083,-9.29211,,,0,,0,0,0,0,0,0,0,0,0,0,0,0,0,0,PT170,1111,,
170075,170075,170075,"Av Inf D Henrique 28 A",,,38.7850801460445,-9.32446251623333,,,0,,0,0,0,0,0,0,0,0,0,0,0,0,0,0,PT170,1111,,
170077,170077,170077,"Av D João II 55 A",,,38.785316655911394,-9.32615683414042,,,0,,0,0,0,0,0,0,0,0,0,0,0,0,0,0,PT170,1111,,
170079,170079,170079,"Av João de Deus 102",,,38.782243123278,-9.33124917559326,,,0,,0,0,0,0,0,0,0,0,0,0,0,0,0,0,PT170,1111,,
170080,170080,170080,"Av João de Deus 104 (Lg Alves Redol)",,,38.78211673982351,-9.331261245533824,,,0,,0,0,0,0,0,0,0,0,0,0,0,0,0,0,PT170,1111,,
170081,170081,170081,"Av João de Deus 82",,,38.783539,-9.332335,,,0,,0,0,0,0,0,0,0,0,0,0,0,0,0,0,PT170,1111,,
170082,170082,170082,"Av João de Deus 78",,,38.783683,-9.332555,,,0,,0,0,0,0,0,0,0,0,0,0,0,0,0,0,PT170,1111,,
170083,170083,170083,"Av João de Deus 27",,,38.785028681159,-9.33285464532673,,,0,,0,0,0,0,0,0,0,0,0,0,0,0,0,0,PT170,1111,,
170084,170084,170084,"Av João de Deus 58",,,38.785057,-9.333005,,,0,,0,0,0,0,0,0,0,0,0,0,0,0,0,0,PT170,1111,,
170085,170085,170085,"Av João de Deus (Escola Primária)",,,38.7868821294978,-9.33279220014811,,,0,,0,0,0,0,0,0,0,0,0,0,0,0,0,0,PT170,1111,,
170086,170086,170086,"Av João de Deus (Escola Primária)",,,38.786948,-9.332934,,,0,,0,0,0,0,0,0,0,0,0,0,0,0,0,0,PT170,1111,,
170087,170087,170087,"Av Bela Vista 65A",,,38.789356,-9.332234,,,0,,0,0,0,0,0,0,0,0,0,0,0,0,0,0,PT170,1111,,
170088,170088,170088,"Av Bela Vista 65A",,,38.789864,-9.332567,,,0,,0,0,0,0,0,0,0,0,0,0,0,0,0,0,PT170,1111,,
170089,170089,170089,"Av Bela Vista 47",,,38.791298,-9.333583,,,0,,0,0,0,0,0,0,0,0,0,0,0,0,0,0,PT170,1111,,
170090,170090,170090,"Av Bela Vista 52",,,38.791214,-9.333637,,,0,,0,0,0,0,0,0,0,0,0,0,0,0,0,0,PT170,1111,,
170091,170091,170091,"Av Bela Vista 32",,,38.79316,-9.335056,,,0,,0,0,0,0,0,0,0,0,0,0,0,0,0,0,PT170,1111,,
170092,170092,170092,"Av Bela Vista 38",,,38.792761,-9.334879,,,0,,0,0,0,0,0,0,0,0,0,0,0,0,0,0,PT170,1111,,
170093,170093,170093,"R Horta de Fanares 8",,,38.79600510075726,-9.339179545640944,,,0,,0,0,0,0,0,0,0,0,0,0,0,0,0,0,PT170,1111,,
170095,170095,170095,"Algueirão - Mem Martins (Estação) P2",,,38.79759787069442,-9.341101992027369,,,0,,0,0,0,0,0,0,0,0,0,0,0,0,0,0,PT170,1111,,
170097,170097,170097,"Estr Mem Martins 259",,,38.795734,-9.342531,,,0,,0,0,0,0,0,0,0,0,0,0,0,0,0,0,PT170,1111,,
170099,170099,170099,"Estr Mem Martins (Centro Saúde)",,,38.7952271103859,-9.34370677918196,,,0,,0,0,0,0,0,0,0,0,0,0,0,0,0,0,PT170,1111,,
170101,170101,170101,"Estr Mem Martins (X) Pct Gen H Delgado",,,38.79354011916672,-9.344115564599631,,,0,,0,0,0,0,0,0,0,0,0,0,0,0,0,0,PT170,1111,,
170103,170103,170103,"Estr Mem Martins 201",,,38.79236,-9.344778,,,0,,0,0,0,0,0,0,0,0,0,0,0,0,0,0,PT170,1111,,
170104,170104,170104,"Estr Mem Martins 197",,,38.79223802249115,-9.344793828204274,,,0,,0,0,0,0,0,0,0,0,0,0,0,0,0,0,PT170,1111,,
170105,170105,170105,"R das Eiras 8 (Cruzeiro)",,,38.7905382737517,-9.34690313413739,,,0,,0,0,0,0,0,0,0,0,0,0,0,0,0,0,PT170,1111,,
170106,170106,170106,"R das Eiras 8",,,38.7906392817921,-9.34651043317363,,,0,,0,0,0,0,0,0,0,0,0,0,0,0,0,0,PT170,1111,,
170107,170107,170107,"R das Eiras frente 15",,,38.7899964675307,-9.34798817150295,,,0,,0,0,0,0,0,0,0,0,0,0,0,0,0,0,PT170,1111,,
170108,170108,170108,"R das Eiras 15",,,38.7899385066703,-9.34798398055136,,,0,,0,0,0,0,0,0,0,0,0,0,0,0,0,0,PT170,1111,,
170109,170109,170109,"R Eiras 32 (Parque Infantil)",,,38.79043279712235,-9.350078233941687,,,0,,0,0,0,0,0,0,0,0,0,0,0,0,0,0,PT170,1111,,
170110,170110,170110,"R Eiras 35 (Parque Infantil)",,,38.7903773831204,-9.34999404475093,,,0,,0,0,0,0,0,0,0,0,0,0,0,0,0,0,PT170,1111,,
170111,170111,170111,"R das Eiras 59",,,38.7905122898519,-9.35240627266467,,,0,,0,0,0,0,0,0,0,0,0,0,0,0,0,0,PT170,1111,,
170112,170112,170112,"R das Eiras frente 51",,,38.7903536623344,-9.35234986245632,,,0,,0,0,0,0,0,0,0,0,0,0,0,0,0,0,PT170,1111,,
170113,170113,170113,"Av Cândido Oliveira 5",,,38.7906031077728,-9.35385039076209,,,0,,0,0,0,0,0,0,0,0,0,0,0,0,0,0,PT170,1111,,
170114,170114,170114,"Av Cândido Oliveira 5",,,38.7906362581998,-9.3536580260843,,,0,,0,0,0,0,0,0,0,0,0,0,0,0,0,0,PT170,1111,,
170115,170115,170115,"Av Cândido de Oliveira 2",,,38.7893455708399,-9.35487549751997,,,0,,0,0,0,0,0,0,0,0,0,0,0,0,0,0,PT170,1111,,
170116,170116,170116,"Av Cândido de Oliveira 21",,,38.7894847942516,-9.35473551973701,,,0,,0,0,0,0,0,0,0,0,0,0,0,0,0,0,PT170,1111,,
170117,170117,170117,"Av François Miterrand 34",,,38.7866662,-9.3558102,,,0,,0,0,0,0,0,0,0,0,0,0,0,0,0,0,PT170,1111,,
170118,170118,170118,"Av François Miterrand 33B",,,38.7865782855079,-9.35571243055165,,,0,,0,0,0,0,0,0,0,0,0,0,0,0,0,0,PT170,1111,,
170119,170119,170119,"Av Paul Harris 2",,,38.786268113181,-9.35383941046894,,,0,,0,0,0,0,0,0,0,0,0,0,0,0,0,0,PT170,1111,,
170120,170120,170120,"Av Paul Harris Avon",,,38.7864171434194,-9.35363673605025,,,0,,0,0,0,0,0,0,0,0,0,0,0,0,0,0,PT170,1111,,
170121,170121,170121,"R Vasco Santana 81",,,38.7865851167589,-9.35010141693056,,,0,,0,0,0,0,0,0,0,0,0,0,0,0,0,0,PT170,1111,,
170122,170122,170122,"R Beatriz Costa",,,38.78667825187408,-9.35017056763172,,,0,,0,0,0,0,0,0,0,0,0,0,0,0,0,0,PT170,1111,,
170123,170123,170123,"R D Sousa Martins 58",,,38.7856595031917,-9.34909491799772,,,0,,0,0,0,0,0,0,0,0,0,0,0,0,0,0,PT170,1111,,
170124,170124,170124,"R D Sousa Martins 11",,,38.7859896244481,-9.34926071204245,,,0,,0,0,0,0,0,0,0,0,0,0,0,0,0,0,PT170,1111,,
170125,170125,170125,"R Leopoldo de Almeida 13",,,38.7844839831814,-9.34792899526656,,,0,,0,0,0,0,0,0,0,0,0,0,0,0,0,0,PT170,1111,,
170126,170126,170126,"R Leopoldo de Almeida 54",,,38.7846487294883,-9.34776219539344,,,0,,0,0,0,0,0,0,0,0,0,0,0,0,0,0,PT170,1111,,
170127,170127,170127,"Estr Mem Martins (Supermercado)",,,38.782743900083,-9.34741434641182,,,0,,0,0,0,0,0,0,0,0,0,0,0,0,0,0,PT170,1111,,
170128,170128,170128,"Estr Mem Martins (Supermercado)",,,38.7826568540186,-9.34734209440649,,,0,,0,0,0,0,0,0,0,0,0,0,0,0,0,0,PT170,1111,,
170129,170129,170129,"Mem Martins (Farmácia)",,,38.78047545036774,-9.349445727010526,,,0,,0,0,0,0,0,0,0,0,0,0,0,0,0,0,PT170,1111,,
170131,170131,170131,"Av Elias Garcia (Hospital cuf)",,,38.78083206958882,-9.353243373334408,,,0,,0,0,0,0,0,0,0,0,0,0,0,0,0,0,PT170,1111,,
170132,170132,170132,"Av Raúl Solnado 23",,,38.7805434409529,-9.3526563886553,,,0,,0,0,0,0,0,0,0,0,0,0,0,0,0,0,PT170,1111,,
170133,170133,170133,"Av Combatentes (Hipermercado)",,,38.7788581335917,-9.35561209917068,,,0,,0,0,0,0,0,0,0,0,0,0,0,0,0,0,PT170,1111,,
170134,170134,170134,"Av Combatentes (Hipermercado)",,,38.7787081394345,-9.35535251162946,,,0,,0,0,0,0,0,0,0,0,0,0,0,0,0,0,PT170,1111,,
170135,170135,170135,"Av Combatentes (Entreposto)",,,38.77521171464359,-9.355740761384368,,,0,,0,0,0,0,0,0,0,0,0,0,0,0,0,0,PT170,1111,,
170136,170136,170136,"Av Combatentes (X) Rotunda",,,38.7756278738379,-9.35526282526553,,,0,,0,0,0,0,0,0,0,0,0,0,0,0,0,0,PT170,1111,,
170137,170137,170137,"Av Combatentes (X) António Vieira",,,38.7734486209229,-9.35607880353928,,,0,,0,0,0,0,0,0,0,0,0,0,0,0,0,0,PT170,1111,,
170138,170138,170138,"Av Combatentes (X) António Vieira",,,38.7733966112137,-9.35576817020774,,,0,,0,0,0,0,0,0,0,0,0,0,0,0,0,0,PT170,1111,,
170139,170139,170139,"Av Combatentes (Bombas)",,,38.77248298766312,-9.354672152549028,,,0,,0,0,0,0,0,0,0,0,0,0,0,0,0,0,PT170,1111,,
170141,170141,170141,"Av Dr Luís de Sá 14",,,38.771840846166,-9.35190344229341,,,0,,0,0,0,0,0,0,0,0,0,0,0,0,0,0,PT170,1111,,
170142,170142,170142,"Av Dr Luís de Sá 14",,,38.7719079013914,-9.35183051973581,,,0,,0,0,0,0,0,0,0,0,0,0,0,0,0,0,PT170,1111,,
170143,170143,170143,"Av Dr Luís de Sá (Parque Monserrate)",,,38.771703466773,-9.3490837700665,,,0,,0,0,0,0,0,0,0,0,0,0,0,0,0,0,PT170,1111,,
170144,170144,170144,"Av Dr Luís de Sá 8",,,38.7717841845006,-9.34915476478636,,,0,,0,0,0,0,0,0,0,0,0,0,0,0,0,0,PT170,1111,,
170145,170145,170145,"Av Dr Luís Sá (Posto Abast)",,,38.7714756466448,-9.3459858186543,,,0,,0,0,0,0,0,0,0,0,0,0,0,0,0,0,PT170,1111,,
170146,170146,170146,"Av Dr Luís Sá Frente Tracevia",,,38.7715225014836,-9.34604046866298,,,0,,0,0,0,0,0,0,0,0,0,0,0,0,0,0,PT170,1111,,
170147,170147,170147,"Estr Terras da Lagoa (Stand)",,,38.7720406288281,-9.34441764838994,,,0,,0,0,0,0,0,0,0,0,0,0,0,0,0,0,PT170,1111,,
170148,170148,170148,"Estr Terras da Lagoa 14",,,38.77228188033338,-9.344397028908134,,,0,,0,0,0,0,0,0,0,0,0,0,0,0,0,0,PT170,1111,,
170149,170149,170149,"Estr Terras da Lagoa (Business Park)",,,38.7737742159516,-9.34366051107645,,,0,,0,0,0,0,0,0,0,0,0,0,0,0,0,0,PT170,1111,,
170150,170150,170150,"Estr Terras da Lagoa (Business Park)",,,38.773600878194,-9.34388833120465,,,0,,0,0,0,0,0,0,0,0,0,0,0,0,0,0,PT170,1111,,
170151,170151,170151,"Cam Serradinho (Cimo Centro Comercial)",,,38.774222,-9.342539,,,0,,0,0,0,0,0,0,0,0,0,0,0,0,0,0,PT170,1111,,
170153,170153,170153,"R Maj Gen Machado de Sousa 28",,,38.7819023570046,-9.33661837130785,,,0,,0,0,0,0,0,0,0,0,0,0,0,0,0,0,PT170,1111,,
170154,170154,170154,"R Maj Gen Machado de Sousa 28",,,38.78168807365,-9.33666287921369,,,0,,0,0,0,0,0,0,0,0,0,0,0,0,0,0,PT170,1111,,
170155,170155,170155,"Mem Martins (Escola Secundária)",,,38.78369724618429,-9.337119944393637,,,0,,0,0,0,0,0,0,0,0,0,0,0,0,0,0,PT170,1111,,
170156,170156,170156,"Mem Martins (Escola Secundária)",,,38.783770641312,-9.33726721443236,,,0,,0,0,0,0,0,0,0,0,0,0,0,0,0,0,PT170,1111,,
170157,170157,170157,"Azinhaga Caneiras (X) R Dr Osório Vaz",,,38.788299174048,-9.33603373356164,,,0,,0,0,0,0,0,0,0,0,0,0,0,0,0,0,PT170,1111,,
170158,170158,170158,"Azinhaga das Caneiras 1",,,38.7883287202567,-9.3360598012805,,,0,,0,0,0,0,0,0,0,0,0,0,0,0,0,0,PT170,1111,,
170159,170159,170159,"R D Carlos Gomes",,,38.788065,-9.334856,,,0,,0,0,0,0,0,0,0,0,0,0,0,0,0,0,PT170,1111,,
170160,170160,170160,"R D Carlos Gomes 3",,,38.7879201862961,-9.33440605178475,,,0,,0,0,0,0,0,0,0,0,0,0,0,0,0,0,PT170,1111,,
170161,170161,170161,"R Elias Garcia (Centro Comercial)",,,38.7774605769664,-9.33566895313561,,,0,,0,0,0,0,0,0,0,0,0,0,0,0,0,0,PT170,1111,,
170163,170163,170163,"Estr Terras da Lagoa (Rotunda)",,,38.778215329432335,-9.342384438011194,,,0,,0,0,0,0,0,0,0,0,0,0,0,0,0,0,PT170,1111,,
170165,170165,170165,"Av das Descobertas 2A",,,38.7834698986262,-9.31907504796982,,,0,,0,0,0,0,0,0,0,0,0,0,0,0,0,0,PT170,1111,,
170166,170166,170166,"Av das Descobertas 2A",,,38.7829746119678,-9.3193696718663,,,0,,0,0,0,0,0,0,0,0,0,0,0,0,0,0,PT170,1111,,
170167,170167,170167,"Calçada da Rinchoa (X) Pcta Amoreiras",,,38.7843583803624,-9.31976144202054,,,0,,0,0,0,0,0,0,0,0,0,0,0,0,0,0,PT170,1111,,
170168,170168,170168,"Estr Marquês Pombal 2",,,38.7842500861734,-9.31982363574207,,,0,,0,0,0,0,0,0,0,0,0,0,0,0,0,0,PT170,1111,,
170169,170169,170169,"Rio de Mouro (Estação Norte)",,,38.78504123261716,-9.322362011298535,,,0,,0,0,0,0,0,0,0,0,0,0,0,0,0,0,PT170,1111,,
170171,170171,170171,"Av Marquês Pombal (Traseiras Escola)",,,38.783555,-9.317662,,,0,,0,0,0,0,0,0,0,0,0,0,0,0,0,0,PT170,1111,,
170172,170172,170172,"Av Marquês Pombal (Traseiras Escola)",,,38.783796,-9.31791,,,0,,0,0,0,0,0,0,0,0,0,0,0,0,0,0,PT170,1111,,
170173,170173,170173,"Av Marquês de Pombal (Chafariz)",,,38.78282,-9.315371,,,0,,0,0,0,0,0,0,0,0,0,0,0,0,0,0,PT170,1111,,
170174,170174,170174,"Av Marquês de Pombal (Chafariz)",,,38.78293,-9.315401,,,0,,0,0,0,0,0,0,0,0,0,0,0,0,0,0,PT170,1111,,
170175,170175,170175,"Av Marquês de Pombal 58",,,38.783361,-9.312701,,,0,,0,0,0,0,0,0,0,0,0,0,0,0,0,0,PT170,1111,,
170176,170176,170176,"Av Marquês de Pombal (Escola)",,,38.78361,-9.313081,,,0,,0,0,0,0,0,0,0,0,0,0,0,0,0,0,PT170,1111,,
170177,170177,170177,"Av Marquês Pombal 70",,,38.784541,-9.314692,,,0,,0,0,0,0,0,0,0,0,0,0,0,0,0,0,PT170,1111,,
170179,170179,170179,"R Alecrim 47",,,38.783663,-9.31603,,,0,,0,0,0,0,0,0,0,0,0,0,0,0,0,0,PT170,1111,,
170181,170181,170181,"R Alecrim 17",,,38.784979,-9.318228,,,0,,0,0,0,0,0,0,0,0,0,0,0,0,0,0,PT170,1111,,
170183,170183,170183,"R Casal da Serra 28",,,38.786475523375,-9.31857992894948,,,0,,0,0,0,0,0,0,0,0,0,0,0,0,0,0,PT170,1111,,
170185,170185,170185,"Av Parque (Centro Comercial)",,,38.787139,-9.317435,,,0,,0,0,0,0,0,0,0,0,0,0,0,0,0,0,PT170,1111,,
170187,170187,170187,"Av Parque 22",,,38.7869646912441,-9.31519003584981,,,0,,0,0,0,0,0,0,0,0,0,0,0,0,0,0,PT170,1111,,
170189,170189,170189,"Av Parque 60",,,38.7857173802331,-9.31179536506534,,,0,,0,0,0,0,0,0,0,0,0,0,0,0,0,0,PT170,1111,,
170191,170191,170191,"Av Parque 78C",,,38.7844310514629,-9.31192067451775,,,0,,0,0,0,0,0,0,0,0,0,0,0,0,0,0,PT170,1111,,
170193,170193,170193,"Av Parque 90C",,,38.7849186267704,-9.3132200371474,,,0,,0,0,0,0,0,0,0,0,0,0,0,0,0,0,PT170,1111,,
170195,170195,170195,"Alam do Relógio (Polidesp Fitares)",,,38.784679,-9.314257,,,0,,0,0,0,0,0,0,0,0,0,0,0,0,0,0,PT170,1111,,
170196,170196,170196,"Alam do Relógio (Polidesp Fitares)",,,38.7848589895293,-9.31392051279545,,,0,,0,0,0,0,0,0,0,0,0,0,0,0,0,0,PT170,1111,,
170197,170197,170197,"Algueirão - Mem Martins (Estação) P3",,,38.797536092552086,-9.342764824910851,,,0,,0,0,0,0,0,0,0,0,0,0,0,0,0,0,PT170,1111,,
170199,170199,170199,"Av Prof Bento de Jesus Caraça 34",,,38.7993230111897,-9.34505693614483,,,0,,0,0,0,0,0,0,0,0,0,0,0,0,0,0,PT170,1111,,
170201,170201,170201,"Av D Af Henriques Lt E Moradia A",,,38.80072441004041,-9.349637453192727,,,0,,0,0,0,0,0,0,0,0,0,0,0,0,0,0,PT170,1111,,
170203,170203,170203,"R D Coutinho Pais 19 (Escola)",,,38.8010278483853,-9.35095343738794,,,0,,0,0,0,0,0,0,0,0,0,0,0,0,0,0,PT170,1111,,
170204,170204,170204,"R D Coutinho Pais 19 (Escola)",,,38.80108166669765,-9.351177234202623,,,0,,0,0,0,0,0,0,0,0,0,0,0,0,0,0,PT170,1111,,
170205,170205,170205,"R D Coutinho Pais 32",,,38.8025380996987,-9.35231348499656,,,0,,0,0,0,0,0,0,0,0,0,0,0,0,0,0,PT170,1111,,
170206,170206,170206,"R D Coutinho Pais 79",,,38.8026243075728,-9.35241415165365,,,0,,0,0,0,0,0,0,0,0,0,0,0,0,0,0,PT170,1111,,
170207,170207,170207,"R Varela Silva 24",,,38.8046932546422,-9.35257483273745,,,0,,0,0,0,0,0,0,0,0,0,0,0,0,0,0,PT170,1111,,
170208,170208,170208,"R Varela Silva Fte 22",,,38.8045431347564,-9.3525892496109,,,0,,0,0,0,0,0,0,0,0,0,0,0,0,0,0,PT170,1111,,
170209,170209,170209,"R Cidade de Faro 489",,,38.80545917636754,-9.353098701685669,,,0,,0,0,0,0,0,0,0,0,0,0,0,0,0,0,PT170,1111,,
170210,170210,170210,"R Cidade de Faro 9",,,38.8056166889146,-9.35312485322356,,,0,,0,0,0,0,0,0,0,0,0,0,0,0,0,0,PT170,1111,,
170215,170215,170215,"R Cidade de Leiria 8",,,38.8063968764618,-9.34839813038707,,,0,,0,0,0,0,0,0,0,0,0,0,0,0,0,0,PT170,1111,,
170216,170216,170216,"R Cidade de Leiria",,,38.8063786458224,-9.34824088588357,,,0,,0,0,0,0,0,0,0,0,0,0,0,0,0,0,PT170,1111,,
170217,170217,170217,"R Vasco da Gama 80",,,38.8053594902158,-9.34403660707176,,,0,,0,0,0,0,0,0,0,0,0,0,0,0,0,0,PT170,1111,,
170218,170218,170218,"R Vasco da Gama 82",,,38.805394526571,-9.34415797702968,,,0,,0,0,0,0,0,0,0,0,0,0,0,0,0,0,PT170,1111,,
170219,170219,170219,"R Vasco da Gama 9",,,38.8054953189567,-9.34041193686426,,,0,,0,0,0,0,0,0,0,0,0,0,0,0,0,0,PT170,1111,,
170220,170220,170220,"R Vasco da Gama 26",,,38.8055302714929,-9.34010365046561,,,0,,0,0,0,0,0,0,0,0,0,0,0,0,0,0,PT170,1111,,
170221,170221,170221,"Estr Azeiteira 42",,,38.8073203107342,-9.33990432880819,,,0,,0,0,0,0,0,0,0,0,0,0,0,0,0,0,PT170,1111,,
170222,170222,170222,"Estr Azeiteira 46",,,38.80722314033153,-9.339925283566116,,,0,,0,0,0,0,0,0,0,0,0,0,0,0,0,0,PT170,1111,,
170223,170223,170223,"Estr Azeiteira 1",,,38.8090108567849,-9.34041403234005,,,0,,0,0,0,0,0,0,0,0,0,0,0,0,0,0,PT170,1111,,
170224,170224,170224,"Estr Azeiteira 8",,,38.809083821252,-9.34045191854239,,,0,,0,0,0,0,0,0,0,0,0,0,0,0,0,0,PT170,1111,,
170229,170229,170229,"Estr Granja Marquês (Fte Urmi)",,,38.81519286239646,-9.337176016385689,,,0,,0,0,0,0,0,0,0,0,0,0,0,0,0,0,PT170,1111,,
170230,170230,170230,"Estr Granja Marquês (Urmi)",,,38.81504134971302,-9.337176112973255,,,0,,0,0,0,0,0,0,0,0,0,0,0,0,0,0,PT170,1111,,
170231,170231,170231,"Estr Sacotes Fte 65",,,38.8074076920748,-9.33716713450849,,,0,,0,0,0,0,0,0,0,0,0,0,0,0,0,0,PT170,1111,,
170232,170232,170232,"Estr Sacotes 79",,,38.8073524134234,-9.3368957284838,,,0,,0,0,0,0,0,0,0,0,0,0,0,0,0,0,PT170,1111,,
170233,170233,170233,"Estr Algueirão 147",,,38.8068589707837,-9.33511231094599,,,0,,0,0,0,0,0,0,0,0,0,0,0,0,0,0,PT170,1111,,
170234,170234,170234,"Estr Algueirão 151",,,38.8070364575833,-9.33482523076236,,,0,,0,0,0,0,0,0,0,0,0,0,0,0,0,0,PT170,1111,,
170235,170235,170235,"Largo Joaquim Rodrigues 171",,,38.8075104961172,-9.33378403075039,,,0,,0,0,0,0,0,0,0,0,0,0,0,0,0,0,PT170,1111,,
170236,170236,170236,"Largo Joaquim Rodrigues 163",,,38.80765286989179,-9.333727369084954,,,0,,0,0,0,0,0,0,0,0,0,0,0,0,0,0,PT170,1111,,
170237,170237,170237,"Estr Granja do Marquês 61",,,38.8084501074627,-9.33157917112112,,,0,,0,0,0,0,0,0,0,0,0,0,0,0,0,0,PT170,1111,,
170238,170238,170238,"Estr Granja do Marquês 63",,,38.8084431923926,-9.33142351917922,,,0,,0,0,0,0,0,0,0,0,0,0,0,0,0,0,PT170,1111,,
170239,170239,170239,"Estr Academia da Força Aérea 8",,,38.8076489651576,-9.32959391735494,,,0,,0,0,0,0,0,0,0,0,0,0,0,0,0,0,PT170,1111,,
170240,170240,170240,"Estr Academia da Força Aérea 8",,,38.8076890725642,-9.3297082465142,,,0,,0,0,0,0,0,0,0,0,0,0,0,0,0,0,PT170,1111,,
170241,170241,170241,"Estr Acad Força Aérea (Qta Sonhos)",,,38.8107641413808,-9.32521638460457,,,0,,0,0,0,0,0,0,0,0,0,0,0,0,0,0,PT170,1111,,
170243,170243,170243,"R Arquitecto Cottinelli Telmo 44",,,38.8084397139028,-9.32592742145061,,,0,,0,0,0,0,0,0,0,0,0,0,0,0,0,0,PT170,1111,,
170244,170244,170244,"R Arquitecto Cottinelli Telmo 44",,,38.8084225310013,-9.32585936039686,,,0,,0,0,0,0,0,0,0,0,0,0,0,0,0,0,PT170,1111,,
170245,170245,170245,"R Arquitecto Cottinelli Telmo 25",,,38.8067041151226,-9.32791552506387,,,0,,0,0,0,0,0,0,0,0,0,0,0,0,0,0,PT170,1111,,
170246,170246,170246,"R Arquitecto Cottinelli Telmo 24",,,38.806678969413,-9.3277897965163,,,0,,0,0,0,0,0,0,0,0,0,0,0,0,0,0,PT170,1111,,
170247,170247,170247,"Estr Granja Marquês 35",,,38.8060971396044,-9.32968167588115,,,0,,0,0,0,0,0,0,0,0,0,0,0,0,0,0,PT170,1111,,
170248,170248,170248,"Estr Gran Marquês 26",,,38.8061526697129,-9.3295737169683,,,0,,0,0,0,0,0,0,0,0,0,0,0,0,0,0,PT170,1111,,
170249,170249,170249,"Estr Mercês 92",,,38.80442,-9.329242,,,0,,0,0,0,0,0,0,0,0,0,0,0,0,0,0,PT170,1111,,
170250,170250,170250,"Estr Mercês 92",,,38.804514,-9.32915,,,0,,0,0,0,0,0,0,0,0,0,0,0,0,0,0,PT170,1111,,
170251,170251,170251,"Estr Mercês 68",,,38.802223,-9.327581,,,0,,0,0,0,0,0,0,0,0,0,0,0,0,0,0,PT170,1111,,
170252,170252,170252,"Estr Mercês 68",,,38.802201,-9.327417,,,0,,0,0,0,0,0,0,0,0,0,0,0,0,0,0,PT170,1111,,
170253,170253,170253,"Estr Mercês (X) Av Emb Arist S Mendes",,,38.800965,-9.326627,,,0,,0,0,0,0,0,0,0,0,0,0,0,0,0,0,PT170,1111,,
170254,170254,170254,"Estr Mercês (Mcdonald's)",,,38.800914,-9.326415,,,0,,0,0,0,0,0,0,0,0,0,0,0,0,0,0,PT170,1111,,
170255,170255,170255,"Av Emb Aristídes S Mendes Supermercado",,,38.7991709215567,-9.32732158340514,,,0,,0,0,0,0,0,0,0,0,0,0,0,0,0,0,PT170,1111,,
170256,170256,170256,"Av Emb Aristídes S Mendes Supermercado",,,38.7991594802588,-9.32714187540114,,,0,,0,0,0,0,0,0,0,0,0,0,0,0,0,0,PT170,1111,,
170257,170257,170257,"R Escola (Escola Visconde Juromanha)",,,38.7982756085694,-9.32702327147126,,,0,,0,0,0,0,0,0,0,0,0,0,0,0,0,0,PT170,1111,,
170258,170258,170258,"R Escola (Escola Visconde Juromanha)",,,38.798308884725,-9.32680131867528,,,0,,0,0,0,0,0,0,0,0,0,0,0,0,0,0,PT170,1111,,
170259,170259,170259,"Av Emb Aristídes S Mendes (Fte Finanças)",,,38.7979684956372,-9.32924196124077,,,0,,0,0,0,0,0,0,0,0,0,0,0,0,0,0,PT170,1111,,
170260,170260,170260,"Av Emb Aristídes S Mendes (Finanças)",,,38.797615,-9.329367,,,0,,0,0,0,0,0,0,0,0,0,0,0,0,0,0,PT170,1111,,
170261,170261,170261,"Av Emb Aristídes Sousa Mendes (Farmác)",,,38.7971132481471,-9.33013874106109,,,0,,0,0,0,0,0,0,0,0,0,0,0,0,0,0,PT170,1111,,
170263,170263,170263,"Av Emb Aristídes Sousa Mendes 81",,,38.79595913655572,-9.331335425376892,,,0,,0,0,0,0,0,0,0,0,0,0,0,0,0,0,PT170,1111,,
170265,170265,170265,"Av Miguel Torga 74",,,38.79740919270494,-9.333175169304011,,,0,,0,0,0,0,0,0,0,0,0,0,0,0,0,0,PT170,1111,,
170266,170266,170266,"Av Miguel Torga 55",,,38.7972279964015,-9.33314776048064,,,0,,0,0,0,0,0,0,0,0,0,0,0,0,0,0,PT170,1111,,
170267,170267,170267,"R Padre Alberto Neto 26 (Escola)",,,38.79671481491209,-9.333755699917674,,,0,,0,0,0,0,0,0,0,0,0,0,0,0,0,0,PT170,1111,,
170269,170269,170269,"Av Miguel Torga 41 (Mercado)",,,38.7959480797872,-9.33206649497151,,,0,,0,0,0,0,0,0,0,0,0,0,0,0,0,0,PT170,1111,,
170271,170271,170271,"Mercês (Estação Norte)",,,38.793114,-9.33004,,,0,,0,0,0,0,0,0,0,0,0,0,0,0,0,0,PT170,1111,,
170273,170273,170273,"Av Miguel Torga 46",,,38.79514066793857,-9.331180611625314,,,0,,0,0,0,0,0,0,0,0,0,0,0,0,0,0,PT170,1111,,
170275,170275,170275,"Av Emb Aristídes Sousa Mendes 3C",,,38.79643433668273,-9.33065893865777,,,0,,0,0,0,0,0,0,0,0,0,0,0,0,0,0,PT170,1111,,
170277,170277,170277,"Estr Acad Força Aérea (Qta Sonhos)",,,38.8106529135257,-9.32504455558956,,,0,,0,0,0,0,0,0,0,0,0,0,0,0,0,0,PT170,1111,,
170281,170281,170281,"Av Marginal 108",,,38.798563,-9.350402,,,0,,0,0,0,0,0,0,0,0,0,0,0,0,0,0,PT170,1111,,
170283,170283,170283,"R Mercado 83",,,38.802409303024405,-9.342135675251484,,,0,,0,0,0,0,0,0,0,0,0,0,0,0,0,0,PT170,1111,,
170285,170285,170285,"Estr do Algueirão 86",,,38.8034852966666,-9.34066431596875,,,0,,0,0,0,0,0,0,0,0,0,0,0,0,0,0,PT170,1111,,
170286,170286,170286,"Estr do Algueirão 84N",,,38.80341480343749,-9.340854920446873,,,0,,0,0,0,0,0,0,0,0,0,0,0,0,0,0,PT170,1111,,
170287,170287,170287,"Estr do Algueirão (Igreja)",,,38.8047746139459,-9.33881912380457,,,0,,0,0,0,0,0,0,0,0,0,0,0,0,0,0,PT170,1111,,
170289,170289,170289,"Av D Afonso Henriques 69 A",,,38.804213,-9.345774,,,0,,0,0,0,0,0,0,0,0,0,0,0,0,0,0,PT170,1111,,
170291,170291,170291,"R D Coutinho Pais 81",,,38.8044882332906,-9.35079325921834,,,0,,0,0,0,0,0,0,0,0,0,0,0,0,0,0,PT170,1111,,
170293,170293,170293,"R D Coutinho Pais 76",,,38.805896518752,-9.34890280477703,,,0,,0,0,0,0,0,0,0,0,0,0,0,0,0,0,PT170,1111,,
170294,170294,170294,"R D Coutinho Pais 161",,,38.80593858442936,-9.34928420491084,,,0,,0,0,0,0,0,0,0,0,0,0,0,0,0,0,PT170,1111,,
170295,170295,170295,"R Cidade de Viseu 25",,,38.80697147192346,-9.348383294418454,,,0,,0,0,0,0,0,0,0,0,0,0,0,0,0,0,PT170,1111,,
170296,170296,170296,"R Cidade de Viseu 25",,,38.8069044,-9.3485323,,,0,,0,0,0,0,0,0,0,0,0,0,0,0,0,0,PT170,1111,,
170297,170297,170297,"R Cidade de Coimbra 19",,,38.807967339191705,-9.34852327220142,,,0,,0,0,0,0,0,0,0,0,0,0,0,0,0,0,PT170,1111,,
170298,170298,170298,"R Cidade de Coimbra 19",,,38.80789,-9.348691,,,0,,0,0,0,0,0,0,0,0,0,0,0,0,0,0,PT170,1111,,
170300,170300,170300,"R Cidade de Portalegre 9",,,38.8084472,-9.3505617,,,0,,0,0,0,0,0,0,0,0,0,0,0,0,0,0,PT170,1111,,
170301,170301,170301,"R Cidade de Lagos 19",,,38.8072739169002,-9.35320858843625,,,0,,0,0,0,0,0,0,0,0,0,0,0,0,0,0,PT170,1111,,
170302,170302,170302,"R Cidade de Lagos 20",,,38.8071965,-9.3531127,,,0,,0,0,0,0,0,0,0,0,0,0,0,0,0,0,PT170,1111,,
170303,170303,170303,"R Cidade de Lagos 12",,,38.806148409751536,-9.35446947813034,,,0,,0,0,0,0,0,0,0,0,0,0,0,0,0,0,PT170,1111,,
170304,170304,170304,"R Cidade de Lagos 12",,,38.8062197,-9.3542189,,,0,,0,0,0,0,0,0,0,0,0,0,0,0,0,0,PT170,1111,,
170305,170305,170305,"R Cidade de Lagos (Supermercado)",,,38.80422695723578,-9.356931578367949,,,0,,0,0,0,0,0,0,0,0,0,0,0,0,0,0,PT170,1111,,
170306,170306,170306,"R Cidade de Lagos (Supermercado)",,,38.80437152980885,-9.3562193613596,,,0,,0,0,0,0,0,0,0,0,0,0,0,0,0,0,PT170,1111,,
170307,170307,170307,"Portela de Sintra (Estação) P6 Entrada Norte",,,38.802427961491,-9.37620241194963,,,0,,0,0,0,0,0,0,0,0,0,0,0,0,0,0,PT170,1111,,
170309,170309,170309,"R D Coutinho Pais 123",,,38.8044542,-9.3511691,,,0,,0,0,0,0,0,0,0,0,0,0,0,0,0,0,PT170,1111,,
170311,170311,170311,"Av R Solnado (X) Av Amália Rodrigues",,,38.7801087135449,-9.35061271302402,,,0,,0,0,0,0,0,0,0,0,0,0,0,0,0,0,PT170,1111,,
170313,170313,170313,"Estr de Mem Martins (Posto Abast)",,,38.7813245505095,-9.34910346753895,,,0,,0,0,0,0,0,0,0,0,0,0,0,0,0,0,PT170,1111,,
170315,170315,170315,"R Eng Carlos Santos 1",,,38.7832188187167,-9.34712944552302,,,0,,0,0,0,0,0,0,0,0,0,0,0,0,0,0,PT170,1111,,
170317,170317,170317,"R de Angola 19",,,38.793579748346026,-9.342925166711211,,,0,,0,0,0,0,0,0,0,0,0,0,0,0,0,0,PT170,1111,,
170319,170319,170319,"R P Moçambique (X) R Eça De Queirós",,,38.794945,-9.340247,,,0,,0,0,0,0,0,0,0,0,0,0,0,0,0,0,PT170,1111,,
170321,170321,170321,"Almargem Bispo (Cemitério)",,,38.8493328401819,-9.273142805323,,,0,,0,0,0,0,0,0,0,0,0,0,0,0,0,0,PT170,1111,,
170322,170322,170322,"Almargem Bispo (Cemitério)",,,38.849431,-9.273345,,,0,,0,0,0,0,0,0,0,0,0,0,0,0,0,0,PT170,1111,,
170323,170323,170323,"R do Cemitério 17",,,38.848759429085504,-9.270009817555549,,,0,,0,0,0,0,0,0,0,0,0,0,0,0,0,0,PT170,1111,,
170324,170324,170324,"R do Cemitério (Garagem)",,,38.8489653775468,-9.27037510089576,,,0,,0,0,0,0,0,0,0,0,0,0,0,0,0,0,PT170,1111,,
170325,170325,170325,"R Amélia Antunes Silva",,,38.847694288636376,-9.269589307632444,,,0,,0,0,0,0,0,0,0,0,0,0,0,0,0,0,PT170,1111,,
170326,170326,170326,"R da Serra (Campo Futebol)",,,38.84774457946929,-9.269097615033388,,,0,,0,0,0,0,0,0,0,0,0,0,0,0,0,0,PT170,1111,,
170327,170327,170327,"R da Serra 43A",,,38.8466794649139,-9.27115520462394,,,0,,0,0,0,0,0,0,0,0,0,0,0,0,0,0,PT170,1111,,
170328,170328,170328,"R Serra 56",,,38.846534290351,-9.27121521905065,,,0,,0,0,0,0,0,0,0,0,0,0,0,0,0,0,PT170,1111,,
170329,170329,170329,"Largo Gen Barnabé António Ferreira",,,38.8440485212163,-9.273594003170729,,,0,,0,0,0,0,0,0,0,0,0,0,0,0,0,0,PT170,1111,,
170331,170331,170331,"Av D Afonso Henriques 29",,,38.8423265749589,-9.27354890853167,,,0,,0,0,0,0,0,0,0,0,0,0,0,0,0,0,PT170,1111,,
170332,170332,170332,"Av D Afonso Henriques 31",,,38.8421044964343,-9.27339920774102,,,0,,0,0,0,0,0,0,0,0,0,0,0,0,0,0,PT170,1111,,
170333,170333,170333,"Av José Maria Pais 96 (Casal Vacaria)",,,38.839885,-9.272737,,,0,,0,0,0,0,0,0,0,0,0,0,0,0,0,0,PT170,1111,,
170334,170334,170334,"Av José Maria Pais 96 (Casal Vacaria)",,,38.839954,-9.272678,,,0,,0,0,0,0,0,0,0,0,0,0,0,0,0,0,PT170,1111,,
170335,170335,170335,"Av José Maria Pais (X) Tv J Pais",,,38.838035040535,-9.27097893320024,,,0,,0,0,0,0,0,0,0,0,0,0,0,0,0,0,PT170,1111,,
170336,170336,170336,"Av José Maria Pais (Acesso Aviário)",,,38.8379241060466,-9.2708445712924,,,0,,0,0,0,0,0,0,0,0,0,0,0,0,0,0,PT170,1111,,
170337,170337,170337,"Av José Maria Pais (X) Tv Jose M Pais",,,38.8353197649121,-9.26872311159968,,,0,,0,0,0,0,0,0,0,0,0,0,0,0,0,0,PT170,1111,,
170338,170338,170338,"Av José Mª Pais (X) Tv José Mª Pais",,,38.83517,-9.268732,,,0,,0,0,0,0,0,0,0,0,0,0,0,0,0,0,PT170,1111,,
170339,170339,170339,"Estr Principal 2",,,38.8316438812762,-9.27159273996949,,,0,,0,0,0,0,0,0,0,0,0,0,0,0,0,0,PT170,1111,,
170340,170340,170340,"Estr Principal 2",,,38.83142346187306,-9.27158628590405,,,0,,0,0,0,0,0,0,0,0,0,0,0,0,0,0,PT170,1111,,
170341,170341,170341,"Estr Principal (X) R J Deus (Mancebas)",,,38.8298772694543,-9.27492823451757,,,0,,0,0,0,0,0,0,0,0,0,0,0,0,0,0,PT170,1111,,
170342,170342,170342,"Estr Principal (X) R J Deus (Mancebas)",,,38.82982493076767,-9.274815368430913,,,0,,0,0,0,0,0,0,0,0,0,0,0,0,0,0,PT170,1111,,
170343,170343,170343,"R Fonte da Aranha 4",,,38.82784193740199,-9.277837273059433,,,0,,0,0,0,0,0,0,0,0,0,0,0,0,0,0,PT170,1111,,
170344,170344,170344,"R Fonte da Aranha 4",,,38.8279596576467,-9.27751530893147,,,0,,0,0,0,0,0,0,0,0,0,0,0,0,0,0,PT170,1111,,
170345,170345,170345,"R Fonte da Aranha 23",,,38.8269115006551,-9.27811562083662,,,0,,0,0,0,0,0,0,0,0,0,0,0,0,0,0,PT170,1111,,
170347,170347,170347,"R Nª Srª da Piedade (Igreja)",,,38.8249670248479,-9.28311249241233,,,0,,0,0,0,0,0,0,0,0,0,0,0,0,0,0,PT170,1111,,
170348,170348,170348,"R Nª Srª da Piedade (Igreja)",,,38.8248632568866,-9.28332799114287,,,0,,0,0,0,0,0,0,0,0,0,0,0,0,0,0,PT170,1111,,
170349,170349,170349,"R Nª Srª da Piedade - Forno",,,38.824379,-9.289027,,,0,,0,0,0,0,0,0,0,0,0,0,0,0,0,0,PT170,1111,,
170350,170350,170350,"Estr da Serra (X) Entrada Forno",,,38.8243880029768,-9.28890220820904,,,0,,0,0,0,0,0,0,0,0,0,0,0,0,0,0,PT170,1111,,
170351,170351,170351,"R Nª Srª da Piedade 7",,,38.822788,-9.29219,,,0,,0,0,0,0,0,0,0,0,0,0,0,0,0,0,PT170,1111,,
170352,170352,170352,"Estr da Serra 14",,,38.8225921802223,-9.2921401374042,,,0,,0,0,0,0,0,0,0,0,0,0,0,0,0,0,PT170,1111,,
170353,170353,170353,"R Prof Rosa Génio Alves - Escola",,,38.8208839902654,-9.28998347371817,,,0,,0,0,0,0,0,0,0,0,0,0,0,0,0,0,PT170,1111,,
170354,170354,170354,"R Prof Rosa Génio Alves Fte 9",,,38.82091928611262,-9.289734279736876,,,0,,0,0,0,0,0,0,0,0,0,0,0,0,0,0,PT170,1111,,
170355,170355,170355,"R Francisco Gomes 21",,,38.8191053504124,-9.28760158829391,,,0,,0,0,0,0,0,0,0,0,0,0,0,0,0,0,PT170,1111,,
170357,170357,170357,"Vale Lobos (Largo)",,,38.81825962390861,-9.28534274101121,,,0,,0,0,0,0,0,0,0,0,0,0,0,0,0,0,PT170,1111,,
170359,170359,170359,"R Gen Barnabé António Ferreira 20",,,38.81735125112246,-9.288019509986045,,,0,,0,0,0,0,0,0,0,0,0,0,0,0,0,0,PT170,1111,,
170360,170360,170360,"R Gen Barnabé António Ferreira 19",,,38.8173972861841,-9.28782748058438,,,0,,0,0,0,0,0,0,0,0,0,0,0,0,0,0,PT170,1111,,
170361,170361,170361,"R General Barnabé Ferreira (X) EN117",,,38.81547,-9.291893,,,0,,0,0,0,0,0,0,0,0,0,0,0,0,0,0,PT170,1111,,
170362,170362,170362,"R General Barnabé Ferreira (X) EN117",,,38.815486,-9.291665,,,0,,0,0,0,0,0,0,0,0,0,0,0,0,0,0,PT170,1111,,
170363,170363,170363,"EN 544 (Casal da Granja)",,,38.8125586230308,-9.29891849868,,,0,,0,0,0,0,0,0,0,0,0,0,0,0,0,0,PT170,1111,,
170364,170364,170364,"EN 544 (Casal da Granja)",,,38.8125066133216,-9.29889502935112,,,0,,0,0,0,0,0,0,0,0,0,0,0,0,0,0,PT170,1111,,
170365,170365,170365,"Estr Telhal (Apeadeiro)",,,38.808914,-9.304336,,,0,,0,0,0,0,0,0,0,0,0,0,0,0,0,0,PT170,1111,,
170366,170366,170366,"Estr do Telhal (Apeadeiro do Telhal)",,,38.808939,-9.303811,,,0,,0,0,0,0,0,0,0,0,0,0,0,0,0,0,PT170,1111,,
170367,170367,170367,"Estr do Telhal (Casa de Saúde)",,,38.807661205412856,-9.306455589830875,,,0,,0,0,0,0,0,0,0,0,0,0,0,0,0,0,PT170,1111,,
170368,170368,170368,"Estr do Telhal (Casa de Saúde)",,,38.8074603304267,-9.30658265948296,,,0,,0,0,0,0,0,0,0,0,0,0,0,0,0,0,PT170,1111,,
170369,170369,170369,"Estr do Telhal 37",,,38.804890769732886,-9.30880612693727,,,0,,0,0,0,0,0,0,0,0,0,0,0,0,0,0,PT170,1111,,
170370,170370,170370,"Estr do Telhal 37",,,38.80515871756501,-9.308604877442122,,,0,,0,0,0,0,0,0,0,0,0,0,0,0,0,0,PT170,1111,,
170371,170371,170371,"Estr do Telhal 14",,,38.80061781657566,-9.313030863429034,,,0,,0,0,0,0,0,0,0,0,0,0,0,0,0,0,PT170,1111,,
170372,170372,170372,"Estr do Telhal 16",,,38.8006265228614,-9.31294301524758,,,0,,0,0,0,0,0,0,0,0,0,0,0,0,0,0,PT170,1111,,
170373,170373,170373,"EN 250 - 1 (Quiosque)",,,38.80069945201007,-9.31374130770564,,,0,,0,0,0,0,0,0,0,0,0,0,0,0,0,0,PT170,1111,,
170374,170374,170374,"Estr Nacional 250 2",,,38.8005953421816,-9.3138226121664,,,0,,0,0,0,0,0,0,0,0,0,0,0,0,0,0,PT170,1111,,
170375,170375,170375,"Estr Pexiligais 73",,,38.8062387518585,-9.31669400073588,,,0,,0,0,0,0,0,0,0,0,0,0,0,0,0,0,PT170,1111,,
170377,170377,170377,"R da Fonte Fte 13",,,38.807395,-9.318796,,,0,,0,0,0,0,0,0,0,0,0,0,0,0,0,0,PT170,1111,,
170379,170379,170379,"R das Flores 40",,,38.80404989244818,-9.317721538245678,,,0,,0,0,0,0,0,0,0,0,0,0,0,0,0,0,PT170,1111,,
170381,170381,170381,"EN 250 - 1 (X) R Ribeiro das Enguias",,,38.8024378940463,-9.31968349032104,,,0,,0,0,0,0,0,0,0,0,0,0,0,0,0,0,PT170,1111,,
170382,170382,170382,"EN 250-1 71",,,38.8024078449234,-9.31977024301887,,,0,,0,0,0,0,0,0,0,0,0,0,0,0,0,0,PT170,1111,,
170383,170383,170383,"EN 250 - 1 - Condom Fonte do Pinhal",,,38.8034426327795,-9.32525175623596,,,0,,0,0,0,0,0,0,0,0,0,0,0,0,0,0,PT170,1111,,
170384,170384,170384,"EN 250 - 1 - Condom Fonte do Pinhal",,,38.8032875675708,-9.32512988336384,,,0,,0,0,0,0,0,0,0,0,0,0,0,0,0,0,PT170,1111,,
170385,170385,170385,"EN 250-1 135",,,38.8041923521087,-9.32801728136837,,,0,,0,0,0,0,0,0,0,0,0,0,0,0,0,0,PT170,1111,,
170386,170386,170386,"Estr da Granja do Marquês 139A",,,38.8044744031504,-9.32863108813763,,,0,,0,0,0,0,0,0,0,0,0,0,0,0,0,0,PT170,1111,,
170387,170387,170387,"R Leal da Câmara 7",,,38.80499200590583,-9.33967388283414,,,0,,0,0,0,0,0,0,0,0,0,0,0,0,0,0,PT170,1111,,
170389,170389,170389,"R de São Pedro",,,38.8003,-9.34593,,,0,,0,0,0,0,0,0,0,0,0,0,0,0,0,0,PT170,1111,,
170390,170390,170390,"R de São Pedro",,,38.80031410978359,-9.345938221478455,,,0,,0,0,0,0,0,0,0,0,0,0,0,0,0,0,PT170,1111,,
170391,170391,170391,"Portela de Sintra (Estação) P7 Entrada Norte",,,38.80243592377676,-9.376035437307342,,,0,,0,0,0,0,0,0,0,0,0,0,0,0,0,0,PT170,1111,,
170393,170393,170393,"R Hotel Vale Lobos (X) R Vale Tojo",,,38.81896042727077,-9.287377372384071,,,0,,0,0,0,0,0,0,0,0,0,0,0,0,0,0,PT170,1111,,
170395,170395,170395,"R de Santo António (X) R S João",,,38.81948295156292,-9.286737078800796,,,0,,0,0,0,0,0,0,0,0,0,0,0,0,0,0,PT170,1111,,
170397,170397,170397,"R da Serra (X) R Amália Rodrigues",,,38.8441440230235,-9.27279914729297,,,0,,0,0,0,0,0,0,0,0,0,0,0,0,0,0,PT170,1111,,
170399,170399,170399,"Casal Flosa",,,38.74838856737436,-9.354122515248442,,,0,,0,0,0,0,0,0,0,0,0,0,0,0,0,0,PT170,1111,,
170401,170401,170401,"R Carlos Lopes (Albiz Parques)",,,38.751654,-9.352136,,,0,,0,0,0,0,0,0,0,0,0,0,0,0,0,0,PT170,1111,,
170402,170402,170402,"R Carlos Lopes (Albiz Parques)",,,38.751764,-9.352232,,,0,,0,0,0,0,0,0,0,0,0,0,0,0,0,0,PT170,1111,,
170403,170403,170403,"Bairro Tabaqueira (Mercado)",,,38.75085116335926,-9.349844176322222,,,0,,0,0,0,0,0,0,0,0,0,0,0,0,0,0,PT170,1111,,
170405,170405,170405,"Av Alfredo Silva (Estátua)",,,38.752078761310095,-9.34654726324817,,,0,,0,0,0,0,0,0,0,0,0,0,0,0,0,0,PT170,1111,,
170406,170406,170406,"B Tabaqueira (Estat)",,,38.7520482391119,-9.34682384133339,,,0,,0,0,0,0,0,0,0,0,0,0,0,0,0,0,PT170,1111,,
170409,170409,170409,"R Anastácio Pinto Soares 73A",,,38.75455,-9.34005,,,0,,0,0,0,0,0,0,0,0,0,0,0,0,0,0,PT170,1111,,
170410,170410,170410,"R Anastácio Pinto Soares 73A",,,38.7547666666667,-9.3398,,,0,,0,0,0,0,0,0,0,0,0,0,0,0,0,0,PT170,1111,,
170411,170411,170411,"R Anastácio Pinto Soares (X) Serra",,,38.7569788936526,-9.33597623370588,,,0,,0,0,0,0,0,0,0,0,0,0,0,0,0,0,PT170,1111,,
170412,170412,170412,"Av Anastácio Pinto Soares 13",,,38.756933,-9.336351,,,0,,0,0,0,0,0,0,0,0,0,0,0,0,0,0,PT170,1111,,
170413,170413,170413,"R Anastácio Pinto Soares (X) Covões",,,38.7579964566976,-9.33236304670572,,,0,,0,0,0,0,0,0,0,0,0,0,0,0,0,0,PT170,1111,,
170414,170414,170414,"Av Anast Pinto Soares (Vv Joaq / Madal)",,,38.75805222949368,-9.332406213507056,,,0,,0,0,0,0,0,0,0,0,0,0,0,0,0,0,PT170,1111,,
170415,170415,170415,"Á-dos-Francos",,,38.7596409860998,-9.32959701865911,,,0,,0,0,0,0,0,0,0,0,0,0,0,0,0,0,PT170,1111,,
170416,170416,170416,"Á-dos-Francos",,,38.7598740449175,-9.3294925801456,,,0,,0,0,0,0,0,0,0,0,0,0,0,0,0,0,PT170,1111,,
170418,170418,170418,"R dos Castelinhos 70",,,38.76226459453552,-9.32916233316064,,,0,,0,0,0,0,0,0,0,0,0,0,0,0,0,0,PT170,1111,,
170420,170420,170420,"R Castelinhos 41",,,38.7638902338222,-9.3273011315614,,,0,,0,0,0,0,0,0,0,0,0,0,0,0,0,0,PT170,1111,,
170422,170422,170422,"R Castelinhos 5 (Lg Paiões)",,,38.765779514797,-9.32428339496255,,,0,,0,0,0,0,0,0,0,0,0,0,0,0,0,0,PT170,1111,,
170424,170424,170424,"Paiões (R M Silva)",,,38.7659,-9.32196666666667,,,0,,0,0,0,0,0,0,0,0,0,0,0,0,0,0,PT170,1111,,
170428,170428,170428,"R Manuel Fonseca (X) pcta M Judite Carv",,,38.7652,-9.3181,,,0,,0,0,0,0,0,0,0,0,0,0,0,0,0,0,PT170,1111,,
170430,170430,170430,"R Manuel Fonseca (Fte X) R Ant Boto",,,38.76365,-9.31888333333333,,,0,,0,0,0,0,0,0,0,0,0,0,0,0,0,0,PT170,1111,,
170431,170431,170431,"Cacém (Cemitério)",,,38.764521,-9.311718,,,0,,0,0,0,0,0,0,0,0,0,0,0,0,0,0,PT170,1111,,
170433,170433,170433,"R José Gomes Ferreira Fte 3",,,38.763788,-9.316122,,,0,,0,0,0,0,0,0,0,0,0,0,0,0,0,0,PT170,1111,,
170434,170434,170434,"R J Gomes Ferreira (X) Estr Vale Mourão",,,38.763449,-9.31617,,,0,,0,0,0,0,0,0,0,0,0,0,0,0,0,0,PT170,1111,,
170435,170435,170435,"R José Gomes Ferreira Fte 19",,,38.765222,-9.316677,,,0,,0,0,0,0,0,0,0,0,0,0,0,0,0,0,PT170,1111,,
170436,170436,170436,"R José Gomes Ferreira 13",,,38.764632,-9.31669,,,0,,0,0,0,0,0,0,0,0,0,0,0,0,0,0,PT170,1111,,
170437,170437,170437,"R José Gomes Ferreira Fte 33",,,38.766595,-9.317283,,,0,,0,0,0,0,0,0,0,0,0,0,0,0,0,0,PT170,1111,,
170439,170439,170439,"R da Esperança (Supermercado)",,,38.768736650236,-9.31337535381317,,,0,,0,0,0,0,0,0,0,0,0,0,0,0,0,0,PT170,1111,,
170440,170440,170440,"Cacém (B J Fontes)",,,38.7687633465976,-9.31348842568696,,,0,,0,0,0,0,0,0,0,0,0,0,0,0,0,0,PT170,1111,,
170441,170441,170441,"R Ilha Sta Maria 3",,,38.7693615630269,-9.3122342415154,,,0,,0,0,0,0,0,0,0,0,0,0,0,0,0,0,PT170,1111,,
170442,170442,170442,"R Ilha Sta Maria 3",,,38.769285361265645,-9.312336977513626,,,0,,0,0,0,0,0,0,0,0,0,0,0,0,0,0,PT170,1111,,
170443,170443,170443,"R da Esperança (Escola Gama Barros)",,,38.770935444118216,-9.313417095690966,,,0,,0,0,0,0,0,0,0,0,0,0,0,0,0,0,PT170,1111,,
170444,170444,170444,"R da Esperança (Escola Gama Barros)",,,38.77104240079572,-9.313614405691624,,,0,,0,0,0,0,0,0,0,0,0,0,0,0,0,0,PT170,1111,,
170445,170445,170445,"R Esperança 36",,,38.7725822950173,-9.312059311196208,,,0,,0,0,0,0,0,0,0,0,0,0,0,0,0,0,PT170,1111,,
170446,170446,170446,"R Esperança 31",,,38.77259824547374,-9.312522914260626,,,0,,0,0,0,0,0,0,0,0,0,0,0,0,0,0,PT170,1111,,
170447,170447,170447,"R Marquês Pombal 61",,,38.7720156088471,-9.31011152453721,,,0,,0,0,0,0,0,0,0,0,0,0,0,0,0,0,PT170,1111,,
170448,170448,170448,"R Marquês Pombal 61",,,38.772255,-9.310305,,,0,,0,0,0,0,0,0,0,0,0,0,0,0,0,0,PT170,1111,,
170449,170449,170449,"Bº Joaquim Fontes (Centro Comercial)",,,38.77010296317875,-9.310457227307394,,,0,,0,0,0,0,0,0,0,0,0,0,0,0,0,0,PT170,1111,,
170450,170450,170450,"Bº Joaquim Fontes (Fte C Comercial)",,,38.770235408263446,-9.310298128725906,,,0,,0,0,0,0,0,0,0,0,0,0,0,0,0,0,PT170,1111,,
170451,170451,170451,"Av Elias Garcia 149",,,38.7691070046276,-9.30715992115438,,,0,,0,0,0,0,0,0,0,0,0,0,0,0,0,0,PT170,1111,,
170452,170452,170452,"Av Elias Garcia 172 A",,,38.76912811647954,-9.30740837305756,,,0,,0,0,0,0,0,0,0,0,0,0,0,0,0,0,PT170,1111,,
170453,170453,170453,"R de Angola 41",,,38.768738,-9.30444,,,0,,0,0,0,0,0,0,0,0,0,0,0,0,0,0,PT170,1111,,
170455,170455,170455,"R Angola (Rotunda)",,,38.76759474460817,-9.30160322226584,,,0,,0,0,0,0,0,0,0,0,0,0,0,0,0,0,PT170,1111,,
170457,170457,170457,"Agualva-Cacém (Estação) P4",,,38.766658420133616,-9.298250385250094,,,0,,0,0,0,0,0,0,0,0,0,0,0,0,0,0,PT170,1111,,
170459,170459,170459,"Av Bons Amigos (Largo)",,,38.7695162091404,-9.29514521732926,,,0,,0,0,0,0,0,0,0,0,0,0,0,0,0,0,PT170,1111,,
170460,170460,170460,"Av Bons Amigos (Largo)",,,38.7696745013818,-9.29518461227417,,,0,,0,0,0,0,0,0,0,0,0,0,0,0,0,0,PT170,1111,,
170461,170461,170461,"Av Bons Amigos 87 (Escola)",,,38.77183762343596,-9.292099317535758,,,0,,0,0,0,0,0,0,0,0,0,0,0,0,0,0,PT170,1111,,
170462,170462,170462,"Av Bons Amigos 87 (Escola)",,,38.77147373825354,-9.292188081890345,,,0,,0,0,0,0,0,0,0,0,0,0,0,0,0,0,PT170,1111,,
170463,170463,170463,"R Joaq Guilherme Costa Caldas Fte 1",,,38.77271992062394,-9.295959008760356,,,0,,0,0,0,0,0,0,0,0,0,0,0,0,0,0,PT170,1111,,
170464,170464,170464,"R Joaq Guilherme Costa Caldas 1",,,38.77268317939968,-9.296295582405216,,,0,,0,0,0,0,0,0,0,0,0,0,0,0,0,0,PT170,1111,,
170465,170465,170465,"Av Bomb Voluntários 5",,,38.7737,-9.29713,,,0,,0,0,0,0,0,0,0,0,0,0,0,0,0,0,PT170,1111,,
170466,170466,170466,"Av Bomb Voluntários 5",,,38.773866243732165,-9.29727723007679,,,0,,0,0,0,0,0,0,0,0,0,0,0,0,0,0,PT170,1111,,
170467,170467,170467,"Av Bomb Voluntários 36",,,38.77625221441912,-9.29770814376672,,,0,,0,0,0,0,0,0,0,0,0,0,0,0,0,0,PT170,1111,,
170469,170469,170469,"Av Bomb Voluntários (Escola)",,,38.777758800455736,-9.29760099140168,,,0,,0,0,0,0,0,0,0,0,0,0,0,0,0,0,PT170,1111,,
170470,170470,170470,"Av Bomb Voluntários (Escola)",,,38.7782333333333,-9.29773333333333,,,0,,0,0,0,0,0,0,0,0,0,0,0,0,0,0,PT170,1111,,
170471,170471,170471,"Av Bomb Volunt (X) R Gen Humb Delgado",,,38.7803333333333,-9.29861666666667,,,0,,0,0,0,0,0,0,0,0,0,0,0,0,0,0,PT170,1111,,
170472,170472,170472,"Av Bomb Volunt (X) R Gen Humb Delgado",,,38.7802,-9.2985,,,0,,0,0,0,0,0,0,0,0,0,0,0,0,0,0,PT170,1111,,
170473,170473,170473,"M Sintra (Pq Inf)",,,38.7807,-9.30125,,,0,,0,0,0,0,0,0,0,0,0,0,0,0,0,0,PT170,1111,,
170474,170474,170474,"M Sintra (Pq Inf)",,,38.7806166666667,-9.30116666666667,,,0,,0,0,0,0,0,0,0,0,0,0,0,0,0,0,PT170,1111,,
170475,170475,170475,"Av 25 Abril (Supermercado)",,,38.78247683265494,-9.30215827189386,,,0,,0,0,0,0,0,0,0,0,0,0,0,0,0,0,PT170,1111,,
170476,170476,170476,"Av 25 Abril (Lidl)",,,38.7821476114914,-9.30212357081473,,,0,,0,0,0,0,0,0,0,0,0,0,0,0,0,0,PT170,1111,,
170477,170477,170477,"Av 25 Abril 120",,,38.78337062455776,-9.30482229217887,,,0,,0,0,0,0,0,0,0,0,0,0,0,0,0,0,PT170,1111,,
170478,170478,170478,"Av 25 Abril Fte 120",,,38.7833142047748,-9.30488716810942,,,0,,0,0,0,0,0,0,0,0,0,0,0,0,0,0,PT170,1111,,
170479,170479,170479,"Av 25 Abril (Ringue)",,,38.78475841327448,-9.303894331678748,,,0,,0,0,0,0,0,0,0,0,0,0,0,0,0,0,PT170,1111,,
170480,170480,170480,"Av 25 Abril (Ringue)",,,38.7846764316782,-9.3043543305248,,,0,,0,0,0,0,0,0,0,0,0,0,0,0,0,0,PT170,1111,,
170481,170481,170481,"Mira Sintra (Centro)",,,38.785817,-9.304237,,,0,,0,0,0,0,0,0,0,0,0,0,0,0,0,0,PT170,1111,,
170482,170482,170482,"Mira Sintra (Centro)",,,38.7856806674972,-9.30412575602531,,,0,,0,0,0,0,0,0,0,0,0,0,0,0,0,0,PT170,1111,,
170483,170483,170483,"Av 25 Abril 198",,,38.786881249398,-9.30618946440518,,,0,,0,0,0,0,0,0,0,0,0,0,0,0,0,0,PT170,1111,,
170484,170484,170484,"Av 25 Abril Fte 198",,,38.7868658266962,-9.3060499895364,,,0,,0,0,0,0,0,0,0,0,0,0,0,0,0,0,PT170,1111,,
170485,170485,170485,"Av 25 Abril (Campo Futebol)",,,38.7888604262844,-9.3068137485534,,,0,,0,0,0,0,0,0,0,0,0,0,0,0,0,0,PT170,1111,,
170486,170486,170486,"Av 25 Abril (Campo Futebol)",,,38.7889846460894,-9.30646137334406,,,0,,0,0,0,0,0,0,0,0,0,0,0,0,0,0,PT170,1111,,
170487,170487,170487,"Mira Sintra (Mercado)",,,38.7880553025752,-9.30443244986236,,,0,,0,0,0,0,0,0,0,0,0,0,0,0,0,0,PT170,1111,,
170488,170488,170488,"Mira Sintra (Mercado)",,,38.7881910474971,-9.30444669909775,,,0,,0,0,0,0,0,0,0,0,0,0,0,0,0,0,PT170,1111,,
170489,170489,170489,"Av Bomb Voluntários 23",,,38.7755386484923,-9.29782759398222,,,0,,0,0,0,0,0,0,0,0,0,0,0,0,0,0,PT170,1111,,
170491,170491,170491,"R Elias Garcia (Supermercado)",,,38.7684897193685,-9.30096846073866,,,0,,0,0,0,0,0,0,0,0,0,0,0,0,0,0,PT170,1111,,
170493,170493,170493,"R Elias Garcia 107",,,38.76959534902148,-9.302712231874466,,,0,,0,0,0,0,0,0,0,0,0,0,0,0,0,0,PT170,1111,,
170495,170495,170495,"R Elias Garcia 138",,,38.77026730167235,-9.30592711083591,,,0,,0,0,0,0,0,0,0,0,0,0,0,0,0,0,PT170,1111,,
170497,170497,170497,"R J G Ferreira (X) R Sidónio Muralha",,,38.766975,-9.318108,,,0,,0,0,0,0,0,0,0,0,0,0,0,0,0,0,PT170,1111,,
170499,170499,170499,"R José Gomes Ferreira 25",,,38.765887,-9.3172,,,0,,0,0,0,0,0,0,0,0,0,0,0,0,0,0,PT170,1111,,
170501,170501,170501,"R Natalia Correia Fte 16",,,38.76565,-9.32016666666667,,,0,,0,0,0,0,0,0,0,0,0,0,0,0,0,0,PT170,1111,,
170503,170503,170503,"Bairro da Tabaqueira 44",,,38.7526901671663,-9.34976010583341,,,0,,0,0,0,0,0,0,0,0,0,0,0,0,0,0,PT170,1111,,
170506,170506,170506,"Bairro Fitares",,,38.786643,-9.317293,,,0,,0,0,0,0,0,0,0,0,0,0,0,0,0,0,PT170,1111,,
170507,170507,170507,"Av Fitares 24B",,,38.786054,-9.314634,,,0,,0,0,0,0,0,0,0,0,0,0,0,0,0,0,PT170,1111,,
170508,170508,170508,"Av Fitares 27 (Edifício Acácia)",,,38.786244,-9.314624,,,0,,0,0,0,0,0,0,0,0,0,0,0,0,0,0,PT170,1111,,
170509,170509,170509,"Calçada Rinchoa 58",,,38.7881824560463,-9.32203461416066,,,0,,0,0,0,0,0,0,0,0,0,0,0,0,0,0,PT170,1111,,
170510,170510,170510,"Calçada Rinchoa 58",,,38.7886090949178,-9.32229042984545,,,0,,0,0,0,0,0,0,0,0,0,0,0,0,0,0,PT170,1111,,
170511,170511,170511,"Calçada da Rinchoa (X) Av Olaias",,,38.791863,-9.322705,,,0,,0,0,0,0,0,0,0,0,0,0,0,0,0,0,PT170,1111,,
170512,170512,170512,"Calçada da Rinchoa (X) Av Olaias",,,38.791828,-9.322828,,,0,,0,0,0,0,0,0,0,0,0,0,0,0,0,0,PT170,1111,,
170513,170513,170513,"Calçada da Rinchoa 118",,,38.7939,-9.322911,,,0,,0,0,0,0,0,0,0,0,0,0,0,0,0,0,PT170,1111,,
170514,170514,170514,"Calçada da Rinchoa 118",,,38.793802,-9.322993,,,0,,0,0,0,0,0,0,0,0,0,0,0,0,0,0,PT170,1111,,
170515,170515,170515,"Estr das Mercês 32",,,38.797297,-9.324001,,,0,,0,0,0,0,0,0,0,0,0,0,0,0,0,0,PT170,1111,,
170516,170516,170516,"Estr das Mercês 32",,,38.797279,-9.324105,,,0,,0,0,0,0,0,0,0,0,0,0,0,0,0,0,PT170,1111,,
170517,170517,170517,"Estr das Mercês (Bombas)",,,38.799116,-9.325022,,,0,,0,0,0,0,0,0,0,0,0,0,0,0,0,0,PT170,1111,,
170518,170518,170518,"Estr das Mercês (Posto Abast)",,,38.799211,-9.325242,,,0,,0,0,0,0,0,0,0,0,0,0,0,0,0,0,PT170,1111,,
170519,170519,170519,"R Cast Mouros 1 (Bº Nova Imagem)",,,38.8079499173909,-9.32560077868402,,,0,,0,0,0,0,0,0,0,0,0,0,0,0,0,0,PT170,1111,,
170521,170521,170521,"R Francisco Salgado Zenha 47",,,38.797785686329,-9.33014469221234,,,0,,0,0,0,0,0,0,0,0,0,0,0,0,0,0,PT170,1111,,
170523,170523,170523,"R Capitão Salgueiro Maia 31",,,38.7985281972215,-9.33210404589772,,,0,,0,0,0,0,0,0,0,0,0,0,0,0,0,0,PT170,1111,,
170524,170524,170524,"R Capitão Salgueiro Maia 31",,,38.7985153729096,-9.33212332427502,,,0,,0,0,0,0,0,0,0,0,0,0,0,0,0,0,PT170,1111,,
170525,170525,170525,"R Cap Salgueiro Maia (X) R Rui Grácio",,,38.7998209381476,-9.33370339684188,,,0,,0,0,0,0,0,0,0,0,0,0,0,0,0,0,PT170,1111,,
170526,170526,170526,"R Capitão Salgueiro Maia 132",,,38.79962850890484,-9.333845302462578,,,0,,0,0,0,0,0,0,0,0,0,0,0,0,0,0,PT170,1111,,
170527,170527,170527,"Belas (Samaritana)",,,38.777419757098,-9.26053684204817,,,0,,0,0,0,0,0,0,0,0,0,0,0,0,0,0,PT170,1111,,
170529,170529,170529,"Av D Leão Oliveira 29B",,,38.7781504914165,-9.26122952252626,,,0,,0,0,0,0,0,0,0,0,0,0,0,0,0,0,PT170,1111,,
170531,170531,170531,"R Ed Ferreira Pinto Basto (Bomb)",,,38.7766833230853,-9.26144778728485,,,0,,0,0,0,0,0,0,0,0,0,0,0,0,0,0,PT170,1111,,
170533,170533,170533,"EN 250 2 (X) Pça 5 Outubro",,,38.77595239039327,-9.264057073742151,,,0,,0,0,0,0,0,0,0,0,0,0,0,0,0,0,PT170,1111,,
170535,170535,170535,"R Victor Cordon 22",,,38.7762889126316,-9.26537521183491,,,0,,0,0,0,0,0,0,0,0,0,0,0,0,0,0,PT170,1111,,
170537,170537,170537,"Av Veiga Cunha 15",,,38.7762919343461,-9.268502248451114,,,0,,0,0,0,0,0,0,0,0,0,0,0,0,0,0,PT170,1111,,
170538,170538,170538,"Av Veiga Cunha 15",,,38.77621159104236,-9.268649352924738,,,0,,0,0,0,0,0,0,0,0,0,0,0,0,0,0,PT170,1111,,
170539,170539,170539,"Av Veiga Cunha 47",,,38.77538428922829,-9.271109942346811,,,0,,0,0,0,0,0,0,0,0,0,0,0,0,0,0,PT170,1111,,
170540,170540,170540,"Av Veiga Cunha 47",,,38.775257661,-9.27107153,,,0,,0,0,0,0,0,0,0,0,0,0,0,0,0,0,PT170,1111,,
170541,170541,170541,"R Sociedade 22 Maio 12 (Farmácia)",,,38.77486549154234,-9.272833932191132,,,0,,0,0,0,0,0,0,0,0,0,0,0,0,0,0,PT170,1111,,
170543,170543,170543,"R Sociedade 22 Maio 40 (Estreito)",,,38.775159032084,-9.27427511662245,,,0,,0,0,0,0,0,0,0,0,0,0,0,0,0,0,PT170,1111,,
170545,170545,170545,"R Sociedade 22 Maio 97",,,38.7758554005995,-9.27726368419826,,,0,,0,0,0,0,0,0,0,0,0,0,0,0,0,0,PT170,1111,,
170546,170546,170546,"R Sociedade 22 Maio 97",,,38.775734873428206,-9.277085904031992,,,0,,0,0,0,0,0,0,0,0,0,0,0,0,0,0,PT170,1111,,
170547,170547,170547,"R Octávio Homem 20",,,38.7774711381644,-9.27956828847528,,,0,,0,0,0,0,0,0,0,0,0,0,0,0,0,0,PT170,1111,,
170548,170548,170548,"R Octávio Homem 20",,,38.77739049018219,-9.27933937869966,,,0,,0,0,0,0,0,0,0,0,0,0,0,0,0,0,PT170,1111,,
170549,170549,170549,"Belas (Anta)",,,38.77634256932811,-9.28122941404581,,,0,,0,0,0,0,0,0,0,0,0,0,0,0,0,0,PT170,1111,,
170550,170550,170550,"Belas (Anta)",,,38.776366863888256,-9.281099159270523,,,0,,0,0,0,0,0,0,0,0,0,0,0,0,0,0,PT170,1111,,
170551,170551,170551,"R F Luc Pires (X) R Gen J F Nery Del",,,38.7756251078099,-9.28310452960432,,,0,,0,0,0,0,0,0,0,0,0,0,0,0,0,0,PT170,1111,,
170553,170553,170553,"R Anta Agualva (X) R Gen Costa Ribeiro",,,38.77454308684965,-9.28491124883294,,,0,,0,0,0,0,0,0,0,0,0,0,0,0,0,0,PT170,1111,,
170555,170555,170555,"R Ramalho Ortigão 55",,,38.7722539482638,-9.2856059409678,,,0,,0,0,0,0,0,0,0,0,0,0,0,0,0,0,PT170,1111,,
170556,170556,170556,"R Ramalho Ortigão 55",,,38.7718717753887,-9.28548239171505,,,0,,0,0,0,0,0,0,0,0,0,0,0,0,0,0,PT170,1111,,
170557,170557,170557,"R Ramalho Ortigão 23",,,38.7706585368142,-9.28708316758275,,,0,,0,0,0,0,0,0,0,0,0,0,0,0,0,0,PT170,1111,,
170558,170558,170558,"R Ramalho Ortigão 21",,,38.7705811718479,-9.28694696165621,,,0,,0,0,0,0,0,0,0,0,0,0,0,0,0,0,PT170,1111,,
170559,170559,170559,"R Colaride 21",,,38.77066351977832,-9.290448082610965,,,0,,0,0,0,0,0,0,0,0,0,0,0,0,0,0,PT170,1111,,
170560,170560,170560,"R Colaride 21",,,38.7704,-9.29016,,,0,,0,0,0,0,0,0,0,0,0,0,0,0,0,0,PT170,1111,,
170561,170561,170561,"R Colaride (Posto Combust)",,,38.77066976992696,-9.29178080521524,,,0,,0,0,0,0,0,0,0,0,0,0,0,0,0,0,PT170,1111,,
170562,170562,170562,"R Colaride (X) R Nossa Srª Carmo",,,38.7706126878038,-9.29135517217219,,,0,,0,0,0,0,0,0,0,0,0,0,0,0,0,0,PT170,1111,,
170563,170563,170563,"R Ramalho Ortigão 12",,,38.770346227102,-9.28922231309116,,,0,,0,0,0,0,0,0,0,0,0,0,0,0,0,0,PT170,1111,,
170565,170565,170565,"R Anta Agualva (X) R Gen Costa Ribeiro",,,38.77452228810503,-9.28472265601158,,,0,,0,0,0,0,0,0,0,0,0,0,0,0,0,0,PT170,1111,,
170567,170567,170567,"R Anta Agualva 1",,,38.7752822041512,-9.28340284153819,,,0,,0,0,0,0,0,0,0,0,0,0,0,0,0,0,PT170,1111,,
170569,170569,170569,"R 25 Abril (Casa Saúde)",,,38.77409962694188,-9.2741715165329,,,0,,0,0,0,0,0,0,0,0,0,0,0,0,0,0,PT170,1111,,
170573,170573,170573,"R Victor Cordon 5A",,,38.77614348509901,-9.26567486487329,,,0,,0,0,0,0,0,0,0,0,0,0,0,0,0,0,PT170,1111,,
170575,170575,170575,"EN 250 2 (Largo)",,,38.77563123556413,-9.26368952728808,,,0,,0,0,0,0,0,0,0,0,0,0,0,0,0,0,PT170,1111,,
170577,170577,170577,"Av Marinha Portuguesa (Correios)",,,38.775313859049525,-9.261431023478508,,,0,,0,0,0,0,0,0,0,0,0,0,0,0,0,0,PT170,1111,,
170579,170579,170579,"Venda Seca",,,38.78518945009003,-9.29004373960197,,,0,,0,0,0,0,0,0,0,0,0,0,0,0,0,0,PT170,1111,,
170580,170580,170580,"Venda Seca",,,38.7855166666667,-9.28996666666667,,,0,,0,0,0,0,0,0,0,0,0,0,0,0,0,0,PT170,1111,,
170581,170581,170581,"N250-1 (X) R Liberdade (Venda Seca)",,,38.7842592224479,-9.28695106878877,,,0,,0,0,0,0,0,0,0,0,0,0,0,0,0,0,PT170,1111,,
170583,170583,170583,"R Liberdade 97",,,38.7832266138867,-9.2837720643729,,,0,,0,0,0,0,0,0,0,0,0,0,0,0,0,0,PT170,1111,,
170584,170584,170584,"R Liberdade 97",,,38.78320928458519,-9.283558577299118,,,0,,0,0,0,0,0,0,0,0,0,0,0,0,0,0,PT170,1111,,
170585,170585,170585,"R Liberdade 74",,,38.7815496046096,-9.28106437437236,,,0,,0,0,0,0,0,0,0,0,0,0,0,0,0,0,PT170,1111,,
170586,170586,170586,"R Liberdade 74",,,38.78157392317436,-9.281008467078207,,,0,,0,0,0,0,0,0,0,0,0,0,0,0,0,0,PT170,1111,,
170587,170587,170587,"R Liberdade 40",,,38.7803052272648,-9.27976727485657,,,0,,0,0,0,0,0,0,0,0,0,0,0,0,0,0,PT170,1111,,
170588,170588,170588,"R Liberdade 40",,,38.78009430755386,-9.279487570747731,,,0,,0,0,0,0,0,0,0,0,0,0,0,0,0,0,PT170,1111,,
170589,170589,170589,"R Liberdade 9",,,38.7781567778438,-9.27912949584424,,,0,,0,0,0,0,0,0,0,0,0,0,0,0,0,0,PT170,1111,,
170590,170590,170590,"R Liberdade 9",,,38.7777196196839,-9.27895766682923,,,0,,0,0,0,0,0,0,0,0,0,0,0,0,0,0,PT170,1111,,
170591,170591,170591,"R Alexandre Herculano 18",,,38.76992750375874,-9.25994080491364,,,0,,0,0,0,0,0,0,0,0,0,0,0,0,0,0,PT170,1111,,
170592,170592,170592,"R Alexandre Herculano 21",,,38.7697328813374,-9.2597305867821,,,0,,0,0,0,0,0,0,0,0,0,0,0,0,0,0,PT170,1111,,
170593,170593,170593,"Av Miguel Bombarda 221",,,38.76656679146184,-9.25789494998753,,,0,,0,0,0,0,0,0,0,0,0,0,0,0,0,0,PT170,1111,,
170594,170594,170594,"Av Miguel Bombarda 182",,,38.766808190798095,-9.257863517850636,,,0,,0,0,0,0,0,0,0,0,0,0,0,0,0,0,PT170,1111,,
170595,170595,170595,"Av Mig Bombarda (Pcta M Av Humb Cruz)",,,38.7639517299155,-9.256823412880124,,,0,,0,0,0,0,0,0,0,0,0,0,0,0,0,0,PT170,1111,,
170596,170596,170596,"Av Miguel Bombarda 156",,,38.76415800147085,-9.256781497970223,,,0,,0,0,0,0,0,0,0,0,0,0,0,0,0,0,PT170,1111,,
170597,170597,170597,"Av Miguel Bombarda 91",,,38.76184821991705,-9.25652869977057,,,0,,0,0,0,0,0,0,0,0,0,0,0,0,0,0,PT170,1111,,
170598,170598,170598,"Av Miguel Bombarda 82",,,38.76176166954892,-9.256450748071074,,,0,,0,0,0,0,0,0,0,0,0,0,0,0,0,0,PT170,1111,,
170599,170599,170599,"Queluz - Belas (Estação)",,,38.75919675902964,-9.257470977392485,,,0,,0,0,0,0,0,0,0,0,0,0,0,0,0,0,PT170,1111,,
170601,170601,170601,"EN 117 10 (Farmácia)",,,38.77530244651963,-9.260592497885227,,,0,,0,0,0,0,0,0,0,0,0,0,0,0,0,0,PT170,1111,,
170603,170603,170603,"N250-1 (X) R Liberdade (Venda Seca)",,,38.78432731110264,-9.286618055775762,,,0,,0,0,0,0,0,0,0,0,0,0,0,0,0,0,PT170,1111,,
170605,170605,170605,"R S Paulo (X) Santo Eloi",,,38.7738847732544,-9.31180483661592,,,0,,0,0,0,0,0,0,0,0,0,0,0,0,0,0,PT170,1111,,
170606,170606,170606,"R S Paulo 7 (imp Templários)",,,38.77421363304048,-9.312244048342109,,,0,,0,0,0,0,0,0,0,0,0,0,0,0,0,0,PT170,1111,,
170607,170607,170607,"R S Paulo 41A",,,38.7761172093451,-9.31043028831482,,,0,,0,0,0,0,0,0,0,0,0,0,0,0,0,0,PT170,1111,,
170608,170608,170608,"R S Paulo 41a (Villa Recife)",,,38.7762084463611,-9.31020280346274,,,0,,0,0,0,0,0,0,0,0,0,0,0,0,0,0,PT170,1111,,
170609,170609,170609,"R Melquiades Marques 41",,,38.7757976073772,-9.30775051005185,,,0,,0,0,0,0,0,0,0,0,0,0,0,0,0,0,PT170,1111,,
170610,170610,170610,"R Melquiades Marques43",,,38.77599078126237,-9.307645233348012,,,0,,0,0,0,0,0,0,0,0,0,0,0,0,0,0,PT170,1111,,
170611,170611,170611,"R Escola António Sérgio (Escola)",,,38.7755151791498,-9.3060190603137,,,0,,0,0,0,0,0,0,0,0,0,0,0,0,0,0,PT170,1111,,
170612,170612,170612,"R Escola António Sérgio (Escola)",,,38.7755774699209,-9.306229194626212,,,0,,0,0,0,0,0,0,0,0,0,0,0,0,0,0,PT170,1111,,
170613,170613,170613,"Av Missionários (Esc António Sérgio)",,,38.7748672161251,-9.30475263856351,,,0,,0,0,0,0,0,0,0,0,0,0,0,0,0,0,PT170,1111,,
170614,170614,170614,"Av Missionários (Escola)",,,38.77447,-9.304412,,,0,,0,0,0,0,0,0,0,0,0,0,0,0,0,0,PT170,1111,,
170615,170615,170615,"Viaduto (X) Av Missionários",,,38.7736114813015,-9.30366039276123,,,0,,0,0,0,0,0,0,0,0,0,0,0,0,0,0,PT170,1111,,
170617,170617,170617,"Alam Cidade Bona 3A (Entrada)",,,38.77490528390136,-9.302206551656129,,,0,,0,0,0,0,0,0,0,0,0,0,0,0,0,0,PT170,1111,,
170619,170619,170619,"Alam Cidade Bona 33",,,38.77560708229305,-9.302926054224372,,,0,,0,0,0,0,0,0,0,0,0,0,0,0,0,0,PT170,1111,,
170621,170621,170621,"Alam Cidade Bona (Saída)",,,38.7749551422894,-9.30287006311119,,,0,,0,0,0,0,0,0,0,0,0,0,0,0,0,0,PT170,1111,,
170623,170623,170623,"Av Cidade Londres 48",,,38.7735249381512,-9.30250871926546,,,0,,0,0,0,0,0,0,0,0,0,0,0,0,0,0,PT170,1111,,
170624,170624,170624,"Av Cidade Londres 42",,,38.77335215454728,-9.302173862233758,,,0,,0,0,0,0,0,0,0,0,0,0,0,0,0,0,PT170,1111,,
170625,170625,170625,"R Cidade Roma 3",,,38.77372087296492,-9.300348116084932,,,0,,0,0,0,0,0,0,0,0,0,0,0,0,0,0,PT170,1111,,
170626,170626,170626,"R Cidade Roma 3",,,38.77359535812521,-9.300497900694609,,,0,,0,0,0,0,0,0,0,0,0,0,0,0,0,0,PT170,1111,,
170627,170627,170627,"R Cidade Madrid 4",,,38.774742440084296,-9.29791945964098,,,0,,0,0,0,0,0,0,0,0,0,0,0,0,0,0,PT170,1111,,
170628,170628,170628,"R Cidade Madrid (Esc Qta Fidalga)",,,38.774842064668505,-9.297922309488058,,,0,,0,0,0,0,0,0,0,0,0,0,0,0,0,0,PT170,1111,,
170629,170629,170629,"R Paula Lopes (X) Pcta Serpa Pinto",,,38.775937122045,-9.29742577443322,,,0,,0,0,0,0,0,0,0,0,0,0,0,0,0,0,PT170,1111,,
170631,170631,170631,"R Carlos Charbel Fte 31",,,38.7762198038399,-9.29613059386611,,,0,,0,0,0,0,0,0,0,0,0,0,0,0,0,0,PT170,1111,,
170632,170632,170632,"R Carlos Charbel 31",,,38.7762870267034,-9.29624349810183,,,0,,0,0,0,0,0,0,0,0,0,0,0,0,0,0,PT170,1111,,
170633,170633,170633,"R Silva Porto 25 (Escola)",,,38.77746005890559,-9.296418457348826,,,0,,0,0,0,0,0,0,0,0,0,0,0,0,0,0,PT170,1111,,
170634,170634,170634,"R Silva Porto 25 (Fte Escola)",,,38.77764169171412,-9.295713007450104,,,0,,0,0,0,0,0,0,0,0,0,0,0,0,0,0,PT170,1111,,
170635,170635,170635,"Av Sta Maria 46 (Escola)",,,38.77715359066592,-9.295022925361993,,,0,,0,0,0,0,0,0,0,0,0,0,0,0,0,0,PT170,1111,,
170636,170636,170636,"Av Sta Maria 40",,,38.77646889329675,-9.294869201257823,,,0,,0,0,0,0,0,0,0,0,0,0,0,0,0,0,PT170,1111,,
170637,170637,170637,"Av Sta Maria 14B",,,38.77380306713991,-9.29430702701211,,,0,,0,0,0,0,0,0,0,0,0,0,0,0,0,0,PT170,1111,,
170638,170638,170638,"Av Sta Maria (Igreja)",,,38.77434813176338,-9.294065963476896,,,0,,0,0,0,0,0,0,0,0,0,0,0,0,0,0,PT170,1111,,
170639,170639,170639,"Av Sta Maria 1",,,38.77275924441346,-9.294408783316612,,,0,,0,0,0,0,0,0,0,0,0,0,0,0,0,0,PT170,1111,,
170640,170640,170640,"Av Sta Maria 10",,,38.77326150555876,-9.294180711731316,,,0,,0,0,0,0,0,0,0,0,0,0,0,0,0,0,PT170,1111,,
170641,170641,170641,"R Prof Egas Moniz 37",,,38.7720214761794,-9.29404467344284,,,0,,0,0,0,0,0,0,0,0,0,0,0,0,0,0,PT170,1111,,
170642,170642,170642,"R Prof Egas Moniz 28",,,38.771901761709735,-9.294033609330654,,,0,,0,0,0,0,0,0,0,0,0,0,0,0,0,0,PT170,1111,,
170643,170643,170643,"R Alves Redol 1",,,38.770933279170826,-9.294814970344303,,,0,,0,0,0,0,0,0,0,0,0,0,0,0,0,0,PT170,1111,,
170644,170644,170644,"R Alves Redol 8",,,38.77119424473729,-9.29482058621943,,,0,,0,0,0,0,0,0,0,0,0,0,0,0,0,0,PT170,1111,,
170645,170645,170645,"Av Bons Amigos 46",,,38.76996000727866,-9.294598129990638,,,0,,0,0,0,0,0,0,0,0,0,0,0,0,0,0,PT170,1111,,
170647,170647,170647,"R Pedro Alvares Cabral 7",,,38.76921777236075,-9.297162238508465,,,0,,0,0,0,0,0,0,0,0,0,0,0,0,0,0,PT170,1111,,
170649,170649,170649,"R Ant Nunes Sequei 15 (C Comercial)",,,38.77001402429645,-9.296965934336184,,,0,,0,0,0,0,0,0,0,0,0,0,0,0,0,0,PT170,1111,,
170651,170651,170651,"R Coração Maria (X) Ilha Sta Maria",,,38.7703818082809,-9.31258066557348,,,0,,0,0,0,0,0,0,0,0,0,0,0,0,0,0,PT170,1111,,
170653,170653,170653,"Agualva-Cacém (Estação) P10",,,38.76589878128305,-9.297920633100508,,,0,,0,0,0,0,0,0,0,0,0,0,0,0,0,0,PT170,1111,,
170655,170655,170655,"R Elias Garcia 122",,,38.7709626322612,-9.30410178378224,,,0,,0,0,0,0,0,0,0,0,0,0,0,0,0,0,PT170,1111,,
170657,170657,170657,"R Elias Garcia 181",,,38.76853465042927,-9.310282347723842,,,0,,0,0,0,0,0,0,0,0,0,0,0,0,0,0,PT170,1111,,
170659,170659,170659,"R Marquês de Pombal 108",,,38.7734830286354,-9.31279230862856,,,0,,0,0,0,0,0,0,0,0,0,0,0,0,0,0,PT170,1111,,
170660,170660,170660,"R Marquês de Pombal 87",,,38.7734106509015,-9.31295449845493,,,0,,0,0,0,0,0,0,0,0,0,0,0,0,0,0,PT170,1111,,
170661,170661,170661,"R Marquês de Pombal (Supermercado)",,,38.774613244459,-9.31488392874599,,,0,,0,0,0,0,0,0,0,0,0,0,0,0,0,0,PT170,1111,,
170662,170662,170662,"R Marquês de Pombal (Supermercado)",,,38.7744746077806,-9.31484436616302,,,0,,0,0,0,0,0,0,0,0,0,0,0,0,0,0,PT170,1111,,
170663,170663,170663,"R Pôr do Sol 6 (Atlético Cacém)",,,38.77492675673082,-9.317336222156882,,,0,,0,0,0,0,0,0,0,0,0,0,0,0,0,0,PT170,1111,,
170664,170664,170664,"R Pôr do Sol 6 (Atlético Cacém)",,,38.7747458461672,-9.31740294210613,,,0,,0,0,0,0,0,0,0,0,0,0,0,0,0,0,PT170,1111,,
170665,170665,170665,"R Francisco Costa 6",,,38.781122177799865,-9.31445812806487,,,0,,0,0,0,0,0,0,0,0,0,0,0,0,0,0,PT170,1111,,
170666,170666,170666,"R Francisco Costa 3",,,38.780978419818,-9.31433122605085,,,0,,0,0,0,0,0,0,0,0,0,0,0,0,0,0,PT170,1111,,
170667,170667,170667,"R Francisco Costa 30",,,38.781069,-9.316175,,,0,,0,0,0,0,0,0,0,0,0,0,0,0,0,0,PT170,1111,,
170668,170668,170668,"R Francisco Costa 17",,,38.78091866380694,-9.316057479009032,,,0,,0,0,0,0,0,0,0,0,0,0,0,0,0,0,PT170,1111,,
170669,170669,170669,"Av Pedro Nunes (Escola Leal da Câmara)",,,38.78213211742795,-9.31826887652278,,,0,,0,0,0,0,0,0,0,0,0,0,0,0,0,0,PT170,1111,,
170670,170670,170670,"Av Pedro Nunes 14",,,38.7818223098293,-9.31775028817356,,,0,,0,0,0,0,0,0,0,0,0,0,0,0,0,0,PT170,1111,,
170671,170671,170671,"Av Gil Eanes Frente PSP",,,38.78172784550422,-9.321821127086878,,,0,,0,0,0,0,0,0,0,0,0,0,0,0,0,0,PT170,1111,,
170672,170672,170672,"Av Gil Eanes Frente PSP",,,38.781260009855,-9.32223930023611,,,0,,0,0,0,0,0,0,0,0,0,0,0,0,0,0,PT170,1111,,
170675,170675,170675,"R Elias Garcia 199 (Supermercado)",,,38.7680582189932,-9.31298098526895,,,0,,0,0,0,0,0,0,0,0,0,0,0,0,0,0,PT170,1111,,
170676,170676,170676,"R Elias Garcia 199 (Supermercado)",,,38.7681507971138,-9.31292859837413,,,0,,0,0,0,0,0,0,0,0,0,0,0,0,0,0,PT170,1111,,
170677,170677,170677,"R Elias Garcia 173",,,38.7685512006283,-9.30951666086912,,,0,,0,0,0,0,0,0,0,0,0,0,0,0,0,0,PT170,1111,,
170679,170679,170679,"Estr Paço d' Arcos (Mercado)",,,38.76984878825571,-9.305306514725087,,,0,,0,0,0,0,0,0,0,0,0,0,0,0,0,0,PT170,1111,,
170681,170681,170681,"Estr Paço d' Arcos (X) R Vale Mourão",,,38.768541100435,-9.30512714199722,,,0,,0,0,0,0,0,0,0,0,0,0,0,0,0,0,PT170,1111,,
170683,170683,170683,"Cacém (Estr Paço Arcos)",,,38.76697576337771,-9.30540039204061,,,0,,0,0,0,0,0,0,0,0,0,0,0,0,0,0,PT170,1111,,
170684,170684,170684,"Cacém (Estr Paço Arcos)",,,38.7668894045055,-9.30525915697217,,,0,,0,0,0,0,0,0,0,0,0,0,0,0,0,0,PT170,1111,,
170685,170685,170685,"R Bela Vista (Fte Supermercado)",,,38.763544,-9.305089,,,0,,0,0,0,0,0,0,0,0,0,0,0,0,0,0,PT170,1111,,
170686,170686,170686,"R Bela Vista (Supermercado)",,,38.763470044230765,-9.304929754662188,,,0,,0,0,0,0,0,0,0,0,0,0,0,0,0,0,PT170,1111,,
170687,170687,170687,"R Bela Vista (Fte cash Carry)",,,38.762611,-9.30239,,,0,,0,0,0,0,0,0,0,0,0,0,0,0,0,0,PT170,1111,,
170689,170689,170689,"Casal Cotão (Escola Primária)",,,38.76339641941206,-9.301118412986398,,,0,,0,0,0,0,0,0,0,0,0,0,0,0,0,0,PT170,1111,,
170690,170690,170690,"R Cidade Omura (Fte Escola)",,,38.76305738711644,-9.301392740380512,,,0,,0,0,0,0,0,0,0,0,0,0,0,0,0,0,PT170,1111,,
170691,170691,170691,"Av Cidade Lisboa 72",,,38.7641385896131,-9.30005013942719,,,0,,0,0,0,0,0,0,0,0,0,0,0,0,0,0,PT170,1111,,
170692,170692,170692,"Av Cidade Lisboa 74",,,38.76431789679737,-9.300447587336484,,,0,,0,0,0,0,0,0,0,0,0,0,0,0,0,0,PT170,1111,,
170693,170693,170693,"Av Cidade Lisboa 47",,,38.76208846420482,-9.29858640767634,,,0,,0,0,0,0,0,0,0,0,0,0,0,0,0,0,PT170,1111,,
170695,170695,170695,"R Cidade Castelo Branco 7",,,38.75805875428273,-9.29541762918234,,,0,,0,0,0,0,0,0,0,0,0,0,0,0,0,0,PT170,1111,,
170696,170696,170696,"R Cidade Castelo Branco 10",,,38.758507377979264,-9.295426430180669,,,0,,0,0,0,0,0,0,0,0,0,0,0,0,0,0,PT170,1111,,
170698,170698,170698,"Encosta S Marcos",,,38.7570782611147,-9.29509894922376,,,0,,0,0,0,0,0,0,0,0,0,0,0,0,0,0,PT170,1111,,
170699,170699,170699,"Av Cidade Lisboa 52",,,38.762563,-9.298461,,,0,,0,0,0,0,0,0,0,0,0,0,0,0,0,0,PT170,1111,,
170701,170701,170701,"R Bela Vista (cash Carry)",,,38.762734,-9.302318,,,0,,0,0,0,0,0,0,0,0,0,0,0,0,0,0,PT170,1111,,
170703,170703,170703,"Av Cidade Lisboa 64",,,38.7637093104422,-9.29951964877546,,,0,,0,0,0,0,0,0,0,0,0,0,0,0,0,0,PT170,1111,,
170705,170705,170705,"R Cid Évora (X) R Fr Marc Curto",,,38.75290657718032,-9.294562926515937,,,0,,0,0,0,0,0,0,0,0,0,0,0,0,0,0,PT170,1111,,
170706,170706,170706,"R Cid Évora (X) R Fr Marc Curto",,,38.7529740622267,-9.29449662566185,,,0,,0,0,0,0,0,0,0,0,0,0,0,0,0,0,PT170,1111,,
170707,170707,170707,"Caminho Ponte 36",,,38.7523025879636,-9.29249385371804,,,0,,0,0,0,0,0,0,0,0,0,0,0,0,0,0,PT170,1111,,
170708,170708,170708,"Caminho Ponte 36",,,38.7523055635393,-9.29238606244326,,,0,,0,0,0,0,0,0,0,0,0,0,0,0,0,0,PT170,1111,,
170709,170709,170709,"Estação Tercena",,,38.751022964716,-9.28716380149126,,,0,,0,0,0,0,0,0,0,0,0,0,0,0,0,0,PT170,1111,,
170711,170711,170711,"R Cidade S Paulo 54",,,38.74958842094769,-9.28958540327231,,,0,,0,0,0,0,0,0,0,0,0,0,0,0,0,0,PT170,1111,,
170713,170713,170713,"R Cidade S Paulo 17",,,38.7481555068272,-9.288765834644437,,,0,,0,0,0,0,0,0,0,0,0,0,0,0,0,0,PT170,1111,,
170715,170715,170715,"R Cidade S Paulo 11",,,38.74744573120688,-9.290359318256378,,,0,,0,0,0,0,0,0,0,0,0,0,0,0,0,0,PT170,1111,,
170717,170717,170717,"Av Brasil 84",,,38.74819945130281,-9.29109231568873,,,0,,0,0,0,0,0,0,0,0,0,0,0,0,0,0,PT170,1111,,
170719,170719,170719,"Av Brasil (X) Cidade S Paulo",,,38.74996856831358,-9.29044146090746,,,0,,0,0,0,0,0,0,0,0,0,0,0,0,0,0,PT170,1111,,
170721,170721,170721,"Av Brasil (X) Cidade Brasilia",,,38.749383991058,-9.294674741104243,,,0,,0,0,0,0,0,0,0,0,0,0,0,0,0,0,PT170,1111,,
170723,170723,170723,"Av Brasil (X) Cidade Rio Janeiro",,,38.748823920100286,-9.297063479143995,,,0,,0,0,0,0,0,0,0,0,0,0,0,0,0,0,PT170,1111,,
170725,170725,170725,"Av Brasil - Pcta",,,38.74936740582287,-9.298519268631935,,,0,,0,0,0,0,0,0,0,0,0,0,0,0,0,0,PT170,1111,,
170727,170727,170727,"Av Brasil - atrás Esc Preparatória",,,38.75020508713634,-9.299935223534703,,,0,,0,0,0,0,0,0,0,0,0,0,0,0,0,0,PT170,1111,,
170729,170729,170729,"Av Brasil (Fte Esc Primária)",,,38.7480113469064,-9.30212449282408,,,0,,0,0,0,0,0,0,0,0,0,0,0,0,0,0,PT170,1111,,
170730,170730,170730,"Av Brasil (Esc Primária)",,,38.74804103511726,-9.301982671022415,,,0,,0,0,0,0,0,0,0,0,0,0,0,0,0,0,PT170,1111,,
170731,170731,170731,"Av Brasil (Esc Básica)",,,38.7471938179806,-9.30141714401543,,,0,,0,0,0,0,0,0,0,0,0,0,0,0,0,0,PT170,1111,,
170733,170733,170733,"Av Brasil (X) Cidade Belo Horizonte",,,38.7470652395859,-9.29888656362891,,,0,,0,0,0,0,0,0,0,0,0,0,0,0,0,0,PT170,1111,,
170735,170735,170735,"São Marcos (Av Brasil)",,,38.7469130661339,-9.29666988551617,,,0,,0,0,0,0,0,0,0,0,0,0,0,0,0,0,PT170,1111,,
170737,170737,170737,"Av Brasil (X) Cidade Brasilia",,,38.746748319827,-9.29388390854001,,,0,,0,0,0,0,0,0,0,0,0,0,0,0,0,0,PT170,1111,,
170739,170739,170739,"R Cidade S Paulo (X) R Cidade Recife",,,38.7500699423254,-9.28982891142368,,,0,,0,0,0,0,0,0,0,0,0,0,0,0,0,0,PT170,1111,,
170741,170741,170741,"Av Cidade Lisboa (X) Cidade Covilhã",,,38.7614430952817,-9.29845263250172,,,0,,0,0,0,0,0,0,0,0,0,0,0,0,0,0,PT170,1111,,
170743,170743,170743,"Prç Cidade Omura Fte 21",,,38.7633236171678,-9.2999354749918,,,0,,0,0,0,0,0,0,0,0,0,0,0,0,0,0,PT170,1111,,
170745,170745,170745,"R José Almada Negreiros 25",,,38.76863269882717,-9.290038629465096,,,0,,0,0,0,0,0,0,0,0,0,0,0,0,0,0,PT170,1111,,
170746,170746,170746,"R José Almada Negreiros 22",,,38.7688,-9.28989,,,0,,0,0,0,0,0,0,0,0,0,0,0,0,0,0,PT170,1111,,
170747,170747,170747,"R Fernando Pessoa (X) Av Monte Tapada",,,38.76826834806098,-9.291223265624044,,,0,,0,0,0,0,0,0,0,0,0,0,0,0,0,0,PT170,1111,,
170748,170748,170748,"R Fernando Pessoa (X) Av Monte Tapada",,,38.7681,-9.29131,,,0,,0,0,0,0,0,0,0,0,0,0,0,0,0,0,PT170,1111,,
170749,170749,170749,"R Camilo C Branco",,,38.76734140380704,-9.293025481078264,,,0,,0,0,0,0,0,0,0,0,0,0,0,0,0,0,PT170,1111,,
170750,170750,170750,"R Camilo C Branco",,,38.7673,-9.2929,,,0,,0,0,0,0,0,0,0,0,0,0,0,0,0,0,PT170,1111,,
170751,170751,170751,"Colaride (Mte Tapada)",,,38.76732575869609,-9.29525597610951,,,0,,0,0,0,0,0,0,0,0,0,0,0,0,0,0,PT170,1111,,
170753,170753,170753,"R Guerra Junqueiro (X) R J Al Negreiro",,,38.766968,-9.290387,,,0,,0,0,0,0,0,0,0,0,0,0,0,0,0,0,PT170,1111,,
170754,170754,170754,"R Guerra Junqueiro (X) R J Al Negreiro",,,38.767031,-9.290365,,,0,,0,0,0,0,0,0,0,0,0,0,0,0,0,0,PT170,1111,,
170755,170755,170755,"Av Industrias (Bayer)",,,38.76824496250148,-9.288282449073783,,,0,,0,0,0,0,0,0,0,0,0,0,0,0,0,0,PT170,1111,,
170756,170756,170756,"Av Industrias (Bayer)",,,38.7683,-9.28832,,,0,,0,0,0,0,0,0,0,0,0,0,0,0,0,0,PT170,1111,,
170757,170757,170757,"Av Industrias (X) R Colaride",,,38.7685,-9.28593333333333,,,0,,0,0,0,0,0,0,0,0,0,0,0,0,0,0,PT170,1111,,
170758,170758,170758,"Av Industrias (X) R Colaride",,,38.76854002855309,-9.28632379501989,,,0,,0,0,0,0,0,0,0,0,0,0,0,0,0,0,PT170,1111,,
170759,170759,170759,"Av Industrias (X) R Panificacão",,,38.76875,-9.28323333333333,,,0,,0,0,0,0,0,0,0,0,0,0,0,0,0,0,PT170,1111,,
170760,170760,170760,"Av Industrias (X) R Panificacão",,,38.7687833333333,-9.28383333333333,,,0,,0,0,0,0,0,0,0,0,0,0,0,0,0,0,PT170,1111,,
170761,170761,170761,"Av Industrias (X) R Cidade Hull",,,38.7689666666667,-9.28115,,,0,,0,0,0,0,0,0,0,0,0,0,0,0,0,0,PT170,1111,,
170762,170762,170762,"Av Industrias (X) R Cidade Hull",,,38.769,-9.28151666666667,,,0,,0,0,0,0,0,0,0,0,0,0,0,0,0,0,PT170,1111,,
170763,170763,170763,"Av Salgueiro Maia (Supermercado)",,,38.76797775481758,-9.279116420075296,,,0,,0,0,0,0,0,0,0,0,0,0,0,0,0,0,PT170,1111,,
170764,170764,170764,"Av Salgueiro Maia (Supermercado)",,,38.7679982045665,-9.27886127494276,,,0,,0,0,0,0,0,0,0,0,0,0,0,0,0,0,PT170,1111,,
170765,170765,170765,"Av Salgueiro Maia (X) Cidade Hull",,,38.766348,-9.2793,,,0,,0,0,0,0,0,0,0,0,0,0,0,0,0,0,PT170,1111,,
170766,170766,170766,"Massamá (Urbanização Norte)",,,38.76662638826789,-9.279148606583476,,,0,,0,0,0,0,0,0,0,0,0,0,0,0,0,0,PT170,1111,,
170767,170767,170767,"Estr Paço d'Arcos (X) Estr Ligeiras",,,38.7629744689912,-9.30577757768333,,,0,,0,0,0,0,0,0,0,0,0,0,0,0,0,0,PT170,1111,,
170768,170768,170768,"Estr Paço d'Arcos (X) Estr Ligeiras",,,38.7628688989207,-9.30556442588568,,,0,,0,0,0,0,0,0,0,0,0,0,0,0,0,0,PT170,1111,,
170769,170769,170769,"Alto Belavista",,,38.7592922570184,-9.30678156204522,,,0,,0,0,0,0,0,0,0,0,0,0,0,0,0,0,PT170,1111,,
170771,170771,170771,"Estr Paço d ' Arcos 167",,,38.7540565012023,-9.30692816153169,,,0,,0,0,0,0,0,0,0,0,0,0,0,0,0,0,PT170,1111,,
170772,170772,170772,"Estr Paço d ' Arcos 167",,,38.75446942084221,-9.306711237877607,,,0,,0,0,0,0,0,0,0,0,0,0,0,0,0,0,PT170,1111,,
170773,170773,170773,"S Marcos (X) Macdonalds",,,38.7514025811106,-9.30622064508498,,,0,,0,0,0,0,0,0,0,0,0,0,0,0,0,0,PT170,1111,,
170774,170774,170774,"S Marcos (X)",,,38.7515060557052,-9.30605426430702,,,0,,0,0,0,0,0,0,0,0,0,0,0,0,0,0,PT170,1111,,
170775,170775,170775,"São Marcos (Rotunda)",,,38.7509904848412,-9.30274215526879,,,0,,0,0,0,0,0,0,0,0,0,0,0,0,0,0,PT170,1111,,
170776,170776,170776,"São Marcos (Rotunda)",,,38.75125610180366,-9.302780544385314,,,0,,0,0,0,0,0,0,0,0,0,0,0,0,0,0,PT170,1111,,
170777,170777,170777,"Estr Sul Marcos 50A",,,38.7516666666667,-9.29965,,,0,,0,0,0,0,0,0,0,0,0,0,0,0,0,0,PT170,1111,,
170778,170778,170778,"Estr Sul Marcos Fte 50B",,,38.75174642627004,-9.299819313032598,,,0,,0,0,0,0,0,0,0,0,0,0,0,0,0,0,PT170,1111,,
170779,170779,170779,"S Marcos (Largo)",,,38.75178837650593,-9.29703016775888,,,0,,0,0,0,0,0,0,0,0,0,0,0,0,0,0,PT170,1111,,
170780,170780,170780,"S Marcos (Largo)",,,38.75181348008336,-9.296920470052235,,,0,,0,0,0,0,0,0,0,0,0,0,0,0,0,0,PT170,1111,,
170781,170781,170781,"Alto Belavista (Business Park)",,,38.7577574048191,-9.30690444074571,,,0,,0,0,0,0,0,0,0,0,0,0,0,0,0,0,PT170,1111,,
170783,170783,170783,"Taguspark (Frente Novo Banco)",,,38.75094,-9.307942,,,0,,0,0,0,0,0,0,0,0,0,0,0,0,0,0,PT170,1111,,
170785,170785,170785,"Univ Católica",,,38.75043933781657,-9.311891282243735,,,0,,0,0,0,0,0,0,0,0,0,0,0,0,0,0,PT170,1111,,
170786,170786,170786,"Univ Católica",,,38.75063680445572,-9.311833709859046,,,0,,0,0,0,0,0,0,0,0,0,0,0,0,0,0,PT170,1111,,
170787,170787,170787,"Av F Mendes Pinto (X) R Domingos Borges",,,38.77548597267361,-9.29095309227705,,,0,,0,0,0,0,0,0,0,0,0,0,0,0,0,0,PT170,1111,,
170788,170788,170788,"Av F Mendes Pinto (X) R Domingos Borges",,,38.7756247725338,-9.29100288078189,,,0,,0,0,0,0,0,0,0,0,0,0,0,0,0,0,PT170,1111,,
170789,170789,170789,"Estr Lopas 40",,,38.7783956620842,-9.29296508431435,,,0,,0,0,0,0,0,0,0,0,0,0,0,0,0,0,PT170,1111,,
170790,170790,170790,"Estr Lopas 40",,,38.7784258369356,-9.29302769713104,,,0,,0,0,0,0,0,0,0,0,0,0,0,0,0,0,PT170,1111,,
170791,170791,170791,"R Combatentes Grande Guerra 81",,,38.7788625760004,-9.2960171867162,,,0,,0,0,0,0,0,0,0,0,0,0,0,0,0,0,PT170,1111,,
170792,170792,170792,"R Combatentes Grande Guerra 72",,,38.7788470694795,-9.29591869935393,,,0,,0,0,0,0,0,0,0,0,0,0,0,0,0,0,PT170,1111,,
170793,170793,170793,"R Elias Garcia (Hipermercado)",,,38.779534661403005,-9.34756320901215,,,0,,0,0,0,0,0,0,0,0,0,0,0,0,0,0,PT170,1111,,
170794,170794,170794,"R Elias Garcia (Hipermercado)",,,38.7792560225353,-9.34756027534604,,,0,,0,0,0,0,0,0,0,0,0,0,0,0,0,0,PT170,1111,,
170795,170795,170795,"R Abel Manta 14",,,38.7919842777774,-9.3506811093539,,,0,,0,0,0,0,0,0,0,0,0,0,0,0,0,0,PT170,1111,,
170796,170796,170796,"R Abel Manta 14",,,38.7919572042301,-9.35078219510615,,,0,,0,0,0,0,0,0,0,0,0,0,0,0,0,0,PT170,1111,,
170797,170797,170797,"R Artur Bual (Bombeiros)",,,38.7938164779916,-9.34966379776597,,,0,,0,0,0,0,0,0,0,0,0,0,0,0,0,0,PT170,1111,,
170798,170798,170798,"R Artur Bual (X) Pcta do Outeiro",,,38.7939647538587,-9.34953815303743,,,0,,0,0,0,0,0,0,0,0,0,0,0,0,0,0,PT170,1111,,
170799,170799,170799,"R Prof Joaquim Fontes 26 A",,,38.7941961362958,-9.34731284156442,,,0,,0,0,0,0,0,0,0,0,0,0,0,0,0,0,PT170,1111,,
170802,170802,170802,"R Prof Joaquim Fontes 45",,,38.7963315937668,-9.34942642226815,,,0,,0,0,0,0,0,0,0,0,0,0,0,0,0,0,PT170,1111,,
170804,170804,170804,"R Prof Joaquim Fontes 88",,,38.7975,-9.3513,,,0,,0,0,0,0,0,0,0,0,0,0,0,0,0,0,PT170,1111,,
170805,170805,170805,"Av Al Gago Cout (X) Pct Paiva Couceiro",,,38.7980307312682,-9.35160437598825,,,0,,0,0,0,0,0,0,0,0,0,0,0,0,0,0,PT170,1111,,
170806,170806,170806,"Av Alm Gago Coutinho 63",,,38.7979542464018,-9.35169422999024,,,0,,0,0,0,0,0,0,0,0,0,0,0,0,0,0,PT170,1111,,
170807,170807,170807,"R D Francisco de Sá Carneiro 10",,,38.79807559981116,-9.353533554822206,,,0,,0,0,0,0,0,0,0,0,0,0,0,0,0,0,PT170,1111,,
170808,170808,170808,"R D Francisco de Sá Carneiro 11",,,38.7979307770729,-9.35333825647831,,,0,,0,0,0,0,0,0,0,0,0,0,0,0,0,0,PT170,1111,,
170809,170809,170809,"R D Francisco de Sá Carneiro 14",,,38.7985509121791,-9.35511186718941,,,0,,0,0,0,0,0,0,0,0,0,0,0,0,0,0,PT170,1111,,
170810,170810,170810,"R D Francisco de Sá Carneiro 29 (Farm)",,,38.7984553584829,-9.35527430847287,,,0,,0,0,0,0,0,0,0,0,0,0,0,0,0,0,PT170,1111,,
170811,170811,170811,"Av Alm Gago Coutinho (Bombas)",,,38.7997172540054,-9.35681791976094,,,0,,0,0,0,0,0,0,0,0,0,0,0,0,0,0,PT170,1111,,
170812,170812,170812,"Av Alm Gago Coutinho (Qta Ouressa)",,,38.7997755082324,-9.35718152672052,,,0,,0,0,0,0,0,0,0,0,0,0,0,0,0,0,PT170,1111,,
170813,170813,170813,"Av Alm Gago Coutinho (Polícia Munic)",,,38.8008450390771,-9.36039506457746,,,0,,0,0,0,0,0,0,0,0,0,0,0,0,0,0,PT170,1111,,
170814,170814,170814,"Av Alm Gago Coutinho (Polícia Munic)",,,38.8006873335689,-9.36020907014608,,,0,,0,0,0,0,0,0,0,0,0,0,0,0,0,0,PT170,1111,,
170815,170815,170815,"Av Almirante Gago Coutinho 5",,,38.80056743777565,-9.367336705327034,,,0,,0,0,0,0,0,0,0,0,0,0,0,0,0,0,PT170,1111,,
170816,170816,170816,"Av Mov F Armadas 219",,,38.8004608126357,-9.36756863258779,,,0,,0,0,0,0,0,0,0,0,0,0,0,0,0,0,PT170,1111,,
170817,170817,170817,"Av Mov Forças Armadas (Smas)",,,38.8012867653742,-9.37101812101901,,,0,,0,0,0,0,0,0,0,0,0,0,0,0,0,0,PT170,1111,,
170818,170818,170818,"Av Mov Forças Armadas (Zn Industrial)",,,38.8012171536684,-9.37112398445606,,,0,,0,0,0,0,0,0,0,0,0,0,0,0,0,0,PT170,1111,,
170819,170819,170819,"Av Movimento das Forças Armadas",,,38.8017852371559,-9.37427281402051,,,0,,0,0,0,0,0,0,0,0,0,0,0,0,0,0,PT170,1111,,
170820,170820,170820,"Av Movimento das Forças Armadas 110",,,38.8016461813822,-9.37439762055874,,,0,,0,0,0,0,0,0,0,0,0,0,0,0,0,0,PT170,1111,,
170821,170821,170821,"Portela de Sintra (Estação) P11 Entrada Sul",,,38.80192,-9.376468,,,0,,0,0,0,0,0,0,0,0,0,0,0,0,0,0,PT170,1111,,
170823,170823,170823,"R Elias Garcia 34",,,38.7787722190842,-9.34255049563944,,,0,,0,0,0,0,0,0,0,0,0,0,0,0,0,0,PT170,1111,,
170827,170827,170827,"Carregueira (Estabelecimento Prisional)",,,38.8048911513761,-9.28722331300378,,,0,,0,0,0,0,0,0,0,0,0,0,0,0,0,0,PT170,1111,,
170829,170829,170829,"Alam Aqueduto (Portaria Belas CC)",,,38.8022381532937,-9.2818618286401,,,0,,0,0,0,0,0,0,0,0,0,0,0,0,0,0,PT170,1111,,
170830,170830,170830,"Alam Aqueduto (Portaria Belas CC)",,,38.8021155260503,-9.28177314810455,,,0,,0,0,0,0,0,0,0,0,0,0,0,0,0,0,PT170,1111,,
170831,170831,170831,"Alam Aqueduto",,,38.8043436873704,-9.28239994682372,,,0,,0,0,0,0,0,0,0,0,0,0,0,0,0,0,PT170,1111,,
170832,170832,170832,"Alam Aqueduto",,,38.8040577387437,-9.28245677612722,,,0,,0,0,0,0,0,0,0,0,0,0,0,0,0,0,PT170,1111,,
170833,170833,170833,"Alam Aqueduto (Escrit Planbelas)",,,38.8064961181954,-9.28282113745809,,,0,,0,0,0,0,0,0,0,0,0,0,0,0,0,0,PT170,1111,,
170834,170834,170834,"Alam Aqueduto (Escrit Planbelas)",,,38.8067763671279,-9.28313545882702,,,0,,0,0,0,0,0,0,0,0,0,0,0,0,0,0,PT170,1111,,
170835,170835,170835,"Alam Aqueduto (Escadinhas)",,,38.8118497654796,-9.28105532191694,,,0,,0,0,0,0,0,0,0,0,0,0,0,0,0,0,PT170,1111,,
170836,170836,170836,"Alam Aqueduto (Escadinhas)",,,38.8121629552916,-9.28094979375601,,,0,,0,0,0,0,0,0,0,0,0,0,0,0,0,0,PT170,1111,,
170837,170837,170837,"Alam Aqueduto (Villas Belas)",,,38.814516174607,-9.27725999616086,,,0,,0,0,0,0,0,0,0,0,0,0,0,0,0,0,PT170,1111,,
170838,170838,170838,"Alam Aqueduto (Villas Belas)",,,38.8148486847058,-9.2767196148634,,,0,,0,0,0,0,0,0,0,0,0,0,0,0,0,0,PT170,1111,,
170839,170839,170839,"Belas Clube Campo",,,38.8100262405351,-9.27426338195801,,,0,,0,0,0,0,0,0,0,0,0,0,0,0,0,0,PT170,1111,,
170841,170841,170841,"EN 117 (Entrada Lisbon Sports Club)",,,38.8000513566658,-9.27712521515787,,,0,,0,0,0,0,0,0,0,0,0,0,0,0,0,0,PT170,1111,,
170842,170842,170842,"EN 117 (Entrada Lisbon Sports Club)",,,38.8000306114554,-9.27672388963401,,,0,,0,0,0,0,0,0,0,0,0,0,0,0,0,0,PT170,1111,,
170843,170843,170843,"EN 117",,,38.7984844436869,-9.27062580361962,,,0,,0,0,0,0,0,0,0,0,0,0,0,0,0,0,PT170,1111,,
170844,170844,170844,"EN 117",,,38.7985372496769,-9.27102805115283,,,0,,0,0,0,0,0,0,0,0,0,0,0,0,0,0,PT170,1111,,
170845,170845,170845,"EN 117 (X) R Carvalhos",,,38.7964702723548,-9.26881422288716,,,0,,0,0,0,0,0,0,0,0,0,0,0,0,0,0,PT170,1111,,
170846,170846,170846,"EN 117 (X) Carvalhos",,,38.7967488868162,-9.26885940134525,,,0,,0,0,0,0,0,0,0,0,0,0,0,0,0,0,PT170,1111,,
170847,170847,170847,"EN 117 (Qta Pedra)",,,38.7872484605759,-9.26545349881053,,,0,,0,0,0,0,0,0,0,0,0,0,0,0,0,0,PT170,1111,,
170848,170848,170848,"EN 117 (Qta Pedra)",,,38.7872560461983,-9.26532559096813,,,0,,0,0,0,0,0,0,0,0,0,0,0,0,0,0,PT170,1111,,
170849,170849,170849,"Belas (Cemitério)",,,38.7835170468315,-9.26464833319187,,,0,,0,0,0,0,0,0,0,0,0,0,0,0,0,0,PT170,1111,,
170850,170850,170850,"Belas (Cemitério)",,,38.7836433202028,-9.26456602290273,,,0,,0,0,0,0,0,0,0,0,0,0,0,0,0,0,PT170,1111,,
170851,170851,170851,"Monte Abraão (Estação) P6",,,38.75569407953382,-9.265908563419227,,,0,,0,0,0,0,0,0,0,0,0,0,0,0,0,0,PT170,1111,,
170853,170853,170853,"Massamá (Casal Olival)",,,38.75325605872475,-9.275910258293152,,,0,,0,0,0,0,0,0,0,0,0,0,0,0,0,0,PT170,1111,,
170855,170855,170855,"Av 25 Abril 32",,,38.75255499353114,-9.276589443907142,,,0,,0,0,0,0,0,0,0,0,0,0,0,0,0,0,PT170,1111,,
170857,170857,170857,"Av 1º Maio 47",,,38.751414451591415,-9.27653320133686,,,0,,0,0,0,0,0,0,0,0,0,0,0,0,0,0,PT170,1111,,
170859,170859,170859,"R Pedro Freitas Branco 12",,,38.750399,-9.276496,,,0,,0,0,0,0,0,0,0,0,0,0,0,0,0,0,PT170,1111,,
170860,170860,170860,"R Pedro de Freitas Branco Fte 10",,,38.7504,-9.2764,,,0,,0,0,0,0,0,0,0,0,0,0,0,0,0,0,PT170,1111,,
170861,170861,170861,"R Sebastião e Silva 49",,,38.74916071002792,-9.275142818204571,,,0,,0,0,0,0,0,0,0,0,0,0,0,0,0,0,PT170,1111,,
170862,170862,170862,"R Sebastião e Silva Fte 47",,,38.7492666666667,-9.27533333333333,,,0,,0,0,0,0,0,0,0,0,0,0,0,0,0,0,PT170,1111,,
170863,170863,170863,"Pct Manuel Faria (B Cidade Desportiva)",,,38.750753,-9.271552,,,0,,0,0,0,0,0,0,0,0,0,0,0,0,0,0,PT170,1111,,
170865,170865,170865,"R Rosa Mota 9",,,38.75240289933806,-9.27123255621593,,,0,,0,0,0,0,0,0,0,0,0,0,0,0,0,0,PT170,1111,,
170867,170867,170867,"R Cidade Desportiva (Fte Escola)",,,38.754902,-9.268359,,,0,,0,0,0,0,0,0,0,0,0,0,0,0,0,0,PT170,1111,,
170868,170868,170868,"R Cidade Desportiva (Fte Escola)",,,38.75465,-9.26863333333333,,,0,,0,0,0,0,0,0,0,0,0,0,0,0,0,0,PT170,1111,,
170869,170869,170869,"Av Luís Camões (R Cardeal D a Ribeiro)",,,38.75832661475514,-9.26489694043994,,,0,,0,0,0,0,0,0,0,0,0,0,0,0,0,0,PT170,1111,,
170871,170871,170871,"Av Luís Camões (CTT)",,,38.7584829014823,-9.26628607325256,,,0,,0,0,0,0,0,0,0,0,0,0,0,0,0,0,PT170,1111,,
170873,170873,170873,"R Ruy Gameiro (Escola)",,,38.7592666666667,-9.26585,,,0,,0,0,0,0,0,0,0,0,0,0,0,0,0,0,PT170,1111,,
170874,170874,170874,"R Ruy Gameiro (Escola)",,,38.75933626201,-9.26570730283856,,,0,,0,0,0,0,0,0,0,0,0,0,0,0,0,0,PT170,1111,,
170875,170875,170875,"R D Dinis (Escola)",,,38.76057575165852,-9.2641091934522,,,0,,0,0,0,0,0,0,0,0,0,0,0,0,0,0,PT170,1111,,
170876,170876,170876,"R D Dinis (Escola)",,,38.7606166666667,-9.26433333333333,,,0,,0,0,0,0,0,0,0,0,0,0,0,0,0,0,PT170,1111,,
170877,170877,170877,"Av Capitão António Gomes Rocha 8",,,38.76097868583808,-9.26184643059969,,,0,,0,0,0,0,0,0,0,0,0,0,0,0,0,0,PT170,1111,,
170879,170879,170879,"Av Liberdade (Centro saúde)",,,38.7616356695071,-9.26107747480273,,,0,,0,0,0,0,0,0,0,0,0,0,0,0,0,0,PT170,1111,,
170881,170881,170881,"R Jaime Cortesão (X) Av Miradouro",,,38.7627164094552,-9.261381402611732,,,0,,0,0,0,0,0,0,0,0,0,0,0,0,0,0,PT170,1111,,
170883,170883,170883,"R Tristão Cunha 14",,,38.7627833333333,-9.26401666666667,,,0,,0,0,0,0,0,0,0,0,0,0,0,0,0,0,PT170,1111,,
170885,170885,170885,"Mte Abraão (V Sant)",,,38.76347840056126,-9.26449972204864,,,0,,0,0,0,0,0,0,0,0,0,0,0,0,0,0,PT170,1111,,
170887,170887,170887,"R Vieira Silva (X) Av Miradouro",,,38.764618,-9.262845,,,0,,0,0,0,0,0,0,0,0,0,0,0,0,0,0,PT170,1111,,
170889,170889,170889,"Av Agostinho Neto 87",,,38.76178326825927,-9.261813936142346,,,0,,0,0,0,0,0,0,0,0,0,0,0,0,0,0,PT170,1111,,
170891,170891,170891,"Av Afonso Costa 43",,,38.7632127245888,-9.26072627305984,,,0,,0,0,0,0,0,0,0,0,0,0,0,0,0,0,PT170,1111,,
170893,170893,170893,"Queluz (M Abraão)",,,38.7658,-9.261186,,,0,,0,0,0,0,0,0,0,0,0,0,0,0,0,0,PT170,1111,,
170896,170896,170896,"Av Liberdade 146",,,38.76472187697396,-9.259805962126444,,,0,,0,0,0,0,0,0,0,0,0,0,0,0,0,0,PT170,1111,,
170897,170897,170897,"Av Gen Humberto Delgado (Post Combust)",,,38.7643632665277,-9.25853130407631,,,0,,0,0,0,0,0,0,0,0,0,0,0,0,0,0,PT170,1111,,
170898,170898,170898,"Av Gen Humberto Delgado 23",,,38.7641205266118,-9.25876281224191,,,0,,0,0,0,0,0,0,0,0,0,0,0,0,0,0,PT170,1111,,
170899,170899,170899,"R Ruy Gameiro (Escola)",,,38.7593666666667,-9.26488333333333,,,0,,0,0,0,0,0,0,0,0,0,0,0,0,0,0,PT170,1111,,
170901,170901,170901,"Monte Abraão (Estação) P1",,,38.75556697859182,-9.265925571601269,,,0,,0,0,0,0,0,0,0,0,0,0,0,0,0,0,PT170,1111,,
170903,170903,170903,"R Rosa Mota 9",,,38.7521625348832,-9.271493770750352,,,0,,0,0,0,0,0,0,0,0,0,0,0,0,0,0,PT170,1111,,
170905,170905,170905,"Av 25 Abril 18B",,,38.75181396946052,-9.279069565236568,,,0,,0,0,0,0,0,0,0,0,0,0,0,0,0,0,PT170,1111,,
170906,170906,170906,"Av 25 Abril 18B",,,38.75168237326393,-9.279262600466607,,,0,,0,0,0,0,0,0,0,0,0,0,0,0,0,0,PT170,1111,,
170907,170907,170907,"Massamá - Barcarena (Estação Norte)",,,38.75238130659143,-9.282496673986316,,,0,,0,0,0,0,0,0,0,0,0,0,0,0,0,0,PT170,1111,,
170909,170909,170909,"Av Aquilino Ribeiro 192 (Escola)",,,38.75330972993597,-9.28668843703866,,,0,,0,0,0,0,0,0,0,0,0,0,0,0,0,0,PT170,1111,,
170910,170910,170910,"Av Aquilino Ribeiro 192 (Escola)",,,38.75362382196577,-9.28673517546311,,,0,,0,0,0,0,0,0,0,0,0,0,0,0,0,0,PT170,1111,,
170911,170911,170911,"Massamá (B Bico)",,,38.75582002374897,-9.286681087687612,,,0,,0,0,0,0,0,0,0,0,0,0,0,0,0,0,PT170,1111,,
170912,170912,170912,"Massamá (B Bico)",,,38.756240080022856,-9.286782508715987,,,0,,0,0,0,0,0,0,0,0,0,0,0,0,0,0,PT170,1111,,
170913,170913,170913,"R Direita Massamá 172",,,38.7566784454119,-9.282948710024357,,,0,,0,0,0,0,0,0,0,0,0,0,0,0,0,0,PT170,1111,,
170915,170915,170915,"R Direita Massamá 129",,,38.75654604495558,-9.280942417681215,,,0,,0,0,0,0,0,0,0,0,0,0,0,0,0,0,PT170,1111,,
170917,170917,170917,"R Direita Massamá 134",,,38.7568629879848,-9.276979537680743,,,0,,0,0,0,0,0,0,0,0,0,0,0,0,0,0,PT170,1111,,
170919,170919,170919,"R Direita Massamá 98B(chafariz)",,,38.75668609362979,-9.275136357173324,,,0,,0,0,0,0,0,0,0,0,0,0,0,0,0,0,PT170,1111,,
170920,170920,170920,"R Direita Massamá 104 (Chafariz)",,,38.75691038898772,-9.27545084618032,,,0,,0,0,0,0,0,0,0,0,0,0,0,0,0,0,PT170,1111,,
170921,170921,170921,"Monte Abraão (Estação) P4",,,38.75562059571648,-9.265705212880135,,,0,,0,0,0,0,0,0,0,0,0,0,0,0,0,0,PT170,1111,,
170923,170923,170923,"R Timor 2",,,38.75656293621833,-9.261665130034087,,,0,,0,0,0,0,0,0,0,0,0,0,0,0,0,0,PT170,1111,,
170924,170924,170924,"R Timor 2",,,38.75663446933135,-9.2620409745723,,,0,,0,0,0,0,0,0,0,0,0,0,0,0,0,0,PT170,1111,,
170925,170925,170925,"Av Elias Garcia 219",,,38.757355662893374,-9.258750155568125,,,0,,0,0,0,0,0,0,0,0,0,0,0,0,0,0,PT170,1111,,
170926,170926,170926,"Av Elias Garcia 222A",,,38.75748595848403,-9.258779073134065,,,0,,0,0,0,0,0,0,0,0,0,0,0,0,0,0,PT170,1111,,
170927,170927,170927,"Queluz (4 Caminhos)",,,38.7563439,-9.2536546,,,0,,0,0,0,0,0,0,0,0,0,0,0,0,0,0,PT170,1111,,
170928,170928,170928,"Queluz (4 Caminhos)",,,38.7564155878499,-9.25417967140675,,,0,,0,0,0,0,0,0,0,0,0,0,0,0,0,0,PT170,1111,,
170929,170929,170929,"Monte Abraão (Estação) P13",,,38.755838855535,-9.265745940991032,,,0,,0,0,0,0,0,0,0,0,0,0,0,0,0,0,PT170,1111,,
170931,170931,170931,"R Direita Massamá (Escolas)",,,38.755662031784766,-9.26808960735798,,,0,,0,0,0,0,0,0,0,0,0,0,0,0,0,0,PT170,1111,,
170933,170933,170933,"R Direita Massamá (X) R Milharada",,,38.7568841781467,-9.27946426905692,,,0,,0,0,0,0,0,0,0,0,0,0,0,0,0,0,PT170,1111,,
170935,170935,170935,"R Direita Massamá 172",,,38.75677838093866,-9.282304644584656,,,0,,0,0,0,0,0,0,0,0,0,0,0,0,0,0,PT170,1111,,
170937,170937,170937,"Av 1º Maio 3",,,38.75224247198227,-9.273780919611454,,,0,,0,0,0,0,0,0,0,0,0,0,0,0,0,0,PT170,1111,,
170939,170939,170939,"Av Prof Egas Moniz 6",,,38.75219075659327,-9.277418917044995,,,0,,0,0,0,0,0,0,0,0,0,0,0,0,0,0,PT170,1111,,
170941,170941,170941,"Av Prof Egas Moniz 10",,,38.75296415568886,-9.278353666886687,,,0,,0,0,0,0,0,0,0,0,0,0,0,0,0,0,PT170,1111,,
170943,170943,170943,"R Fernando Ricardo Ribeiro Leitão 1",,,38.756688206174125,-9.27730224095285,,,0,,0,0,0,0,0,0,0,0,0,0,0,0,0,0,PT170,1111,,
170944,170944,170944,"R Fernando Ricardo Ribeiro Leitão 4",,,38.75648280229519,-9.277497120201588,,,0,,0,0,0,0,0,0,0,0,0,0,0,0,0,0,PT170,1111,,
170945,170945,170945,"Av José Régio 4",,,38.75793585509096,-9.277552608400583,,,0,,0,0,0,0,0,0,0,0,0,0,0,0,0,0,PT170,1111,,
170947,170947,170947,"Av Salgueiro Maia (X) D Maria I",,,38.76257510231917,-9.27853848785162,,,0,,0,0,0,0,0,0,0,0,0,0,0,0,0,0,PT170,1111,,
170948,170948,170948,"Av Salgueiro Maia (Posto Combust)",,,38.7622368196025,-9.2787001747638,,,0,,0,0,0,0,0,0,0,0,0,0,0,0,0,0,PT170,1111,,
170949,170949,170949,"Massamá (Urb Norte)",,,38.764849674340816,-9.278868399560452,,,0,,0,0,0,0,0,0,0,0,0,0,0,0,0,0,PT170,1111,,
170950,170950,170950,"Massamá (Urb Norte)",,,38.7650526780635,-9.27914634346962,,,0,,0,0,0,0,0,0,0,0,0,0,0,0,0,0,PT170,1111,,
170951,170951,170951,"Idanha (Urb Campinas)",,,38.768628402920655,-9.274287521839142,,,0,,0,0,0,0,0,0,0,0,0,0,0,0,0,0,PT170,1111,,
170952,170952,170952,"R Industrial (X) R França",,,38.768985,-9.27541,,,0,,0,0,0,0,0,0,0,0,0,0,0,0,0,0,PT170,1111,,
170953,170953,170953,"Idanha (Xetaria)",,,38.7691070465371,-9.27160304971039,,,0,,0,0,0,0,0,0,0,0,0,0,0,0,0,0,PT170,1111,,
170955,170955,170955,"Av Alves Redol (Escola)",,,38.77449419866441,-9.270077040418984,,,0,,0,0,0,0,0,0,0,0,0,0,0,0,0,0,PT170,1111,,
170956,170956,170956,"Av Alves Redol (X) R Guerra junqueiro",,,38.7744256155565,-9.26940280012786,,,0,,0,0,0,0,0,0,0,0,0,0,0,0,0,0,PT170,1111,,
170957,170957,170957,"R Norton Matos 28",,,38.7730012787506,-9.26868321374059,,,0,,0,0,0,0,0,0,0,0,0,0,0,0,0,0,PT170,1111,,
170958,170958,170958,"R Norton Matos 35A",,,38.772915196605,-9.26862671971321,,,0,,0,0,0,0,0,0,0,0,0,0,0,0,0,0,PT170,1111,,
170959,170959,170959,"Estr Mirante 30",,,38.77233235575631,-9.270586408674715,,,0,,0,0,0,0,0,0,0,0,0,0,0,0,0,0,PT170,1111,,
170960,170960,170960,"Estr Mirante 26",,,38.77213457419307,-9.270793441683054,,,0,,0,0,0,0,0,0,0,0,0,0,0,0,0,0,PT170,1111,,
170961,170961,170961,"Av Salgueiro Maia 50A",,,38.76378019655415,-9.27891911007464,,,0,,0,0,0,0,0,0,0,0,0,0,0,0,0,0,PT170,1111,,
170963,170963,170963,"Av José Régio (Escola)",,,38.7577866759336,-9.277731478214264,,,0,,0,0,0,0,0,0,0,0,0,0,0,0,0,0,PT170,1111,,
170965,170965,170965,"Av 25 Abril (X) Pcta Jaime Cortesão",,,38.75289045628132,-9.28627003915608,,,0,,0,0,0,0,0,0,0,0,0,0,0,0,0,0,PT170,1111,,
170967,170967,170967,"Prof D Sousa Martins 106",,,38.75411523957092,-9.2778177279979,,,0,,0,0,0,0,0,0,0,0,0,0,0,0,0,0,PT170,1111,,
170968,170968,170968,"R Prof D Sousa Martins 8",,,38.75376800737056,-9.278079578652978,,,0,,0,0,0,0,0,0,0,0,0,0,0,0,0,0,PT170,1111,,
170969,170969,170969,"R Dr Contente F (X)av Dr F R Ribleitão",,,38.75456266395115,-9.278777791187167,,,0,,0,0,0,0,0,0,0,0,0,0,0,0,0,0,PT170,1111,,
170971,170971,170971,"R Jasmins 26",,,38.757952333722805,-9.276215275749564,,,0,,0,0,0,0,0,0,0,0,0,0,0,0,0,0,PT170,1111,,
170973,170973,170973,"R Camélias 12",,,38.75898647537608,-9.275414552539589,,,0,,0,0,0,0,0,0,0,0,0,0,0,0,0,0,PT170,1111,,
170975,170975,170975,"R Goa (X) R Camelias",,,38.76036913540615,-9.27464811131358,,,0,,0,0,0,0,0,0,0,0,0,0,0,0,0,0,PT170,1111,,
170976,170976,170976,"R Goa 27",,,38.76044947657968,-9.274877859279512,,,0,,0,0,0,0,0,0,0,0,0,0,0,0,0,0,PT170,1111,,
170977,170977,170977,"R Goa 13",,,38.76020467157649,-9.273417564108968,,,0,,0,0,0,0,0,0,0,0,0,0,0,0,0,0,PT170,1111,,
170978,170978,170978,"R Goa (X) R Diu",,,38.76004746398185,-9.273179518058896,,,0,,0,0,0,0,0,0,0,0,0,0,0,0,0,0,PT170,1111,,
170979,170979,170979,"R Goa (X) R S Francisco Xavier",,,38.7594895373426,-9.271610509604216,,,0,,0,0,0,0,0,0,0,0,0,0,0,0,0,0,PT170,1111,,
170980,170980,170980,"R Goa (X) R S Francisco Xavier",,,38.75968990580889,-9.271875796839597,,,0,,0,0,0,0,0,0,0,0,0,0,0,0,0,0,PT170,1111,,
170981,170981,170981,"R S Francisco Xavier 7",,,38.7606477364898,-9.27261625416577,,,0,,0,0,0,0,0,0,0,0,0,0,0,0,0,0,PT170,1111,,
170982,170982,170982,"R S Francisco Xavier 7",,,38.76053175050192,-9.272751873359084,,,0,,0,0,0,0,0,0,0,0,0,0,0,0,0,0,PT170,1111,,
170983,170983,170983,"R S Francisco Xavier 25",,,38.760858,-9.274662,,,0,,0,0,0,0,0,0,0,0,0,0,0,0,0,0,PT170,1111,,
170984,170984,170984,"R S Francisco Xavier 25",,,38.76076925796957,-9.274674681946635,,,0,,0,0,0,0,0,0,0,0,0,0,0,0,0,0,PT170,1111,,
170985,170985,170985,"R S Francisco Xavier 37",,,38.760783601172335,-9.27561211399734,,,0,,0,0,0,0,0,0,0,0,0,0,0,0,0,0,PT170,1111,,
170986,170986,170986,"R S Francisco Xavier 37",,,38.7607030989602,-9.27561236545444,,,0,,0,0,0,0,0,0,0,0,0,0,0,0,0,0,PT170,1111,,
170987,170987,170987,"R D Maria Ana Austria (X) R D Maria I",,,38.76175982644318,-9.275932985258931,,,0,,0,0,0,0,0,0,0,0,0,0,0,0,0,0,PT170,1111,,
170989,170989,170989,"R D M Ana Austria (X) R D Filipa Lenc",,,38.763331886158106,-9.276181077584624,,,0,,0,0,0,0,0,0,0,0,0,0,0,0,0,0,PT170,1111,,
170991,170991,170991,"R D Filipa Lencastre 24",,,38.7641460914165,-9.27807899191976,,,0,,0,0,0,0,0,0,0,0,0,0,0,0,0,0,PT170,1111,,
170993,170993,170993,"R D Filipa Lenc (X) Pcta D M F Saboia",,,38.7652074079961,-9.27818778902292,,,0,,0,0,0,0,0,0,0,0,0,0,0,0,0,0,PT170,1111,,
170995,170995,170995,"R D Inês Castro 4",,,38.765138424933,-9.27976744249463,,,0,,0,0,0,0,0,0,0,0,0,0,0,0,0,0,PT170,1111,,
170997,170997,170997,"R D Isabel Aragão 12",,,38.76416274949329,-9.280808726325631,,,0,,0,0,0,0,0,0,0,0,0,0,0,0,0,0,PT170,1111,,
170999,170999,170999,"R D Isabel Aragão 24",,,38.76311041430538,-9.281356316059828,,,0,,0,0,0,0,0,0,0,0,0,0,0,0,0,0,PT170,1111,,
171001,171001,171001,"R D Matilde (Supermercado)",,,38.762002063329945,-9.280508905649183,,,0,,0,0,0,0,0,0,0,0,0,0,0,0,0,0,PT170,1111,,
171003,171003,171003,"R D Maria I 5",,,38.76176702458861,-9.27642228166985,,,0,,0,0,0,0,0,0,0,0,0,0,0,0,0,0,PT170,1111,,
171005,171005,171005,"R Amor Perfeito 16",,,38.7593606114388,-9.2750633507967,,,0,,0,0,0,0,0,0,0,0,0,0,0,0,0,0,PT170,1111,,
171007,171007,171007,"R Tomás Assunção 5",,,38.75884015657604,-9.272759081795812,,,0,,0,0,0,0,0,0,0,0,0,0,0,0,0,0,PT170,1111,,
171009,171009,171009,"R António Feijó 7",,,38.7583509692922,-9.27202801220119,,,0,,0,0,0,0,0,0,0,0,0,0,0,0,0,0,PT170,1111,,
171011,171011,171011,"R Rosas (Escola)",,,38.757416093722,-9.27354966290295,,,0,,0,0,0,0,0,0,0,0,0,0,0,0,0,0,PT170,1111,,
171013,171013,171013,"R Jasmins (Supermercado)",,,38.757804594934,-9.27511456422508,,,0,,0,0,0,0,0,0,0,0,0,0,0,0,0,0,PT170,1111,,
171015,171015,171015,"R Jasmins (Escola)",,,38.75825961331783,-9.277286902070044,,,0,,0,0,0,0,0,0,0,0,0,0,0,0,0,0,PT170,1111,,
171017,171017,171017,"Av Fernando Ricardo Ribeiro Leitão 20",,,38.75524990369927,-9.27851895801723,,,0,,0,0,0,0,0,0,0,0,0,0,0,0,0,0,PT170,1111,,
171019,171019,171019,"Av Azedo Gneco 12",,,38.75446247195324,-9.283984126523135,,,0,,0,0,0,0,0,0,0,0,0,0,0,0,0,0,PT170,1111,,
171020,171020,171020,"Av Azedo Gneco 13",,,38.7543523897517,-9.28364474326372,,,0,,0,0,0,0,0,0,0,0,0,0,0,0,0,0,PT170,1111,,
171021,171021,171021,"Av Azedo Gneco (X) Pct Gervásio Lobato",,,38.75465550429686,-9.286041297018528,,,0,,0,0,0,0,0,0,0,0,0,0,0,0,0,0,PT170,1111,,
171022,171022,171022,"Av Azedo Gneco 35",,,38.754569100143485,-9.28596762008965,,,0,,0,0,0,0,0,0,0,0,0,0,0,0,0,0,PT170,1111,,
171023,171023,171023,"R Prof D Arnaldo Sampaio (Rot)",,,38.7571990443394,-9.28078793920577,,,0,,0,0,0,0,0,0,0,0,0,0,0,0,0,0,PT170,1111,,
171024,171024,171024,"R Prof D Arnaldo Sampaio (Rot)",,,38.7570952763781,-9.28084703162313,,,0,,0,0,0,0,0,0,0,0,0,0,0,0,0,0,PT170,1111,,
171025,171025,171025,"Urb Qta Flores",,,38.75913394809761,-9.280490633100271,,,0,,0,0,0,0,0,0,0,0,0,0,0,0,0,0,PT170,1111,,
171027,171027,171027,"Av Elias Garcia 25",,,38.7594051612541,-9.25033430568874,,,0,,0,0,0,0,0,0,0,0,0,0,0,0,0,0,PT170,1111,,
171028,171028,171028,"Av Elias Garcia 40",,,38.75926062472669,-9.25046875141561,,,0,,0,0,0,0,0,0,0,0,0,0,0,0,0,0,PT170,1111,,
171029,171029,171029,"Estr Carenque (X) Estr Militar",,,38.76203666682829,-9.251127233728766,,,0,,0,0,0,0,0,0,0,0,0,0,0,0,0,0,PT170,1111,,
171031,171031,171031,"R Dralb Ferraz(x)imp João Fern Labrad",,,38.7590333333333,-9.25253333333333,,,0,,0,0,0,0,0,0,0,0,0,0,0,0,0,0,PT170,1111,,
171032,171032,171032,"R Dralb Ferraz(x)imp João Fern Labrad",,,38.7588333333333,-9.2528,,,0,,0,0,0,0,0,0,0,0,0,0,0,0,0,0,PT170,1111,,
171033,171033,171033,"R Fernão Mendes Pinto 142",,,38.7591170609463,-9.254021642525984,,,0,,0,0,0,0,0,0,0,0,0,0,0,0,0,0,PT170,1111,,
171034,171034,171034,"R Fernão Mendes Pinto 142",,,38.7591833333333,-9.25408333333333,,,0,,0,0,0,0,0,0,0,0,0,0,0,0,0,0,PT170,1111,,
171035,171035,171035,"R Fernão Mendes Pinto 79",,,38.760698,-9.252264,,,0,,0,0,0,0,0,0,0,0,0,0,0,0,0,0,PT170,1111,,
171036,171036,171036,"R Fernão Mendes Pinto 90",,,38.760848,-9.252463,,,0,,0,0,0,0,0,0,0,0,0,0,0,0,0,0,PT170,1111,,
171037,171037,171037,"R Fernão Mendes Pinto (X) R Moínhos",,,38.7620333333333,-9.25273333333333,,,0,,0,0,0,0,0,0,0,0,0,0,0,0,0,0,PT170,1111,,
171039,171039,171039,"Pendão (B a Moinhos)",,,38.764339,-9.25419,,,0,,0,0,0,0,0,0,0,0,0,0,0,0,0,0,PT170,1111,,
171040,171040,171040,"Pendão (B a Moinhos)",,,38.764188,-9.254327,,,0,,0,0,0,0,0,0,0,0,0,0,0,0,0,0,PT170,1111,,
171041,171041,171041,"R Mirante 52",,,38.76538117774068,-9.254747755208026,,,0,,0,0,0,0,0,0,0,0,0,0,0,0,0,0,PT170,1111,,
171042,171042,171042,"R Mirante 52",,,38.76528893353873,-9.254734804853795,,,0,,0,0,0,0,0,0,0,0,0,0,0,0,0,0,PT170,1111,,
171043,171043,171043,"R Aquário Mirante (Fte Jardim)",,,38.76610836536493,-9.25357574355126,,,0,,0,0,0,0,0,0,0,0,0,0,0,0,0,0,PT170,1111,,
171045,171045,171045,"R Aquário Mirante fte B4",,,38.76831687181269,-9.254130145998012,,,0,,0,0,0,0,0,0,0,0,0,0,0,0,0,0,PT170,1111,,
171047,171047,171047,"R Mirante 35",,,38.76734848279228,-9.256633498182298,,,0,,0,0,0,0,0,0,0,0,0,0,0,0,0,0,PT170,1111,,
171049,171049,171049,"R Mirante 21",,,38.76626664589797,-9.25616655952454,,,0,,0,0,0,0,0,0,0,0,0,0,0,0,0,0,PT170,1111,,
171051,171051,171051,"Pendão (Bica Costa)",,,38.76510076350558,-9.2558173276484,,,0,,0,0,0,0,0,0,0,0,0,0,0,0,0,0,PT170,1111,,
171053,171053,171053,"R Alexandre Herculano 4",,,38.774183,-9.260667,,,0,,0,0,0,0,0,0,0,0,0,0,0,0,0,0,PT170,1111,,
171054,171054,171054,"R Alexandre Herculano 4",,,38.774234,-9.260874,,,0,,0,0,0,0,0,0,0,0,0,0,0,0,0,0,PT170,1111,,
171055,171055,171055,"Av P Alb Neto(X) Av Creche Pedro Folque",,,38.7769,-9.25954,,,0,,0,0,0,0,0,0,0,0,0,0,0,0,0,0,PT170,1111,,
171057,171057,171057,"Av Creche Pedro Folque 20",,,38.77590910568646,-9.259055860118876,,,0,,0,0,0,0,0,0,0,0,0,0,0,0,0,0,PT170,1111,,
171059,171059,171059,"R 25 Abril Fte 19",,,38.7753519054031,-9.258495597553257,,,0,,0,0,0,0,0,0,0,0,0,0,0,0,0,0,PT170,1111,,
171061,171061,171061,"Av Padre Alberto Neto Fte 34A",,,38.77790313649308,-9.25810481101037,,,0,,0,0,0,0,0,0,0,0,0,0,0,0,0,0,PT170,1111,,
171063,171063,171063,"Av Padre Alberto Neto 3A",,,38.7771,-9.25932,,,0,,0,0,0,0,0,0,0,0,0,0,0,0,0,0,PT170,1111,,
171065,171065,171065,"R Dr José Alberto Ferraz 8",,,38.77735541182352,-9.261310815973278,,,0,,0,0,0,0,0,0,0,0,0,0,0,0,0,0,PT170,1111,,
171067,171067,171067,"R Domingos Jardo (X) Impasse J Afonso",,,38.779361,-9.2623,,,0,,0,0,0,0,0,0,0,0,0,0,0,0,0,0,PT170,1111,,
171069,171069,171069,"R Manuel J Herigoyen (X) R Costa Reis",,,38.78078552272424,-9.26209661780834,,,0,,0,0,0,0,0,0,0,0,0,0,0,0,0,0,PT170,1111,,
171071,171071,171071,"Av João Belas 37C",,,38.78090522726846,-9.26105790062905,,,0,,0,0,0,0,0,0,0,0,0,0,0,0,0,0,PT170,1111,,
171073,171073,171073,"Av João Belas (Traseiras Escola)",,,38.77947736516165,-9.261245830688484,,,0,,0,0,0,0,0,0,0,0,0,0,0,0,0,0,PT170,1111,,
171075,171075,171075,"Av Gen Humberto Delgado 17",,,38.776515065124826,-9.260510187596084,,,0,,0,0,0,0,0,0,0,0,0,0,0,0,0,0,PT170,1111,,
171077,171077,171077,"Estr Portela (Supermercado)",,,38.771100998187215,-9.271165849640964,,,0,,0,0,0,0,0,0,0,0,0,0,0,0,0,0,PT170,1111,,
171078,171078,171078,"Estr Portela (Supermercado)",,,38.77113184575901,-9.270998714491723,,,0,,0,0,0,0,0,0,0,0,0,0,0,0,0,0,PT170,1111,,
171079,171079,171079,"Rua de Espanha (X) Rua do Povo Unido",,,38.76955770411166,-9.272071780252451,,,0,,0,0,0,0,0,0,0,0,0,0,0,0,0,0,PT170,1111,,
171081,171081,171081,"Idanha (Urb Campinas)",,,38.76883859284429,-9.274135714120863,,,0,,0,0,0,0,0,0,0,0,0,0,0,0,0,0,PT170,1111,,
171082,171082,171082,"Idanha (Urb Campinas)",,,38.76899752850909,-9.273980379133231,,,0,,0,0,0,0,0,0,0,0,0,0,0,0,0,0,PT170,1111,,
171083,171083,171083,"Avenida de Portugal (X) Impasse da Finlândia",,,38.76710226631585,-9.272978771477938,,,0,,0,0,0,0,0,0,0,0,0,0,0,0,0,0,PT170,1111,,
171084,171084,171084,"Avenida de Portugal (X) Impasse da Finlândia",,,38.7671666605406,-9.273003236071087,,,0,,0,0,0,0,0,0,0,0,0,0,0,0,0,0,PT170,1111,,
171085,171085,171085,"Av Joaquim Luís 49A",,,38.76113013087608,-9.267829504299169,,,0,,0,0,0,0,0,0,0,0,0,0,0,0,0,0,PT170,1111,,
171086,171086,171086,"Av Joaquim Luís 45",,,38.7606290029362,-9.26784426905215,,,0,,0,0,0,0,0,0,0,0,0,0,0,0,0,0,PT170,1111,,
171087,171087,171087,"Av Joaquim Luís (Pcta 11 Março)",,,38.759249270570336,-9.26786983385682,,,0,,0,0,0,0,0,0,0,0,0,0,0,0,0,0,PT170,1111,,
171089,171089,171089,"R Ruy Gameiro (Pcta José Malhoa)",,,38.759209192358,-9.26739181391895,,,0,,0,0,0,0,0,0,0,0,0,0,0,0,0,0,PT170,1111,,
171091,171091,171091,"Av Alves Redol 2",,,38.7748421542346,-9.27112871780992,,,0,,0,0,0,0,0,0,0,0,0,0,0,0,0,0,PT170,1111,,
171093,171093,171093,"Pendão (Bica Costa)",,,38.76495,-9.25495,,,0,,0,0,0,0,0,0,0,0,0,0,0,0,0,0,PT170,1111,,
171095,171095,171095,"R Fern Mendes pinto (C Comunit Pendão)",,,38.7627721111194,-9.252767320722342,,,0,,0,0,0,0,0,0,0,0,0,0,0,0,0,0,PT170,1111,,
171097,171097,171097,"Estr Carenque (X) Bº Alto Moínhos",,,38.76148395933505,-9.25096026621759,,,0,,0,0,0,0,0,0,0,0,0,0,0,0,0,0,PT170,1111,,
171101,171101,171101,"Av Capitães de Abril Frente Bombas",,,38.802151,-9.336633,,,0,,0,0,0,0,0,0,0,0,0,0,0,0,0,0,PT170,1111,,
171104,171104,171104,"Av Capitães de Abril Frente 47",,,38.80164199422224,-9.336316734952936,,,0,,0,0,0,0,0,0,0,0,0,0,0,0,0,0,PT170,1111,,
171105,171105,171105,"Av Capitães de Abril - Rotunda",,,38.79964800000001,-9.336002282820704,,,0,,0,0,0,0,0,0,0,0,0,0,0,0,0,0,PT170,1111,,
171106,171106,171106,"Av Capitães de Abril - Rotunda",,,38.79942508437459,-9.335830029430392,,,0,,0,0,0,0,0,0,0,0,0,0,0,0,0,0,PT170,1111,,
171107,171107,171107,"R Gen Barnabé António Ferreira(ctt)",,,38.8233532611124,-9.29324411821535,,,0,,0,0,0,0,0,0,0,0,0,0,0,0,0,0,PT170,1111,,
171108,171108,171108,"R Gen Barnabé António Ferreira(ctt)",,,38.82323571752397,-9.293285021899504,,,0,,0,0,0,0,0,0,0,0,0,0,0,0,0,0,PT170,1111,,
171109,171109,171109,"R Gen Barnabé a Ferreira (X) Pcta 25 Abr",,,38.82434374546497,-9.294190290842058,,,0,,0,0,0,0,0,0,0,0,0,0,0,0,0,0,PT170,1111,,
171110,171110,171110,"R Gen Barnabé A Ferreira (x) Pcta 25 Abr",,,38.8239666666667,-9.29398333333333,,,0,,0,0,0,0,0,0,0,0,0,0,0,0,0,0,PT170,1111,,
171111,171111,171111,"Sabugo",,,38.82504403262407,-9.294991759093604,,,0,,0,0,0,0,0,0,0,0,0,0,0,0,0,0,PT170,1111,,
171112,171112,171112,"Sabugo",,,38.8250166666667,-9.29575,,,0,,0,0,0,0,0,0,0,0,0,0,0,0,0,0,PT170,1111,,
171115,171115,171115,"Av Marquês Pombal (X) R Estação",,,38.8293,-9.30301666666667,,,0,,0,0,0,0,0,0,0,0,0,0,0,0,0,0,PT170,1111,,
171116,171116,171116,"Av Marquês Pombal (X) R Estação",,,38.8293833333333,-9.30323333333333,,,0,,0,0,0,0,0,0,0,0,0,0,0,0,0,0,PT170,1111,,
171117,171117,171117,"Av Marquês Pombal (Fábrica Portugal)",,,38.83105,-9.30501666666667,,,0,,0,0,0,0,0,0,0,0,0,0,0,0,0,0,PT170,1111,,
171118,171118,171118,"Av Marquês Pombal (Fábrica Portugal)",,,38.8310666666667,-9.30518333333333,,,0,,0,0,0,0,0,0,0,0,0,0,0,0,0,0,PT170,1111,,
171119,171119,171119,"Av 25 Abril",,,38.8239950593561,-9.31753294542432,,,0,,0,0,0,0,0,0,0,0,0,0,0,0,0,0,PT170,1111,,
171121,171121,171121,"R do Cintrão (X) R Principal",,,38.8243840215728,-9.32200276292861,,,0,,0,0,0,0,0,0,0,0,0,0,0,0,0,0,PT170,1111,,
171122,171122,171122,"R do Cintrão (X) R Principal",,,38.8243251806125,-9.32205397635698,,,0,,0,0,0,0,0,0,0,0,0,0,0,0,0,0,PT170,1111,,
171123,171123,171123,"Coutinho Afonso (Largo)",,,38.8255335576832,-9.32387754321098,,,0,,0,0,0,0,0,0,0,0,0,0,0,0,0,0,PT170,1111,,
171124,171124,171124,"Coutinho Afonso (Largo)",,,38.8254429074004,-9.32381082326174,,,0,,0,0,0,0,0,0,0,0,0,0,0,0,0,0,PT170,1111,,
171125,171125,171125,"Estr de Mem Martins 260",,,38.796655,-9.342164,,,0,,0,0,0,0,0,0,0,0,0,0,0,0,0,0,PT170,1111,,
171127,171127,171127,"R do Coudel 6 (Cruzeiro)",,,38.790372479707,-9.34642318636179,,,0,,0,0,0,0,0,0,0,0,0,0,0,0,0,0,PT170,1111,,
171129,171129,171129,"R do Coudel 24",,,38.7888955464587,-9.34669626876712,,,0,,0,0,0,0,0,0,0,0,0,0,0,0,0,0,PT170,1111,,
171131,171131,171131,"R do Coudel 42 (Posto Abast)",,,38.7875487003475,-9.34603141620755,,,0,,0,0,0,0,0,0,0,0,0,0,0,0,0,0,PT170,1111,,
171133,171133,171133,"R do Coudel 106",,,38.7844731705263,-9.3447008728981,,,0,,0,0,0,0,0,0,0,0,0,0,0,0,0,0,PT170,1111,,
171135,171135,171135,"Estr de Mem Martins 66",,,38.7833055714145,-9.34580828994513,,,0,,0,0,0,0,0,0,0,0,0,0,0,0,0,0,PT170,1111,,
171136,171136,171136,"Estr de Mem Martins 56",,,38.7832496222109,-9.34568960219622,,,0,,0,0,0,0,0,0,0,0,0,0,0,0,0,0,PT170,1111,,
171137,171137,171137,"Estr de Mem Martins 106",,,38.78497229955682,-9.34382412582636,,,0,,0,0,0,0,0,0,0,0,0,0,0,0,0,0,PT170,1111,,
171139,171139,171139,"Estr de Mem Martins 140",,,38.7875825632364,-9.34320688247681,,,0,,0,0,0,0,0,0,0,0,0,0,0,0,0,0,PT170,1111,,
171141,171141,171141,"Estr Mem Martins 164 (Poço Novo)",,,38.7895892327651,-9.34506749734282,,,0,,0,0,0,0,0,0,0,0,0,0,0,0,0,0,PT170,1111,,
171143,171143,171143,"Estr Mem Martins 184 (Cruzeiro)",,,38.79094808016183,-9.345514755696058,,,0,,0,0,0,0,0,0,0,0,0,0,0,0,0,0,PT170,1111,,
171147,171147,171147,"R António Feijó 30",,,38.7923,-9.33896,,,0,,0,0,0,0,0,0,0,0,0,0,0,0,0,0,PT170,1111,,
171148,171148,171148,"R Ant Feijó 2",,,38.7923,-9.33892,,,0,,0,0,0,0,0,0,0,0,0,0,0,0,0,0,PT170,1111,,
171149,171149,171149,"R António Feijó Fte Supermercado",,,38.789451,-9.340955,,,0,,0,0,0,0,0,0,0,0,0,0,0,0,0,0,PT170,1111,,
171150,171150,171150,"R António Feijó Supermercado",,,38.789397,-9.340804,,,0,,0,0,0,0,0,0,0,0,0,0,0,0,0,0,PT170,1111,,
171151,171151,171151,"R das Vargens Fte Supermercado",,,38.787,-9.34079,,,0,,0,0,0,0,0,0,0,0,0,0,0,0,0,0,PT170,1111,,
171154,171154,171154,"R das Vargens Supermercado",,,38.783992,-9.338952,,,0,,0,0,0,0,0,0,0,0,0,0,0,0,0,0,PT170,1111,,
171155,171155,171155,"São Pedro Sintra (Chão Meninos)",,,38.7915873108432,-9.37392261810601,,,0,,0,0,0,0,0,0,0,0,0,0,0,0,0,0,PT170,1111,,
171157,171157,171157,"Av Conde Sucena (X) Av de Cascais",,,38.7876159651205,-9.37354342080653,,,0,,0,0,0,0,0,0,0,0,0,0,0,0,0,0,PT170,1111,,
171159,171159,171159,"R Elias Garcia 42",,,38.7837152788416,-9.36787457205355,,,0,,0,0,0,0,0,0,0,0,0,0,0,0,0,0,PT170,1111,,
171160,171160,171160,"R Elias Garcia 42",,,38.7837859801948,-9.36801781877875,,,0,,0,0,0,0,0,0,0,0,0,0,0,0,0,0,PT170,1111,,
171161,171161,171161,"Av Mov Forças Armadas 16",,,38.77318411661234,-9.356839209794998,,,0,,0,0,0,0,0,0,0,0,0,0,0,0,0,0,PT170,1111,,
171162,171162,171162,"Av Mov Forças Armadas 16",,,38.77313466873565,-9.356735944747925,,,0,,0,0,0,0,0,0,0,0,0,0,0,0,0,0,PT170,1111,,
171163,171163,171163,"R Ferreira de Castro 28",,,38.77168010008258,-9.358179392293096,,,0,,0,0,0,0,0,0,0,0,0,0,0,0,0,0,PT170,1111,,
171165,171165,171165,"Av Mov Forças Armadas (Esp Juventude)",,,38.7692726310343,-9.35910844244063,,,0,,0,0,0,0,0,0,0,0,0,0,0,0,0,0,PT170,1111,,
171167,171167,171167,"R Humberto Delgado 16",,,38.76834128837337,-9.360021399334071,,,0,,0,0,0,0,0,0,0,0,0,0,0,0,0,0,PT170,1111,,
171169,171169,171169,"R da Liberdade 29 A",,,38.7663374980912,-9.35899092815816,,,0,,0,0,0,0,0,0,0,0,0,0,0,0,0,0,PT170,1111,,
171171,171171,171171,"R do Centro Social 53",,,38.7652638601139,-9.3594363424927,,,0,,0,0,0,0,0,0,0,0,0,0,0,0,0,0,PT170,1111,,
171173,171173,171173,"R Humberto Delgado 26",,,38.76803668065708,-9.36017763800919,,,0,,0,0,0,0,0,0,0,0,0,0,0,0,0,0,PT170,1111,,
171175,171175,171175,"R do Forno 33",,,38.7710656877607,-9.35742351226509,,,0,,0,0,0,0,0,0,0,0,0,0,0,0,0,0,PT170,1111,,
171177,171177,171177,"R Azenha (X) R República P Moçambique",,,38.7955173756927,-9.33923587203026,,,0,,0,0,0,0,0,0,0,0,0,0,0,0,0,0,PT170,1111,,
171179,171179,171179,"Av Vitorino Nemésio (CC)",,,38.79551196936522,-9.337180377915502,,,0,,0,0,0,0,0,0,0,0,0,0,0,0,0,0,PT170,1111,,
171180,171180,171180,"Av Vitorino Nemésio 18 (CC)",,,38.7955872807652,-9.33730099350214,,,0,,0,0,0,0,0,0,0,0,0,0,0,0,0,0,PT170,1111,,
171181,171181,171181,"R da Tapada 53",,,38.7990681175143,-9.33686538599432,,,0,,0,0,0,0,0,0,0,0,0,0,0,0,0,0,PT170,1111,,
171182,171182,171182,"R da Tapada 32 -PSP",,,38.7987449532375,-9.33630455285311,,,0,,0,0,0,0,0,0,0,0,0,0,0,0,0,0,PT170,1111,,
171183,171183,171183,"R da Tapada 3",,,38.8003545301035,-9.33980374597013,,,0,,0,0,0,0,0,0,0,0,0,0,0,0,0,0,PT170,1111,,
171184,171184,171184,"R da Tapada 2",,,38.8002993771806,-9.33991296216846,,,0,,0,0,0,0,0,0,0,0,0,0,0,0,0,0,PT170,1111,,
171186,171186,171186,"Estr de Algueirão 55-farmácia",,,38.799845,-9.341085,,,0,,0,0,0,0,0,0,0,0,0,0,0,0,0,0,PT170,1111,,
171188,171188,171188,"Estr do Algueirão 81",,,38.8018347322941,-9.34183593839407,,,0,,0,0,0,0,0,0,0,0,0,0,0,0,0,0,PT170,1111,,
171189,171189,171189,"Estr de Sacotes 34",,,38.8085798174143,-9.33956762775779,,,0,,0,0,0,0,0,0,0,0,0,0,0,0,0,0,PT170,1111,,
171190,171190,171190,"Estr de Sacotes Fte 32",,,38.8086457410827,-9.33955262415111,,,0,,0,0,0,0,0,0,0,0,0,0,0,0,0,0,PT170,1111,,
171191,171191,171191,"Rua Dr. António Nabais (Frente N112)",,,38.7970373081043,-9.31316790170968,,,0,,0,0,0,0,0,0,0,0,0,0,0,0,0,0,PT170,1111,,
171192,171192,171192,"Rua Dr. António Nabais (N112)",,,38.79709260789095,-9.313056506216526,,,0,,0,0,0,0,0,0,0,0,0,0,0,0,0,0,PT170,1111,,
171193,171193,171193,"R D António Nabais (X) R Boavista",,,38.7956560123712,-9.31307788006961,,,0,,0,0,0,0,0,0,0,0,0,0,0,0,0,0,PT170,1111,,
171194,171194,171194,"Av D António Nabais (X) R Boavista",,,38.79556227491787,-9.31299121119082,,,0,,0,0,0,0,0,0,0,0,0,0,0,0,0,0,PT170,1111,,
171195,171195,171195,"Estr Princ Taladela (X) R Rocha Martins",,,38.7944763014093,-9.31209309026599,,,0,,0,0,0,0,0,0,0,0,0,0,0,0,0,0,PT170,1111,,
171196,171196,171196,"Estr Princ Tala (X) R Rocha Martins",,,38.7945582764223,-9.31224186904728,,,0,,0,0,0,0,0,0,0,0,0,0,0,0,0,0,PT170,1111,,
171197,171197,171197,"Estação Meleças",,,38.7897164700553,-9.31178740225732,,,0,,0,0,0,0,0,0,0,0,0,0,0,0,0,0,PT170,1111,,
171199,171199,171199,"Tala (Largo)",,,38.7948802253231,-9.30933167226613,,,0,,0,0,0,0,0,0,0,0,0,0,0,0,0,0,PT170,1111,,
171200,171200,171200,"Largo da Tala (X) R 25 Abril",,,38.7948539061472,-9.30918507277966,,,0,,0,0,0,0,0,0,0,0,0,0,0,0,0,0,PT170,1111,,
171204,171204,171204,"Mira Sintra (Junta Freguesia)",,,38.7824907246977,-9.30088371969759,,,0,,0,0,0,0,0,0,0,0,0,0,0,0,0,0,PT170,1111,,
171205,171205,171205,"Estr Chão de Meninos (C Jardinagem)",,,38.7878224113956,-9.37328794039786,,,0,,0,0,0,0,0,0,0,0,0,0,0,0,0,0,PT170,1111,,
171207,171207,171207,"R Liga Dos Amigos Das Covas De Ferro 1A",,,38.86517914351042,-9.250788692520809,,,0,,0,0,0,0,0,0,0,0,0,0,0,0,0,0,PT170,1111,,
171208,171208,171208,"R Liga Dos Amigos Das Covas De Ferro 1A",,,38.86569065431758,-9.24878243906891,,,0,,0,0,0,0,0,0,0,0,0,0,0,0,0,0,PT170,1111,,
171209,171209,171209,"R G Barnabé a Ferr (X) R Visc Dasseca",,,38.86195,-9.251147,,,0,,0,0,0,0,0,0,0,0,0,0,0,0,0,0,PT170,1111,,
171210,171210,171210,"R a Rodr Felic Antun (X)R Visc Dasseca",,,38.861785,-9.251006,,,0,,0,0,0,0,0,0,0,0,0,0,0,0,0,0,PT170,1111,,
171211,171211,171211,"R Asp Rodrigo Feliciano Antunes 59",,,38.858181531541,-9.2585645802319,,,0,,0,0,0,0,0,0,0,0,0,0,0,0,0,0,PT170,1111,,
171212,171212,171212,"R Asp Rodrigo Feliciano Antunes 63",,,38.8581588165835,-9.2585267778486,,,0,,0,0,0,0,0,0,0,0,0,0,0,0,0,0,PT170,1111,,
171213,171213,171213,"Albogas (X) Loures",,,38.85344454919363,-9.257727982476354,,,0,,0,0,0,0,0,0,0,0,0,0,0,0,0,0,PT170,1111,,
171214,171214,171214,"Albogas (X) Loures",,,38.85327172117167,-9.257729910314085,,,0,,0,0,0,0,0,0,0,0,0,0,0,0,0,0,PT170,1111,,
171215,171215,171215,"Av Joaquim Silva (Fonte Pedra)",,,38.850639,-9.258573,,,0,,0,0,0,0,0,0,0,0,0,0,0,0,0,0,PT170,1111,,
171216,171216,171216,"Av Joaquim Silva (Fonte Pedra)",,,38.8502854015678,-9.25866583362222,,,0,,0,0,0,0,0,0,0,0,0,0,0,0,0,0,PT170,1111,,
171217,171217,171217,"Av Joaquim Silva (X) Rapoula",,,38.84926,-9.260773,,,0,,0,0,0,0,0,0,0,0,0,0,0,0,0,0,PT170,1111,,
171218,171218,171218,"Av Joaquim Silva (X) Rapoula",,,38.849041133362086,-9.260848728836065,,,0,,0,0,0,0,0,0,0,0,0,0,0,0,0,0,PT170,1111,,
171219,171219,171219,"Av Gen Humb Delgado (X) Av Joaq Silva",,,38.848715,-9.262328,,,0,,0,0,0,0,0,0,0,0,0,0,0,0,0,0,PT170,1111,,
171220,171220,171220,"Av Gen Humb Delgado (X) Av Joaq Silva",,,38.848561369814,-9.26231020130217,,,0,,0,0,0,0,0,0,0,0,0,0,0,0,0,0,PT170,1111,,
171222,171222,171222,"Almargem Bispo (Centro saúde)",,,38.8513236260042,-9.26445454359055,,,0,,0,0,0,0,0,0,0,0,0,0,0,0,0,0,PT170,1111,,
171223,171223,171223,"Negrais (Soc Recreativa)",,,38.8787318207324,-9.2777054104954,,,0,,0,0,0,0,0,0,0,0,0,0,0,0,0,0,PT170,1111,,
171224,171224,171224,"Negrais (Soc Recreativa)",,,38.8788080541417,-9.27745663560927,,,0,,0,0,0,0,0,0,0,0,0,0,0,0,0,0,PT170,1111,,
171225,171225,171225,"Av Gen Barn a Ferr (X) R Fonte Quente",,,38.87741767487263,-9.280653184817936,,,0,,0,0,0,0,0,0,0,0,0,0,0,0,0,0,PT170,1111,,
171226,171226,171226,"Av Gen Barn a Ferr (X) R Fonte Quente",,,38.87763447494015,-9.281044739438464,,,0,,0,0,0,0,0,0,0,0,0,0,0,0,0,0,PT170,1111,,
171227,171227,171227,"R de São João 16",,,38.8796850945801,-9.28737661801279,,,0,,0,0,0,0,0,0,0,0,0,0,0,0,0,0,PT170,1111,,
171228,171228,171228,"R Passagem Nível (X) de São João",,,38.879611,-9.287674,,,0,,0,0,0,0,0,0,0,0,0,0,0,0,0,0,PT170,1111,,
171229,171229,171229,"R da Passagem de Nível 57",,,38.8781801238656,-9.29141803644598,,,0,,0,0,0,0,0,0,0,0,0,0,0,0,0,0,PT170,1111,,
171230,171230,171230,"R da Passagem de Nível 57",,,38.8781349,-9.2914302,,,0,,0,0,0,0,0,0,0,0,0,0,0,0,0,0,PT170,1111,,
171231,171231,171231,"R Principal 3",,,38.877914,-9.29357,,,0,,0,0,0,0,0,0,0,0,0,0,0,0,0,0,PT170,1111,,
171232,171232,171232,"R Principal 18",,,38.87766630256223,-9.293754644180297,,,0,,0,0,0,0,0,0,0,0,0,0,0,0,0,0,PT170,1111,,
171233,171233,171233,"R do Campo da Bola (X) R das Cruzes",,,38.873500591144,-9.29938939400017,,,0,,0,0,0,0,0,0,0,0,0,0,0,0,0,0,PT170,1111,,
171234,171234,171234,"R do Campo da Bola (X) R das Cruzes",,,38.873491,-9.299296,,,0,,0,0,0,0,0,0,0,0,0,0,0,0,0,0,PT170,1111,,
171235,171235,171235,"R da Fonte (X) R das Barruncheiras",,,38.878352261,-9.283152434,,,0,,0,0,0,0,0,0,0,0,0,0,0,0,0,0,PT170,1111,,
171236,171236,171236,"Av de Roma 35",,,38.871,-9.2997,,,0,,0,0,0,0,0,0,0,0,0,0,0,0,0,0,PT170,1111,,
171237,171237,171237,"R Liga a Pedra Furada (X) Av Lapias",,,38.8691128324717,-9.29806823842227,,,0,,0,0,0,0,0,0,0,0,0,0,0,0,0,0,PT170,1111,,
171238,171238,171238,"Av Lapias (X) R Liga a Pedra Furada",,,38.8692533550784,-9.29810042493045,,,0,,0,0,0,0,0,0,0,0,0,0,0,0,0,0,PT170,1111,,
171239,171239,171239,"Av de Roma 35",,,38.871115,-9.300038,,,0,,0,0,0,0,0,0,0,0,0,0,0,0,0,0,PT170,1111,,
171241,171241,171241,"Av Roma 62",,,38.8722755759954,-9.30176876485348,,,0,,0,0,0,0,0,0,0,0,0,0,0,0,0,0,PT170,1111,,
171242,171242,171242,"Av Roma 53",,,38.8719589076936,-9.30141001939774,,,0,,0,0,0,0,0,0,0,0,0,0,0,0,0,0,PT170,1111,,
171243,171243,171243,"Av Roma 98",,,38.8754045199528,-9.304507970809937,,,0,,0,0,0,0,0,0,0,0,0,0,0,0,0,0,PT170,1111,,
171244,171244,171244,"Av Roma 98 (Lavadouro pub)",,,38.8753107888624,-9.30445658974349,,,0,,0,0,0,0,0,0,0,0,0,0,0,0,0,0,PT170,1111,,
171245,171245,171245,"Lgo de Anços (Chafariz)",,,38.87702,-9.306444,,,0,,0,0,0,0,0,0,0,0,0,0,0,0,0,0,PT170,1111,,
171246,171246,171246,"R da Fonte (X) R das Barruncheiras",,,38.878275744,-9.283134878,,,0,,0,0,0,0,0,0,0,0,0,0,0,0,0,0,PT170,1111,,
171247,171247,171247,"R Vale da Pipa 26",,,38.87465512676053,-9.309905245900154,,,0,,0,0,0,0,0,0,0,0,0,0,0,0,0,0,PT170,1111,,
171248,171248,171248,"R Vale da Pipa 26",,,38.87458546843956,-9.309923387731551,,,0,,0,0,0,0,0,0,0,0,0,0,0,0,0,0,PT170,1111,,
171249,171249,171249,"Estr de Mourao (X) R dos Moleiros",,,38.8712953962386,-9.31212125346065,,,0,,0,0,0,0,0,0,0,0,0,0,0,0,0,0,PT170,1111,,
171250,171250,171250,"Estr de Mourao (X) R dos Moleiros",,,38.87130293058545,-9.311979023313526,,,0,,0,0,0,0,0,0,0,0,0,0,0,0,0,0,PT170,1111,,
171251,171251,171251,"Maceira 2 (Largo)",,,38.8662424078211,-9.31431630626321,,,0,,0,0,0,0,0,0,0,0,0,0,0,0,0,0,PT170,1111,,
171252,171252,171252,"Maceira (Largo)",,,38.8660647,-9.3143981,,,0,,0,0,0,0,0,0,0,0,0,0,0,0,0,0,PT170,1111,,
171253,171253,171253,"Largo 25 Abril 1",,,38.86643922440288,-9.316281359642744,,,0,,0,0,0,0,0,0,0,0,0,0,0,0,0,0,PT170,1111,,
171254,171254,171254,"Largo 25 Abril 13",,,38.8664646539837,-9.31614339351654,,,0,,0,0,0,0,0,0,0,0,0,0,0,0,0,0,PT170,1111,,
171255,171255,171255,"R Ant Silva e Castro 1 (Jd Plátanos)",,,38.8651079172269,-9.31800342164934,,,0,,0,0,0,0,0,0,0,0,0,0,0,0,0,0,PT170,1111,,
171256,171256,171256,"Estr do Paiol 1",,,38.8650720007718,-9.31797366589308,,,0,,0,0,0,0,0,0,0,0,0,0,0,0,0,0,PT170,1111,,
171257,171257,171257,"R das Piçarras 6d",,,38.8669000100344,-9.31756521575153,,,0,,0,0,0,0,0,0,0,0,0,0,0,0,0,0,PT170,1111,,
171258,171258,171258,"R das Piçarras 6d",,,38.8668093,-9.3173259,,,0,,0,0,0,0,0,0,0,0,0,0,0,0,0,0,PT170,1111,,
171259,171259,171259,"R das Piçarras 40",,,38.8666254607961,-9.31981801986694,,,0,,0,0,0,0,0,0,0,0,0,0,0,0,0,0,PT170,1111,,
171260,171260,171260,"R das Piçarras 40",,,38.866527,-9.319702,,,0,,0,0,0,0,0,0,0,0,0,0,0,0,0,0,PT170,1111,,
171261,171261,171261,"R das Piçarras 53",,,38.865285,-9.324262,,,0,,0,0,0,0,0,0,0,0,0,0,0,0,0,0,PT170,1111,,
171262,171262,171262,"R das Piçarras 53",,,38.8652166,-9.3241759,,,0,,0,0,0,0,0,0,0,0,0,0,0,0,0,0,PT170,1111,,
171263,171263,171263,"R Vimal (Escola)",,,38.8634112104774,-9.32751252315938,,,0,,0,0,0,0,0,0,0,0,0,0,0,0,0,0,PT170,1111,,
171265,171265,171265,"R Arqto José Luis Monteiro (Escola)",,,38.8632709812373,-9.32915311306715,,,0,,0,0,0,0,0,0,0,0,0,0,0,0,0,0,PT170,1111,,
171267,171267,171267,"Montelavar (Largo)",,,38.8607625709847,-9.33277929201722,,,0,,0,0,0,0,0,0,0,0,0,0,0,0,0,0,PT170,1111,,
171268,171268,171268,"Alameda D Afonso Henriques",,,38.861042,-9.331856,,,0,,0,0,0,0,0,0,0,0,0,0,0,0,0,0,PT170,1111,,
171269,171269,171269,"Av 25 Abril (X) R da Eirinha",,,38.857860998843336,-9.32651549577713,,,0,,0,0,0,0,0,0,0,0,0,0,0,0,0,0,PT170,1111,,
171270,171270,171270,"Av 25 Abril (X) R da Eirinha",,,38.8579935254529,-9.32659730315208,,,0,,0,0,0,0,0,0,0,0,0,0,0,0,0,0,PT170,1111,,
171271,171271,171271,"Av Liberdade 70",,,38.8559184595942,-9.32603672146797,,,0,,0,0,0,0,0,0,0,0,0,0,0,0,0,0,PT170,1111,,
171273,171273,171273,"Av 19 Maio 43",,,38.8537226,-9.3264472,,,0,,0,0,0,0,0,0,0,0,0,0,0,0,0,0,PT170,1111,,
171275,171275,171275,"Av Aviação Portuguesa 16",,,38.848403,-9.329154,,,0,,0,0,0,0,0,0,0,0,0,0,0,0,0,0,PT170,1111,,
171276,171276,171276,"Av Aviação Portuguesa 16",,,38.848293,-9.329116,,,0,,0,0,0,0,0,0,0,0,0,0,0,0,0,0,PT170,1111,,
171277,171277,171277,"Av Aviação Portuguesa 38",,,38.847143,-9.332104,,,0,,0,0,0,0,0,0,0,0,0,0,0,0,0,0,PT170,1111,,
171278,171278,171278,"Av Aviação Portuguesa 38",,,38.847052,-9.332058,,,0,,0,0,0,0,0,0,0,0,0,0,0,0,0,0,PT170,1111,,
171279,171279,171279,"Av Aviação Portuguesa 51",,,38.845039,-9.336184,,,0,,0,0,0,0,0,0,0,0,0,0,0,0,0,0,PT170,1111,,
171280,171280,171280,"Av Aviação Portuguesa 51",,,38.8449725322425,-9.33611797168851,,,0,,0,0,0,0,0,0,0,0,0,0,0,0,0,0,PT170,1111,,
171281,171281,171281,"EN 9 (Cruz Museu do Ar)",,,38.8418829627335,-9.34139722958207,,,0,,0,0,0,0,0,0,0,0,0,0,0,0,0,0,PT170,1111,,
171282,171282,171282,"EN 9 (Cruz Museu do Ar)",,,38.841984,-9.341008,,,0,,0,0,0,0,0,0,0,0,0,0,0,0,0,0,PT170,1111,,
171283,171283,171283,"EN 9 123",,,38.8390974886715,-9.3541865888983,,,0,,0,0,0,0,0,0,0,0,0,0,0,0,0,0,PT170,1111,,
171284,171284,171284,"EN 9 123",,,38.83911060635,-9.35406044125557,,,0,,0,0,0,0,0,0,0,0,0,0,0,0,0,0,PT170,1111,,
171286,171286,171286,"R Cruz das Moças 11",,,38.8346,-9.35615,,,0,,0,0,0,0,0,0,0,0,0,0,0,0,0,0,PT170,1111,,
171287,171287,171287,"En 9 Km 176",,,38.8325361767784,-9.35671800747514,,,0,,0,0,0,0,0,0,0,0,0,0,0,0,0,0,PT170,1111,,
171288,171288,171288,"En 9 Km 176",,,38.8325880188495,-9.35652614571154,,,0,,0,0,0,0,0,0,0,0,0,0,0,0,0,0,PT170,1111,,
171289,171289,171289,"N9 (X) Av António Correia de Sá",,,38.82748545999946,-9.357734645980033,,,0,,0,0,0,0,0,0,0,0,0,0,0,0,0,0,PT170,1111,,
171290,171290,171290,"Av Dom António Correia de Sá 4",,,38.82749457127792,-9.357601597132229,,,0,,0,0,0,0,0,0,0,0,0,0,0,0,0,0,PT170,1111,,
171291,171291,171291,"Estr Principal 1",,,38.822825,-9.351593,,,0,,0,0,0,0,0,0,0,0,0,0,0,0,0,0,PT170,1111,,
171292,171292,171292,"Estr Principal 1",,,38.82281,-9.351432,,,0,,0,0,0,0,0,0,0,0,0,0,0,0,0,0,PT170,1111,,
171293,171293,171293,"Estr Principal 8",,,38.8202777691185,-9.35367663390934,,,0,,0,0,0,0,0,0,0,0,0,0,0,0,0,0,PT170,1111,,
171294,171294,171294,"Estr Principal 8",,,38.8202153658494,-9.35363640077412,,,0,,0,0,0,0,0,0,0,0,0,0,0,0,0,0,PT170,1111,,
171295,171295,171295,"Estr Principal 16",,,38.8191403867677,-9.35595693066716,,,0,,0,0,0,0,0,0,0,0,0,0,0,0,0,0,PT170,1111,,
171296,171296,171296,"Estr Principal 16",,,38.8190745050088,-9.35595894232392,,,0,,0,0,0,0,0,0,0,0,0,0,0,0,0,0,PT170,1111,,
171297,171297,171297,"Estr Principal 99",,,38.816637173295,-9.36139821074903,,,0,,0,0,0,0,0,0,0,0,0,0,0,0,0,0,PT170,1111,,
171298,171298,171298,"Estr Principal 99",,,38.8157719513401,-9.36186986044049,,,0,,0,0,0,0,0,0,0,0,0,0,0,0,0,0,PT170,1111,,
171300,171300,171300,"Estr de Mafra (Supermercado)",,,38.8137307064608,-9.36387162655592,,,0,,0,0,0,0,0,0,0,0,0,0,0,0,0,0,PT170,1111,,
171303,171303,171303,"Estr Mafra 3",,,38.8113008765504,-9.36911920085549,,,0,,0,0,0,0,0,0,0,0,0,0,0,0,0,0,PT170,1111,,
171304,171304,171304,"Estr Mafra 3",,,38.8111779559404,-9.36924769543111,,,0,,0,0,0,0,0,0,0,0,0,0,0,0,0,0,PT170,1111,,
171305,171305,171305,"Av Aviação Portuguesa (Escola)",,,38.8115423172712,-9.37107444740832,,,0,,0,0,0,0,0,0,0,0,0,0,0,0,0,0,PT170,1111,,
171309,171309,171309,"Av Aviação Portuguesa (Bombeiros)",,,38.8078980753198,-9.37797350808978,,,0,,0,0,0,0,0,0,0,0,0,0,0,0,0,0,PT170,1111,,
171310,171310,171310,"Av Aviação Portuguesa (Bombeiros)",,,38.807873558253,-9.37783093191683,,,0,,0,0,0,0,0,0,0,0,0,0,0,0,0,0,PT170,1111,,
171311,171311,171311,"Av Aviação Portuguesa 3",,,38.805339038372,-9.38031465746462,,,0,,0,0,0,0,0,0,0,0,0,0,0,0,0,0,PT170,1111,,
171314,171314,171314,"Av Desidério Cambournac 15",,,38.802442545486365,-9.38050266355276,,,0,,0,0,0,0,0,0,0,0,0,0,0,0,0,0,PT170,1111,,
171315,171315,171315,"Av Aviação Portuguesa 21",,,38.8063988042995,-9.37938904389739,,,0,,0,0,0,0,0,0,0,0,0,0,0,0,0,0,PT170,1111,,
171316,171316,171316,"Av Aviação Portuguesa Frente 33",,,38.8064406299964,-9.37944687902927,,,0,,0,0,0,0,0,0,0,0,0,0,0,0,0,0,PT170,1111,,
171317,171317,171317,"Av Aviação Portuguesa 82",,,38.8111391896382,-9.37148591503501,,,0,,0,0,0,0,0,0,0,0,0,0,0,0,0,0,PT170,1111,,
171319,171319,171319,"Av Liberdade 22",,,38.8547250861302,-9.32630737312138,,,0,,0,0,0,0,0,0,0,0,0,0,0,0,0,0,PT170,1111,,
171321,171321,171321,"R Maestro Álvaro Sousa 19",,,38.8641443755478,-9.3300103303045,,,0,,0,0,0,0,0,0,0,0,0,0,0,0,0,0,PT170,1111,,
171323,171323,171323,"Av da Liberdade 169",,,38.8645641412586,-9.32745301164687,,,0,,0,0,0,0,0,0,0,0,0,0,0,0,0,0,PT170,1111,,
171325,171325,171325,"Av de Roma 35",,,38.87130516238901,-9.299737997353075,,,0,,0,0,0,0,0,0,0,0,0,0,0,0,0,0,PT170,1111,,
171329,171329,171329,"Av Dr Brandão Vasconcelos 135",,,38.793933656998,-9.46548342704773,,,0,,0,0,0,0,0,0,0,0,0,0,0,0,0,0,PT170,1111,,
171331,171331,171331,"Av Dr Brandão Vasconcelos (Lgo)",,,38.7961697811261,-9.47022305801511,,,0,,0,0,0,0,0,0,0,0,0,0,0,0,0,0,PT170,1111,,
171333,171333,171333,"Av Dr Brandão Vasconcelos (Toca Júlio)",,,38.7990376912057,-9.46612958796322,,,0,,0,0,0,0,0,0,0,0,0,0,0,0,0,0,PT170,1111,,
171335,171335,171335,"Almoçageme (Mercado)",,,38.79828408823517,-9.46570144034922,,,0,,0,0,0,0,0,0,0,0,0,0,0,0,0,0,PT170,1111,,
171337,171337,171337,"Av Dr Brandão Vasc 232 (C Pisões)",,,38.7982436735183,-9.46292937733233,,,0,,0,0,0,0,0,0,0,0,0,0,0,0,0,0,PT170,1111,,
171338,171338,171338,"Av Dr Brandão Vasc 232 (C Pisões)",,,38.7983424,-9.4629658,,,0,,0,0,0,0,0,0,0,0,0,0,0,0,0,0,PT170,1111,,
171339,171339,171339,"Av Dr Brandão Vasconcelos (X) Sarrazola",,,38.8025102298707,-9.45647799409926,,,0,,0,0,0,0,0,0,0,0,0,0,0,0,0,0,PT170,1111,,
171340,171340,171340,"Av Dr Brandão Vasconcelos (X) Sarrazola",,,38.8026352,-9.4564519,,,0,,0,0,0,0,0,0,0,0,0,0,0,0,0,0,PT170,1111,,
171341,171341,171341,"Av Dr Brandão Vasconcelos",,,38.8032918423414,-9.45104786194861,,,0,,0,0,0,0,0,0,0,0,0,0,0,0,0,0,PT170,1111,,
171342,171342,171342,"Av Dr Brandão Vasconcelos",,,38.803399,-9.450966,,,0,,0,0,0,0,0,0,0,0,0,0,0,0,0,0,PT170,1111,,
171343,171343,171343,"Av Dr Brandão Vasconcelos (X) R 1 Maio",,,38.802762,-9.448816,,,0,,0,0,0,0,0,0,0,0,0,0,0,0,0,0,PT170,1111,,
171344,171344,171344,"Av Bombeiros Voluntários 63 (Largo)",,,38.802764,-9.448633,,,0,,0,0,0,0,0,0,0,0,0,0,0,0,0,0,PT170,1111,,
171345,171345,171345,"Av Bombeiros Voluntários 40",,,38.8011864339933,-9.44775578565896,,,0,,0,0,0,0,0,0,0,0,0,0,0,0,0,0,PT170,1111,,
171346,171346,171346,"Av Bombeiros Voluntários 42",,,38.8011918,-9.4476628,,,0,,0,0,0,0,0,0,0,0,0,0,0,0,0,0,PT170,1111,,
171347,171347,171347,"Av Bombeiros Voluntários (Correios)",,,38.799841934815,-9.44549518637359,,,0,,0,0,0,0,0,0,0,0,0,0,0,0,0,0,PT170,1111,,
171348,171348,171348,"Av Bombeiros Voluntários (Correios)",,,38.799857724658594,-9.445326458662748,,,0,,0,0,0,0,0,0,0,0,0,0,0,0,0,0,PT170,1111,,
171349,171349,171349,"N247 129",,,38.8006465975195,-9.44315588101745,,,0,,0,0,0,0,0,0,0,0,0,0,0,0,0,0,PT170,1111,,
171350,171350,171350,"Av Amílcar Augusto Gil (X) Av 25 Abril",,,38.800742,-9.4431812,,,0,,0,0,0,0,0,0,0,0,0,0,0,0,0,0,PT170,1111,,
171351,171351,171351,"Av Amílcar Augusto Gil 82A",,,38.7999815354124,-9.43757889792323,,,0,,0,0,0,0,0,0,0,0,0,0,0,0,0,0,PT170,1111,,
171352,171352,171352,"Av Amílcar Augusto Gil 78",,,38.8002471579239,-9.43749633617699,,,0,,0,0,0,0,0,0,0,0,0,0,0,0,0,0,PT170,1111,,
171353,171353,171353,"Av Amílcar Augusto Gil (X) R da Nora",,,38.802873,-9.433632,,,0,,0,0,0,0,0,0,0,0,0,0,0,0,0,0,PT170,1111,,
171354,171354,171354,"Av Amílcar Augusto Gil (X) R Nora",,,38.802859,-9.433823,,,0,,0,0,0,0,0,0,0,0,0,0,0,0,0,0,PT170,1111,,
171355,171355,171355,"Av Amílcar Augusto Gil (256)",,,38.803874,-9.431701,,,0,,0,0,0,0,0,0,0,0,0,0,0,0,0,0,PT170,1111,,
171356,171356,171356,"Av Amílcar a Gil 309 (C São João)",,,38.803793,-9.432081,,,0,,0,0,0,0,0,0,0,0,0,0,0,0,0,0,PT170,1111,,
171357,171357,171357,"Av Amílcar Augusto Gil 220",,,38.803618,-9.427243,,,0,,0,0,0,0,0,0,0,0,0,0,0,0,0,0,PT170,1111,,
171358,171358,171358,"Av Amílcar a Gil 220 (Qta Cosme)",,,38.803645,-9.427136,,,0,,0,0,0,0,0,0,0,0,0,0,0,0,0,0,PT170,1111,,
171359,171359,171359,"Av Amílcar Augusto Gil (X) R Acácias",,,38.802195,-9.425263,,,0,,0,0,0,0,0,0,0,0,0,0,0,0,0,0,PT170,1111,,
171360,171360,171360,"Av Amílcar Augusto Gil (X) R Acácias",,,38.802297,-9.425271,,,0,,0,0,0,0,0,0,0,0,0,0,0,0,0,0,PT170,1111,,
171361,171361,171361,"Av Amílcar Aug Gil Casa da Rampa",,,38.800440444611,-9.42253463901579,,,0,,0,0,0,0,0,0,0,0,0,0,0,0,0,0,PT170,1111,,
171362,171362,171362,"Av Amílcar Aug Gil (Casa da Rampa)",,,38.8004237227142,-9.42241217941046,,,0,,0,0,0,0,0,0,0,0,0,0,0,0,0,0,PT170,1111,,
171363,171363,171363,"Av Amílcar Augusto Gil 119",,,38.7995727919042,-9.41724699921906,,,0,,0,0,0,0,0,0,0,0,0,0,0,0,0,0,PT170,1111,,
171364,171364,171364,"Av Amílcar Augusto Gil 121",,,38.7995720375329,-9.41736032254994,,,0,,0,0,0,0,0,0,0,0,0,0,0,0,0,0,PT170,1111,,
171365,171365,171365,"Av Amílcar Augusto Gil 81",,,38.7996783200651,-9.4148944504559,,,0,,0,0,0,0,0,0,0,0,0,0,0,0,0,0,PT170,1111,,
171366,171366,171366,"Av Amílcar Aug Gil 81- Casa das Nozes",,,38.7997931,-9.4148082,,,0,,0,0,0,0,0,0,0,0,0,0,0,0,0,0,PT170,1111,,
171367,171367,171367,"Av Amílcar Augusto Gil 60",,,38.8000868959352,-9.41154839470983,,,0,,0,0,0,0,0,0,0,0,0,0,0,0,0,0,PT170,1111,,
171368,171368,171368,"Av Amílcar Augusto Gil (VV Mira Sol)",,,38.8001424,-9.4116965,,,0,,0,0,0,0,0,0,0,0,0,0,0,0,0,0,PT170,1111,,
171369,171369,171369,"EN 247 (X) R Carlos Mazetti",,,38.801722,-9.406873,,,0,,0,0,0,0,0,0,0,0,0,0,0,0,0,0,PT170,1111,,
171370,171370,171370,"Ponte Redonda",,,38.80179721596835,-9.406889313831924,,,0,,0,0,0,0,0,0,0,0,0,0,0,0,0,0,PT170,1111,,
171371,171371,171371,"Av Nunes de Carvalho (Ciência Viva)",,,38.8023152668029,-9.39521910622716,,,0,,0,0,0,0,0,0,0,0,0,0,0,0,0,0,PT170,1111,,
171372,171372,171372,"Av Nunes de Carvalho (Ciência Viva)",,,38.802314302884,-9.39538230188191,,,0,,0,0,0,0,0,0,0,0,0,0,0,0,0,0,PT170,1111,,
171373,171373,171373,"Av Nunes de Carvalho Km73 9",,,38.804078,-9.394602,,,0,,0,0,0,0,0,0,0,0,0,0,0,0,0,0,PT170,1111,,
171374,171374,171374,"Av Nunes de Carvalho Km73 9",,,38.8041922,-9.394767,,,0,,0,0,0,0,0,0,0,0,0,0,0,0,0,0,PT170,1111,,
171375,171375,171375,"Av Nunes de Carvalho (Qta do Poço)",,,38.805752559565,-9.39251929521561,,,0,,0,0,0,0,0,0,0,0,0,0,0,0,0,0,PT170,1111,,
171376,171376,171376,"Av Nunes de Carvalho (Qta do Poço)",,,38.8057746458799,-9.39262046478689,,,0,,0,0,0,0,0,0,0,0,0,0,0,0,0,0,PT170,1111,,
171377,171377,171377,"Av N Carval 92 (Monte Santos)",,,38.805224,-9.388775,,,0,,0,0,0,0,0,0,0,0,0,0,0,0,0,0,PT170,1111,,
171378,171378,171378,"Av N Carvalho 98 (Monte Santos)",,,38.80542,-9.38878,,,0,,0,0,0,0,0,0,0,0,0,0,0,0,0,0,PT170,1111,,
171379,171379,171379,"Av Nunes de Carvalho 60",,,38.805557,-9.387167,,,0,,0,0,0,0,0,0,0,0,0,0,0,0,0,0,PT170,1111,,
171380,171380,171380,"Av Nunes de Carvalho 60",,,38.805801,-9.386461,,,0,,0,0,0,0,0,0,0,0,0,0,0,0,0,0,PT170,1111,,
171381,171381,171381,"Av Nunes de Carvalho -term Electrico",,,38.803988,-9.381861,,,0,,0,0,0,0,0,0,0,0,0,0,0,0,0,0,PT170,1111,,
171382,171382,171382,"Av Nunes de Carvalho 5",,,38.804079,-9.38179,,,0,,0,0,0,0,0,0,0,0,0,0,0,0,0,0,PT170,1111,,
171383,171383,171383,"Av Desidério Cambournac (J Freguesia)",,,38.80235692389364,-9.380951933562756,,,0,,0,0,0,0,0,0,0,0,0,0,0,0,0,0,PT170,1111,,
171384,171384,171384,"Av Desidério Cambournac 1",,,38.802524,-9.381061,,,0,,0,0,0,0,0,0,0,0,0,0,0,0,0,0,PT170,1111,,
171387,171387,171387,"Av Amílcar Augusto Gil 151",,,38.7993163056672,-9.41959979943931,,,0,,0,0,0,0,0,0,0,0,0,0,0,0,0,0,PT170,1111,,
171388,171388,171388,"Av Amílcar Augusto Gil 149",,,38.7992771202698,-9.41957172006369,,,0,,0,0,0,0,0,0,0,0,0,0,0,0,0,0,PT170,1111,,
171390,171390,171390,"Av 19 Maio (X) R Marquês Pombal",,,38.868935,-9.354713,,,0,,0,0,0,0,0,0,0,0,0,0,0,0,0,0,PT170,1111,,
171391,171391,171391,"Av 19 Maio (X) R 1º Maio",,,38.869838679862994,-9.354220954701304,,,0,,0,0,0,0,0,0,0,0,0,0,0,0,0,0,PT170,1111,,
171392,171392,171392,"Av 19 Maio 37A",,,38.87001986815497,-9.354436621069908,,,0,,0,0,0,0,0,0,0,0,0,0,0,0,0,0,PT170,1111,,
171393,171393,171393,"Estr 19 de Maio 22",,,38.8725841557607,-9.35825332067907,,,0,,0,0,0,0,0,0,0,0,0,0,0,0,0,0,PT170,1111,,
171394,171394,171394,"Estr 19 de Maio 22",,,38.8725098920986,-9.35817964375019,,,0,,0,0,0,0,0,0,0,0,0,0,0,0,0,0,PT170,1111,,
171395,171395,171395,"Estr 19 de Maio 56",,,38.8744177808985,-9.36028014868498,,,0,,0,0,0,0,0,0,0,0,0,0,0,0,0,0,PT170,1111,,
171396,171396,171396,"Estr 19 de Maio (Qta Bela Vista)",,,38.874378,-9.360363,,,0,,0,0,0,0,0,0,0,0,0,0,0,0,0,0,PT170,1111,,
171397,171397,171397,"Estr 19 de Maio 78 (X)",,,38.8766306452453,-9.36353970319033,,,0,,0,0,0,0,0,0,0,0,0,0,0,0,0,0,PT170,1111,,
171398,171398,171398,"Estr 19 de Maio 78",,,38.8765709660947,-9.36360122635961,,,0,,0,0,0,0,0,0,0,0,0,0,0,0,0,0,PT170,1111,,
171399,171399,171399,"Estr do Barro Velho 15",,,38.8759639905766,-9.36549444682896,,,0,,0,0,0,0,0,0,0,0,0,0,0,0,0,0,PT170,1111,,
171400,171400,171400,"Estr do Barro Velho 15",,,38.8759118132293,-9.36543493531644,,,0,,0,0,0,0,0,0,0,0,0,0,0,0,0,0,PT170,1111,,
171401,171401,171401,"EN 247 17",,,38.8727367483079,-9.37060573138297,,,0,,0,0,0,0,0,0,0,0,0,0,0,0,0,0,PT170,1111,,
171402,171402,171402,"EN 247 17",,,38.8726813858375,-9.3704779073596,,,0,,0,0,0,0,0,0,0,0,0,0,0,0,0,0,PT170,1111,,
171403,171403,171403,"EN 247 (X) Estr. Carne Assada",,,38.8668070547283,-9.37425554729998,,,0,,0,0,0,0,0,0,0,0,0,0,0,0,0,0,PT170,1111,,
171404,171404,171404,"EN 247 (X) Estr. Carne Assada",,,38.8668054621667,-9.3741094507277,,,0,,0,0,0,0,0,0,0,0,0,0,0,0,0,0,PT170,1111,,
171405,171405,171405,"EN 247 (Condomínio Casa Encarnada)",,,38.86145307280373,-9.37728057615459,,,0,,0,0,0,0,0,0,0,0,0,0,0,0,0,0,PT170,1111,,
171406,171406,171406,"En 247 (Condomínio Casa Encarnada)",,,38.8613412156701,-9.37728116288781,,,0,,0,0,0,0,0,0,0,0,0,0,0,0,0,0,PT170,1111,,
171407,171407,171407,"EN 247 339",,,38.8559002708644,-9.3800690677017,,,0,,0,0,0,0,0,0,0,0,0,0,0,0,0,0,PT170,1111,,
171408,171408,171408,"EN 247 339",,,38.8562769955024,-9.37993646599352,,,0,,0,0,0,0,0,0,0,0,0,0,0,0,0,0,PT170,1111,,
171409,171409,171409,"Estr da Aldeia 66",,,38.8436565315351,-9.40481755882502,,,0,,0,0,0,0,0,0,0,0,0,0,0,0,0,0,PT170,1111,,
171410,171410,171410,"Estr da Aldeia 57A",,,38.8436321401969,-9.4047112762928,,,0,,0,0,0,0,0,0,0,0,0,0,0,0,0,0,PT170,1111,,
171411,171411,171411,"Estr Aldeia (X) R do Barro - Chafariz",,,38.84203696748016,-9.4066955242306,,,0,,0,0,0,0,0,0,0,0,0,0,0,0,0,0,PT170,1111,,
171412,171412,171412,"Estr Aldeia (X) R do Chafariz - Chaf",,,38.8419377384707,-9.40663861110806,,,0,,0,0,0,0,0,0,0,0,0,0,0,0,0,0,PT170,1111,,
171413,171413,171413,"Av N Sr da Esperança (X) R Alto Moita",,,38.8352337665856,-9.41992820240557,,,0,,0,0,0,0,0,0,0,0,0,0,0,0,0,0,PT170,1111,,
171414,171414,171414,"Av Nª Srª Esperança (Casa Condado)",,,38.8352302461863,-9.42013666033745,,,0,,0,0,0,0,0,0,0,0,0,0,0,0,0,0,PT170,1111,,
171415,171415,171415,"Av Nª Srª da Esperança 5",,,38.8389750709757,-9.4250313565135,,,0,,0,0,0,0,0,0,0,0,0,0,0,0,0,0,PT170,1111,,
171416,171416,171416,"Av Nª Srª da Esperança 5",,,38.8389343768358,-9.42521525546908,,,0,,0,0,0,0,0,0,0,0,0,0,0,0,0,0,PT170,1111,,
171417,171417,171417,"Av Nª Srª da Esperança 7 (Capela)",,,38.841777225025,-9.4278563093394,,,0,,0,0,0,0,0,0,0,0,0,0,0,0,0,0,PT170,1111,,
171418,171418,171418,"Largo Pedro Manuel Lourenço 29",,,38.8412726344541,-9.42802134901285,,,0,,0,0,0,0,0,0,0,0,0,0,0,0,0,0,PT170,1111,,
171419,171419,171419,"Av Nª Srª da Esperança 48",,,38.8428615918383,-9.42869424819946,,,0,,0,0,0,0,0,0,0,0,0,0,0,0,0,0,PT170,1111,,
171420,171420,171420,"Av Nª Srª da Esperança 43",,,38.84281209710908,-9.428811175748706,,,0,,0,0,0,0,0,0,0,0,0,0,0,0,0,0,PT170,1111,,
171421,171421,171421,"Av Nª Srª da Esperança (X) Out Vista",,,38.8443438895047,-9.43130915053189,,,0,,0,0,0,0,0,0,0,0,0,0,0,0,0,0,PT170,1111,,
171422,171422,171422,"Av N Srª da Esperança (X) R Out Vista",,,38.8442987948656,-9.43147192709148,,,0,,0,0,0,0,0,0,0,0,0,0,0,0,0,0,PT170,1111,,
171423,171423,171423,"Av Nª Srª da Esperança 126",,,38.84601762377298,-9.435454923659565,,,0,,0,0,0,0,0,0,0,0,0,0,0,0,0,0,PT170,1111,,
171424,171424,171424,"Av Nª Srª da Esperança 103",,,38.8458907278255,-9.43539750762284,,,0,,0,0,0,0,0,0,0,0,0,0,0,0,0,0,PT170,1111,,
171425,171425,171425,"Av N Srª Esperança 182 B (Farmácia)",,,38.848022,-9.437651,,,0,,0,0,0,0,0,0,0,0,0,0,0,0,0,0,PT170,1111,,
171427,171427,171427,"Av Nª Srª da Esperança 204",,,38.8492045970634,-9.43840225227177,,,0,,0,0,0,0,0,0,0,0,0,0,0,0,0,0,PT170,1111,,
171428,171428,171428,"Av Nª Srª da Esperança 204",,,38.8491789484397,-9.4385786075145,,,0,,0,0,0,0,0,0,0,0,0,0,0,0,0,0,PT170,1111,,
171429,171429,171429,"Av Nª Srª da Esperança 216",,,38.84953,-9.439666,,,0,,0,0,0,0,0,0,0,0,0,0,0,0,0,0,PT170,1111,,
171430,171430,171430,"Av Nª Srª da Esperança 216",,,38.849474,-9.439219,,,0,,0,0,0,0,0,0,0,0,0,0,0,0,0,0,PT170,1111,,
171431,171431,171431,"Av Nª Srª Esperança 203 (X) Estr Aguda",,,38.8486826978624,-9.44532059133053,,,0,,0,0,0,0,0,0,0,0,0,0,0,0,0,0,PT170,1111,,
171432,171432,171432,"Av Nª Srª Esperança 203 (X) Estr Aguda",,,38.8486637966707,-9.44519720971584,,,0,,0,0,0,0,0,0,0,0,0,0,0,0,0,0,PT170,1111,,
171433,171433,171433,"Av N Srª Esperança 288 (Regueira Cepos)",,,38.8468124018982,-9.44951875135303,,,0,,0,0,0,0,0,0,0,0,0,0,0,0,0,0,PT170,1111,,
171434,171434,171434,"Av Nª Srª da Esperança 286",,,38.8467975659296,-9.44939570501447,,,0,,0,0,0,0,0,0,0,0,0,0,0,0,0,0,PT170,1111,,
171435,171435,171435,"Av Nª Srª Esperança Cs Muro Pedra",,,38.8454583054408,-9.45402000099421,,,0,,0,0,0,0,0,0,0,0,0,0,0,0,0,0,PT170,1111,,
171436,171436,171436,"Av Nª Srª Esperança (Cs Muro Pedra)",,,38.84534020751005,-9.45418395102024,,,0,,0,0,0,0,0,0,0,0,0,0,0,0,0,0,PT170,1111,,
171437,171437,171437,"Av N Srª da Esperança (Jardim)",,,38.845068,-9.45582,,,0,,0,0,0,0,0,0,0,0,0,0,0,0,0,0,PT170,1111,,
171438,171438,171438,"Av N Srª da Esperança (Jardim)",,,38.8449646532536,-9.45584591478109,,,0,,0,0,0,0,0,0,0,0,0,0,0,0,0,0,PT170,1111,,
171439,171439,171439,"R Dr Ant Brandão Vasconcelos Km 236",,,38.8438131893054,-9.45916841737926,,,0,,0,0,0,0,0,0,0,0,0,0,0,0,0,0,PT170,1111,,
171440,171440,171440,"R Dr Ant Brandão Vasconcelos Km 236",,,38.8438184699044,-9.45895493030548,,,0,,0,0,0,0,0,0,0,0,0,0,0,0,0,0,PT170,1111,,
171441,171441,171441,"Parque de Campismo (Azenhas do Mar)",,,38.8412184461812,-9.45779077124291,,,0,,0,0,0,0,0,0,0,0,0,0,0,0,0,0,PT170,1111,,
171443,171443,171443,"R Dr Ant Brandão Vasconcelois 31",,,38.84201536688635,-9.46093422936337,,,0,,0,0,0,0,0,0,0,0,0,0,0,0,0,0,PT170,1111,,
171445,171445,171445,"R Dr Ant Brandão Vasc (Lgo P António)",,,38.8402224238962,-9.46040759794414,,,0,,0,0,0,0,0,0,0,0,0,0,0,0,0,0,PT170,1111,,
171446,171446,171446,"R Dr Ant Brandão Vasc (Lgo P António)",,,38.8400423806161,-9.46033299900591,,,0,,0,0,0,0,0,0,0,0,0,0,0,0,0,0,PT170,1111,,
171447,171447,171447,"Av Luís Aug Colares 108 (Lg Marcelino)",,,38.83855425196128,-9.46199177764356,,,0,,0,0,0,0,0,0,0,0,0,0,0,0,0,0,PT170,1111,,
171448,171448,171448,"Av Luís Aug Colares 9 (Lg Marcelino)",,,38.838389,-9.461752,,,0,,0,0,0,0,0,0,0,0,0,0,0,0,0,0,PT170,1111,,
171449,171449,171449,"Av Luís Augusto de Colares 74",,,38.8362411037087,-9.46531285531819,,,0,,0,0,0,0,0,0,0,0,0,0,0,0,0,0,PT170,1111,,
171450,171450,171450,"Av Luís Augusto de Colares 74",,,38.8362375833094,-9.46524714119732,,,0,,0,0,0,0,0,0,0,0,0,0,0,0,0,0,PT170,1111,,
171451,171451,171451,"Av Luís Aug Colares (Csl Três Marias)",,,38.8351861154661,-9.46604006923735,,,0,,0,0,0,0,0,0,0,0,0,0,0,0,0,0,PT170,1111,,
171452,171452,171452,"Av Luís Aug Colares (Csl Três Marias)",,,38.8350375462323,-9.4660446792841,,,0,,0,0,0,0,0,0,0,0,0,0,0,0,0,0,PT170,1111,,
171453,171453,171453,"Av Luís Aug Colares (X) R Alberto Tota",,,38.8333417195827,-9.46683584712446,,,0,,0,0,0,0,0,0,0,0,0,0,0,0,0,0,PT170,1111,,
171454,171454,171454,"Av Luís Aug Colares (X) R Alberto Tota",,,38.8329804176465,-9.4669408723712,,,0,,0,0,0,0,0,0,0,0,0,0,0,0,0,0,PT170,1111,,
171455,171455,171455,"Av Luís Augusto de Colares 16",,,38.8315169373527,-9.46761092171073,,,0,,0,0,0,0,0,0,0,0,0,0,0,0,0,0,PT170,1111,,
171456,171456,171456,"Av Luís Augusto de Colares 16",,,38.8315123692155,-9.46754654869437,,,0,,0,0,0,0,0,0,0,0,0,0,0,0,0,0,PT170,1111,,
171457,171457,171457,"Av Eugene Levy 142",,,38.8294255686924,-9.46864742785692,,,0,,0,0,0,0,0,0,0,0,0,0,0,0,0,0,PT170,1111,,
171458,171458,171458,"Av Eugene Levy 142",,,38.8292199186981,-9.46867894381285,,,0,,0,0,0,0,0,0,0,0,0,0,0,0,0,0,PT170,1111,,
171459,171459,171459,"Av Eugene Levy (Praia)",,,38.8257045904174,-9.46865178644657,,,0,,0,0,0,0,0,0,0,0,0,0,0,0,0,0,PT170,1111,,
171460,171460,171460,"Av Eugene Levy 50",,,38.8258625054732,-9.46865237317979,,,0,,0,0,0,0,0,0,0,0,0,0,0,0,0,0,PT170,1111,,
171461,171461,171461,"Praia Maçãs (Mercado)",,,38.8241512980312,-9.46703902445734,,,0,,0,0,0,0,0,0,0,0,0,0,0,0,0,0,PT170,1111,,
171462,171462,171462,"Praia Maçãs (Mercado)",,,38.82411498851012,-9.46683350019157,,,0,,0,0,0,0,0,0,0,0,0,0,0,0,0,0,PT170,1111,,
171463,171463,171463,"Av Eugene Levy 1 (VV Mira Mar)",,,38.82202238336636,-9.464998785406353,,,0,,0,0,0,0,0,0,0,0,0,0,0,0,0,0,PT170,1111,,
171464,171464,171464,"Av Eugene Levy (VV Mira Mar)",,,38.82208329263021,-9.464905327185988,,,0,,0,0,0,0,0,0,0,0,0,0,0,0,0,0,PT170,1111,,
171465,171465,171465,"Av Atlântico Frente 189",,,38.8182558026165,-9.46586103178561,,,0,,0,0,0,0,0,0,0,0,0,0,0,0,0,0,PT170,1111,,
171466,171466,171466,"Av Atlantico (X) R Frederico Freitas",,,38.8182857679203,-9.46578668430448,,,0,,0,0,0,0,0,0,0,0,0,0,0,0,0,0,PT170,1111,,
171467,171467,171467,"Av Atlântico 173",,,38.8166562421247,-9.46526700630784,,,0,,0,0,0,0,0,0,0,0,0,0,0,0,0,0,PT170,1111,,
171468,171468,171468,"Av Atlântico 186",,,38.8165867142379,-9.46506843902171,,,0,,0,0,0,0,0,0,0,0,0,0,0,0,0,0,PT170,1111,,
171469,171469,171469,"Av Atlântico 157 (Casal Alegria)",,,38.8158263918012,-9.46409312076867,,,0,,0,0,0,0,0,0,0,0,0,0,0,0,0,0,PT170,1111,,
171470,171470,171470,"Av Atlântico 166 (Hot Miramonte)",,,38.8154474459589,-9.46354871615767,,,0,,0,0,0,0,0,0,0,0,0,0,0,0,0,0,PT170,1111,,
171471,171471,171471,"Av Atlântico 133",,,38.8141688,-9.4619705,,,0,,0,0,0,0,0,0,0,0,0,0,0,0,0,0,PT170,1111,,
171472,171472,171472,"Av Atlântico 156",,,38.8141834968701,-9.46182958781719,,,0,,0,0,0,0,0,0,0,0,0,0,0,0,0,0,PT170,1111,,
171473,171473,171473,"Av Atlântico 133",,,38.8133518863469,-9.45989169180393,,,0,,0,0,0,0,0,0,0,0,0,0,0,0,0,0,PT170,1111,,
171474,171474,171474,"Av Atlântico 126",,,38.8133535627276,-9.45989135652781,,,0,,0,0,0,0,0,0,0,0,0,0,0,0,0,0,PT170,1111,,
171475,171475,171475,"Av Atlântico 89",,,38.8120357599109,-9.45724988356233,,,0,,0,0,0,0,0,0,0,0,0,0,0,0,0,0,PT170,1111,,
171476,171476,171476,"Av Atlântico 94",,,38.8120187446475,-9.45713371038437,,,0,,0,0,0,0,0,0,0,0,0,0,0,0,0,0,PT170,1111,,
171477,171477,171477,"Av Atlântico 70",,,38.8106438191608,-9.45539010688663,,,0,,0,0,0,0,0,0,0,0,0,0,0,0,0,0,PT170,1111,,
171478,171478,171478,"Av Atlântico 70",,,38.8105944078416,-9.4552653003484,,,0,,0,0,0,0,0,0,0,0,0,0,0,0,0,0,PT170,1111,,
171479,171479,171479,"Av Atlântico 55",,,38.8094436563551,-9.45400726050138,,,0,,0,0,0,0,0,0,0,0,0,0,0,0,0,0,PT170,1111,,
171480,171480,171480,"Av Atlântico 50 (Vila Fresca)",,,38.8093730807304,-9.45390273816884,,,0,,0,0,0,0,0,0,0,0,0,0,0,0,0,0,PT170,1111,,
171481,171481,171481,"Av Atlântico 33 (X) R Torre de Leão",,,38.8074966659769,-9.45185353048146,,,0,,0,0,0,0,0,0,0,0,0,0,0,0,0,0,PT170,1111,,
171482,171482,171482,"Av Atlântico 32",,,38.8074801955372,-9.45175018161535,,,0,,0,0,0,0,0,0,0,0,0,0,0,0,0,0,PT170,1111,,
171483,171483,171483,"Av Cel Linhares Lima 1 (Adega Colares)",,,38.8060700241476,-9.45026591420174,,,0,,0,0,0,0,0,0,0,0,0,0,0,0,0,0,PT170,1111,,
171485,171485,171485,"Av Cel Linhares Lima (Adega Colares)",,,38.80451949336916,-9.449555701669608,,,0,,0,0,0,0,0,0,0,0,0,0,0,0,0,0,PT170,1111,,
171486,171486,171486,"Av Cel Linhares Lima 3 (Adega Colares)",,,38.8046172307804,-9.44952763617039,,,0,,0,0,0,0,0,0,0,0,0,0,0,0,0,0,PT170,1111,,
171489,171489,171489,"Av Atlântico 10",,,38.80644368446204,-9.450549809262156,,,0,,0,0,0,0,0,0,0,0,0,0,0,0,0,0,PT170,1111,,
171491,171491,171491,"R Dr Ant Brandão de Vasc Ft N º 31",,,38.84212003529292,-9.460739304157109,,,0,,0,0,0,0,0,0,0,0,0,0,0,0,0,0,PT170,1111,,
171493,171493,171493,"Av Nª Srª da Esperança 174",,,38.8474262924865,-9.43718084134161,,,0,,0,0,0,0,0,0,0,0,0,0,0,0,0,0,PT170,1111,,
171496,171496,171496,"Casais Cabrela (Largo)",,,38.859861,-9.355354,,,0,,0,0,0,0,0,0,0,0,0,0,0,0,0,0,PT170,1111,,
171497,171497,171497,"R dos Casais 227",,,38.8622984653361,-9.35611796120756,,,0,,0,0,0,0,0,0,0,0,0,0,0,0,0,0,PT170,1111,,
171498,171498,171498,"R dos Casais 227",,,38.8622377021238,-9.35615105554461,,,0,,0,0,0,0,0,0,0,0,0,0,0,0,0,0,PT170,1111,,
171499,171499,171499,"Av General Humberto Delgado 4",,,38.8655013637617,-9.35579515993595,,,0,,0,0,0,0,0,0,0,0,0,0,0,0,0,0,PT170,1111,,
171500,171500,171500,"Av General Humberto Delgado 3",,,38.8655621368167,-9.35586202983243,,,0,,0,0,0,0,0,0,0,0,0,0,0,0,0,0,PT170,1111,,
171501,171501,171501,"Av 19 Maio 8",,,38.867351,-9.354423,,,0,,0,0,0,0,0,0,0,0,0,0,0,0,0,0,PT170,1111,,
171502,171502,171502,"Av 19 Maio 2 (Largo)",,,38.86717922306425,-9.354495887842235,,,0,,0,0,0,0,0,0,0,0,0,0,0,0,0,0,PT170,1111,,
171503,171503,171503,"R 1º de Maio 4",,,38.8703084719569,-9.35430581740295,,,0,,0,0,0,0,0,0,0,0,0,0,0,0,0,0,PT170,1111,,
171505,171505,171505,"R 1º de Maio 26",,,38.87163863716384,-9.354153999566789,,,0,,0,0,0,0,0,0,0,0,0,0,0,0,0,0,PT170,1111,,
171506,171506,171506,"R 1º de Maio 55",,,38.87172808646001,-9.3542246427387,,,0,,0,0,0,0,0,0,0,0,0,0,0,0,0,0,PT170,1111,,
171507,171507,171507,"R Luís de Camões 8",,,38.8731032051146,-9.35380150799478,,,0,,0,0,0,0,0,0,0,0,0,0,0,0,0,0,PT170,1111,,
171508,171508,171508,"R Luís de Camões 13",,,38.873121,-9.353874,,,0,,0,0,0,0,0,0,0,0,0,0,0,0,0,0,PT170,1111,,
171509,171509,171509,"R da Escola 2 (X) Tv 5 Outubro",,,38.874626,-9.35594,,,0,,0,0,0,0,0,0,0,0,0,0,0,0,0,0,PT170,1111,,
171510,171510,171510,"R da Escola 9",,,38.87451,-9.355997,,,0,,0,0,0,0,0,0,0,0,0,0,0,0,0,0,PT170,1111,,
171511,171511,171511,"Av 29 Agosto (Hipermercado)",,,38.8440419733524,-9.37670817598701,,,0,,0,0,0,0,0,0,0,0,0,0,0,0,0,0,PT170,1111,,
171513,171513,171513,"Av 29 Agosto 60",,,38.8421313185245,-9.37598339281976,,,0,,0,0,0,0,0,0,0,0,0,0,0,0,0,0,PT170,1111,,
171514,171514,171514,"Av 29 Agosto 60",,,38.8420985871926,-9.37584676779807,,,0,,0,0,0,0,0,0,0,0,0,0,0,0,0,0,PT170,1111,,
171515,171515,171515,"Av 29 Agosto (Bombas)",,,38.8400165643543,-9.37373301945627,,,0,,0,0,0,0,0,0,0,0,0,0,0,0,0,0,PT170,1111,,
171517,171517,171517,"Av Gen Humberto Delgado(x) R Infancia",,,38.8354661129415,-9.36951549723744,,,0,,0,0,0,0,0,0,0,0,0,0,0,0,0,0,PT170,1111,,
171518,171518,171518,"Av General Humberto Delgado",,,38.8354405481368,-9.36938549391925,,,0,,0,0,0,0,0,0,0,0,0,0,0,0,0,0,PT170,1111,,
171519,171519,171519,"Av General Humberto Delgado 62",,,38.8338006706908,-9.36967810615897,,,0,,0,0,0,0,0,0,0,0,0,0,0,0,0,0,PT170,1111,,
171520,171520,171520,"Av General Humberto Delgado 52",,,38.8334077270702,-9.36975354328752,,,0,,0,0,0,0,0,0,0,0,0,0,0,0,0,0,PT170,1111,,
171521,171521,171521,"Av General Humberto Delgado 1",,,38.8302825344726,-9.37059424817562,,,0,,0,0,0,0,0,0,0,0,0,0,0,0,0,0,PT170,1111,,
171522,171522,171522,"Av General Humberto Delgado 1",,,38.8302996754646,-9.37049592845142,,,0,,0,0,0,0,0,0,0,0,0,0,0,0,0,0,PT170,1111,,
171523,171523,171523,"EN 247 (X) Ral",,,38.8271733932197,-9.36864042654634,,,0,,0,0,0,0,0,0,0,0,0,0,0,0,0,0,PT170,1111,,
171524,171524,171524,"EN 247 (X) Ral",,,38.8271594373509,-9.36855568550527,,,0,,0,0,0,0,0,0,0,0,0,0,0,0,0,0,PT170,1111,,
171525,171525,171525,"EN 247 112",,,38.8237495534122,-9.36821177601814,,,0,,0,0,0,0,0,0,0,0,0,0,0,0,0,0,PT170,1111,,
171526,171526,171526,"EN 247 112A",,,38.8236011937261,-9.3681707046926,,,0,,0,0,0,0,0,0,0,0,0,0,0,0,0,0,PT170,1111,,
171527,171527,171527,"EN 247 (X) R Lugar do Mouro",,,38.8211773568764,-9.36823080293834,,,0,,0,0,0,0,0,0,0,0,0,0,0,0,0,0,PT170,1111,,
171528,171528,171528,"EN 247 (X) R Lugar do Mouro",,,38.8212054781616,-9.36817120760679,,,0,,0,0,0,0,0,0,0,0,0,0,0,0,0,0,PT170,1111,,
171529,171529,171529,"EN 247 4 (Alto do Chão Frio)",,,38.8178027247324,-9.36691514707332,,,0,,0,0,0,0,0,0,0,0,0,0,0,0,0,0,PT170,1111,,
171530,171530,171530,"EN 247 (X) Cemitério de Chão Frio",,,38.8178342347965,-9.36684988439083,,,0,,0,0,0,0,0,0,0,0,0,0,0,0,0,0,PT170,1111,,
171531,171531,171531,"R dos Bizos 10",,,38.8168320419479,-9.36646171599505,,,0,,0,0,0,0,0,0,0,0,0,0,0,0,0,0,PT170,1111,,
171532,171532,171532,"R dos Bizos 9",,,38.816728,-9.366224,,,0,,0,0,0,0,0,0,0,0,0,0,0,0,0,0,PT170,1111,,
171533,171533,171533,"Estr de Mafra (Supermercado)",,,38.8138261763379,-9.36391504481435,,,0,,0,0,0,0,0,0,0,0,0,0,0,0,0,0,PT170,1111,,
171535,171535,171535,"Estr de Mafra Fte 42",,,38.8129473337904,-9.36495507135987,,,0,,0,0,0,0,0,0,0,0,0,0,0,0,0,0,PT170,1111,,
171536,171536,171536,"Estr de Mafra 40",,,38.8126900512725,-9.36510250903666,,,0,,0,0,0,0,0,0,0,0,0,0,0,0,0,0,PT170,1111,,
171537,171537,171537,"R Almeida Garrett 29",,,38.8125849002972,-9.3671296723187,,,0,,0,0,0,0,0,0,0,0,0,0,0,0,0,0,PT170,1111,,
171538,171538,171538,"R Almeida Garrett 42",,,38.8124739714848,-9.36714233466849,,,0,,0,0,0,0,0,0,0,0,0,0,0,0,0,0,PT170,1111,,
171539,171539,171539,"R Almeida Garrett 7",,,38.813408,-9.367867,,,0,,0,0,0,0,0,0,0,0,0,0,0,0,0,0,PT170,1111,,
171540,171540,171540,"R Almeida Garrett 16",,,38.8133039926157,-9.36782937415422,,,0,,0,0,0,0,0,0,0,0,0,0,0,0,0,0,PT170,1111,,
171541,171541,171541,"R Eça De Queirós 6",,,38.8125088633508,-9.36931880018984,,,0,,0,0,0,0,0,0,0,0,0,0,0,0,0,0,PT170,1111,,
171542,171542,171542,"R Eça de Queirós 6 (Bº Lapa)",,,38.812548785651,-9.36924580490802,,,0,,0,0,0,0,0,0,0,0,0,0,0,0,0,0,PT170,1111,,
171543,171543,171543,"Av Aviação Portuguesa (Cemitério)",,,38.8096610829234,-9.37515928409994,,,0,,0,0,0,0,0,0,0,0,0,0,0,0,0,0,PT170,1111,,
171544,171544,171544,"Av Aviação Portuguesa (Quinta Boyalvo)",,,38.809630824253,-9.37498611398041,,,0,,0,0,0,0,0,0,0,0,0,0,0,0,0,0,PT170,1111,,
171545,171545,171545,"Av 29 Agosto (Bombas)",,,38.839994687587,-9.37355096451938,,,0,,0,0,0,0,0,0,0,0,0,0,0,0,0,0,PT170,1111,,
171547,171547,171547,"Av 29 Agosto 90",,,38.8447550218552,-9.37683943659067,,,0,,0,0,0,0,0,0,0,0,0,0,0,0,0,0,PT170,1111,,
171549,171549,171549,"Casal Cambra (Escola)",,,38.79828171844211,-9.233992276713252,,,0,,0,0,0,0,0,0,0,0,0,0,0,0,0,0,PT170,1111,,
171550,171550,171550,"Casal Cambra (Escola)",,,38.7983403168619,-9.23419310711324,,,0,,0,0,0,0,0,0,0,0,0,0,0,0,0,0,PT170,1111,,
171551,171551,171551,"Casal Cambra (R Sta Marta 22)",,,38.79879940436225,-9.232977563515306,,,0,,0,0,0,0,0,0,0,0,0,0,0,0,0,0,PT170,1111,,
171552,171552,171552,"Casal Cambra (R Sta Marta 22)",,,38.798873112537,-9.23258814029396,,,0,,0,0,0,0,0,0,0,0,0,0,0,0,0,0,PT170,1111,,
171553,171553,171553,"Casal Cambra (Centro saúde)",,,38.80032041956745,-9.228424391401663,,,0,,0,0,0,0,0,0,0,0,0,0,0,0,0,0,PT170,1111,,
171555,171555,171555,"Av Lisboa 80",,,38.80181943577754,-9.22841160558164,,,0,,0,0,0,0,0,0,0,0,0,0,0,0,0,0,PT170,1111,,
171557,171557,171557,"Av Lisboa (Igreja)",,,38.8037602230906,-9.22830146737397,,,0,,0,0,0,0,0,0,0,0,0,0,0,0,0,0,PT170,1111,,
171559,171559,171559,"Av Itália / R de Viseu",,,38.8054,-9.23226,,,0,,0,0,0,0,0,0,0,0,0,0,0,0,0,0,PT170,1111,,
171561,171561,171561,"Av Itália / R de Porto Santo",,,38.804735,-9.236435,,,0,,0,0,0,0,0,0,0,0,0,0,0,0,0,0,PT170,1111,,
171563,171563,171563,"S Helena (R R Sta) (X) R Luís Camões",,,38.80649895538906,-9.238187419250607,,,0,,0,0,0,0,0,0,0,0,0,0,0,0,0,0,PT170,1111,,
171564,171564,171564,"S Helena (R R Sta) (X) R Luís Camões",,,38.8064602855593,-9.2383309174329,,,0,,0,0,0,0,0,0,0,0,0,0,0,0,0,0,PT170,1111,,
171565,171565,171565,"Serra Helena (R Rainha Santa 13)",,,38.80876956444087,-9.237827081233265,,,0,,0,0,0,0,0,0,0,0,0,0,0,0,0,0,PT170,1111,,
171566,171566,171566,"Serra Helena (R Rainha Santa 13)",,,38.8087316555902,-9.2378995846957,,,0,,0,0,0,0,0,0,0,0,0,0,0,0,0,0,PT170,1111,,
171567,171567,171567,"R Gen Barn Ant Ferr(x)R Pf Egas Moniz",,,38.80985,-9.23968333333333,,,0,,0,0,0,0,0,0,0,0,0,0,0,0,0,0,PT170,1111,,
171568,171568,171568,"R Gen Barn Ant Ferr(x)R Pf Egas Moniz",,,38.8098666666667,-9.23978333333333,,,0,,0,0,0,0,0,0,0,0,0,0,0,0,0,0,PT170,1111,,
171569,171569,171569,"R Prof Egas Moniz",,,38.8112,-9.24175,,,0,,0,0,0,0,0,0,0,0,0,0,0,0,0,0,PT170,1111,,
171571,171571,171571,"R Gen Barnabé (X) R Maj Sousa Bastos",,,38.808245,-9.23974,,,0,,0,0,0,0,0,0,0,0,0,0,0,0,0,0,PT170,1111,,
171572,171572,171572,"R Gen Barnabé (X) R Maj Sousa Bastos",,,38.808269,-9.23953,,,0,,0,0,0,0,0,0,0,0,0,0,0,0,0,0,PT170,1111,,
171573,171573,171573,"Dona Maria (X-Entr)",,,38.8066307734698,-9.24276645295322,,,0,,0,0,0,0,0,0,0,0,0,0,0,0,0,0,PT170,1111,,
171574,171574,171574,"Dona Maria (X-Saída)",,,38.8064896222204,-9.24273979850113,,,0,,0,0,0,0,0,0,0,0,0,0,0,0,0,0,PT170,1111,,
171575,171575,171575,"R Principal 104",,,38.812808948569,-9.24912856891751,,,0,,0,0,0,0,0,0,0,0,0,0,0,0,0,0,PT170,1111,,
171576,171576,171576,"R Principal 106",,,38.81282604457556,-9.24944414757192,,,0,,0,0,0,0,0,0,0,0,0,0,0,0,0,0,PT170,1111,,
171577,171577,171577,"R Principal 146",,,38.8133661774918,-9.25191823393106,,,0,,0,0,0,0,0,0,0,0,0,0,0,0,0,0,PT170,1111,,
171578,171578,171578,"R Principal 121- Dona Maria",,,38.8130807736889,-9.25153853371739,,,0,,0,0,0,0,0,0,0,0,0,0,0,0,0,0,PT170,1111,,
171579,171579,171579,"R Principal 157 (Dona Maria)",,,38.8146043103188,-9.25461092032492,,,0,,0,0,0,0,0,0,0,0,0,0,0,0,0,0,PT170,1111,,
171580,171580,171580,"R Principal 157 (Dona Maria)",,,38.8145689386874,-9.25473698414862,,,0,,0,0,0,0,0,0,0,0,0,0,0,0,0,0,PT170,1111,,
171581,171581,171581,"D Maria (Igreja)",,,38.8158982666209,-9.25459323450923,,,0,,0,0,0,0,0,0,0,0,0,0,0,0,0,0,PT170,1111,,
171582,171582,171582,"D Maria (Igreja)",,,38.8157737953588,-9.25468535162508,,,0,,0,0,0,0,0,0,0,0,0,0,0,0,0,0,PT170,1111,,
171583,171583,171583,"R Principal 276",,,38.8174058357254,-9.25343745388091,,,0,,0,0,0,0,0,0,0,0,0,0,0,0,0,0,PT170,1111,,
171584,171584,171584,"R Principal 189",,,38.8175227213651,-9.25372989848256,,,0,,0,0,0,0,0,0,0,0,0,0,0,0,0,0,PT170,1111,,
171585,171585,171585,"Estr Parque (X) Aruil",,,38.81982837338,-9.25284652970731,,,0,,0,0,0,0,0,0,0,0,0,0,0,0,0,0,PT170,1111,,
171586,171586,171586,"Estr Parque (X) Aruil",,,38.8199251424521,-9.25305020995438,,,0,,0,0,0,0,0,0,0,0,0,0,0,0,0,0,PT170,1111,,
171587,171587,171587,"Estr Parque (Casal Brejo)",,,38.8218,-9.25685,,,0,,0,0,0,0,0,0,0,0,0,0,0,0,0,0,PT170,1111,,
171588,171588,171588,"Estr Parque (Casal Brejo)",,,38.821788506606765,-9.256706734952926,,,0,,0,0,0,0,0,0,0,0,0,0,0,0,0,0,PT170,1111,,
171589,171589,171589,"R três S",,,38.8161,-9.25924,,,0,,0,0,0,0,0,0,0,0,0,0,0,0,0,0,PT170,1111,,
171591,171591,171591,"Estr Parque (Qta Lago)",,,38.8250319845974,-9.2629511654377,,,0,,0,0,0,0,0,0,0,0,0,0,0,0,0,0,PT170,1111,,
171592,171592,171592,"Estr Parque (Qta Lago)",,,38.825067859143,-9.26307127811015,,,0,,0,0,0,0,0,0,0,0,0,0,0,0,0,0,PT170,1111,,
171593,171593,171593,"Vale Lobos (R Bernardino Ribeiro 53)",,,38.8196497131139,-9.28100804798305,,,0,,0,0,0,0,0,0,0,0,0,0,0,0,0,0,PT170,1111,,
171594,171594,171594,"Vale Lobos (R Bernardino Ribeiro 42)",,,38.8195282174274,-9.28106571547687,,,0,,0,0,0,0,0,0,0,0,0,0,0,0,0,0,PT170,1111,,
171595,171595,171595,"Vale Lobos (R Bernardim Ribeiro 21)",,,38.8195174466819,-9.28354382514954,,,0,,0,0,0,0,0,0,0,0,0,0,0,0,0,0,PT170,1111,,
171596,171596,171596,"Vale Lobos (R Bernardim Ribeiro 21)",,,38.8193991361186,-9.28377642296255,,,0,,0,0,0,0,0,0,0,0,0,0,0,0,0,0,PT170,1111,,
171597,171597,171597,"Vale Lobos (Lgo Combatentes Ultramar)",,,38.8186,-9.28513,,,0,,0,0,0,0,0,0,0,0,0,0,0,0,0,0,PT170,1111,,
171599,171599,171599,"Av Amália Rodrigues 2",,,38.80457568002819,-9.33685138821602,,,0,,0,0,0,0,0,0,0,0,0,0,0,0,0,0,PT170,1111,,
171601,171601,171601,"R Padre Cruz Fte 28",,,38.81150261251238,-9.240144285879126,,,0,,0,0,0,0,0,0,0,0,0,0,0,0,0,0,PT170,1111,,
171602,171602,171602,"R Padre Cruz Fte 28",,,38.8115,-9.24021666666667,,,0,,0,0,0,0,0,0,0,0,0,0,0,0,0,0,PT170,1111,,
171603,171603,171603,"S Helena - R Rainha Sta (X) Tv R Sta",,,38.8073054328561,-9.23746297135949,,,0,,0,0,0,0,0,0,0,0,0,0,0,0,0,0,PT170,1111,,
171604,171604,171604,"S Helena (R R Sta) (X) Trav R Sta",,,38.807127,-9.237477,,,0,,0,0,0,0,0,0,0,0,0,0,0,0,0,0,PT170,1111,,
171605,171605,171605,"Serra Helena (R Amadora)",,,38.8056135457009,-9.23948150128126,,,0,,0,0,0,0,0,0,0,0,0,0,0,0,0,0,PT170,1111,,
171606,171606,171606,"Serra Helena (R Amadora)",,,38.8055805210024,-9.23936331644654,,,0,,0,0,0,0,0,0,0,0,0,0,0,0,0,0,PT170,1111,,
171607,171607,171607,"S Helena (R Amadora) (X) R Portimão",,,38.8042320823297,-9.24026671797037,,,0,,0,0,0,0,0,0,0,0,0,0,0,0,0,0,PT170,1111,,
171608,171608,171608,"S Helena (R Amadora) (X) R Portimão",,,38.804359822534,-9.24023947678506,,,0,,0,0,0,0,0,0,0,0,0,0,0,0,0,0,PT170,1111,,
171609,171609,171609,"R Amadora (X) R Viana Castelo",,,38.80356219921757,-9.238539710640907,,,0,,0,0,0,0,0,0,0,0,0,0,0,0,0,0,PT170,1111,,
171610,171610,171610,"R Amadora (X) R Viana Castelo",,,38.8036379269202,-9.238474605173646,,,0,,0,0,0,0,0,0,0,0,0,0,0,0,0,0,PT170,1111,,
171611,171611,171611,"Av Timor (X) R Vila Franca Xira",,,38.804062989354414,-9.235019814223053,,,0,,0,0,0,0,0,0,0,0,0,0,0,0,0,0,PT170,1111,,
171612,171612,171612,"Av Timor 98",,,38.804046632722,-9.23534167930484,,,0,,0,0,0,0,0,0,0,0,0,0,0,0,0,0,PT170,1111,,
171613,171613,171613,"Av Timor 35",,,38.80439298115496,-9.232343388721349,,,0,,0,0,0,0,0,0,0,0,0,0,0,0,0,0,PT170,1111,,
171614,171614,171614,"Av Timor 27",,,38.80445542029451,-9.231731845065951,,,0,,0,0,0,0,0,0,0,0,0,0,0,0,0,0,PT170,1111,,
171615,171615,171615,"Av Timor 5",,,38.8043484650552,-9.22995437867939,,,0,,0,0,0,0,0,0,0,0,0,0,0,0,0,0,PT170,1111,,
171617,171617,171617,"Av Dinamarca 124",,,38.8017206965014,-9.22979990020394,,,0,,0,0,0,0,0,0,0,0,0,0,0,0,0,0,PT170,1111,,
171619,171619,171619,"Estr Várzea (Qta Desafio Jovem)",,,38.7999270530418,-9.22986435703933,,,0,,0,0,0,0,0,0,0,0,0,0,0,0,0,0,PT170,1111,,
171621,171621,171621,"Catribana (Largo)",,,38.8933993662147,-9.4177059856944,,,0,,0,0,0,0,0,0,0,0,0,0,0,0,0,0,PT170,1111,,
171623,171623,171623,"Estr Principal 58",,,38.89755,-9.418179,,,0,,0,0,0,0,0,0,0,0,0,0,0,0,0,0,PT170,1111,,
171624,171624,171624,"Estr Principal 56",,,38.89771,-9.418521,,,0,,0,0,0,0,0,0,0,0,0,0,0,0,0,0,PT170,1111,,
171625,171625,171625,"R entre Fontes frente 4",,,38.901309407323,-9.4170579233297,,,0,,0,0,0,0,0,0,0,0,0,0,0,0,0,0,PT170,1111,,
171626,171626,171626,"R entre Fontes 4",,,38.9012445954158,-9.41713174469494,,,0,,0,0,0,0,0,0,0,0,0,0,0,0,0,0,PT170,1111,,
171627,171627,171627,"Largo Fonte do Alheiro 1",,,38.9039844388422,-9.41724670388783,,,0,,0,0,0,0,0,0,0,0,0,0,0,0,0,0,PT170,1111,,
171629,171629,171629,"R dos Moinhos (Pq Infantil)",,,38.9048404623285,-9.41388091836268,,,0,,0,0,0,0,0,0,0,0,0,0,0,0,0,0,PT170,1111,,
171630,171630,171630,"R dos Moinhos (Pq Infantil)",,,38.9048687830442,-9.41398277779301,,,0,,0,0,0,0,0,0,0,0,0,0,0,0,0,0,PT170,1111,,
171631,171631,171631,"Largo Central 4",,,38.9056340960688,-9.41051949070193,,,0,,0,0,0,0,0,0,0,0,0,0,0,0,0,0,PT170,1111,,
171632,171632,171632,"Largo Central 14 A",,,38.9056883925824,-9.41046990111351,,,0,,0,0,0,0,0,0,0,0,0,0,0,0,0,0,PT170,1111,,
171633,171633,171633,"Largo do Alto do Outeiro 2",,,38.9036812959576,-9.41054562789054,,,0,,0,0,0,0,0,0,0,0,0,0,0,0,0,0,PT170,1111,,
171634,171634,171634,"Largo do Alto do Outeiro 23",,,38.9037690684199,-9.41050979308784,,,0,,0,0,0,0,0,0,0,0,0,0,0,0,0,0,PT170,1111,,
171635,171635,171635,"R 1º de Dezembro 34",,,38.9032703045111,-9.40946685000728,,,0,,0,0,0,0,0,0,0,0,0,0,0,0,0,0,PT170,1111,,
171636,171636,171636,"R 1º Dezembro 38A",,,38.9033276172705,-9.40962284966957,,,0,,0,0,0,0,0,0,0,0,0,0,0,0,0,0,PT170,1111,,
171637,171637,171637,"R Nª Srª Consolação (Capela)",,,38.9026597155848,-9.40543541703266,,,0,,0,0,0,0,0,0,0,0,0,0,0,0,0,0,PT170,1111,,
171638,171638,171638,"R de Nossa Sra da Consolação 114",,,38.902874,-9.405838,,,0,,0,0,0,0,0,0,0,0,0,0,0,0,0,0,PT170,1111,,
171639,171639,171639,"R Nª Srª Consolação 90",,,38.9017317017682,-9.40343760326003,,,0,,0,0,0,0,0,0,0,0,0,0,0,0,0,0,PT170,1111,,
171640,171640,171640,"R Nª Srª Consolação 90",,,38.9018361249042,-9.40348194988528,,,0,,0,0,0,0,0,0,0,0,0,0,0,0,0,0,PT170,1111,,
171641,171641,171641,"R Nª Srª Consolação 66 (X) Almargem",,,38.9005907375997,-9.40044482424604,,,0,,0,0,0,0,0,0,0,0,0,0,0,0,0,0,PT170,1111,,
171642,171642,171642,"R Nª Srª Consolação 66",,,38.9005994673243,-9.4001664820495,,,0,,0,0,0,0,0,0,0,0,0,0,0,0,0,0,PT170,1111,,
171643,171643,171643,"R Nª Srª Consolação 1",,,38.8947023172044,-9.39638683658965,,,0,,0,0,0,0,0,0,0,0,0,0,0,0,0,0,PT170,1111,,
171644,171644,171644,"R Nª Srª Consolação 1 (Csl Ermidas)",,,38.8947390687559,-9.39625032073006,,,0,,0,0,0,0,0,0,0,0,0,0,0,0,0,0,PT170,1111,,
171645,171645,171645,"Estr São João 287 (Albuquerque)",,,38.8914035363194,-9.39646449956792,,,0,,0,0,0,0,0,0,0,0,0,0,0,0,0,0,PT170,1111,,
171646,171646,171646,"Estr de São João (Casa Terra do Poço)",,,38.891618699985,-9.39631396481922,,,0,,0,0,0,0,0,0,0,0,0,0,0,0,0,0,PT170,1111,,
171647,171647,171647,"Estr de São João(x) R Almograve",,,38.888744468633,-9.39628644167422,,,0,,0,0,0,0,0,0,0,0,0,0,0,0,0,0,PT170,1111,,
171648,171648,171648,"Estr de São João 250",,,38.8885825906032,-9.3961930097242,,,0,,0,0,0,0,0,0,0,0,0,0,0,0,0,0,PT170,1111,,
171649,171649,171649,"Estr das Areias 8 (A-do-longo)",,,38.8845766979165,-9.39573815093567,,,0,,0,0,0,0,0,0,0,0,0,0,0,0,0,0,PT170,1111,,
171650,171650,171650,"Estr das Areias 5",,,38.8846610343127,-9.39576164726013,,,0,,0,0,0,0,0,0,0,0,0,0,0,0,0,0,PT170,1111,,
171651,171651,171651,"Estr da Cabine 8",,,38.8897200869131,-9.39075773503727,,,0,,0,0,0,0,0,0,0,0,0,0,0,0,0,0,PT170,1111,,
171652,171652,171652,"Estr da Cabine 8A",,,38.889705,-9.39072,,,0,,0,0,0,0,0,0,0,0,0,0,0,0,0,0,PT170,1111,,
171653,171653,171653,"R da Cabine 2",,,38.8868405975063,-9.38772252015519,,,0,,0,0,0,0,0,0,0,0,0,0,0,0,0,0,PT170,1111,,
171654,171654,171654,"R da Cabine 2",,,38.8869446190074,-9.38768905587494,,,0,,0,0,0,0,0,0,0,0,0,0,0,0,0,0,PT170,1111,,
171655,171655,171655,"R Principal (X) R da Poça",,,38.882991768078,-9.38581055496169,,,0,,0,0,0,0,0,0,0,0,0,0,0,0,0,0,PT170,1111,,
171656,171656,171656,"R Principal (X) R da Poça",,,38.8829801980588,-9.38574888658029,,,0,,0,0,0,0,0,0,0,0,0,0,0,0,0,0,PT170,1111,,
171657,171657,171657,"R Principal 43 a (X) Porteiros",,,38.8754379944358,-9.38868669285475,,,0,,0,0,0,0,0,0,0,0,0,0,0,0,0,0,PT170,1111,,
171658,171658,171658,"R Principal 41",,,38.875327021465054,-9.388591767441463,,,0,,0,0,0,0,0,0,0,0,0,0,0,0,0,0,PT170,1111,,
171659,171659,171659,"Largo da Fonte 1",,,38.87308224415548,-9.392286843778328,,,0,,0,0,0,0,0,0,0,0,0,0,0,0,0,0,PT170,1111,,
171660,171660,171660,"Largo da Fonte 2",,,38.8730634401587,-9.39215258870536,,,0,,0,0,0,0,0,0,0,0,0,0,0,0,0,0,PT170,1111,,
171661,171661,171661,"R 1º de Maio 80",,,38.87289318758906,-9.397737643719196,,,0,,0,0,0,0,0,0,0,0,0,0,0,0,0,0,PT170,1111,,
171662,171662,171662,"R 1º de Maio Ft N80",,,38.872543754306434,-9.397749593503878,,,0,,0,0,0,0,0,0,0,0,0,0,0,0,0,0,PT170,1111,,
171663,171663,171663,"Av Central 67",,,38.8740062117732,-9.39877496820952,,,0,,0,0,0,0,0,0,0,0,0,0,0,0,0,0,PT170,1111,,
171664,171664,171664,"Av Central 83",,,38.8740584795748,-9.39865864481144,,,0,,0,0,0,0,0,0,0,0,0,0,0,0,0,0,PT170,1111,,
171665,171665,171665,"Av Central frente 9",,,38.8727402681674,-9.39883068076902,,,0,,0,0,0,0,0,0,0,0,0,0,0,0,0,0,PT170,1111,,
171666,171666,171666,"Av Central 9",,,38.8728177461912,-9.39875526524017,,,0,,0,0,0,0,0,0,0,0,0,0,0,0,0,0,PT170,1111,,
171667,171667,171667,"Av Central 5",,,38.8706003446986,-9.39892896663511,,,0,,0,0,0,0,0,0,0,0,0,0,0,0,0,0,PT170,1111,,
171668,171668,171668,"Av Central 8",,,38.8710588122246,-9.39880636352066,,,0,,0,0,0,0,0,0,0,0,0,0,0,0,0,0,PT170,1111,,
171669,171669,171669,"R Luís de Camões 2 (Escola)",,,38.8144166,-9.3683408,,,0,,0,0,0,0,0,0,0,0,0,0,0,0,0,0,PT170,1111,,
171671,171671,171671,"R Eça de Queirós 39 (Bº Lapa)",,,38.813984,-9.368082,,,0,,0,0,0,0,0,0,0,0,0,0,0,0,0,0,PT170,1111,,
171672,171672,171672,"R Eça de Queirós 41 (Bº Lapa)",,,38.814032,-9.367926,,,0,,0,0,0,0,0,0,0,0,0,0,0,0,0,0,PT170,1111,,
171673,171673,171673,"EN 247 (Escola)",,,38.81477398219104,-9.368508411571383,,,0,,0,0,0,0,0,0,0,0,0,0,0,0,0,0,PT170,1111,,
171674,171674,171674,"Estr N247 (X) R Luís de Camões 27",,,38.81487835799815,-9.368587117642164,,,0,,0,0,0,0,0,0,0,0,0,0,0,0,0,0,PT170,1111,,
171675,171675,171675,"Largo Fonte do Alheiro 4A",,,38.9041190036371,-9.41753622231014,,,0,,0,0,0,0,0,0,0,0,0,0,0,0,0,0,PT170,1111,,
171677,171677,171677,"Fontanelas",,,38.850149,-9.440109,,,0,,0,0,0,0,0,0,0,0,0,0,0,0,0,0,PT170,1111,,
171679,171679,171679,"Estr de Madre Deus x Estr de Janas",,,38.827061,-9.412231,,,0,,0,0,0,0,0,0,0,0,0,0,0,0,0,0,PT170,1111,,
171680,171680,171680,"Estr de Madre Deus (X) Estr de Janas",,,38.826992,-9.412084,,,0,,0,0,0,0,0,0,0,0,0,0,0,0,0,0,PT170,1111,,
171681,171681,171681,"Estr Madre Deus (Centro de Jardinagem)",,,38.823485,-9.409022,,,0,,0,0,0,0,0,0,0,0,0,0,0,0,0,0,PT170,1111,,
171682,171682,171682,"Estr Madre Deus (Centro de Jardinagem)",,,38.823578,-9.409017,,,0,,0,0,0,0,0,0,0,0,0,0,0,0,0,0,PT170,1111,,
171683,171683,171683,"Estr de Madre Deus Frente N º 165",,,38.818725,-9.406895,,,0,,0,0,0,0,0,0,0,0,0,0,0,0,0,0,PT170,1111,,
171684,171684,171684,"Estr de Madre Deus Frente N º 165",,,38.818751,-9.40678,,,0,,0,0,0,0,0,0,0,0,0,0,0,0,0,0,PT170,1111,,
171685,171685,171685,"R Eduardo Frut Gaio (Casal S José)",,,38.817574,-9.406176,,,0,,0,0,0,0,0,0,0,0,0,0,0,0,0,0,PT170,1111,,
171687,171687,171687,"R Eduardo Frutuoso Gaio Ft Lt 25 C",,,38.81693,-9.403242,,,0,,0,0,0,0,0,0,0,0,0,0,0,0,0,0,PT170,1111,,
171688,171688,171688,"R Eduardo Frutuoso Gaio Ft Lt 25 C",,,38.817023,-9.403311,,,0,,0,0,0,0,0,0,0,0,0,0,0,0,0,0,PT170,1111,,
171689,171689,171689,"R Eduardo Frutuoso Gaio (Lg Ponte)",,,38.816517,-9.399841,,,0,,0,0,0,0,0,0,0,0,0,0,0,0,0,0,PT170,1111,,
171690,171690,171690,"R Eduardo Frutuoso Gaio (Lg Ponte)",,,38.816702,-9.400154,,,0,,0,0,0,0,0,0,0,0,0,0,0,0,0,0,PT170,1111,,
171691,171691,171691,"R D António de Sá Frente 21",,,38.816902,-9.397276,,,0,,0,0,0,0,0,0,0,0,0,0,0,0,0,0,PT170,1111,,
171692,171692,171692,"R D António de Sá Frente 21",,,38.816894,-9.396893,,,0,,0,0,0,0,0,0,0,0,0,0,0,0,0,0,PT170,1111,,
171693,171693,171693,"R Gen H Delgado Ft 11 (Sociedade)",,,38.81686,-9.395624,,,0,,0,0,0,0,0,0,0,0,0,0,0,0,0,0,PT170,1111,,
171694,171694,171694,"R Gen H Delgado Ft 11 (Sociedade)",,,38.816706,-9.395741,,,0,,0,0,0,0,0,0,0,0,0,0,0,0,0,0,PT170,1111,,
171695,171695,171695,"R da Corga 32 B (Escola)",,,38.818751,-9.397064,,,0,,0,0,0,0,0,0,0,0,0,0,0,0,0,0,PT170,1111,,
171697,171697,171697,"R das Chesmas 3",,,38.819693,-9.396185,,,0,,0,0,0,0,0,0,0,0,0,0,0,0,0,0,PT170,1111,,
171699,171699,171699,"EN 247 1",,,38.82230304671359,-9.39527475214959,,,0,,0,0,0,0,0,0,0,0,0,0,0,0,0,0,PT170,1111,,
171700,171700,171700,"EN 247 1",,,38.82231610729319,-9.39540661780834,,,0,,0,0,0,0,0,0,0,0,0,0,0,0,0,0,PT170,1111,,
171701,171701,171701,"R José Inácio Couto 102",,,38.8337,-9.40001,,,0,,0,0,0,0,0,0,0,0,0,0,0,0,0,0,PT170,1111,,
171702,171702,171702,"R José Inácio Couto 102",,,38.8337,-9.40005,,,0,,0,0,0,0,0,0,0,0,0,0,0,0,0,0,PT170,1111,,
171703,171703,171703,"R dos Moinhos Fte 81",,,38.83728754791498,-9.401315498667692,,,0,,0,0,0,0,0,0,0,0,0,0,0,0,0,0,PT170,1111,,
171704,171704,171704,"R dos Moinhos 81",,,38.83731,-9.401401,,,0,,0,0,0,0,0,0,0,0,0,0,0,0,0,0,PT170,1111,,
171705,171705,171705,"Estr Magoito 119",,,38.8352,-9.39815,,,0,,0,0,0,0,0,0,0,0,0,0,0,0,0,0,PT170,1111,,
171706,171706,171706,"R do Lavadouro Velho 100",,,38.8352,-9.39811,,,0,,0,0,0,0,0,0,0,0,0,0,0,0,0,0,PT170,1111,,
171707,171707,171707,"R Padre Amaro Teixeira Azevedo 30",,,38.815979,-9.393407,,,0,,0,0,0,0,0,0,0,0,0,0,0,0,0,0,PT170,1111,,
171708,171708,171708,"R Padre Amaro Teixeira Azevedo 30",,,38.816098,-9.393532,,,0,,0,0,0,0,0,0,0,0,0,0,0,0,0,0,PT170,1111,,
171709,171709,171709,"R Padre Amaro T Azevedo 6",,,38.814755,-9.391446,,,0,,0,0,0,0,0,0,0,0,0,0,0,0,0,0,PT170,1111,,
171710,171710,171710,"R Padre Amaro T Azevedo 6",,,38.814841,-9.391601,,,0,,0,0,0,0,0,0,0,0,0,0,0,0,0,0,PT170,1111,,
171711,171711,171711,"Largo Egas Moniz 5",,,38.815218,-9.388616,,,0,,0,0,0,0,0,0,0,0,0,0,0,0,0,0,PT170,1111,,
171712,171712,171712,"Largo Egas Moniz 5",,,38.815275,-9.388636,,,0,,0,0,0,0,0,0,0,0,0,0,0,0,0,0,PT170,1111,,
171713,171713,171713,"R Agueira 53",,,38.816238,-9.386314,,,0,,0,0,0,0,0,0,0,0,0,0,0,0,0,0,PT170,1111,,
171714,171714,171714,"R Agueira 53",,,38.816344,-9.386243,,,0,,0,0,0,0,0,0,0,0,0,0,0,0,0,0,PT170,1111,,
171715,171715,171715,"R Agueira 3",,,38.814184,-9.385889,,,0,,0,0,0,0,0,0,0,0,0,0,0,0,0,0,PT170,1111,,
171716,171716,171716,"R Agueira 3",,,38.814009,-9.385823,,,0,,0,0,0,0,0,0,0,0,0,0,0,0,0,0,PT170,1111,,
171717,171717,171717,"Estr da Várzea Ft Casal Santo Amaro",,,38.815652,-9.378325,,,0,,0,0,0,0,0,0,0,0,0,0,0,0,0,0,PT170,1111,,
171718,171718,171718,"Estr da Várzea Ft Casal Santo Amaro",,,38.815909,-9.378136,,,0,,0,0,0,0,0,0,0,0,0,0,0,0,0,0,PT170,1111,,
171719,171719,171719,"Estr da Várzea (Qta Desafio Jovem)",,,38.814412,-9.374457,,,0,,0,0,0,0,0,0,0,0,0,0,0,0,0,0,PT170,1111,,
171720,171720,171720,"Estr da Várzea (Qta Desafio Jovem)",,,38.81438,-9.373962,,,0,,0,0,0,0,0,0,0,0,0,0,0,0,0,0,PT170,1111,,
171721,171721,171721,"Estr da Várzea (X) Tv Rio",,,38.811069,-9.371908,,,0,,0,0,0,0,0,0,0,0,0,0,0,0,0,0,PT170,1111,,
171723,171723,171723,"R Eduardo Frut Gaio (Casal S José)",,,38.81761,-9.405789,,,0,,0,0,0,0,0,0,0,0,0,0,0,0,0,0,PT170,1111,,
171725,171725,171725,"Fontanelas (Largo)",,,38.847009,-9.43649,,,0,,0,0,0,0,0,0,0,0,0,0,0,0,0,0,PT170,1111,,
171726,171726,171726,"Fontanelas (Largo)",,,38.846991,-9.436302,,,0,,0,0,0,0,0,0,0,0,0,0,0,0,0,0,PT170,1111,,
171727,171727,171727,"Av Luís Augusto de Colares N 3",,,38.83710096314273,-9.459713066573537,,,0,,0,0,0,0,0,0,0,0,0,0,0,0,0,0,PT170,1111,,
171729,171729,171729,"Av Comissão de Melhoramentos 4",,,38.8361,-9.45827,,,0,,0,0,0,0,0,0,0,0,0,0,0,0,0,0,PT170,1111,,
171731,171731,171731,"Av Comissão de Melhoramentos 58",,,38.833696,-9.454351,,,0,,0,0,0,0,0,0,0,0,0,0,0,0,0,0,PT170,1111,,
171733,171733,171733,"R do Pinhal (Qta Martins e Ferros)",,,38.8319,-9.44995,,,0,,0,0,0,0,0,0,0,0,0,0,0,0,0,0,PT170,1111,,
171735,171735,171735,"R do Pinhal (X) R do Alecrim",,,38.829817,-9.442187,,,0,,0,0,0,0,0,0,0,0,0,0,0,0,0,0,PT170,1111,,
171737,171737,171737,"R do Pinhal (X) R Vinha Juiz",,,38.829,-9.43976,,,0,,0,0,0,0,0,0,0,0,0,0,0,0,0,0,PT170,1111,,
171739,171739,171739,"R da Ponte (Lgo Visconde d'Asseca)",,,38.82620627479917,-9.437773770078651,,,0,,0,0,0,0,0,0,0,0,0,0,0,0,0,0,PT170,1111,,
171741,171741,171741,"R Noel Cunha Frente 1",,,38.8262,-9.43407,,,0,,0,0,0,0,0,0,0,0,0,0,0,0,0,0,PT170,1111,,
171742,171742,171742,"R Noel Cunha Frente 1",,,38.8263,-9.43406,,,0,,0,0,0,0,0,0,0,0,0,0,0,0,0,0,PT170,1111,,
171743,171743,171743,"Estr de Janas 53",,,38.825377,-9.426126,,,0,,0,0,0,0,0,0,0,0,0,0,0,0,0,0,PT170,1111,,
171744,171744,171744,"Estr de Janas 53",,,38.8254,-9.42666,,,0,,0,0,0,0,0,0,0,0,0,0,0,0,0,0,PT170,1111,,
171745,171745,171745,"Estr de Janas (Casa Terra do Meio)",,,38.8259,-9.42196,,,0,,0,0,0,0,0,0,0,0,0,0,0,0,0,0,PT170,1111,,
171746,171746,171746,"Estr de Janas (Casa Terra do Meio)",,,38.826,-9.42196,,,0,,0,0,0,0,0,0,0,0,0,0,0,0,0,0,PT170,1111,,
171747,171747,171747,"Caminho do Murtal (Centro de Saúde)",,,38.814389,-9.398501,,,0,,0,0,0,0,0,0,0,0,0,0,0,0,0,0,PT170,1111,,
171749,171749,171749,"Estr da Pernigem 1",,,38.8498083756827,-9.40515627915106,,,0,,0,0,0,0,0,0,0,0,0,0,0,0,0,0,PT170,1111,,
171750,171750,171750,"Estr da Pernigem 1",,,38.8497535504874,-9.40511755502774,,,0,,0,0,0,0,0,0,0,0,0,0,0,0,0,0,PT170,1111,,
171751,171751,171751,"Estr da Pernigem 30",,,38.848286,-9.408914,,,0,,0,0,0,0,0,0,0,0,0,0,0,0,0,0,PT170,1111,,
171752,171752,171752,"Estr da Pernigem 30",,,38.848111,-9.408911,,,0,,0,0,0,0,0,0,0,0,0,0,0,0,0,0,PT170,1111,,
171753,171753,171753,"Estr da Pernigem 64",,,38.849514,-9.412051,,,0,,0,0,0,0,0,0,0,0,0,0,0,0,0,0,PT170,1111,,
171754,171754,171754,"Estr da Pernigem (Chafariz)",,,38.849397,-9.412168,,,0,,0,0,0,0,0,0,0,0,0,0,0,0,0,0,PT170,1111,,
171755,171755,171755,"Estr da Pernigem (X) R da Junqueira",,,38.8534882617787,-9.41048369156463,,,0,,0,0,0,0,0,0,0,0,0,0,0,0,0,0,PT170,1111,,
171756,171756,171756,"Estr da Pernigem (X) R da Junqueira",,,38.8534871038458,-9.41055562021698,,,0,,0,0,0,0,0,0,0,0,0,0,0,0,0,0,PT170,1111,,
171757,171757,171757,"Av Moinhos do Arneiro Frente 4",,,38.855798,-9.409693,,,0,,0,0,0,0,0,0,0,0,0,0,0,0,0,0,PT170,1111,,
171758,171758,171758,"Av Moinhos do Arneiro 4",,,38.8557938960148,-9.40992702666015,,,0,,0,0,0,0,0,0,0,0,0,0,0,0,0,0,PT170,1111,,
171759,171759,171759,"Largo dos Plátanos",,,38.8591022416949,-9.41388007253408,,,0,,0,0,0,0,0,0,0,0,0,0,0,0,0,0,PT170,1111,,
171760,171760,171760,"Largo dos Plátanos 8",,,38.858981450086,-9.41392517405063,,,0,,0,0,0,0,0,0,0,0,0,0,0,0,0,0,PT170,1111,,
171761,171761,171761,"Av Moinhos do Arneiro 1",,,38.8615034631995,-9.41597673356908,,,0,,0,0,0,0,0,0,0,0,0,0,0,0,0,0,PT170,1111,,
171762,171762,171762,"Av Moinhos do Arneiro 80",,,38.8615667238192,-9.41621442407384,,,0,,0,0,0,0,0,0,0,0,0,0,0,0,0,0,PT170,1111,,
171763,171763,171763,"Av Moinhos do Arneiro (Bombas)",,,38.8633336359635,-9.41799600608647,,,0,,0,0,0,0,0,0,0,0,0,0,0,0,0,0,PT170,1111,,
171764,171764,171764,"Av Moinhos do Arneiro 101",,,38.8627171962127,-9.41771427753733,,,0,,0,0,0,0,0,0,0,0,0,0,0,0,0,0,PT170,1111,,
171765,171765,171765,"Estr de Santa Maria 24a",,,38.8658189679964,-9.42194497586765,,,0,,0,0,0,0,0,0,0,0,0,0,0,0,0,0,PT170,1111,,
171766,171766,171766,"Estr de Santa Maria 1",,,38.86567544641217,-9.42184838951133,,,0,,0,0,0,0,0,0,0,0,0,0,0,0,0,0,PT170,1111,,
171767,171767,171767,"Estr de Santa Maria 46a",,,38.8663914380595,-9.42465291358531,,,0,,0,0,0,0,0,0,0,0,0,0,0,0,0,0,PT170,1111,,
171768,171768,171768,"Estr de Santa Maria 35",,,38.86629119743206,-9.424787272568585,,,0,,0,0,0,0,0,0,0,0,0,0,0,0,0,0,PT170,1111,,
171769,171769,171769,"Estr da Tojeira Frente 20",,,38.869358,-9.426464,,,0,,0,0,0,0,0,0,0,0,0,0,0,0,0,0,PT170,1111,,
171770,171770,171770,"Estr da Tojeira 20 (X) R Arroteia",,,38.869234,-9.426546,,,0,,0,0,0,0,0,0,0,0,0,0,0,0,0,0,PT170,1111,,
171771,171771,171771,"R Principal 13",,,38.8718573850825,-9.42655405716081,,,0,,0,0,0,0,0,0,0,0,0,0,0,0,0,0,PT170,1111,,
171772,171772,171772,"R Principal 18",,,38.8717959875723,-9.42669439432698,,,0,,0,0,0,0,0,0,0,0,0,0,0,0,0,0,PT170,1111,,
171773,171773,171773,"Largo Principal da Tojeira 7",,,38.873840273290575,-9.425314532933912,,,0,,0,0,0,0,0,0,0,0,0,0,0,0,0,0,PT170,1111,,
171775,171775,171775,"R da Igreja 15A",,,38.8695435667001,-9.42844651294606,,,0,,0,0,0,0,0,0,0,0,0,0,0,0,0,0,PT170,1111,,
171776,171776,171776,"R da Igreja 15A",,,38.8696273398013,-9.42830973358346,,,0,,0,0,0,0,0,0,0,0,0,0,0,0,0,0,PT170,1111,,
171779,171779,171779,"R dos Ganelos 10",,,38.8685,-9.43174,,,0,,0,0,0,0,0,0,0,0,0,0,0,0,0,0,PT170,1111,,
171781,171781,171781,"Estr de Santa Maria 107",,,38.867371,-9.43343,,,0,,0,0,0,0,0,0,0,0,0,0,0,0,0,0,PT170,1111,,
171782,171782,171782,"Estr de Santa Maria 107",,,38.867321278555,-9.43359576684268,,,0,,0,0,0,0,0,0,0,0,0,0,0,0,0,0,PT170,1111,,
171783,171783,171783,"Estr de Santa Maria 122",,,38.8675644434988,-9.43562029860914,,,0,,0,0,0,0,0,0,0,0,0,0,0,0,0,0,PT170,1111,,
171784,171784,171784,"Estr de Santa Maria 122",,,38.8675025473947,-9.43584993257435,,,0,,0,0,0,0,0,0,0,0,0,0,0,0,0,0,PT170,1111,,
171785,171785,171785,"Estr de Santa Maria 143",,,38.867121733541,-9.44202108479462,,,0,,0,0,0,0,0,0,0,0,0,0,0,0,0,0,PT170,1111,,
171786,171786,171786,"Estr de Santa Maria 143",,,38.867129776797,-9.44189758732916,,,0,,0,0,0,0,0,0,0,0,0,0,0,0,0,0,PT170,1111,,
171787,171787,171787,"Estr Sulanta Maria (X) R Pedregal Cima",,,38.8654126972192,-9.44608740787219,,,0,,0,0,0,0,0,0,0,0,0,0,0,0,0,0,PT170,1111,,
171788,171788,171788,"Estr Sulanta Maria (X) Pedregal de Cima",,,38.8653507108467,-9.4458518793552,,,0,,0,0,0,0,0,0,0,0,0,0,0,0,0,0,PT170,1111,,
171789,171789,171789,"Magoito (Praia)",,,38.8652995275334,-9.44881894625723,,,0,,0,0,0,0,0,0,0,0,0,0,0,0,0,0,PT170,1111,,
171790,171790,171790,"Magoito (Praia)",,,38.8651147903875,-9.4487979914993,,,0,,0,0,0,0,0,0,0,0,0,0,0,0,0,0,PT170,1111,,
171791,171791,171791,"Estr Sulanta Maria (Lgo do Magoito)",,,38.8675668685958,-9.43040309631222,,,0,,0,0,0,0,0,0,0,0,0,0,0,0,0,0,PT170,1111,,
171792,171792,171792,"Estr Sulanta Maria (Lgo do Magoito)",,,38.867685,-9.430884,,,0,,0,0,0,0,0,0,0,0,0,0,0,0,0,0,PT170,1111,,
171793,171793,171793,"R 25 de Abril (Casal do Monte)",,,38.807792,-9.388671,,,0,,0,0,0,0,0,0,0,0,0,0,0,0,0,0,PT170,1111,,
171794,171794,171794,"R 25 de Abril (Casal do Monte)",,,38.80772932826015,-9.388928156320636,,,0,,0,0,0,0,0,0,0,0,0,0,0,0,0,0,PT170,1111,,
171795,171795,171795,"R 25 de Abril Frente Monte Ciprestes",,,38.809269,-9.387559,,,0,,0,0,0,0,0,0,0,0,0,0,0,0,0,0,PT170,1111,,
171796,171796,171796,"R 25 de Abril Frente Monte Ciprestes",,,38.8093,-9.3878,,,0,,0,0,0,0,0,0,0,0,0,0,0,0,0,0,PT170,1111,,
171797,171797,171797,"R 25 de Abril (Casal da Recosta)",,,38.810386,-9.389341,,,0,,0,0,0,0,0,0,0,0,0,0,0,0,0,0,PT170,1111,,
171798,171798,171798,"R 25 de Abril (Casal da Recosta)",,,38.810339,-9.389399,,,0,,0,0,0,0,0,0,0,0,0,0,0,0,0,0,PT170,1111,,
171799,171799,171799,"R 25 Abril 31",,,38.8139,-9.39072,,,0,,0,0,0,0,0,0,0,0,0,0,0,0,0,0,PT170,1111,,
171800,171800,171800,"R 25 Abril 31",,,38.8139,-9.39077,,,0,,0,0,0,0,0,0,0,0,0,0,0,0,0,0,PT170,1111,,
171801,171801,171801,"R Dr Joaquim Fontes Frente N º 16",,,38.814993,-9.395749,,,0,,0,0,0,0,0,0,0,0,0,0,0,0,0,0,PT170,1111,,
171802,171802,171802,"R Dr Joaquim Fontes Frente N º 16",,,38.81499,-9.395668,,,0,,0,0,0,0,0,0,0,0,0,0,0,0,0,0,PT170,1111,,
171803,171803,171803,"R Dr Joaquim Fontes (X) R Ferr Castro",,,38.811611,-9.395458,,,0,,0,0,0,0,0,0,0,0,0,0,0,0,0,0,PT170,1111,,
171804,171804,171804,"R Dr Joaquim Fontes (X) R Ferr Castro",,,38.811445,-9.395392,,,0,,0,0,0,0,0,0,0,0,0,0,0,0,0,0,PT170,1111,,
171805,171805,171805,"R Prof Dr Joaquim Fontes 96 A",,,38.809208,-9.396349,,,0,,0,0,0,0,0,0,0,0,0,0,0,0,0,0,PT170,1111,,
171806,171806,171806,"R Prof Dr Joaquim Fontes 96 A",,,38.809188,-9.396227,,,0,,0,0,0,0,0,0,0,0,0,0,0,0,0,0,PT170,1111,,
171807,171807,171807,"R Prof Dr Joaquim Fontes (Chafariz)",,,38.807495,-9.397791,,,0,,0,0,0,0,0,0,0,0,0,0,0,0,0,0,PT170,1111,,
171809,171809,171809,"Estr de Madre Deus 46",,,38.807347,-9.399914,,,0,,0,0,0,0,0,0,0,0,0,0,0,0,0,0,PT170,1111,,
171810,171810,171810,"Estr de Madre Deus 46",,,38.807301,-9.400221,,,0,,0,0,0,0,0,0,0,0,0,0,0,0,0,0,PT170,1111,,
171811,171811,171811,"Estr de Madre Deus Frente 55",,,38.809071,-9.401768,,,0,,0,0,0,0,0,0,0,0,0,0,0,0,0,0,PT170,1111,,
171812,171812,171812,"Estr de Madre Deus Frente 55",,,38.809042,-9.401859,,,0,,0,0,0,0,0,0,0,0,0,0,0,0,0,0,PT170,1111,,
171813,171813,171813,"Estr de Madre Deus x Estr Labruscas",,,38.811532,-9.403674,,,0,,0,0,0,0,0,0,0,0,0,0,0,0,0,0,PT170,1111,,
171814,171814,171814,"Estr de Madre Deus x Estr Labruscas",,,38.81136,-9.403632,,,0,,0,0,0,0,0,0,0,0,0,0,0,0,0,0,PT170,1111,,
171815,171815,171815,"Estr de Madre Deus (X) R Bela Vista",,,38.813449,-9.405485,,,0,,0,0,0,0,0,0,0,0,0,0,0,0,0,0,PT170,1111,,
171817,171817,171817,"Estr de Madre Deus 158",,,38.815795,-9.405859,,,0,,0,0,0,0,0,0,0,0,0,0,0,0,0,0,PT170,1111,,
171818,171818,171818,"Estr de Madre Deus 107",,,38.815565,-9.405885,,,0,,0,0,0,0,0,0,0,0,0,0,0,0,0,0,PT170,1111,,
171819,171819,171819,"Estr de Madre Deus 194A",,,38.817118,-9.4065,,,0,,0,0,0,0,0,0,0,0,0,0,0,0,0,0,PT170,1111,,
171820,171820,171820,"Estr de Madre Deus 158",,,38.81722,-9.406603,,,0,,0,0,0,0,0,0,0,0,0,0,0,0,0,0,PT170,1111,,
171821,171821,171821,"Estr Principal 44 (Chafariz)",,,38.818218,-9.41155,,,0,,0,0,0,0,0,0,0,0,0,0,0,0,0,0,PT170,1111,,
171822,171822,171822,"Estr Principal 44 (Chafariz)",,,38.818,-9.41144,,,0,,0,0,0,0,0,0,0,0,0,0,0,0,0,0,PT170,1111,,
171823,171823,171823,"Estr Principal Frente 69",,,38.818,-9.41279,,,0,,0,0,0,0,0,0,0,0,0,0,0,0,0,0,PT170,1111,,
171824,171824,171824,"Estr Principal Frente 69",,,38.8179,-9.41275,,,0,,0,0,0,0,0,0,0,0,0,0,0,0,0,0,PT170,1111,,
171825,171825,171825,"Estr Principal (Escola Primária)",,,38.8159,-9.4151,,,0,,0,0,0,0,0,0,0,0,0,0,0,0,0,0,PT170,1111,,
171826,171826,171826,"Estr Principal Fte Esc Primária",,,38.815890449446535,-9.414816103378527,,,0,,0,0,0,0,0,0,0,0,0,0,0,0,0,0,PT170,1111,,
171827,171827,171827,"Estr Nafarros (X) R da Fonte Velha",,,38.81509016955311,-9.420575846305024,,,0,,0,0,0,0,0,0,0,0,0,0,0,0,0,0,PT170,1111,,
171828,171828,171828,"Estr Nafarros (X) R da Fonte Velha",,,38.815,-9.42068,,,0,,0,0,0,0,0,0,0,0,0,0,0,0,0,0,PT170,1111,,
171829,171829,171829,"Estr Nafarros 102 (Ad Saraiva)",,,38.8149,-9.42407,,,0,,0,0,0,0,0,0,0,0,0,0,0,0,0,0,PT170,1111,,
171830,171830,171830,"Estr Nafarros 102 (Ad Saraiva)",,,38.8149,-9.42408,,,0,,0,0,0,0,0,0,0,0,0,0,0,0,0,0,PT170,1111,,
171831,171831,171831,"Estr de Nafarros (X) R dos Martins",,,38.8146,-9.42537,,,0,,0,0,0,0,0,0,0,0,0,0,0,0,0,0,PT170,1111,,
171832,171832,171832,"Estr de Nafarros (X) R dos Martins",,,38.8146,-9.42534,,,0,,0,0,0,0,0,0,0,0,0,0,0,0,0,0,PT170,1111,,
171833,171833,171833,"Estr de Nafarros 146",,,38.8148,-9.42691,,,0,,0,0,0,0,0,0,0,0,0,0,0,0,0,0,PT170,1111,,
171834,171834,171834,"Estr de Nafarros 146",,,38.8148,-9.42687,,,0,,0,0,0,0,0,0,0,0,0,0,0,0,0,0,PT170,1111,,
171835,171835,171835,"Estr do Mercador 32 (Bº Totobola)",,,38.8117,-9.43316,,,0,,0,0,0,0,0,0,0,0,0,0,0,0,0,0,PT170,1111,,
171836,171836,171836,"Estr do Mercador 32 (Bº Totobola)",,,38.8117,-9.43315,,,0,,0,0,0,0,0,0,0,0,0,0,0,0,0,0,PT170,1111,,
171837,171837,171837,"R do Loureiro 35",,,38.8081,-9.44021,,,0,,0,0,0,0,0,0,0,0,0,0,0,0,0,0,PT170,1111,,
171838,171838,171838,"R do Loureiro 35",,,38.808,-9.44018,,,0,,0,0,0,0,0,0,0,0,0,0,0,0,0,0,PT170,1111,,
171839,171839,171839,"R Almerindo Lavrador 13",,,38.807,-9.44226,,,0,,0,0,0,0,0,0,0,0,0,0,0,0,0,0,PT170,1111,,
171840,171840,171840,"R Almerindo Lavrador 13",,,38.807,-9.44222,,,0,,0,0,0,0,0,0,0,0,0,0,0,0,0,0,PT170,1111,,
171841,171841,171841,"R da Liberdade 30",,,38.8068,-9.4434,,,0,,0,0,0,0,0,0,0,0,0,0,0,0,0,0,PT170,1111,,
171842,171842,171842,"R da Liberdade 30",,,38.8068,-9.44341,,,0,,0,0,0,0,0,0,0,0,0,0,0,0,0,0,PT170,1111,,
171843,171843,171843,"R da Liberdade 84",,,38.806224,-9.44755,,,0,,0,0,0,0,0,0,0,0,0,0,0,0,0,0,PT170,1111,,
171844,171844,171844,"R da Liberdade 84",,,38.8061,-9.44734,,,0,,0,0,0,0,0,0,0,0,0,0,0,0,0,0,PT170,1111,,
171845,171845,171845,"R da Liberdade 122",,,38.80625053161879,-9.449824728364908,,,0,,0,0,0,0,0,0,0,0,0,0,0,0,0,0,PT170,1111,,
171846,171846,171846,"R da Liberdade 87",,,38.80617698383993,-9.449739009339714,,,0,,0,0,0,0,0,0,0,0,0,0,0,0,0,0,PT170,1111,,
171847,171847,171847,"Estr do Rodízio Frente 4",,,38.799318,-9.466251,,,0,,0,0,0,0,0,0,0,0,0,0,0,0,0,0,PT170,1111,,
171848,171848,171848,"Estr do Rodízio Frente 4",,,38.7993,-9.46642,,,0,,0,0,0,0,0,0,0,0,0,0,0,0,0,0,PT170,1111,,
171849,171849,171849,"Estr do Rodízio 30",,,38.801,-9.46895,,,0,,0,0,0,0,0,0,0,0,0,0,0,0,0,0,PT170,1111,,
171850,171850,171850,"Estr do Rodízio 30",,,38.801071,-9.469106,,,0,,0,0,0,0,0,0,0,0,0,0,0,0,0,0,PT170,1111,,
171851,171851,171851,"Estr do Rodízio 51 Ft Qta Mar",,,38.8071,-9.4727,,,0,,0,0,0,0,0,0,0,0,0,0,0,0,0,0,PT170,1111,,
171852,171852,171852,"Estr do Rodízio 51 Ft Qta Mar",,,38.8071,-9.47275,,,0,,0,0,0,0,0,0,0,0,0,0,0,0,0,0,PT170,1111,,
171853,171853,171853,"Estr do Rodízio 85",,,38.8117,-9.4723,,,0,,0,0,0,0,0,0,0,0,0,0,0,0,0,0,PT170,1111,,
171854,171854,171854,"Estr do Rodízio 85",,,38.8117,-9.47235,,,0,,0,0,0,0,0,0,0,0,0,0,0,0,0,0,PT170,1111,,
171855,171855,171855,"Estr do Rodízio Frente 124",,,38.8166,-9.47218,,,0,,0,0,0,0,0,0,0,0,0,0,0,0,0,0,PT170,1111,,
171856,171856,171856,"Estr do Rodízio Frente 124",,,38.8166,-9.47223,,,0,,0,0,0,0,0,0,0,0,0,0,0,0,0,0,PT170,1111,,
171857,171857,171857,"Estr do Rodízio 147",,,38.819,-9.47203,,,0,,0,0,0,0,0,0,0,0,0,0,0,0,0,0,PT170,1111,,
171858,171858,171858,"Estr do Rodízio 147",,,38.819,-9.47208,,,0,,0,0,0,0,0,0,0,0,0,0,0,0,0,0,PT170,1111,,
171859,171859,171859,"Av Alfredo Coelho 11",,,38.8183770468459,-9.47379123419523,,,0,,0,0,0,0,0,0,0,0,0,0,0,0,0,0,PT170,1111,,
171860,171860,171860,"Av Alfredo Coelho 9",,,38.8184418389574,-9.4736304692924,,,0,,0,0,0,0,0,0,0,0,0,0,0,0,0,0,PT170,1111,,
171861,171861,171861,"Praia Grande",,,38.815674,-9.475841,,,0,,0,0,0,0,0,0,0,0,0,0,0,0,0,0,PT170,1111,,
171863,171863,171863,"Estr de Madre Deus 89",,,38.8134,-9.40556,,,0,,0,0,0,0,0,0,0,0,0,0,0,0,0,0,PT170,1111,,
171865,171865,171865,"R Prof Dr Joaquim Fontes (Chafariz)",,,38.8073,-9.39777,,,0,,0,0,0,0,0,0,0,0,0,0,0,0,0,0,PT170,1111,,
171868,171868,171868,"Av Almirante Gago Coutinho 43",,,38.7975759292021,-9.35011424124241,,,0,,0,0,0,0,0,0,0,0,0,0,0,0,0,0,PT170,1111,,
171870,171870,171870,"Av Alm Gago Coutinho (X)pct Capelo",,,38.79709745640235,-9.348510644059107,,,0,,0,0,0,0,0,0,0,0,0,0,0,0,0,0,PT170,1111,,
171871,171871,171871,"Av Chaby Pinheiro 31 (Atrium)",,,38.7967162812129,-9.34485401026905,,,0,,0,0,0,0,0,0,0,0,0,0,0,0,0,0,PT170,1111,,
171872,171872,171872,"Av Chaby Pinheiro 48",,,38.7967757508159,-9.3447785731405,,,0,,0,0,0,0,0,0,0,0,0,0,0,0,0,0,PT170,1111,,
171873,171873,171873,"Estr de Mem Martins 221",,,38.79375318202104,-9.344019424170256,,,0,,0,0,0,0,0,0,0,0,0,0,0,0,0,0,PT170,1111,,
171875,171875,171875,"Av Álvaro Vasconcelos (Clínica)",,,38.801427,-9.379834,,,0,,0,0,0,0,0,0,0,0,0,0,0,0,0,0,PT170,1111,,
171877,171877,171877,"Av Mov Forças Armadas frente Smas",,,38.800261,-9.380764,,,0,,0,0,0,0,0,0,0,0,0,0,0,0,0,0,PT170,1111,,
171878,171878,171878,"Av Mov Forças Armadas frente Smas",,,38.80019,-9.380604,,,0,,0,0,0,0,0,0,0,0,0,0,0,0,0,0,PT170,1111,,
171879,171879,171879,"Av Francisco Almeida (X) Largo Morais",,,38.79882625055315,-9.38141285441816,,,0,,0,0,0,0,0,0,0,0,0,0,0,0,0,0,PT170,1111,,
171880,171880,171880,"Av Francisco Almeida (X) Largo Morais",,,38.798687,-9.381292,,,0,,0,0,0,0,0,0,0,0,0,0,0,0,0,0,PT170,1111,,
171881,171881,171881,"Estr Ch Meninos 10 (Bonsai)",,,38.7957775499672,-9.37710137106478,,,0,,0,0,0,0,0,0,0,0,0,0,0,0,0,0,PT170,1111,,
171882,171882,171882,"Estr Ch Meninos 10 (Bonsai)",,,38.795835,-9.37679,,,0,,0,0,0,0,0,0,0,0,0,0,0,0,0,0,PT170,1111,,
171883,171883,171883,"Estr Chão de Meninos (X) R 5 de Outubro",,,38.7950153835118,-9.37498988583684,,,0,,0,0,0,0,0,0,0,0,0,0,0,0,0,0,PT170,1111,,
171884,171884,171884,"Estr Chão de Meninos (X) R 5 de Outubro",,,38.795131,-9.374853,,,0,,0,0,0,0,0,0,0,0,0,0,0,0,0,0,PT170,1111,,
171885,171885,171885,"Estr de Chão de Meninos 9",,,38.7932237517089,-9.37405128031969,,,0,,0,0,0,0,0,0,0,0,0,0,0,0,0,0,PT170,1111,,
171886,171886,171886,"Estr de Chão de Meninos 9",,,38.793198,-9.373802,,,0,,0,0,0,0,0,0,0,0,0,0,0,0,0,0,PT170,1111,,
171887,171887,171887,"R Escolas de Ranholas (Centro Emprego)",,,38.78278,-9.368906,,,0,,0,0,0,0,0,0,0,0,0,0,0,0,0,0,PT170,1111,,
171889,171889,171889,"R das Cevadinhas (Escola Nacional de Bombeiros)",,,38.781807,-9.370829,,,0,,0,0,0,0,0,0,0,0,0,0,0,0,0,0,PT170,1111,,
171891,171891,171891,"R Cevadinhas (Quinta das Túlipas)",,,38.784464,-9.374419,,,0,,0,0,0,0,0,0,0,0,0,0,0,0,0,0,PT170,1111,,
171893,171893,171893,"Av Alfredo César Torres (Col Ramalhão)",,,38.786787,-9.373433,,,0,,0,0,0,0,0,0,0,0,0,0,0,0,0,0,PT170,1111,,
171895,171895,171895,"Largo 1º Dezembro 1 (Chafariz)",,,38.7903340905905,-9.37717789784074,,,0,,0,0,0,0,0,0,0,0,0,0,0,0,0,0,PT170,1111,,
171897,171897,171897,"Largo d Manuel Arriaga 4",,,38.7908845720813,-9.3796250782907,,,0,,0,0,0,0,0,0,0,0,0,0,0,0,0,0,PT170,1111,,
171899,171899,171899,"Calçada de São Pedro (Junta Freguesia)",,,38.7917195353657,-9.38028414733708,,,0,,0,0,0,0,0,0,0,0,0,0,0,0,0,0,PT170,1111,,
171901,171901,171901,"Calçada São Pedro (Queijadas da Sapa)",,,38.7930190656334,-9.38078077509999,,,0,,0,0,0,0,0,0,0,0,0,0,0,0,0,0,PT170,1111,,
171903,171903,171903,"Lgo Sousa Brandão (Casa Cantoneiros)",,,38.7942016264424,-9.38310138881207,,,0,,0,0,0,0,0,0,0,0,0,0,0,0,0,0,PT170,1111,,
171905,171905,171905,"R Bernardim Ribeiro 4",,,38.7946497229859,-9.38538503833115,,,0,,0,0,0,0,0,0,0,0,0,0,0,0,0,0,PT170,1111,,
171907,171907,171907,"R Visc Monserrate (Palácio Valenças)",,,38.796308,-9.389118,,,0,,0,0,0,0,0,0,0,0,0,0,0,0,0,0,PT170,1111,,
171909,171909,171909,"Volta do Duche",,,38.796529,-9.389431,,,0,,0,0,0,0,0,0,0,0,0,0,0,0,0,0,PT170,1111,,
171911,171911,171911,"Volta do Duche Ft Parque da Liberdade",,,38.796455,-9.386566,,,0,,0,0,0,0,0,0,0,0,0,0,0,0,0,0,PT170,1111,,
171913,171913,171913,"Largo Virgílio Horta Ft câm Mun Sintra",,,38.798521,-9.388035,,,0,,0,0,0,0,0,0,0,0,0,0,0,0,0,0,PT170,1111,,
171917,171917,171917,"Av Dr Miguel Bombarda",,,38.80111938546249,-9.383466504514216,,,0,,0,0,0,0,0,0,0,0,0,0,0,0,0,0,PT170,1111,,
171919,171919,171919,"Av Movimento das Forças Armadas 48",,,38.800391,-9.379111,,,0,,0,0,0,0,0,0,0,0,0,0,0,0,0,0,PT170,1111,,
171921,171921,171921,"Av Mov F Armadas (Pcta 25 Abril)",,,38.800977,-9.376586,,,0,,0,0,0,0,0,0,0,0,0,0,0,0,0,0,PT170,1111,,
171923,171923,171923,"Sintra (Estação)",,,38.79982734924951,-9.385039553292602,,,0,,0,0,0,0,0,0,0,0,0,0,0,0,0,0,PT170,1111,,
171925,171925,171925,"Largo Carlos França",,,38.7949677323923,-9.39304240979254,,,0,,0,0,0,0,0,0,0,0,0,0,0,0,0,0,PT170,1111,,
171926,171926,171926,"Largo Ferreira Castro",,,38.7957693,-9.390661,,,0,,0,0,0,0,0,0,0,0,0,0,0,0,0,0,PT170,1111,,
171927,171927,171927,"Quinta da Regaleira",,,38.7961088027805,-9.39573207870126,,,0,,0,0,0,0,0,0,0,0,0,0,0,0,0,0,PT170,1111,,
171929,171929,171929,"R Barbosa Du Bocage (Palácio Seteais)",,,38.7960394425318,-9.39832828938961,,,0,,0,0,0,0,0,0,0,0,0,0,0,0,0,0,PT170,1111,,
171931,171931,171931,"R Visconde Monserrate (Qta Monserrate)",,,38.7907989849899,-9.410178624093533,,,0,,0,0,0,0,0,0,0,0,0,0,0,0,0,0,PT170,1111,,
171933,171933,171933,"Pq Monserrate (Palácio de Monserrate)",,,38.7918843235821,-9.419289752841,,,0,,0,0,0,0,0,0,0,0,0,0,0,0,0,0,PT170,1111,,
171934,171934,171934,"Estrada Nova Rainha (Gigarós)",,,38.795039,-9.434073,,,0,,0,0,0,0,0,0,0,0,0,0,0,0,0,0,PT170,1111,,
171935,171935,171935,"Av Dr Brandão Vasconcelos (Casas Novas)",,,38.7934123864397,-9.46485981345177,,,0,,0,0,0,0,0,0,0,0,0,0,0,0,0,0,PT170,1111,,
171936,171936,171936,"Av Dr Brandão Vasconcelos (Casas Novas)",,,38.793174,-9.464643,,,0,,0,0,0,0,0,0,0,0,0,0,0,0,0,0,PT170,1111,,
171937,171937,171937,"Av Dr Brandão Vasconcelos (Qta Arriaga)",,,38.7907551554963,-9.46006653830409,,,0,,0,0,0,0,0,0,0,0,0,0,0,0,0,0,PT170,1111,,
171938,171938,171938,"Av Dr Brandão Vasconcelos (Qta Alto)",,,38.7907994957641,-9.45995036512613,,,0,,0,0,0,0,0,0,0,0,0,0,0,0,0,0,PT170,1111,,
171939,171939,171939,"Av Dr Brandão Vasconcelos (Pé da Serra)",,,38.788798,-9.461093,,,0,,0,0,0,0,0,0,0,0,0,0,0,0,0,0,PT170,1111,,
171940,171940,171940,"Av Dr Brandão Vasconcelos (Pé da Serra)",,,38.788769,-9.460967,,,0,,0,0,0,0,0,0,0,0,0,0,0,0,0,0,PT170,1111,,
171941,171941,171941,"Estr do Cabo da Roca (X) Azóia",,,38.7728592054918,-9.47636883705854,,,0,,0,0,0,0,0,0,0,0,0,0,0,0,0,0,PT170,1111,,
171942,171942,171942,"Estr do Cabo da Roca (X)",,,38.7723846221343,-9.4766181986779,,,0,,0,0,0,0,0,0,0,0,0,0,0,0,0,0,PT170,1111,,
171943,171943,171943,"Estr Cabo da Roca (Casa do Moinho)",,,38.77430763302296,-9.479941120371222,,,0,,0,0,0,0,0,0,0,0,0,0,0,0,0,0,PT170,1111,,
171944,171944,171944,"Estr Cabo da Roca (Casa do Moinho)",,,38.7742302333936,-9.479985125362871,,,0,,0,0,0,0,0,0,0,0,0,0,0,0,0,0,PT170,1111,,
171945,171945,171945,"Estr do Cabo da Roca (Chafariz)",,,38.77633378907362,-9.48128616437316,,,0,,0,0,0,0,0,0,0,0,0,0,0,0,0,0,PT170,1111,,
171946,171946,171946,"Estr do Cabo da Roca (Chafariz)",,,38.77639530412212,-9.481434524059296,,,0,,0,0,0,0,0,0,0,0,0,0,0,0,0,0,PT170,1111,,
171947,171947,171947,"Estr do Cabo da Roca frente 2",,,38.7789336126298,-9.48240581899881,,,0,,0,0,0,0,0,0,0,0,0,0,0,0,0,0,PT170,1111,,
171948,171948,171948,"Estr do Cabo da Roca 2",,,38.7789232609794,-9.48245686478913,,,0,,0,0,0,0,0,0,0,0,0,0,0,0,0,0,PT170,1111,,
171949,171949,171949,"Estr do Cabo da Roca (X) Ursa",,,38.783055706881,-9.48813510127366,,,0,,0,0,0,0,0,0,0,0,0,0,0,0,0,0,PT170,1111,,
171950,171950,171950,"Estr do Cabo da Roca (X) Ursa",,,38.7830767454579,-9.48789428919554,,,0,,0,0,0,0,0,0,0,0,0,0,0,0,0,0,PT170,1111,,
171951,171951,171951,"Cabo da Roca",,,38.7811408611014,-9.4971209205687,,,0,,0,0,0,0,0,0,0,0,0,0,0,0,0,0,PT170,1111,,
171953,171953,171953,"R Alfredo da Costa 57",,,38.8005258981138,-9.38458196818829,,,0,,0,0,0,0,0,0,0,0,0,0,0,0,0,0,PT170,1111,,
171955,171955,171955,"Av Maestro Fred Freitas (X) EN 375",,,38.8187649613246,-9.46673928759992,,,0,,0,0,0,0,0,0,0,0,0,0,0,0,0,0,PT170,1111,,
171956,171956,171956,"Av Maestro Fred Freitas (X) EN375",,,38.8187193637714,-9.4669942650944,,,0,,0,0,0,0,0,0,0,0,0,0,0,0,0,0,PT170,1111,,
171957,171957,171957,"Av Maestro F Freitas - Pq Campismo",,,38.8192990142852,-9.47142133489251,,,0,,0,0,0,0,0,0,0,0,0,0,0,0,0,0,PT170,1111,,
171958,171958,171958,"Av Maestro F Freitas (Pq Campismo)",,,38.8192554702982,-9.47143776342273,,,0,,0,0,0,0,0,0,0,0,0,0,0,0,0,0,PT170,1111,,
171959,171959,171959,"Rebanque (R Festa 18)",,,38.87906133938844,-9.323719776719324,,,0,,0,0,0,0,0,0,0,0,0,0,0,0,0,0,PT170,1111,,
171961,171961,171961,"Av 20 de Fevereiro 204",,,38.877963,-9.324738,,,0,,0,0,0,0,0,0,0,0,0,0,0,0,0,0,PT170,1111,,
171962,171962,171962,"Av 20 de Fevereiro 199",,,38.8779134117067,-9.3247539550066,,,0,,0,0,0,0,0,0,0,0,0,0,0,0,0,0,PT170,1111,,
171963,171963,171963,"EN9 (X) Av 20 de Fevereiro",,,38.877528,-9.329751,,,0,,0,0,0,0,0,0,0,0,0,0,0,0,0,0,PT170,1111,,
171964,171964,171964,"Av 20 Fevereiro (X) N9",,,38.8776471186429,-9.32931086048484,,,0,,0,0,0,0,0,0,0,0,0,0,0,0,0,0,PT170,1111,,
171965,171965,171965,"R Cruz das Moças 11",,,38.8724095607176,-9.3288915976882,,,0,,0,0,0,0,0,0,0,0,0,0,0,0,0,0,PT170,1111,,
171966,171966,171966,"R Cruz das Moças 11",,,38.8724546972662,-9.32882479391992,,,0,,0,0,0,0,0,0,0,0,0,0,0,0,0,0,PT170,1111,,
171967,171967,171967,"Montelavar (Cemitério)",,,38.8673486514017,-9.32843604125082,,,0,,0,0,0,0,0,0,0,0,0,0,0,0,0,0,PT170,1111,,
171968,171968,171968,"Montelavar (Cemitério)",,,38.867243,-9.328387,,,0,,0,0,0,0,0,0,0,0,0,0,0,0,0,0,PT170,1111,,
171969,171969,171969,"Av 1 Dezembro (X) Trav Sul",,,38.853914430365,-9.32574704289436,,,0,,0,0,0,0,0,0,0,0,0,0,0,0,0,0,PT170,1111,,
171971,171971,171971,"Av Marquês Pombal 35",,,38.8490412337705,-9.32114110328257,,,0,,0,0,0,0,0,0,0,0,0,0,0,0,0,0,PT170,1111,,
171972,171972,171972,"Av Marquês Pombal 35",,,38.8497047033161,-9.32204551063478,,,0,,0,0,0,0,0,0,0,0,0,0,0,0,0,0,PT170,1111,,
171973,171973,171973,"Av Marquês Pombal 72",,,38.8453719718382,-9.3190382514149,,,0,,0,0,0,0,0,0,0,0,0,0,0,0,0,0,PT170,1111,,
171974,171974,171974,"Morelena (Largo)",,,38.84699076438692,-9.31879903189838,,,0,,0,0,0,0,0,0,0,0,0,0,0,0,0,0,PT170,1111,,
171975,171975,171975,"Av Marquês Pombal (X) R Castelo Pigão",,,38.8427904294804,-9.31735273450613,,,0,,0,0,0,0,0,0,0,0,0,0,0,0,0,0,PT170,1111,,
171976,171976,171976,"Av Marquês Pombal (X) R Castelo Pigão",,,38.8425623159856,-9.31718836538494,,,0,,0,0,0,0,0,0,0,0,0,0,0,0,0,0,PT170,1111,,
171977,171977,171977,"Av Marquês Pombal (X) R 29 Junho",,,38.8405261421576,-9.31497554294765,,,0,,0,0,0,0,0,0,0,0,0,0,0,0,0,0,PT170,1111,,
171978,171978,171978,"Av Marquês Pombal (X) R 29 Junho",,,38.8405677583069,-9.314852245152,,,0,,0,0,0,0,0,0,0,0,0,0,0,0,0,0,PT170,1111,,
171979,171979,171979,"R de Santo António 2",,,38.8350350735709,-9.30992209352553,,,0,,0,0,0,0,0,0,0,0,0,0,0,0,0,0,PT170,1111,,
171980,171980,171980,"R de António (X) Av Marquês de Pombal",,,38.8350363308564,-9.30984305217862,,,0,,0,0,0,0,0,0,0,0,0,0,0,0,0,0,PT170,1111,,
171981,171981,171981,"R República (X) qta Santa Cecília 143",,,38.8348624901846,-9.31412972509861,,,0,,0,0,0,0,0,0,0,0,0,0,0,0,0,0,PT170,1111,,
171982,171982,171982,"R da República (Qta Santa Cecília 143)",,,38.8348208321258,-9.31423072703183,,,0,,0,0,0,0,0,0,0,0,0,0,0,0,0,0,PT170,1111,,
171983,171983,171983,"R da República (X) R da Pedreira",,,38.8337670592591,-9.32013561017811,,,0,,0,0,0,0,0,0,0,0,0,0,0,0,0,0,PT170,1111,,
171984,171984,171984,"R da República (Vv Casal do Marafim)",,,38.8338234275579,-9.31994626298547,,,0,,0,0,0,0,0,0,0,0,0,0,0,0,0,0,PT170,1111,,
171985,171985,171985,"Caminho da Cortegaça (Escola)",,,38.8320032134652,-9.32300414890051,,,0,,0,0,0,0,0,0,0,0,0,0,0,0,0,0,PT170,1111,,
171986,171986,171986,"Caminho de Cortegaça (X) R República",,,38.832189,-9.323023,,,0,,0,0,0,0,0,0,0,0,0,0,0,0,0,0,PT170,1111,,
171987,171987,171987,"Av Nª Srª da Luz 9",,,38.8301640143618,-9.32228171266615,,,0,,0,0,0,0,0,0,0,0,0,0,0,0,0,0,PT170,1111,,
171988,171988,171988,"Av Nª Srª da Luz 9",,,38.8301801914349,-9.32224005460739,,,0,,0,0,0,0,0,0,0,0,0,0,0,0,0,0,PT170,1111,,
171989,171989,171989,"Caminho de Cortegaça (X) R República",,,38.8320398842916,-9.32305083610117,,,0,,0,0,0,0,0,0,0,0,0,0,0,0,0,0,PT170,1111,,
171991,171991,171991,"Caminho da Cortegaça (Aqueduto)",,,38.8412027293816,-9.329440779984,,,0,,0,0,0,0,0,0,0,0,0,0,0,0,0,0,PT170,1111,,
171992,171992,171992,"Caminho da Cortegaça (Aqueduto)",,,38.841335,-9.329673,,,0,,0,0,0,0,0,0,0,0,0,0,0,0,0,0,PT170,1111,,
171993,171993,171993,"Caminho da Cortegaça (Lavadouro)",,,38.8458311324939,-9.33329050429165,,,0,,0,0,0,0,0,0,0,0,0,0,0,0,0,0,PT170,1111,,
171994,171994,171994,"Caminho da Cortegaça (Lavadouro)",,,38.8457478163764,-9.33336216956377,,,0,,0,0,0,0,0,0,0,0,0,0,0,0,0,0,PT170,1111,,
171995,171995,171995,"Av do Ferragial 10A",,,38.8456146698445,-9.3353499379009,,,0,,0,0,0,0,0,0,0,0,0,0,0,0,0,0,PT170,1111,,
171996,171996,171996,"Av do Ferragial 10A",,,38.8455686116282,-9.33542381381798,,,0,,0,0,0,0,0,0,0,0,0,0,0,0,0,0,PT170,1111,,
171997,171997,171997,"Av C Ultramar (X) R José P T sequeira",,,38.8464030716568,-9.33829366229475,,,0,,0,0,0,0,0,0,0,0,0,0,0,0,0,0,PT170,1111,,
171998,171998,171998,"Av Combatentes do Ultramar (Fte Café)",,,38.8464942740282,-9.338603410959449,,,0,,0,0,0,0,0,0,0,0,0,0,0,0,0,0,PT170,1111,,
171999,171999,171999,"Av Combatentes do Ultramar 158",,,38.8464730186388,-9.34278485365212,,,0,,0,0,0,0,0,0,0,0,0,0,0,0,0,0,PT170,1111,,
172000,172000,172000,"Av Combatentes do Ultramar 158",,,38.8464216794819,-9.34274478815496,,,0,,0,0,0,0,0,0,0,0,0,0,0,0,0,0,PT170,1111,,
172001,172001,172001,"Av Comb do Ultramar (X) Av da Armenha",,,38.8470211112872,-9.34647875837982,,,0,,0,0,0,0,0,0,0,0,0,0,0,0,0,0,PT170,1111,,
172002,172002,172002,"Av Combatentes do Ultramar (X) Av da Armenha",,,38.846977,-9.346532,,,0,,0,0,0,0,0,0,0,0,0,0,0,0,0,0,PT170,1111,,
172003,172003,172003,"Lg Visconde Asseca",,,38.851327,-9.344847,,,0,,0,0,0,0,0,0,0,0,0,0,0,0,0,0,PT170,1111,,
172005,172005,172005,"Av Combatentes do Ultramar 204",,,38.8465966098011,-9.34762540273368,,,0,,0,0,0,0,0,0,0,0,0,0,0,0,0,0,PT170,1111,,
172006,172006,172006,"Av Combatentes do Ultramar 204",,,38.84659,-9.347501,,,0,,0,0,0,0,0,0,0,0,0,0,0,0,0,0,PT170,1111,,
172007,172007,172007,"Av Combatentes do Ultramar (X) EN9",,,38.844052,-9.350366,,,0,,0,0,0,0,0,0,0,0,0,0,0,0,0,0,PT170,1111,,
172008,172008,172008,"Av Combatentes do Ultramar (X) EN9",,,38.844127,-9.350198,,,0,,0,0,0,0,0,0,0,0,0,0,0,0,0,0,PT170,1111,,
172009,172009,172009,"Av 25 Abril (X) N9",,,38.8347966503352,-9.35756089165807,,,0,,0,0,0,0,0,0,0,0,0,0,0,0,0,0,PT170,1111,,
172010,172010,172010,"Av 25 Abril (X) N9",,,38.834723,-9.357584,,,0,,0,0,0,0,0,0,0,0,0,0,0,0,0,0,PT170,1111,,
172011,172011,172011,"Av 25 Abril 95",,,38.8341131061316,-9.36138270422816,,,0,,0,0,0,0,0,0,0,0,0,0,0,0,0,0,PT170,1111,,
172012,172012,172012,"Av 25 Abril 95",,,38.8340365374461,-9.36133459210396,,,0,,0,0,0,0,0,0,0,0,0,0,0,0,0,0,PT170,1111,,
172013,172013,172013,"R Casal da Ligeira 20",,,38.829418066889,-9.36062523163855,,,0,,0,0,0,0,0,0,0,0,0,0,0,0,0,0,PT170,1111,,
172014,172014,172014,"R Casal da Ligeira 20",,,38.8283335743472,-9.36092362739146,,,0,,0,0,0,0,0,0,0,0,0,0,0,0,0,0,PT170,1111,,
172015,172015,172015,"Av Dom António Correia de Sá 18",,,38.827585,-9.359994,,,0,,0,0,0,0,0,0,0,0,0,0,0,0,0,0,PT170,1111,,
172016,172016,172016,"Av Dom António Correia de Sá 18",,,38.8275851961225,-9.35980087146163,,,0,,0,0,0,0,0,0,0,0,0,0,0,0,0,0,PT170,1111,,
172017,172017,172017,"Av Dom António Correia de Sá 4",,,38.82725,-9.358228,,,0,,0,0,0,0,0,0,0,0,0,0,0,0,0,0,PT170,1111,,
172018,172018,172018,"Av Dom António Correia Sá 6",,,38.8273579612075,-9.35835561175697,,,0,,0,0,0,0,0,0,0,0,0,0,0,0,0,0,PT170,1111,,
172019,172019,172019,"R Alto Pina 40",,,38.8584119081497,-9.32419722899795,,,0,,0,0,0,0,0,0,0,0,0,0,0,0,0,0,PT170,1111,,
172021,172021,172021,"Fonte Aranha (X) R das Sargaceiras",,,38.82669028753056,-9.27763439545022,,,0,,0,0,0,0,0,0,0,0,0,0,0,0,0,0,PT170,1111,,
172022,172022,172022,"R Fonte Aranha (X) R das Sargaceiras",,,38.8268970837817,-9.27766559645534,,,0,,0,0,0,0,0,0,0,0,0,0,0,0,0,0,PT170,1111,,
172025,172025,172025,"Estr Parque 40",,,38.8306406512856,-9.26839621737599,,,0,,0,0,0,0,0,0,0,0,0,0,0,0,0,0,PT170,1111,,
172026,172026,172026,"Estr Parque 3",,,38.8305968558416,-9.26820846274495,,,0,,0,0,0,0,0,0,0,0,0,0,0,0,0,0,PT170,1111,,
172027,172027,172027,"Estr Parque (Parque Campismo)",,,38.826242540963,-9.2647937592119,,,0,,0,0,0,0,0,0,0,0,0,0,0,0,0,0,PT170,1111,,
172028,172028,172028,"Estr Parque (Parque Campismo)",,,38.8262765714899,-9.26480532623827,,,0,,0,0,0,0,0,0,0,0,0,0,0,0,0,0,PT170,1111,,
172029,172029,172029,"Estr Parque (Casal Brejo)",,,38.8216827996168,-9.256150424480438,,,0,,0,0,0,0,0,0,0,0,0,0,0,0,0,0,PT170,1111,,
172031,172031,172031,"EN 250 (X) R Principal de Dona Maria",,,38.8059998676181,-9.24228449352086,,,0,,0,0,0,0,0,0,0,0,0,0,0,0,0,0,PT170,1111,,
172033,172033,172033,"EN 250 (Viaduto Crel)",,,38.8016663398594,-9.23966347239912,,,0,,0,0,0,0,0,0,0,0,0,0,0,0,0,0,PT170,1111,,
172034,172034,172034,"EN 250 (Viaduto Crel)",,,38.8016787031665,-9.239581245929,,,0,,0,0,0,0,0,0,0,0,0,0,0,0,0,0,PT170,1111,,
172035,172035,172035,"EN 250 (Ribeira de Alcantara)",,,38.79257160493208,-9.244464039802551,,,0,,0,0,0,0,0,0,0,0,0,0,0,0,0,0,PT170,1111,,
172037,172037,172037,"Estr Carenque 21d",,,38.7662181816995,-9.25124013796449,,,0,,0,0,0,0,0,0,0,0,0,0,0,0,0,0,PT170,1111,,
172038,172038,172038,"Estr Carenque 21",,,38.76631585857498,-9.250995721668003,,,0,,0,0,0,0,0,0,0,0,0,0,0,0,0,0,PT170,1111,,
172039,172039,172039,"Carenque (X) Bica Costa",,,38.7639699876308,-9.25185453146696,,,0,,0,0,0,0,0,0,0,0,0,0,0,0,0,0,PT170,1111,,
172041,172041,172041,"Carenque (X) Bica Costa",,,38.7642411002889,-9.2518472392112,,,0,,0,0,0,0,0,0,0,0,0,0,0,0,0,0,PT170,1111,,
172043,172043,172043,"EN 250 (X) R Berlim",,,38.7965529618203,-9.24061279695178,,,0,,0,0,0,0,0,0,0,0,0,0,0,0,0,0,PT170,1111,,
172045,172045,172045,"Estr Parque (Casal Brejo)",,,38.8218275411054,-9.25633952021599,,,0,,0,0,0,0,0,0,0,0,0,0,0,0,0,0,PT170,1111,,
172047,172047,172047,"Av Gen Humb Delgado 86",,,38.8502086652443,-9.26398448646069,,,0,,0,0,0,0,0,0,0,0,0,0,0,0,0,0,PT170,1111,,
172048,172048,172048,"Av Gen Humb Delgado 83",,,38.8502532569692,-9.26414919085801,,,0,,0,0,0,0,0,0,0,0,0,0,0,0,0,0,PT170,1111,,
172049,172049,172049,"Av Brasil 42A",,,38.80257310402859,-9.23062685979207,,,0,,0,0,0,0,0,0,0,0,0,0,0,0,0,0,PT170,1111,,
172051,172051,172051,"Av Brasil 68 (Fte Jardim Infância)",,,38.80259262855124,-9.232631885663682,,,0,,0,0,0,0,0,0,0,0,0,0,0,0,0,0,PT170,1111,,
172053,172053,172053,"Av Moçambique (Parq Casal Cambra)",,,38.8001941004768,-9.2334458604455,,,0,,0,0,0,0,0,0,0,0,0,0,0,0,0,0,PT170,1111,,
172054,172054,172054,"Av Moçambique 18",,,38.8002326153219,-9.23335768282413,,,0,,0,0,0,0,0,0,0,0,0,0,0,0,0,0,PT170,1111,,
172055,172055,172055,"Fte Palácio Queluz",,,38.74969046511284,-9.256728921658626,,,0,,0,0,0,0,0,0,0,0,0,0,0,0,0,0,PT170,1111,,
172057,172057,172057,"Queluz (Palácio)",,,38.7502105906606,-9.2572383955121,,,0,,0,0,0,0,0,0,0,0,0,0,0,0,0,0,PT170,1111,,
172059,172059,172059,"R Heliodoro Salgado 2",,,38.752372,-9.257069,,,0,,0,0,0,0,0,0,0,0,0,0,0,0,0,0,PT170,1111,,
172061,172061,172061,"Av Conde Almeida Araújo 12",,,38.7537752045318,-9.25566787831485,,,0,,0,0,0,0,0,0,0,0,0,0,0,0,0,0,PT170,1111,,
172063,172063,172063,"Av C Almeida Araujo (Jta Freguesia)",,,38.7549280514941,-9.2550767865032,,,0,,0,0,0,0,0,0,0,0,0,0,0,0,0,0,PT170,1111,,
172065,172065,172065,"Av D Pedro IV (Bomb V Queluz)",,,38.756446521385605,-9.2504261713475,,,0,,0,0,0,0,0,0,0,0,0,0,0,0,0,0,PT170,1111,,
172066,172066,172066,"Av D Pedro IV 8",,,38.75659604283221,-9.250020738691092,,,0,,0,0,0,0,0,0,0,0,0,0,0,0,0,0,PT170,1111,,
172067,172067,172067,"Av Republica 55",,,38.7538907071576,-9.25606065429747,,,0,,0,0,0,0,0,0,0,0,0,0,0,0,0,0,PT170,1111,,
172069,172069,172069,"Av Republica 1",,,38.7522285338491,-9.25782286562026,,,0,,0,0,0,0,0,0,0,0,0,0,0,0,0,0,PT170,1111,,
172071,172071,172071,"Av Paiva Couceiro (Supermercado)",,,38.75427070361047,-9.253323124721646,,,0,,0,0,0,0,0,0,0,0,0,0,0,0,0,0,PT170,1111,,
172073,172073,172073,"Av Paiva Couceiro (Escola)",,,38.75459348934121,-9.252521060407162,,,0,,0,0,0,0,0,0,0,0,0,0,0,0,0,0,PT170,1111,,
172077,172077,172077,"Queluz (Cemitério)",,,38.7411333333333,-9.25526666666667,,,0,,0,0,0,0,0,0,0,0,0,0,0,0,0,0,PT170,1111,,
172079,172079,172079,"R Bica Costa 31",,,38.76432993836101,-9.252732769346242,,,0,,0,0,0,0,0,0,0,0,0,0,0,0,0,0,PT170,1111,,
172080,172080,172080,"R Bica Costa(x)r Arnaldo Fernan Almei",,,38.7645,-9.25328333333333,,,0,,0,0,0,0,0,0,0,0,0,0,0,0,0,0,PT170,1111,,
172081,172081,172081,"Carregueira (Quartel)",,,38.7864,-9.29448333333333,,,0,,0,0,0,0,0,0,0,0,0,0,0,0,0,0,PT170,1111,,
172082,172082,172082,"Carregueira (Quartel)",,,38.7859666666667,-9.2941,,,0,,0,0,0,0,0,0,0,0,0,0,0,0,0,0,PT170,1111,,
172085,172085,172085,"R Barnabé a Ferreira (Entrada Olelas)",,,38.8258166666667,-9.29905,,,0,,0,0,0,0,0,0,0,0,0,0,0,0,0,0,PT170,1111,,
172086,172086,172086,"R Barnabé a Ferreira (Entrada Olelas)",,,38.82570490703731,-9.29906046946484,,,0,,0,0,0,0,0,0,0,0,0,0,0,0,0,0,PT170,1111,,
172087,172087,172087,"R Fábricas Fte 24",,,38.8270833333333,-9.29678333333333,,,0,,0,0,0,0,0,0,0,0,0,0,0,0,0,0,PT170,1111,,
172088,172088,172088,"R Fábricas Fte 24",,,38.8272666666667,-9.29668333333333,,,0,,0,0,0,0,0,0,0,0,0,0,0,0,0,0,PT170,1111,,
172089,172089,172089,"R Olelas (X) R Manos",,,38.83325,-9.2909,,,0,,0,0,0,0,0,0,0,0,0,0,0,0,0,0,PT170,1111,,
172091,172091,172091,"R da Serra Fte 28",,,38.8344,-9.2898,,,0,,0,0,0,0,0,0,0,0,0,0,0,0,0,0,PT170,1111,,
172093,172093,172093,"R da Serra (X) R das Cordas",,,38.8355438754036,-9.291568386904398,,,0,,0,0,0,0,0,0,0,0,0,0,0,0,0,0,PT170,1111,,
172095,172095,172095,"R Cordas (Vivendas)",,,38.8328833333333,-9.29288333333333,,,0,,0,0,0,0,0,0,0,0,0,0,0,0,0,0,PT170,1111,,
172097,172097,172097,"Palmeiros",,,38.83425,-9.30883333333333,,,0,,0,0,0,0,0,0,0,0,0,0,0,0,0,0,PT170,1111,,
172098,172098,172098,"Palmeiros",,,38.83435,-9.30911666666667,,,0,,0,0,0,0,0,0,0,0,0,0,0,0,0,0,PT170,1111,,
172099,172099,172099,"Av da Liberdade Fte 113",,,38.858384,-9.326062,,,0,,0,0,0,0,0,0,0,0,0,0,0,0,0,0,PT170,1111,,
172100,172100,172100,"Av da Liberdade 113",,,38.858382,-9.326144,,,0,,0,0,0,0,0,0,0,0,0,0,0,0,0,0,PT170,1111,,
172105,172105,172105,"Monte Abraão (Estação) P5",,,38.755657977753074,-9.266028590527055,,,0,,0,0,0,0,0,0,0,0,0,0,0,0,0,0,PT170,1111,,
172109,172109,172109,"R Carlos Pinhão 36",,,38.7665387056768,-9.2572056222707,,,0,,0,0,0,0,0,0,0,0,0,0,0,0,0,0,PT170,1111,,
172111,172111,172111,"R D Moisés Costa Amaral (Escola)",,,38.7682119430974,-9.25587876699865,,,0,,0,0,0,0,0,0,0,0,0,0,0,0,0,0,PT170,1111,,
172113,172113,172113,"R Aquario Mirante B7",,,38.7680993322283,-9.25426265224814,,,0,,0,0,0,0,0,0,0,0,0,0,0,0,0,0,PT170,1111,,
172115,172115,172115,"R Aquario Mirante59",,,38.7658168561757,-9.25426625646651,,,0,,0,0,0,0,0,0,0,0,0,0,0,0,0,0,PT170,1111,,
172117,172117,172117,"R Moínhos 24",,,38.761535499812354,-9.253326812759042,,,0,,0,0,0,0,0,0,0,0,0,0,0,0,0,0,PT170,1111,,
172119,172119,172119,"R Sol (X) R Tomas Costa",,,38.7621980952099,-9.25441922619939,,,0,,0,0,0,0,0,0,0,0,0,0,0,0,0,0,PT170,1111,,
172121,172121,172121,"R Bastos Nunes 21",,,38.7640326004475,-9.2547741997987,,,0,,0,0,0,0,0,0,0,0,0,0,0,0,0,0,PT170,1111,,
172123,172123,172123,"Av Lisboa (X) R D João I",,,38.796187,-9.228717,,,0,,0,0,0,0,0,0,0,0,0,0,0,0,0,0,PT170,1111,,
172125,172125,172125,"Av Lisboa 26D",,,38.79803795662083,-9.22850988587914,,,0,,0,0,0,0,0,0,0,0,0,0,0,0,0,0,PT170,1111,,
172127,172127,172127,"R Lyon 4A",,,38.79610425148248,-9.233633112162352,,,0,,0,0,0,0,0,0,0,0,0,0,0,0,0,0,PT170,1111,,
172129,172129,172129,"Av Dinamarca 169",,,38.80434113409859,-9.229247029870749,,,0,,0,0,0,0,0,0,0,0,0,0,0,0,0,0,PT170,1111,,
172131,172131,172131,"R de Berlim",,,38.796885,-9.236426,,,0,,0,0,0,0,0,0,0,0,0,0,0,0,0,0,PT170,1111,,
172133,172133,172133,"Serra Casal Cambra (Saida)",,,38.7925526546314,-9.24482295289636,,,0,,0,0,0,0,0,0,0,0,0,0,0,0,0,0,PT170,1111,,
172134,172134,172134,"Serra Ccambr (Saida)",,,38.7923590715826,-9.244634443894029,,,0,,0,0,0,0,0,0,0,0,0,0,0,0,0,0,PT170,1111,,
172135,172135,172135,"R Principal (X) R Infante Sagres",,,38.796244301263656,-9.248231621459126,,,0,,0,0,0,0,0,0,0,0,0,0,0,0,0,0,PT170,1111,,
172137,172137,172137,"R Principal (X) R Infante Sagres",,,38.7956676213071,-9.24999081529677,,,0,,0,0,0,0,0,0,0,0,0,0,0,0,0,0,PT170,1111,,
172139,172139,172139,"R Principal 38",,,38.7962633231655,-9.25248661078513,,,0,,0,0,0,0,0,0,0,0,0,0,0,0,0,0,PT170,1111,,
172141,172141,172141,"R Principal 39",,,38.7982110260054,-9.25329831428826,,,0,,0,0,0,0,0,0,0,0,0,0,0,0,0,0,PT170,1111,,
172143,172143,172143,"R Principal 80",,,38.8030531257391,-9.25345572642982,,,0,,0,0,0,0,0,0,0,0,0,0,0,0,0,0,PT170,1111,,
172145,172145,172145,"R Inf Sagres 38 (X) R Florbela Espanca",,,38.8018749654293,-9.25135815516114,,,0,,0,0,0,0,0,0,0,0,0,0,0,0,0,0,PT170,1111,,
172147,172147,172147,"R Infante Sagres 21 (X) Trav Boa Vista",,,38.7996825110167,-9.2511270660907,,,0,,0,0,0,0,0,0,0,0,0,0,0,0,0,0,PT170,1111,,
172149,172149,172149,"R Inf Sagres (X) R Afonso Albuquerque",,,38.7983643310145,-9.24985486082733,,,0,,0,0,0,0,0,0,0,0,0,0,0,0,0,0,PT170,1111,,
172151,172151,172151,"Serra C Cambra",,,38.79629183320278,-9.248564718291163,,,0,,0,0,0,0,0,0,0,0,0,0,0,0,0,0,PT170,1111,,
172153,172153,172153,"EN 250 6",,,38.7823280738667,-9.24699361436069,,,0,,0,0,0,0,0,0,0,0,0,0,0,0,0,0,PT170,1111,,
172154,172154,172154,"EN 250 6",,,38.782123322842,-9.247176507487891,,,0,,0,0,0,0,0,0,0,0,0,0,0,0,0,0,PT170,1111,,
172155,172155,172155,"EN 250 34",,,38.781569134444,-9.2501582019031,,,0,,0,0,0,0,0,0,0,0,0,0,0,0,0,0,PT170,1111,,
172156,172156,172156,"EN 250 34",,,38.78146869898667,-9.250035658478737,,,0,,0,0,0,0,0,0,0,0,0,0,0,0,0,0,PT170,1111,,
172157,172157,172157,"EN 250 79 (Ferro Velho)",,,38.782255330467486,-9.253636440262198,,,0,,0,0,0,0,0,0,0,0,0,0,0,0,0,0,PT170,1111,,
172158,172158,172158,"EN 250 79 (Ferro Velho)",,,38.78218671492047,-9.253821931779385,,,0,,0,0,0,0,0,0,0,0,0,0,0,0,0,0,PT170,1111,,
172159,172159,172159,"EN 250 118",,,38.7822091765702,-9.25626684911549,,,0,,0,0,0,0,0,0,0,0,0,0,0,0,0,0,PT170,1111,,
172160,172160,172160,"EN 250 118",,,38.78211910241304,-9.25664160400629,,,0,,0,0,0,0,0,0,0,0,0,0,0,0,0,0,PT170,1111,,
172161,172161,172161,"Serra Silveira",,,38.7801598012447,-9.25500428304076,,,0,,0,0,0,0,0,0,0,0,0,0,0,0,0,0,PT170,1111,,
172163,172163,172163,"R 1º Maio (Igreja)",,,38.77757008486057,-9.253846239298582,,,0,,0,0,0,0,0,0,0,0,0,0,0,0,0,0,PT170,1111,,
172164,172164,172164,"R 1º Maio (Igreja)",,,38.777706627734,-9.25388471223414,,,0,,0,0,0,0,0,0,0,0,0,0,0,0,0,0,PT170,1111,,
172165,172165,172165,"Monte Abraão (Pavilhão Desportivo)",,,38.761731935665,-9.25919624045491,,,0,,0,0,0,0,0,0,0,0,0,0,0,0,0,0,PT170,1111,,
172166,172166,172166,"Av Gen Humberto Delgado (Escadinhas)",,,38.761646,-9.259005,,,0,,0,0,0,0,0,0,0,0,0,0,0,0,0,0,PT170,1111,,
172169,172169,172169,"Av Brasil 78",,,38.80262,-9.23403,,,0,,0,0,0,0,0,0,0,0,0,0,0,0,0,0,PT170,1111,,
172170,172170,172170,"Av Brasil 65",,,38.802527443425625,-9.233542503789067,,,0,,0,0,0,0,0,0,0,0,0,0,0,0,0,0,PT170,1111,,
172171,172171,172171,"Av Brasil 118 (Escola Casal Cambra)",,,38.80264889570661,-9.23753036186099,,,0,,0,0,0,0,0,0,0,0,0,0,0,0,0,0,PT170,1111,,
172173,172173,172173,"Av Dinamarca (X) R Amesterdão",,,38.7979356804863,-9.22992613166571,,,0,,0,0,0,0,0,0,0,0,0,0,0,0,0,0,PT170,1111,,
172175,172175,172175,"Av Dinamarca (Saída Casal de Cambra)",,,38.7949548242614,-9.22975187189877,,,0,,0,0,0,0,0,0,0,0,0,0,0,0,0,0,PT170,1111,,
172177,172177,172177,"Av Brasil 112 (Escola Casal Cambra)",,,38.80257939187283,-9.237362891435623,,,0,,0,0,0,0,0,0,0,0,0,0,0,0,0,0,PT170,1111,,
172179,172179,172179,"Av Miradouro (X) R Vieira Silva",,,38.7644336745143,-9.26242612302303,,,0,,0,0,0,0,0,0,0,0,0,0,0,0,0,0,PT170,1111,,
172181,172181,172181,"Mte Abraão (V Sant)",,,38.763638609089,-9.26375867798924,,,0,,0,0,0,0,0,0,0,0,0,0,0,0,0,0,PT170,1111,,
172183,172183,172183,"R Inf D Henriq (X) R Tristão Cunha",,,38.762791743502,-9.26556648686528,,,0,,0,0,0,0,0,0,0,0,0,0,0,0,0,0,PT170,1111,,
172185,172185,172185,"Monte Abraão (Estação) P2",,,38.7555885873735,-9.26583814434707,,,0,,0,0,0,0,0,0,0,0,0,0,0,0,0,0,PT170,1111,,
172187,172187,172187,"R Inf D Henriq (X) R Pedro Sintra",,,38.76256510935258,-9.265465149655938,,,0,,0,0,0,0,0,0,0,0,0,0,0,0,0,0,PT170,1111,,
172191,172191,172191,"R Navegantes 3",,,38.7793722795323,-9.25308524630964,,,0,,0,0,0,0,0,0,0,0,0,0,0,0,0,0,PT170,1111,,
172193,172193,172193,"Massamá (R milhar)",,,38.755,-9.28063333333333,,,0,,0,0,0,0,0,0,0,0,0,0,0,0,0,0,PT170,1111,,
172194,172194,172194,"Massamá (R milhar)",,,38.7552,-9.28068333333333,,,0,,0,0,0,0,0,0,0,0,0,0,0,0,0,0,PT170,1111,,
172195,172195,172195,"Monte Abraão (Estação) P12",,,38.75580667309082,-9.265869173014243,,,0,,0,0,0,0,0,0,0,0,0,0,0,0,0,0,PT170,1111,,
172197,172197,172197,"Monte Abraão (Estação) P9",,,38.75571989259147,-9.266244217958524,,,0,,0,0,0,0,0,0,0,0,0,0,0,0,0,0,PT170,1111,,
172199,172199,172199,"Monte Abraão (Estação) P3",,,38.75559932951649,-9.265793455264957,,,0,,0,0,0,0,0,0,0,0,0,0,0,0,0,0,PT170,1111,,
172201,172201,172201,"R Pedro Nunes 24",,,38.8116,-9.23933333333333,,,0,,0,0,0,0,0,0,0,0,0,0,0,0,0,0,PT170,1111,,
172203,172203,172203,"R Máximo Silva (Sobreira e Serras)",,,38.768628390173376,-9.317375114187598,,,0,,0,0,0,0,0,0,0,0,0,0,0,0,0,0,PT170,1111,,
172204,172204,172204,"R Máximo Silva (X) Prcta Miguel Torga",,,38.7684748833999,-9.3180812895298,,,0,,0,0,0,0,0,0,0,0,0,0,0,0,0,0,PT170,1111,,
172205,172205,172205,"R Padre Francisco Cruz 7",,,38.769305881452624,-9.317942569032311,,,0,,0,0,0,0,0,0,0,0,0,0,0,0,0,0,PT170,1111,,
172206,172206,172206,"R Padre Francisco Cruz 7",,,38.76921902809498,-9.317812900990248,,,0,,0,0,0,0,0,0,0,0,0,0,0,0,0,0,PT170,1111,,
172207,172207,172207,"R António José da Luz 8",,,38.76995090437799,-9.320152373984456,,,0,,0,0,0,0,0,0,0,0,0,0,0,0,0,0,PT170,1111,,
172208,172208,172208,"R António José da Luz 9",,,38.76962677472753,-9.319709055125712,,,0,,0,0,0,0,0,0,0,0,0,0,0,0,0,0,PT170,1111,,
172209,172209,172209,"Largo 1º Dezembro 2",,,38.77197137529371,-9.325154442340136,,,0,,0,0,0,0,0,0,0,0,0,0,0,0,0,0,PT170,1111,,
172210,172210,172210,"Lgo 1º Dezembro 2 (Sociedade)",,,38.77184484058045,-9.325124602764843,,,0,,0,0,0,0,0,0,0,0,0,0,0,0,0,0,PT170,1111,,
172211,172211,172211,"R José Cupertino Ribeiro 38",,,38.773439694196,-9.32680081576109,,,0,,0,0,0,0,0,0,0,0,0,0,0,0,0,0,PT170,1111,,
172212,172212,172212,"R José Cupertino Ribeiro 34",,,38.77335185408888,-9.32678028009832,,,0,,0,0,0,0,0,0,0,0,0,0,0,0,0,0,PT170,1111,,
172213,172213,172213,"R das Flores 66 (Espelho)",,,38.774099,-9.329262,,,0,,0,0,0,0,0,0,0,0,0,0,0,0,0,0,PT170,1111,,
172214,172214,172214,"R das Flores 66 (Espelho)",,,38.77354,-9.329359,,,0,,0,0,0,0,0,0,0,0,0,0,0,0,0,0,PT170,1111,,
172215,172215,172215,"R das Flores (X) R Retiro Pacatos",,,38.771465,-9.332345,,,0,,0,0,0,0,0,0,0,0,0,0,0,0,0,0,PT170,1111,,
172216,172216,172216,"R das Flores (X) R Retiro Pacatos",,,38.771352,-9.332313,,,0,,0,0,0,0,0,0,0,0,0,0,0,0,0,0,PT170,1111,,
172217,172217,172217,"R Álv A R Vilela 142 (Qta Serra)",,,38.769217,-9.336353,,,0,,0,0,0,0,0,0,0,0,0,0,0,0,0,0,PT170,1111,,
172218,172218,172218,"R Álv A R Vilela 142 (Qta Serra)",,,38.769138,-9.336367,,,0,,0,0,0,0,0,0,0,0,0,0,0,0,0,0,PT170,1111,,
172219,172219,172219,"R Álvaro Augusto Rodr Vilela 99",,,38.76858,-9.337801,,,0,,0,0,0,0,0,0,0,0,0,0,0,0,0,0,PT170,1111,,
172220,172220,172220,"R Álvaro Augusto Rodr Vilela 99",,,38.768417,-9.337849,,,0,,0,0,0,0,0,0,0,0,0,0,0,0,0,0,PT170,1111,,
172221,172221,172221,"R Álvaro Aug Rodrigues Vilela (Lgo)",,,38.764894,-9.343866,,,0,,0,0,0,0,0,0,0,0,0,0,0,0,0,0,PT170,1111,,
172222,172222,172222,"R Álvaro Aug Rodrigues Vilela (Lgo)",,,38.764812,-9.343789,,,0,,0,0,0,0,0,0,0,0,0,0,0,0,0,0,PT170,1111,,
172223,172223,172223,"Albarraque (X)",,,38.763175,-9.34805,,,0,,0,0,0,0,0,0,0,0,0,0,0,0,0,0,PT170,1111,,
172225,172225,172225,"R da Boavista 2",,,38.761242,-9.349274,,,0,,0,0,0,0,0,0,0,0,0,0,0,0,0,0,PT170,1111,,
172226,172226,172226,"R da Boavista 2",,,38.761186,-9.34922,,,0,,0,0,0,0,0,0,0,0,0,0,0,0,0,0,PT170,1111,,
172227,172227,172227,"R da Boavista Fte 45",,,38.759315,-9.353413,,,0,,0,0,0,0,0,0,0,0,0,0,0,0,0,0,PT170,1111,,
172228,172228,172228,"R da Boavista 45",,,38.759209,-9.353429,,,0,,0,0,0,0,0,0,0,0,0,0,0,0,0,0,PT170,1111,,
172229,172229,172229,"R da Boavista 52",,,38.7587,-9.355521,,,0,,0,0,0,0,0,0,0,0,0,0,0,0,0,0,PT170,1111,,
172230,172230,172230,"R da Boavista 52",,,38.75866,-9.355272,,,0,,0,0,0,0,0,0,0,0,0,0,0,0,0,0,PT170,1111,,
172231,172231,172231,"R 1º de Maio (Rotunda)",,,38.757243,-9.358547,,,0,,0,0,0,0,0,0,0,0,0,0,0,0,0,0,PT170,1111,,
172233,172233,172233,"R da Liberdade Frente Lt 1",,,38.753318,-9.356726,,,0,,0,0,0,0,0,0,0,0,0,0,0,0,0,0,PT170,1111,,
172234,172234,172234,"R da Liberdade Frente Lt 1",,,38.753588,-9.356784,,,0,,0,0,0,0,0,0,0,0,0,0,0,0,0,0,PT170,1111,,
172235,172235,172235,"Bairro Tabaqueira (Eb 2 + 3 albarraque)",,,38.75086989505644,-9.35138477012515,,,0,,0,0,0,0,0,0,0,0,0,0,0,0,0,0,PT170,1111,,
172237,172237,172237,"Av Alfredo da Silva (X) Tabaqueira",,,38.7534705223516,-9.34419460594654,,,0,,0,0,0,0,0,0,0,0,0,0,0,0,0,0,PT170,1111,,
172238,172238,172238,"Av Alfredo da Silva (X) Tabaqueira",,,38.75365498077373,-9.34423173777759,,,0,,0,0,0,0,0,0,0,0,0,0,0,0,0,0,PT170,1111,,
172239,172239,172239,"Av Santa Isabel (X) Cabra Figa",,,38.748582,-9.342868,,,0,,0,0,0,0,0,0,0,0,0,0,0,0,0,0,PT170,1111,,
172240,172240,172240,"Av Santa Isabel",,,38.748829,-9.342807,,,0,,0,0,0,0,0,0,0,0,0,0,0,0,0,0,PT170,1111,,
172241,172241,172241,"Av Santa Isabel 1",,,38.746264,-9.342245,,,0,,0,0,0,0,0,0,0,0,0,0,0,0,0,0,PT170,1111,,
172242,172242,172242,"Av Santa Isabel 1",,,38.746984,-9.34228,,,0,,0,0,0,0,0,0,0,0,0,0,0,0,0,0,PT170,1111,,
172243,172243,172243,"R 1º de Maio (Lgo)",,,38.756966,-9.358293,,,0,,0,0,0,0,0,0,0,0,0,0,0,0,0,0,PT170,1111,,
172245,172245,172245,"Av Santa Isabel 176",,,38.7626306433231,-9.34809252619743,,,0,,0,0,0,0,0,0,0,0,0,0,0,0,0,0,PT170,1111,,
172246,172246,172246,"Av Combatentes (X) Albarraque",,,38.76254709693077,-9.348248170417264,,,0,,0,0,0,0,0,0,0,0,0,0,0,0,0,0,PT170,1111,,
172247,172247,172247,"Av Santa Isabel 113",,,38.7572749843821,-9.34508149512112,,,0,,0,0,0,0,0,0,0,0,0,0,0,0,0,0,PT170,1111,,
172248,172248,172248,"Av Santa Isabel (Escola Primária)",,,38.75749470067133,-9.345355331897736,,,0,,0,0,0,0,0,0,0,0,0,0,0,0,0,0,PT170,1111,,
172249,172249,172249,"Av Santa Isabel (Casal Santa Maria)",,,38.7589911371469,-9.34662125073373,,,0,,0,0,0,0,0,0,0,0,0,0,0,0,0,0,PT170,1111,,
172250,172250,172250,"Av Santa Isabel 134",,,38.7588525842875,-9.34666408225894,,,0,,0,0,0,0,0,0,0,0,0,0,0,0,0,0,PT170,1111,,
172251,172251,172251,"Av Santa Isabel (Estância)",,,38.7609968008474,-9.3485414609313,,,0,,0,0,0,0,0,0,0,0,0,0,0,0,0,0,PT170,1111,,
172252,172252,172252,"Av Santa Isabel 156 (Estância)",,,38.761061928235,-9.34868462383747,,,0,,0,0,0,0,0,0,0,0,0,0,0,0,0,0,PT170,1111,,
172253,172253,172253,"Av Combatentes (Externato Sta Isabel)",,,38.7661145394668,-9.34971978887916,,,0,,0,0,0,0,0,0,0,0,0,0,0,0,0,0,PT170,1111,,
172254,172254,172254,"Av Combatentes (Externato Sta Isabel)",,,38.7660968117416,-9.34988105669618,,,0,,0,0,0,0,0,0,0,0,0,0,0,0,0,0,PT170,1111,,
172255,172255,172255,"Av Combatentes (X) R das Maçarocas",,,38.768632505089,-9.35209077782929,,,0,,0,0,0,0,0,0,0,0,0,0,0,0,0,0,PT170,1111,,
172256,172256,172256,"Av Combatentes (Abrunheira Park)",,,38.7687503885664,-9.352311389520764,,,0,,0,0,0,0,0,0,0,0,0,0,0,0,0,0,PT170,1111,,
172257,172257,172257,"Av Combatentes",,,38.771074,-9.352984,,,0,,0,0,0,0,0,0,0,0,0,0,0,0,0,0,PT170,1111,,
172259,172259,172259,"R Principal (Oficina)",,,38.7491768086329,-9.34259684756398,,,0,,0,0,0,0,0,0,0,0,0,0,0,0,0,0,PT170,1111,,
172260,172260,172260,"R Principal (X) R 5 de Outubro",,,38.749238,-9.342095,,,0,,0,0,0,0,0,0,0,0,0,0,0,0,0,0,PT170,1111,,
172261,172261,172261,"R Principal Frente Vivenda Silva",,,38.750114,-9.338717,,,0,,0,0,0,0,0,0,0,0,0,0,0,0,0,0,PT170,1111,,
172262,172262,172262,"R Principal Frente Vivenda Silva",,,38.750345,-9.338744,,,0,,0,0,0,0,0,0,0,0,0,0,0,0,0,0,PT170,1111,,
172263,172263,172263,"R Principal (X) R Câmara",,,38.752154684633126,-9.336039684712889,,,0,,0,0,0,0,0,0,0,0,0,0,0,0,0,0,PT170,1111,,
172265,172265,172265,"Bairro Tabaqueira (Usf)",,,38.75168405030279,-9.347863673929412,,,0,,0,0,0,0,0,0,0,0,0,0,0,0,0,0,PT170,1111,,
172267,172267,172267,"R do Moinho 14",,,38.7551705399528,-9.34152756817639,,,0,,0,0,0,0,0,0,0,0,0,0,0,0,0,0,PT170,1111,,
172268,172268,172268,"R do Moinho 14",,,38.75517000964631,-9.341647429391742,,,0,,0,0,0,0,0,0,0,0,0,0,0,0,0,0,PT170,1111,,
172269,172269,172269,"R do Moinho 30",,,38.7561754463241,-9.3404424469918,,,0,,0,0,0,0,0,0,0,0,0,0,0,0,0,0,PT170,1111,,
172270,172270,172270,"R do Moinho 27",,,38.7562262825668,-9.3405254278332,,,0,,0,0,0,0,0,0,0,0,0,0,0,0,0,0,PT170,1111,,
172271,172271,172271,"R António Cardoso 7 (Espelho)",,,38.7747129052877,-9.32963163591921,,,0,,0,0,0,0,0,0,0,0,0,0,0,0,0,0,PT170,1111,,
172272,172272,172272,"R António Cardoso 1",,,38.77447743732535,-9.329512026160955,,,0,,0,0,0,0,0,0,0,0,0,0,0,0,0,0,PT170,1111,,
172273,172273,172273,"R António Cardoso (Rotunda)",,,38.7759588751942,-9.3319374974817,,,0,,0,0,0,0,0,0,0,0,0,0,0,0,0,0,PT170,1111,,
172275,172275,172275,"Av Fernando Pessoa 51",,,38.783541,-9.331774,,,0,,0,0,0,0,0,0,0,0,0,0,0,0,0,0,PT170,1111,,
172276,172276,172276,"Av Fernando Pessoa 1",,,38.78357061604329,-9.331918135285378,,,0,,0,0,0,0,0,0,0,0,0,0,0,0,0,0,PT170,1111,,
172277,172277,172277,"Av Fernando Pessoa 8",,,38.7841873057187,-9.33058901689947,,,0,,0,0,0,0,0,0,0,0,0,0,0,0,0,0,PT170,1111,,
172278,172278,172278,"Av Fernando Pessoa 8",,,38.784182798394006,-9.330758834257722,,,0,,0,0,0,0,0,0,0,0,0,0,0,0,0,0,PT170,1111,,
172279,172279,172279,"R António Cardoso 5",,,38.776178,-9.333107,,,0,,0,0,0,0,0,0,0,0,0,0,0,0,0,0,PT170,1111,,
172281,172281,172281,"R Máximo Silva (Supermercado)",,,38.7674394669011,-9.31974090635777,,,0,,0,0,0,0,0,0,0,0,0,0,0,0,0,0,PT170,1111,,
172282,172282,172282,"EN 249 (Supermercado)",,,38.7675059353933,-9.31988532654941,,,0,,0,0,0,0,0,0,0,0,0,0,0,0,0,0,PT170,1111,,
172283,172283,172283,"Nova Urbanização (X) Estr Octávio Pato",,,38.747786,-9.3132495,,,0,,0,0,0,0,0,0,0,0,0,0,0,0,0,0,PT170,1111,,
172284,172284,172284,"Nova Urbanização (X) Estr Octávio Pato",,,38.747767,-9.313534,,,0,,0,0,0,0,0,0,0,0,0,0,0,0,0,0,PT170,1111,,
172285,172285,172285,"Alam do Linhó (Beloura Shopping)",,,38.759325,-9.386172,,,0,,0,0,0,0,0,0,0,0,0,0,0,0,0,0,PT170,1111,,
172287,172287,172287,"Alam do Linhó (Rotunda)",,,38.761473,-9.385709,,,0,,0,0,0,0,0,0,0,0,0,0,0,0,0,0,PT170,1111,,
172289,172289,172289,"R António dos Reis 172",,,38.76367474032192,-9.3834951951065,,,0,,0,0,0,0,0,0,0,0,0,0,0,0,0,0,PT170,1111,,
172290,172290,172290,"R António dos Reis 172",,,38.763583,-9.383616,,,0,,0,0,0,0,0,0,0,0,0,0,0,0,0,0,PT170,1111,,
172291,172291,172291,"R António dos Reis 124",,,38.766783,-9.382767,,,0,,0,0,0,0,0,0,0,0,0,0,0,0,0,0,PT170,1111,,
172292,172292,172292,"R António dos Reis 124",,,38.766832,-9.382859,,,0,,0,0,0,0,0,0,0,0,0,0,0,0,0,0,PT170,1111,,
172293,172293,172293,"R António dos Reis (Colégio Americano)",,,38.769279,-9.380814,,,0,,0,0,0,0,0,0,0,0,0,0,0,0,0,0,PT170,1111,,
172294,172294,172294,"R António dos Reis (Colégio Americano)",,,38.769067,-9.381252,,,0,,0,0,0,0,0,0,0,0,0,0,0,0,0,0,PT170,1111,,
172295,172295,172295,"R António dos Reis 62",,,38.770217,-9.38,,,0,,0,0,0,0,0,0,0,0,0,0,0,0,0,0,PT170,1111,,
172296,172296,172296,"R António dos Reis 62",,,38.770241,-9.380084,,,0,,0,0,0,0,0,0,0,0,0,0,0,0,0,0,PT170,1111,,
172297,172297,172297,"R António dos Reis 5",,,38.772639,-9.380264,,,0,,0,0,0,0,0,0,0,0,0,0,0,0,0,0,PT170,1111,,
172298,172298,172298,"Linhó",,,38.772767,-9.380461,,,0,,0,0,0,0,0,0,0,0,0,0,0,0,0,0,PT170,1111,,
172299,172299,172299,"Av Alfredo César Torres",,,38.775232,-9.379988,,,0,,0,0,0,0,0,0,0,0,0,0,0,0,0,0,PT170,1111,,
172300,172300,172300,"Av Alfredo César Torres",,,38.775368,-9.380098,,,0,,0,0,0,0,0,0,0,0,0,0,0,0,0,0,PT170,1111,,
172301,172301,172301,"Av Alfredo César Torres (Bombeiros)",,,38.782554,-9.375979,,,0,,0,0,0,0,0,0,0,0,0,0,0,0,0,0,PT170,1111,,
172302,172302,172302,"Av Alfredo César Torres (Bombeiros)",,,38.782304,-9.376333,,,0,,0,0,0,0,0,0,0,0,0,0,0,0,0,0,PT170,1111,,
172303,172303,172303,"Av Alfredo César Torres (X) R Cevadinhas",,,38.784785,-9.374743,,,0,,0,0,0,0,0,0,0,0,0,0,0,0,0,0,PT170,1111,,
172304,172304,172304,"Av Alfredo César Torres (X) R Cevadinhas",,,38.785007,-9.3748,,,0,,0,0,0,0,0,0,0,0,0,0,0,0,0,0,PT170,1111,,
172305,172305,172305,"Estr Chão de Meninos Ft Adega Saloio",,,38.791654,-9.37358,,,0,,0,0,0,0,0,0,0,0,0,0,0,0,0,0,PT170,1111,,
172309,172309,172309,"Alam do Linhó (Quinta dos Cedros)",,,38.761768,-9.386105,,,0,,0,0,0,0,0,0,0,0,0,0,0,0,0,0,PT170,1111,,
172311,172311,172311,"Av Alfredo César Torres (Casa S Lucas)",,,38.756461,-9.388478,,,0,,0,0,0,0,0,0,0,0,0,0,0,0,0,0,PT170,1111,,
172313,172313,172313,"Estr Nova - N2A",,,38.776308,-9.480898,,,0,,0,0,0,0,0,0,0,0,0,0,0,0,0,0,PT170,1111,,
172314,172314,172314,"Estr do Cabo da Roca (Chafariz)",,,38.776318,-9.481048,,,0,,0,0,0,0,0,0,0,0,0,0,0,0,0,0,PT170,1111,,
172315,172315,172315,"Estr Nova 102 (Cerrado da Cruz)",,,38.7762752920389,-9.4783984310925,,,0,,0,0,0,0,0,0,0,0,0,0,0,0,0,0,PT170,1111,,
172316,172316,172316,"Estr Nova 100 (Cerrado da Cruz)",,,38.776447,-9.478418,,,0,,0,0,0,0,0,0,0,0,0,0,0,0,0,0,PT170,1111,,
172317,172317,172317,"Estr Nova (X) Caminho das Atalaias",,,38.779832,-9.476658,,,0,,0,0,0,0,0,0,0,0,0,0,0,0,0,0,PT170,1111,,
172318,172318,172318,"Estr Nova 6 (X) Beco das Americanas",,,38.77979,-9.476845,,,0,,0,0,0,0,0,0,0,0,0,0,0,0,0,0,PT170,1111,,
172319,172319,172319,"Estr Nova (Quinta da Eira)",,,38.7829134659842,-9.47717073373497,,,0,,0,0,0,0,0,0,0,0,0,0,0,0,0,0,PT170,1111,,
172320,172320,172320,"Estr Nova 28",,,38.7827700935304,-9.47742311283946,,,0,,0,0,0,0,0,0,0,0,0,0,0,0,0,0,PT170,1111,,
172321,172321,172321,"Estr Nova (Chafariz)",,,38.785032662563,-9.4756784196943,,,0,,0,0,0,0,0,0,0,0,0,0,0,0,0,0,PT170,1111,,
172322,172322,172322,"Estr Nova (Chafariz)",,,38.785057,-9.475785,,,0,,0,0,0,0,0,0,0,0,0,0,0,0,0,0,PT170,1111,,
172323,172323,172323,"Estr da Ulgueira (X)",,,38.782614,-9.470151,,,0,,0,0,0,0,0,0,0,0,0,0,0,0,0,0,PT170,1111,,
172324,172324,172324,"Estr da Ulgueira (X)",,,38.782699,-9.470187,,,0,,0,0,0,0,0,0,0,0,0,0,0,0,0,0,PT170,1111,,
172325,172325,172325,"Av P Álv Cabral (Fte Bowling)",,,38.75808,-9.38081,,,0,,0,0,0,0,0,0,0,0,0,0,0,0,0,0,PT170,1111,,
172326,172326,172326,"Av P Álv Cabral N º 232 (Bowling)",,,38.758103,-9.381339,,,0,,0,0,0,0,0,0,0,0,0,0,0,0,0,0,PT170,1111,,
172327,172327,172327,"Av Pedro Álvares Cabral 209",,,38.758544,-9.378082,,,0,,0,0,0,0,0,0,0,0,0,0,0,0,0,0,PT170,1111,,
172328,172328,172328,"Av Pedro Álvares Cabral 209",,,38.758539,-9.379092,,,0,,0,0,0,0,0,0,0,0,0,0,0,0,0,0,PT170,1111,,
172329,172329,172329,"Av Pedro Álvares Cabral (Pneulogic)",,,38.758971,-9.376254,,,0,,0,0,0,0,0,0,0,0,0,0,0,0,0,0,PT170,1111,,
172330,172330,172330,"Av Pedro Álvares Cabral (Pneulogic)",,,38.759086,-9.376089,,,0,,0,0,0,0,0,0,0,0,0,0,0,0,0,0,PT170,1111,,
172331,172331,172331,"Av Pedro Álvares Cabral 1",,,38.759388,-9.374012,,,0,,0,0,0,0,0,0,0,0,0,0,0,0,0,0,PT170,1111,,
172332,172332,172332,"Av Pedro Álvares Cabral Fte Fonte Viva",,,38.759466,-9.374138,,,0,,0,0,0,0,0,0,0,0,0,0,0,0,0,0,PT170,1111,,
172333,172333,172333,"Av Pedro Álvares Cabral Ft Novopca",,,38.75989492855027,-9.371358478978674,,,0,,0,0,0,0,0,0,0,0,0,0,0,0,0,0,PT170,1111,,
172334,172334,172334,"Av Pedro Álvares Cabral Ft Novopca",,,38.759987,-9.37138,,,0,,0,0,0,0,0,0,0,0,0,0,0,0,0,0,PT170,1111,,
172335,172335,172335,"Av P Álvares Cabral 199 (Triquímica)",,,38.760644,-9.367352,,,0,,0,0,0,0,0,0,0,0,0,0,0,0,0,0,PT170,1111,,
172336,172336,172336,"Av P Álvares Cabral 199 (Triquímica)",,,38.760765,-9.36718,,,0,,0,0,0,0,0,0,0,0,0,0,0,0,0,0,PT170,1111,,
172337,172337,172337,"Av Pedro Álvares Cabral (Atecnic)",,,38.760878,-9.36489,,,0,,0,0,0,0,0,0,0,0,0,0,0,0,0,0,PT170,1111,,
172338,172338,172338,"Av Pedro Álvares Cabral (Atecnic)",,,38.76102,-9.364992,,,0,,0,0,0,0,0,0,0,0,0,0,0,0,0,0,PT170,1111,,
172339,172339,172339,"R Fernando Pessoa Frente 64",,,38.757194,-9.362491,,,0,,0,0,0,0,0,0,0,0,0,0,0,0,0,0,PT170,1111,,
172340,172340,172340,"R Fernando Pessoa Frente 64",,,38.757157,-9.362377,,,0,,0,0,0,0,0,0,0,0,0,0,0,0,0,0,PT170,1111,,
172341,172341,172341,"R Fernando Pessoa (Escola)",,,38.75664,-9.360176,,,0,,0,0,0,0,0,0,0,0,0,0,0,0,0,0,PT170,1111,,
172342,172342,172342,"R Fernando Pessoa (Escola)",,,38.756518,-9.359881,,,0,,0,0,0,0,0,0,0,0,0,0,0,0,0,0,PT170,1111,,
172343,172343,172343,"Av Pedro Álv Cabral (Est Prisional)",,,38.757141,-9.384522,,,0,,0,0,0,0,0,0,0,0,0,0,0,0,0,0,PT170,1111,,
172345,172345,172345,"Av Pedro Álvares Cabral (Rotunda)",,,38.755975,-9.387933,,,0,,0,0,0,0,0,0,0,0,0,0,0,0,0,0,PT170,1111,,
172347,172347,172347,"Estr de Almorquim 233 (Lgo)",,,38.889392260462,-9.35189028270543,,,0,,0,0,0,0,0,0,0,0,0,0,0,0,0,0,PT170,1111,,
172348,172348,172348,"Estr de Almorquim 233 (Lgo)",,,38.8896597593468,-9.35167550192361,,,0,,0,0,0,0,0,0,0,0,0,0,0,0,0,0,PT170,1111,,
172349,172349,172349,"Estr do Barro Velho 26",,,38.8786608141867,-9.36107998205116,,,0,,0,0,0,0,0,0,0,0,0,0,0,0,0,0,PT170,1111,,
172350,172350,172350,"Estr do Barro Velho 26",,,38.8786053554024,-9.36098174453509,,,0,,0,0,0,0,0,0,0,0,0,0,0,0,0,0,PT170,1111,,
172351,172351,172351,"EN 247 (X) R das Tomádias",,,38.9274851186201,-9.39180532470345,,,0,,0,0,0,0,0,0,0,0,0,0,0,0,0,0,PT170,1111,,
172353,172353,172353,"EN 247 43",,,38.9250492956489,-9.38998242840171,,,0,,0,0,0,0,0,0,0,0,0,0,0,0,0,0,PT170,1111,,
172355,172355,172355,"Av 10 Agosto (X) Seixal",,,38.9231785805896,-9.38841953873634,,,0,,0,0,0,0,0,0,0,0,0,0,0,0,0,0,PT170,1111,,
172357,172357,172357,"Av 10 Agosto 143",,,38.9214229490608,-9.38613337464631,,,0,,0,0,0,0,0,0,0,0,0,0,0,0,0,0,PT170,1111,,
172359,172359,172359,"Av 10 Agosto 112",,,38.9158835588023,-9.38372818753123,,,0,,0,0,0,0,0,0,0,0,0,0,0,0,0,0,PT170,1111,,
172360,172360,172360,"Av 10 Agosto 112",,,38.9158326806501,-9.38364344649017,,,0,,0,0,0,0,0,0,0,0,0,0,0,0,0,0,PT170,1111,,
172361,172361,172361,"Av 10 Agosto 92",,,38.9139253785834,-9.38345870934427,,,0,,0,0,0,0,0,0,0,0,0,0,0,0,0,0,PT170,1111,,
172362,172362,172362,"Av 10 Agosto 92",,,38.9138779370114,-9.38338897190988,,,0,,0,0,0,0,0,0,0,0,0,0,0,0,0,0,PT170,1111,,
172363,172363,172363,"Av 10 Agosto (X) R de Baixo",,,38.9102013409138,-9.38235925510526,,,0,,0,0,0,0,0,0,0,0,0,0,0,0,0,0,PT170,1111,,
172364,172364,172364,"Av 10 Agosto (X) R de Baixo",,,38.91018797604801,-9.382265461608768,,,0,,0,0,0,0,0,0,0,0,0,0,0,0,0,0,PT170,1111,,
172365,172365,172365,"Av 15 Agosto 141",,,38.9048754377291,-9.38014618121088,,,0,,0,0,0,0,0,0,0,0,0,0,0,0,0,0,PT170,1111,,
172367,172367,172367,"Av 15 Agosto (X) R dos Cardais",,,38.8999584456906,-9.37474404461682,,,0,,0,0,0,0,0,0,0,0,0,0,0,0,0,0,PT170,1111,,
172368,172368,172368,"Av 15 Agosto (X) R dos Cardais",,,38.8999423524365,-9.37468159943819,,,0,,0,0,0,0,0,0,0,0,0,0,0,0,0,0,PT170,1111,,
172369,172369,172369,"Av 15 Agosto 43",,,38.8953346945345,-9.3749350681901,,,0,,0,0,0,0,0,0,0,0,0,0,0,0,0,0,PT170,1111,,
172370,172370,172370,"Av 15 Agosto 43",,,38.894991192788574,-9.37486331909895,,,0,,0,0,0,0,0,0,0,0,0,0,0,0,0,0,PT170,1111,,
172371,172371,172371,"R Dr João Raul Branco Guerreiro 13a",,,38.891849,-9.375086,,,0,,0,0,0,0,0,0,0,0,0,0,0,0,0,0,PT170,1111,,
172372,172372,172372,"R 15 de Agosto (X) Estr. do Carvalhal",,,38.89224159192499,-9.374970439821482,,,0,,0,0,0,0,0,0,0,0,0,0,0,0,0,0,PT170,1111,,
172373,172373,172373,"Av Prof D Dom Fernando de Almeida 112",,,38.8883301056921,-9.36766980215907,,,0,,0,0,0,0,0,0,0,0,0,0,0,0,0,0,PT170,1111,,
172374,172374,172374,"Av Prof D Dom Fernando de Almeida 112",,,38.88840036026373,-9.367579193785788,,,0,,0,0,0,0,0,0,0,0,0,0,0,0,0,0,PT170,1111,,
172375,172375,172375,"Av Prof D Dom Fernando de Almeida 87",,,38.88709832462395,-9.365715309977531,,,0,,0,0,0,0,0,0,0,0,0,0,0,0,0,0,PT170,1111,,
172376,172376,172376,"Av Prof D Dom Fernando de Almeida 87",,,38.88685057215373,-9.365425547584891,,,0,,0,0,0,0,0,0,0,0,0,0,0,0,0,0,PT170,1111,,
172377,172377,172377,"Estr Principal 88",,,38.88303639614579,-9.370891973376274,,,0,,0,0,0,0,0,0,0,0,0,0,0,0,0,0,PT170,1111,,
172378,172378,172378,"Estr Principal 88",,,38.8828450720757,-9.37101510353386,,,0,,0,0,0,0,0,0,0,0,0,0,0,0,0,0,PT170,1111,,
172379,172379,172379,"Av Dr João Raul Guerreiro 41",,,38.8810012629256,-9.369873739779,,,0,,0,0,0,0,0,0,0,0,0,0,0,0,0,0,PT170,1111,,
172380,172380,172380,"Av Dr João Raul Guerreiro 41",,,38.8810766324772,-9.369848677888513,,,0,,0,0,0,0,0,0,0,0,0,0,0,0,0,0,PT170,1111,,
172381,172381,172381,"Estr de Carne Assada 12",,,38.8660660525784,-9.37304176390171,,,0,,0,0,0,0,0,0,0,0,0,0,0,0,0,0,PT170,1111,,
172382,172382,172382,"Estr de Carne Assada 12",,,38.86610894168029,-9.373031286522746,,,0,,0,0,0,0,0,0,0,0,0,0,0,0,0,0,PT170,1111,,
172383,172383,172383,"R Afonso de Albuquerque 11A",,,38.865009136498,-9.37083983793855,,,0,,0,0,0,0,0,0,0,0,0,0,0,0,0,0,PT170,1111,,
172384,172384,172384,"R das Barreiroas 11A",,,38.8649748126045,-9.37077169306576,,,0,,0,0,0,0,0,0,0,0,0,0,0,0,0,0,PT170,1111,,
172385,172385,172385,"Estr C Assada Godigana (Oliveiras Park)",,,38.86353077469751,-9.371615679804586,,,0,,0,0,0,0,0,0,0,0,0,0,0,0,0,0,PT170,1111,,
172386,172386,172386,"Estr de Carne Assada 12",,,38.863474353476384,-9.371419510437091,,,0,,0,0,0,0,0,0,0,0,0,0,0,0,0,0,PT170,1111,,
172387,172387,172387,"Largo Central 13",,,38.860067,-9.372997,,,0,,0,0,0,0,0,0,0,0,0,0,0,0,0,0,PT170,1111,,
172388,172388,172388,"Largo Central 13",,,38.8600071938708,-9.37300957739353,,,0,,0,0,0,0,0,0,0,0,0,0,0,0,0,0,PT170,1111,,
172389,172389,172389,"Godigana",,,38.8607748085633,-9.37515861354768,,,0,,0,0,0,0,0,0,0,0,0,0,0,0,0,0,PT170,1111,,
172390,172390,172390,"R 29 De Junho Fte 21",,,38.86070974607178,-9.375146272357872,,,0,,0,0,0,0,0,0,0,0,0,0,0,0,0,0,PT170,1111,,
172391,172391,172391,"R Gen Barnabé António Ferreira 66",,,38.8651271956041,-9.25126008689404,,,0,,0,0,0,0,0,0,0,0,0,0,0,0,0,0,PT170,1111,,
172392,172392,172392,"R Gen Barnabé Ant Ferreira 66 (Pedra Alta)",,,38.8650016766042,-9.25097887404263,,,0,,0,0,0,0,0,0,0,0,0,0,0,0,0,0,PT170,1111,,
172393,172393,172393,"R Gen Barnabé António Ferreira 112",,,38.8666607905179,-9.25251142121851,,,0,,0,0,0,0,0,0,0,0,0,0,0,0,0,0,PT170,1111,,
172394,172394,172394,"R Gen Barnabé António Ferreira 100",,,38.8666015304625,-9.25253313034773,,,0,,0,0,0,0,0,0,0,0,0,0,0,0,0,0,PT170,1111,,
172395,172395,172395,"R Gen Barnabé António Ferreira 168",,,38.8685489399359,-9.25612544640899,,,0,,0,0,0,0,0,0,0,0,0,0,0,0,0,0,PT170,1111,,
172396,172396,172396,"R Gen Barnabé António Ferreira 149",,,38.868711,-9.256471,,,0,,0,0,0,0,0,0,0,0,0,0,0,0,0,0,PT170,1111,,
172397,172397,172397,"Estr M539 (X) R Moínho",,,38.8707079086453,-9.25769194029272,,,0,,0,0,0,0,0,0,0,0,0,0,0,0,0,0,PT170,1111,,
172399,172399,172399,"R Sargento Francisco Pontes 3 (Igreja)",,,38.8763533718884,-9.26175196655095,,,0,,0,0,0,0,0,0,0,0,0,0,0,0,0,0,PT170,1111,,
172401,172401,172401,"R Gen Barn Ant Ferr 129",,,38.8770686415955,-9.26692360080779,,,0,,0,0,0,0,0,0,0,0,0,0,0,0,0,0,PT170,1111,,
172402,172402,172402,"R Gen Barn Ant Ferr 129",,,38.8769701542333,-9.26688697189093,,,0,,0,0,0,0,0,0,0,0,0,0,0,0,0,0,PT170,1111,,
172403,172403,172403,"R Gen ant Ferr Barnabé (Negrais park)",,,38.8774340087548,-9.27130926400423,,,0,,0,0,0,0,0,0,0,0,0,0,0,0,0,0,PT170,1111,,
172404,172404,172404,"R Gen ant Ferr Barnabé (Negrais park)",,,38.8773688813671,-9.27131722681224,,,0,,0,0,0,0,0,0,0,0,0,0,0,0,0,0,PT170,1111,,
172405,172405,172405,"R Gen Barn Ant Ferr (X) R Serrados",,,38.878329,-9.273643,,,0,,0,0,0,0,0,0,0,0,0,0,0,0,0,0,PT170,1111,,
172406,172406,172406,"R Gen Barn ant Ferr 122",,,38.8783260527998,-9.27436103112996,,,0,,0,0,0,0,0,0,0,0,0,0,0,0,0,0,PT170,1111,,
172407,172407,172407,"R Gen Barnabé António Ferreira46",,,38.8772682985291,-9.2807396594435,,,0,,0,0,0,0,0,0,0,0,0,0,0,0,0,0,PT170,1111,,
172408,172408,172408,"R Gen Barnabé António Ferreira 43",,,38.8773465855047,-9.28052483126521,,,0,,0,0,0,0,0,0,0,0,0,0,0,0,0,0,PT170,1111,,
172409,172409,172409,"Av Lapias (X) Alfouvar",,,38.8702872209251,-9.28671863861382,,,0,,0,0,0,0,0,0,0,0,0,0,0,0,0,0,PT170,1111,,
172410,172410,172410,"Av Lapias (X) Alfouvar",,,38.8698708917946,-9.28715717978776,,,0,,0,0,0,0,0,0,0,0,0,0,0,0,0,0,PT170,1111,,
172413,172413,172413,"Av Lapias 538",,,38.8666311185807,-9.29909988306463,,,0,,0,0,0,0,0,0,0,0,0,0,0,0,0,0,PT170,1111,,
172414,172414,172414,"Av Lápias 519",,,38.8667625887319,-9.2989787645638,,,0,,0,0,0,0,0,0,0,0,0,0,0,0,0,0,PT170,1111,,
172415,172415,172415,"Av Lapias (Cabine Electrica)",,,38.8641696469858,-9.30064810439944,,,0,,0,0,0,0,0,0,0,0,0,0,0,0,0,0,PT170,1111,,
172416,172416,172416,"Av Lápias (X) Casal da Feiteira",,,38.8642081618309,-9.30015868507326,,,0,,0,0,0,0,0,0,0,0,0,0,0,0,0,0,PT170,1111,,
172417,172417,172417,"Av Lápias (Fonte Lage)",,,38.8619110174477,-9.30681291036308,,,0,,0,0,0,0,0,0,0,0,0,0,0,0,0,0,PT170,1111,,
172418,172418,172418,"Av Lápias (Fonte Lage)",,,38.8618164695799,-9.30677996948361,,,0,,0,0,0,0,0,0,0,0,0,0,0,0,0,0,PT170,1111,,
172419,172419,172419,"R D António Granja (Serrões)",,,38.8621000293642,-9.31036063469946,,,0,,0,0,0,0,0,0,0,0,0,0,0,0,0,0,PT170,1111,,
172420,172420,172420,"R Dom Ant José Correia de Sá (Serrões)",,,38.862061,-9.310487,,,0,,0,0,0,0,0,0,0,0,0,0,0,0,0,0,PT170,1111,,
172421,172421,172421,"R Ant Silva e Castro 1 (X) Av Lapias",,,38.8617732608691,-9.31913095526397,,,0,,0,0,0,0,0,0,0,0,0,0,0,0,0,0,PT170,1111,,
172422,172422,172422,"Av Lapias (X) R Eduardo Frutuoso Gaio",,,38.8615138409659,-9.31909935548902,,,0,,0,0,0,0,0,0,0,0,0,0,0,0,0,0,PT170,1111,,
172423,172423,172423,"R 5 Outubro 24",,,38.858203399707065,-9.325183536395835,,,0,,0,0,0,0,0,0,0,0,0,0,0,0,0,0,PT170,1111,,
172427,172427,172427,"R do Celão (Igreja)",,,38.8758667604998,-9.26145021803677,,,0,,0,0,0,0,0,0,0,0,0,0,0,0,0,0,PT170,1111,,
172429,172429,172429,"R da Serra (Campo Futebol)",,,38.84798555946361,-9.268773541400838,,,0,,0,0,0,0,0,0,0,0,0,0,0,0,0,0,PT170,1111,,
172433,172433,172433,"Estr M542 312 (Escola)",,,38.8460620120168,-9.26139405928552,,,0,,0,0,0,0,0,0,0,0,0,0,0,0,0,0,PT170,1111,,
172434,172434,172434,"Estr M542 (Escola)",,,38.8462418457493,-9.26130227744579,,,0,,0,0,0,0,0,0,0,0,0,0,0,0,0,0,PT170,1111,,
172435,172435,172435,"R Prof Dr Joaquim Fontes 229",,,38.8408594066277,-9.25653372891247,,,0,,0,0,0,0,0,0,0,0,0,0,0,0,0,0,PT170,1111,,
172436,172436,172436,"R Dr Joaquim Fontes 222",,,38.8409779267386,-9.25649642944336,,,0,,0,0,0,0,0,0,0,0,0,0,0,0,0,0,PT170,1111,,
172437,172437,172437,"R Prof Dr Joaquim Fontes 119",,,38.839267,-9.255582,,,0,,0,0,0,0,0,0,0,0,0,0,0,0,0,0,PT170,1111,,
172438,172438,172438,"R Dr Joaquim Fontes 199 (Aruil)",,,38.839118,-9.255425,,,0,,0,0,0,0,0,0,0,0,0,0,0,0,0,0,PT170,1111,,
172439,172439,172439,"R Serrado do Moinho 145",,,38.8366112066433,-9.25355094484985,,,0,,0,0,0,0,0,0,0,0,0,0,0,0,0,0,PT170,1111,,
172440,172440,172440,"R Dr Joaquim Fontes 152A",,,38.8369547389448,-9.25365253351629,,,0,,0,0,0,0,0,0,0,0,0,0,0,0,0,0,PT170,1111,,
172441,172441,172441,"R Prof Dr Joaquim Fontes 128",,,38.835163526237,-9.25326436758041,,,0,,0,0,0,0,0,0,0,0,0,0,0,0,0,0,PT170,1111,,
172442,172442,172442,"R Dr Joaquim Fontes 130",,,38.835216,-9.253216,,,0,,0,0,0,0,0,0,0,0,0,0,0,0,0,0,PT170,1111,,
172443,172443,172443,"R P Dr Joaquim Fontes (X) Casal Serra",,,38.832513964735,-9.2508974019438,,,0,,0,0,0,0,0,0,0,0,0,0,0,0,0,0,PT170,1111,,
172444,172444,172444,"R P Dr Joaquim Fontes (X) Casal Serra",,,38.832437521778,-9.25085138529539,,,0,,0,0,0,0,0,0,0,0,0,0,0,0,0,0,PT170,1111,,
172445,172445,172445,"Estr M542 218A",,,38.8263306766748,-9.24586490727961,,,0,,0,0,0,0,0,0,0,0,0,0,0,0,0,0,PT170,1111,,
172446,172446,172446,"Estr M542 218A",,,38.8264190219343,-9.24588426947594,,,0,,0,0,0,0,0,0,0,0,0,0,0,0,0,0,PT170,1111,,
172447,172447,172447,"Estr M542 (X) Bairro Ginjal",,,38.8246080698445,-9.24375962466002,,,0,,0,0,0,0,0,0,0,0,0,0,0,0,0,0,PT170,1111,,
172448,172448,172448,"Camarões (X) Bairro Ginjal",,,38.8246168289334,-9.24368913285434,,,0,,0,0,0,0,0,0,0,0,0,0,0,0,0,0,PT170,1111,,
172449,172449,172449,"R Pedra Alta (X) R Bom Pastor",,,38.8244640268385,-9.24119107425213,,,0,,0,0,0,0,0,0,0,0,0,0,0,0,0,0,PT170,1111,,
172450,172450,172450,"R Pedra Alta (X) R B Pastor (Almargem)",,,38.824501,-9.241214,,,0,,0,0,0,0,0,0,0,0,0,0,0,0,0,0,PT170,1111,,
172451,172451,172451,"R do Progresso 64",,,38.824355439283,-9.23847533762455,,,0,,0,0,0,0,0,0,0,0,0,0,0,0,0,0,PT170,1111,,
172452,172452,172452,"R do Progresso 2",,,38.8242483604699,-9.23841783776879,,,0,,0,0,0,0,0,0,0,0,0,0,0,0,0,0,PT170,1111,,
172453,172453,172453,"R Falcão de além (Alto Camarões)",,,38.82358911913215,-9.23600871115923,,,0,,0,0,0,0,0,0,0,0,0,0,0,0,0,0,PT170,1111,,
172454,172454,172454,"R Falcão de além",,,38.8236033730209,-9.23592941835523,,,0,,0,0,0,0,0,0,0,0,0,0,0,0,0,0,PT170,1111,,
172455,172455,172455,"R Principal Vv Casal Fernandes",,,38.8212549732998,-9.23535894602537,,,0,,0,0,0,0,0,0,0,0,0,0,0,0,0,0,PT170,1111,,
172456,172456,172456,"R Principal Vv Casal Fernandes",,,38.8212869083509,-9.2353524081409,,,0,,0,0,0,0,0,0,0,0,0,0,0,0,0,0,PT170,1111,,
172457,172457,172457,"R do Progresso (Pinhal)",,,38.8192160753533,-9.23388205468655,,,0,,0,0,0,0,0,0,0,0,0,0,0,0,0,0,PT170,1111,,
172458,172458,172458,"R do Progresso",,,38.8193376967683,-9.23390217125416,,,0,,0,0,0,0,0,0,0,0,0,0,0,0,0,0,PT170,1111,,
172459,172459,172459,"Covas de Ferro",,,38.8627,-9.24929,,,0,,0,0,0,0,0,0,0,0,0,0,0,0,0,0,PT170,1111,,
172461,172461,172461,"Av Lisboa 116",,,38.8062663283199,-9.2276955395937,,,0,,0,0,0,0,0,0,0,0,0,0,0,0,0,0,PT170,1111,,
172462,172462,172462,"R Bernardino Ribeiro (X) R Tapada",,,38.824101,-9.274045,,,0,,0,0,0,0,0,0,0,0,0,0,0,0,0,0,PT170,1111,,
172463,172463,172463,"Estr Parque 11 (Chafariz)",,,38.831973,-9.270093,,,0,,0,0,0,0,0,0,0,0,0,0,0,0,0,0,PT170,1111,,
172464,172464,172464,"Estr Parque 17 (Chafariz)",,,38.83177433806876,-9.27019078284502,,,0,,0,0,0,0,0,0,0,0,0,0,0,0,0,0,PT170,1111,,
172465,172465,172465,"Tapada Vale Lobos (R Tapada 3)",,,38.8241562852636,-9.27431149408221,,,0,,0,0,0,0,0,0,0,0,0,0,0,0,0,0,PT170,1111,,
172466,172466,172466,"R Bernardino Ribeiro 120",,,38.823814,-9.274465,,,0,,0,0,0,0,0,0,0,0,0,0,0,0,0,0,PT170,1111,,
172467,172467,172467,"Av Lisboa 129",,,38.8058564113453,-9.22787667252123,,,0,,0,0,0,0,0,0,0,0,0,0,0,0,0,0,PT170,1111,,
172469,172469,172469,"Casal Cambra (R Grândola 5)",,,38.8032691273838,-9.23883902840316,,,0,,0,0,0,0,0,0,0,0,0,0,0,0,0,0,PT170,1111,,
172470,172470,172470,"Casal Cambra (R Grândola 5)",,,38.8032552134246,-9.23876149579883,,,0,,0,0,0,0,0,0,0,0,0,0,0,0,0,0,PT170,1111,,
172471,172471,172471,"R Colaride 35",,,38.7698166666667,-9.28863333333333,,,0,,0,0,0,0,0,0,0,0,0,0,0,0,0,0,PT170,1111,,
172472,172472,172472,"R Colaride 35",,,38.76973,-9.288445,,,0,,0,0,0,0,0,0,0,0,0,0,0,0,0,0,PT170,1111,,
172473,172473,172473,"Estr da Xetaria (X) Av de Portugal",,,38.7670922046527,-9.27103626541793,,,0,,0,0,0,0,0,0,0,0,0,0,0,0,0,0,PT170,1111,,
172474,172474,172474,"Estr da Xetaria (X) Av de Portugal",,,38.7667993409559,-9.27107054740191,,,0,,0,0,0,0,0,0,0,0,0,0,0,0,0,0,PT170,1111,,
172475,172475,172475,"R Cidade Vitória 8",,,38.7478416552767,-9.29646360687912,,,0,,0,0,0,0,0,0,0,0,0,0,0,0,0,0,PT170,1111,,
172476,172476,172476,"Queluz (4 Caminhos)",,,38.7564452178776,-9.2539179045707,,,0,,0,0,0,0,0,0,0,0,0,0,0,0,0,0,PT170,1111,,
172477,172477,172477,"Queluz-Belas (Estação)",,,38.75951083420836,-9.25719958730042,,,0,,0,0,0,0,0,0,0,0,0,0,0,0,0,0,PT170,1111,,
172478,172478,172478,"Monte Abraão (Estação) P8",,,38.75573936658051,-9.265685446015352,,,0,,0,0,0,0,0,0,0,0,0,0,0,0,0,0,PT170,1111,,
172479,172479,172479,"Massamá-Barcarena (Estação Norte)",,,38.7521671364084,-9.28365723229945,,,0,,0,0,0,0,0,0,0,0,0,0,0,0,0,0,PT170,1111,,
172480,172480,172480,"Monte Abraão (Estação) P7",,,38.7557470053434,-9.2658125795424,,,0,,0,0,0,0,0,0,0,0,0,0,0,0,0,0,PT170,1111,,
172481,172481,172481,"Portela de Sintra (Estação) P3 Entrada Norte",,,38.802418886351504,-9.376787216654236,,,0,,0,0,0,0,0,0,0,0,0,0,0,0,0,0,PT170,1111,,
172482,172482,172482,"Portela de Sintra (Estação) P2 Entrada Norte",,,38.8024044502527,-9.37697337940335,,,0,,0,0,0,0,0,0,0,0,0,0,0,0,0,0,PT170,1111,,
172483,172483,172483,"Portela de Sintra (Estação) P5 Entrada Norte",,,38.80243253312186,-9.376389766191984,,,0,,0,0,0,0,0,0,0,0,0,0,0,0,0,0,PT170,1111,,
172485,172485,172485,"Portela de Sintra (Estação) P4 Entrada Norte",,,38.8024376425892,-9.37662963755429,,,0,,0,0,0,0,0,0,0,0,0,0,0,0,0,0,PT170,1111,,
172486,172486,172486,"Agualva-Cacém (Estação) P1",,,38.76699748164029,-9.298390621443753,,,0,,0,0,0,0,0,0,0,0,0,0,0,0,0,0,PT170,1111,,
172487,172487,172487,"Agualva-Cacém (Estação) P8",,,38.76614050712109,-9.298026974205012,,,0,,0,0,0,0,0,0,0,0,0,0,0,0,0,0,PT170,1111,,
172488,172488,172488,"Agualva-Cacém (Estação) P6",,,38.76641251165847,-9.298141361936578,,,0,,0,0,0,0,0,0,0,0,0,0,0,0,0,0,PT170,1111,,
172489,172489,172489,"Agualva-Cacém (Estação) P9",,,38.76601755285295,-9.297971291996008,,,0,,0,0,0,0,0,0,0,0,0,0,0,0,0,0,PT170,1111,,
172490,172490,172490,"Agualva-Cacém (Estação) P5",,,38.7665438312081,-9.298201408563608,,,0,,0,0,0,0,0,0,0,0,0,0,0,0,0,0,PT170,1111,,
172491,172491,172491,"Monte Abraão (Estação) P10",,,38.75574656106954,-9.266119495235625,,,0,,0,0,0,0,0,0,0,0,0,0,0,0,0,0,PT170,1111,,
172492,172492,172492,"Rio De Mouro (Estação Sul)",,,38.78367966496658,-9.321989334657848,,,0,,0,0,0,0,0,0,0,0,0,0,0,0,0,0,PT170,1111,,
172493,172493,172493,"Rio De Mouro (Estação Sul)",,,38.78403217678365,-9.321801003767687,,,0,,0,0,0,0,0,0,0,0,0,0,0,0,0,0,PT170,1111,,
172494,172494,172494,"Fonte da Aranha",,,38.8271124986932,-9.27771982736886,,,0,,0,0,0,0,0,0,0,0,0,0,0,0,0,0,PT170,1111,,
172495,172495,172495,"Queluz (4 Caminhos)",,,38.756485,-9.253737,,,0,,0,0,0,0,0,0,0,0,0,0,0,0,0,0,PT170,1111,,
172496,172496,172496,"Massamá (Estação)",,,38.7520707026124,-9.28330150432885,,,0,,0,0,0,0,0,0,0,0,0,0,0,0,0,0,PT170,1111,,
172498,172498,172498,"Agualva-Cacém (Estação) P7",,,38.76627178106985,-9.29807763310051,,,0,,0,0,0,0,0,0,0,0,0,0,0,0,0,0,PT170,1111,,
172499,172499,172499,"Queluz (4 Caminhos)",,,38.75632973934105,-9.253532662781067,,,0,,0,0,0,0,0,0,0,0,0,0,0,0,0,0,PT170,1111,,
172500,172500,172500,"Av Bons Amigos (Largo)",,,38.76940544144106,-9.29539679462574,,,0,,0,0,0,0,0,0,0,0,0,0,0,0,0,0,PT170,1111,,
172502,172502,172502,"Av Eng Duarte Pacheco (Parque)",,,38.7555144075304,-9.25971508026123,,,0,,0,0,0,0,0,0,0,0,0,0,0,0,0,0,PT170,1111,,
172503,172503,172503,"EN 117 (Entrada Belas Clube Campo)",,,38.8012693310156,-9.281314490363,,,0,,0,0,0,0,0,0,0,0,0,0,0,0,0,0,PT170,1111,,
172504,172504,172504,"Av Fernão Mendes Pinto Fte 29",,,38.7741906289011,-9.29246786981821,,,0,,0,0,0,0,0,0,0,0,0,0,0,0,0,0,PT170,1111,,
172505,172505,172505,"Queluz (Fte Palácio)",,,38.7519651744515,-9.25884185358882,,,0,,0,0,0,0,0,0,0,0,0,0,0,0,0,0,PT170,1111,,
172506,172506,172506,"EN 247 Fte Terrugem Park",,,38.85836024654088,-9.37949021346867,,,0,,0,0,0,0,0,0,0,0,0,0,0,0,0,0,PT170,1111,,
172507,172507,172507,"Av Eng Duarte Pacheco (Fte Parque)",,,38.75535,-9.259801,,,0,,0,0,0,0,0,0,0,0,0,0,0,0,0,0,PT170,1111,,
172509,172509,172509,"Queluz (Palácio)",,,38.7518519768491,-9.25885233096778,,,0,,0,0,0,0,0,0,0,0,0,0,0,0,0,0,PT170,1111,,
172511,172511,172511,"Av Agostinho Neto (X) R Palmira Bastos",,,38.762355531678345,-9.263358945026994,,,0,,0,0,0,0,0,0,0,0,0,0,0,0,0,0,PT170,1111,,
172512,172512,172512,"Av Fernão Mendes Pinto 29",,,38.7742504337803,-9.29253173992038,,,0,,0,0,0,0,0,0,0,0,0,0,0,0,0,0,PT170,1111,,
172513,172513,172513,"Estr A H Rod Maximiano Fte Café Alegria",,,38.82087,-9.407851,,,0,,0,0,0,0,0,0,0,0,0,0,0,0,0,0,PT170,1111,,
172514,172514,172514,"R Jacinto Garcia Fte 119",,,38.76332251066743,-9.262627204880118,,,0,,0,0,0,0,0,0,0,0,0,0,0,0,0,0,PT170,1111,,
172515,172515,172515,"Av dos Missionários (X) Viaduto",,,38.7737799994648,-9.30367573164403,,,0,,0,0,0,0,0,0,0,0,0,0,0,0,0,0,PT170,1111,,
172516,172516,172516,"R Ramada Curto Fte 2",,,38.7648704554886,-9.26341443322599,,,0,,0,0,0,0,0,0,0,0,0,0,0,0,0,0,PT170,1111,,
172518,172518,172518,"Estr A H Rod Maximiano Café Alegria",,,38.82105,-9.407674,,,0,,0,0,0,0,0,0,0,0,0,0,0,0,0,0,PT170,1111,,
172519,172519,172519,"EN 247 Terrugem Park",,,38.8585274107754,-9.37933791428804,,,0,,0,0,0,0,0,0,0,0,0,0,0,0,0,0,PT170,1111,,
172521,172521,172521,"R da Tapada 42",,,38.8244495680556,-9.27442900836468,,,0,,0,0,0,0,0,0,0,0,0,0,0,0,0,0,PT170,1111,,
172522,172522,172522,"R Olival 21",,,38.7692266562954,-9.30916839279234,,,0,,0,0,0,0,0,0,0,0,0,0,0,0,0,0,PT170,1111,,
172523,172523,172523,"N9 (Supermercado)",,,38.8360217073932,-9.35595114715397,,,0,,0,0,0,0,0,0,0,0,0,0,0,0,0,0,PT170,1111,,
172524,172524,172524,"Idanha (Xetaria)",,,38.7692454317585,-9.27117180079222,,,0,,0,0,0,0,0,0,0,0,0,0,0,0,0,0,PT170,1111,,
172525,172525,172525,"Av Dr Brandão Vasc (X) Santo André",,,38.7980154342949,-9.46538602933288,,,0,,0,0,0,0,0,0,0,0,0,0,0,0,0,0,PT170,1111,,
172526,172526,172526,"Agualva-Cacém (Estação) P2",,,38.76688964373765,-9.298350361936564,,,0,,0,0,0,0,0,0,0,0,0,0,0,0,0,0,PT170,1111,,
172528,172528,172528,"Av Liberdade 146",,,38.764723,-9.259683,,,0,,0,0,0,0,0,0,0,0,0,0,0,0,0,0,PT170,1111,,
172530,172530,172530,"Grajal",,,38.7816166666667,-9.29408333333333,,,0,,0,0,0,0,0,0,0,0,0,0,0,0,0,0,PT170,1111,,
172531,172531,172531,"Estação Tercena",,,38.7509759422392,-9.28710261359811,,,0,,0,0,0,0,0,0,0,0,0,0,0,0,0,0,PT170,1111,,
172532,172532,172532,"Agualva-Cacém (Estação) P3",,,38.76676568946455,-9.298301044145571,,,0,,0,0,0,0,0,0,0,0,0,0,0,0,0,0,PT170,1111,,
172533,172533,172533,"Portela de Sintra (Estação) P10 Entrada Sul",,,38.80214,-9.376626,,,0,,0,0,0,0,0,0,0,0,0,0,0,0,0,0,PT170,1111,,
172534,172534,172534,"Portela de Sintra (Estação) P9 Entrada Sul",,,38.802129,-9.376987,,,0,,0,0,0,0,0,0,0,0,0,0,0,0,0,0,PT170,1111,,
172536,172536,172536,"Queluz - Belas (Estação)",,,38.75936030766948,-9.257234749085264,,,0,,0,0,0,0,0,0,0,0,0,0,0,0,0,0,PT170,1111,,
172537,172537,172537,"Monte Abraão (Estação) P11",,,38.75577022915296,-9.266021188051935,,,0,,0,0,0,0,0,0,0,0,0,0,0,0,0,0,PT170,1111,,
172538,172538,172538,"R República da Coreia",,,38.7857825901036,-9.356604720758831,,,0,,0,0,0,0,0,0,0,0,0,0,0,0,0,0,PT170,1111,,
172540,172540,172540,"R Cerejeiras (X) Trv Oliveiras",,,38.78958340155565,-9.359406409347812,,,0,,0,0,0,0,0,0,0,0,0,0,0,0,0,0,PT170,1111,,
172542,172542,172542,"Prct Manuel Faria - B Cidade Desportiva",,,38.75054950103995,-9.27129638583635,,,0,,0,0,0,0,0,0,0,0,0,0,0,0,0,0,PT170,1111,,
172543,172543,172543,"Av Salgueiro Maia (Fte Qta Sto Antonio)",,,38.76054242448616,-9.278252497315409,,,0,,0,0,0,0,0,0,0,0,0,0,0,0,0,0,PT170,1111,,
172544,172544,172544,"Av Salgueiro Maia (Qta Sto Antonio)",,,38.76053310382651,-9.278422901406884,,,0,,0,0,0,0,0,0,0,0,0,0,0,0,0,0,PT170,1111,,
172545,172545,172545,"R Ribeiro Sanches 32",,,38.76324,-9.260342,,,0,,0,0,0,0,0,0,0,0,0,0,0,0,0,0,PT170,1111,,
172546,172546,172546,"R Ramada Curto 2",,,38.7647578027099,-9.26364853978157,,,0,,0,0,0,0,0,0,0,0,0,0,0,0,0,0,PT170,1111,,
172548,172548,172548,"R Man Tito Morais (x) R Dr F Salg Zenha",,,38.758099428378,-9.28158371709287,,,0,,0,0,0,0,0,0,0,0,0,0,0,0,0,0,PT170,1111,,
172551,172551,172551,"Av D Nuno Álvares Pereira Fte 30B",,,38.76812006611931,-9.295954640654962,,,0,,0,0,0,0,0,0,0,0,0,0,0,0,0,0,PT170,1111,,
172552,172552,172552,"Agualva-Cacém (Estação) Exterior P1",,,38.7663419522031,-9.298051071126984,,,0,,0,0,0,0,0,0,0,0,0,0,0,0,0,0,PT170,1111,,
172553,172553,172553,"Av 1º Maio 20",,,38.75159233128064,-9.276536888897652,,,0,,0,0,0,0,0,0,0,0,0,0,0,0,0,0,PT170,1111,,
172554,172554,172554,"Av 25 Abril Fte 77",,,38.75299011718105,-9.286194424535944,,,0,,0,0,0,0,0,0,0,0,0,0,0,0,0,0,PT170,1111,,
172555,172555,172555,"Agualva-Cacém (Estação) Exterior P2",,,38.76655865003124,-9.298028895059929,,,0,,0,0,0,0,0,0,0,0,0,0,0,0,0,0,PT170,1111,,
172556,172556,172556,"Av D Nuno Álvares Pereira 30",,,38.76805178729281,-9.295840316160351,,,0,,0,0,0,0,0,0,0,0,0,0,0,0,0,0,PT170,1111,,
172557,172557,172557,"Av D Nuno Álvares Pereira 70A",,,38.76988641582235,-9.293115392662305,,,0,,0,0,0,0,0,0,0,0,0,0,0,0,0,0,PT170,1111,,
172558,172558,172558,"R Olival (Esc Ribeiro Carvalho)",,,38.7692370918248,-9.31137992235907,,,0,,0,0,0,0,0,0,0,0,0,0,0,0,0,0,PT170,1111,,
172559,172559,172559,"Av Lápias (Fte X) R Casal Ossos",,,38.860081204533344,-9.322178632003526,,,0,,0,0,0,0,0,0,0,0,0,0,0,0,0,0,PT170,1111,,
172560,172560,172560,"Av Lápias (X) R Casal Ossos",,,38.86001827993349,-9.322078634100055,,,0,,0,0,0,0,0,0,0,0,0,0,0,0,0,0,PT170,1111,,
172561,172561,172561,"Avenida Liberdade (Fte Supermercado)",,,38.8611721945927,-9.3264947924763,,,0,,0,0,0,0,0,0,0,0,0,0,0,0,0,0,PT170,1111,,
172562,172562,172562,"Avenida Liderdade (Supermercado)",,,38.86119183380002,-9.326643817650872,,,0,,0,0,0,0,0,0,0,0,0,0,0,0,0,0,PT170,1111,,
172566,172566,172566,"Av Brasil (Fte Campo Tenis)",,,38.75048785780157,-9.292816461346757,,,0,,0,0,0,0,0,0,0,0,0,0,0,0,0,0,PT170,1111,,
172567,172567,172567,"Tribunal de Sintra",,,38.8046040284252,-9.370083635435195,,,0,,0,0,0,0,0,0,0,0,0,0,0,0,0,0,PT170,1111,,
172570,172570,172570,"R Primeiro de Maio (x) R Navegantes",,,38.7793755784897,-9.252778467315975,,,0,,0,0,0,0,0,0,0,0,0,0,0,0,0,0,PT170,1111,,
172571,172571,172571,"R Berlim (X) EN 250",,,38.796246,-9.240497,,,0,,0,0,0,0,0,0,0,0,0,0,0,0,0,0,PT170,1111,,
172573,172573,172573,"Estr Marquês Pombal Fte 21",,,38.7884217885108,-9.320149753287158,,,0,,0,0,0,0,0,0,0,0,0,0,0,0,0,0,PT170,1111,,
172574,172574,172574,"Av Robínias 12",,,38.789299,-9.315613,,,0,,0,0,0,0,0,0,0,0,0,0,0,0,0,0,PT170,1111,,
172575,172575,172575,"Av Robínias Fte 12",,,38.78933,-9.315743,,,0,,0,0,0,0,0,0,0,0,0,0,0,0,0,0,PT170,1111,,
172576,172576,172576,"Estr Marquês Pombal 19",,,38.788496,-9.319916,,,0,,0,0,0,0,0,0,0,0,0,0,0,0,0,0,PT170,1111,,
172578,172578,172578,"R Olival 38",,,38.76926725282413,-9.30934726262474,,,0,,0,0,0,0,0,0,0,0,0,0,0,0,0,0,PT170,1111,,
172580,172580,172580,"R do Pinhal (X) R Vinha Juiz",,,38.82910994006776,-9.439830941821064,,,0,,0,0,0,0,0,0,0,0,0,0,0,0,0,0,PT170,1111,,
172582,172582,172582,"R do Pinhal (X) R Camejo",,,38.831981,-9.449872,,,0,,0,0,0,0,0,0,0,0,0,0,0,0,0,0,PT170,1111,,
172584,172584,172584,"Av Comissão Melhoramentos (X) R Hortas",,,38.836012753436826,-9.457967085009107,,,0,,0,0,0,0,0,0,0,0,0,0,0,0,0,0,PT170,1111,,
172586,172586,172586,"R Marquês Pombal 17",,,38.850071431947214,-9.440437129323282,,,0,,0,0,0,0,0,0,0,0,0,0,0,0,0,0,PT170,1111,,
172601,172601,172601,"Rio de Mouro (Estação Sul)",,,38.78382119735189,-9.321913776755808,,,0,,0,0,0,0,0,0,0,0,0,0,0,0,0,0,PT170,1111,,
172604,172604,172604,"R Cerejeiras Fte 31",,,38.78732143270726,-9.36077526453018,,,0,,0,0,0,0,0,0,0,0,0,0,0,0,0,0,PT170,1111,,
172606,172606,172606,"R Bernardino Machado Fte 2",,,38.77443285054628,-9.271895304523383,,,0,,0,0,0,0,0,0,0,0,0,0,0,0,0,0,PT170,1111,,
172609,172609,172609,"R Dr Francisco Salgado Zenha Lte 73",,,38.7580213928595,-9.28141792304814,,,0,,0,0,0,0,0,0,0,0,0,0,0,0,0,0,PT170,1111,,
172610,172610,172610,"R Olival (Fte Esc Ribeiro Carvalho)",,,38.769124860441,-9.311346967093648,,,0,,0,0,0,0,0,0,0,0,0,0,0,0,0,0,PT170,1111,,
172611,172611,172611,"Av D Nuno Álvares Pereira 63A",,,38.76987610175846,-9.293287739015662,,,0,,0,0,0,0,0,0,0,0,0,0,0,0,0,0,PT170,1111,,
172621,172621,172621,"Av Bons Amigos (Largo)",,,38.76960928145829,-9.295350793594167,,,0,,0,0,0,0,0,0,0,0,0,0,0,0,0,0,PT170,1111,,
172622,172622,172622,"R Álv Aug Rodrig Vilela (X) R Chafariz",,,38.763159624036895,-9.34775943567048,,,0,,0,0,0,0,0,0,0,0,0,0,0,0,0,0,PT170,1111,,
172624,172624,172624,"EN 9 Fte Supermercado",,,38.83583284015506,-9.35584569048386,,,0,,0,0,0,0,0,0,0,0,0,0,0,0,0,0,PT170,1111,,
172628,172628,172628,"Algueirão - Mem Martins (Estação) P1",,,38.79751007309544,-9.3413454024757,,,0,,0,0,0,0,0,0,0,0,0,0,0,0,0,0,PT170,1111,,
172630,172630,172630,"Estr Principal 5",,,38.848687674,-9.404086345,,,0,,0,0,0,0,0,0,0,0,0,0,0,0,0,0,PT170,1111,,
172631,172631,172631,"Estr Principal 4",,,38.848797,-9.404,,,0,,0,0,0,0,0,0,0,0,0,0,0,0,0,0,PT170,1111,,
172632,172632,172632,"Estr Casal A-dos-Eis 91",,,38.859864236,-9.421624165,,,0,,0,0,0,0,0,0,0,0,0,0,0,0,0,0,PT170,1111,,
172633,172633,172633,"Estr Casal A-dos-Eis Fte 91",,,38.859953,-9.421446,,,0,,0,0,0,0,0,0,0,0,0,0,0,0,0,0,PT170,1111,,
172650,172650,172650,"R Noel Cunha (X) Lgo Visconde d'Asseca",,,38.826336,-9.437624,,,0,,0,0,0,0,0,0,0,0,0,0,0,0,0,0,PT170,1111,,
172651,172651,172651,"R do Pinhal (X) R do Alecrim",,,38.829976,-9.442409,,,0,,0,0,0,0,0,0,0,0,0,0,0,0,0,0,PT170,1111,,
172652,172652,172652,"Av Comissão Melhoramentos 55",,,38.833757,-9.454274,,,0,,0,0,0,0,0,0,0,0,0,0,0,0,0,0,PT170,1111,,
172653,172653,172653,"Av Luís Augusto Colares (X) Lgo Chitas",,,38.83741002637338,-9.459790209821694,,,0,,0,0,0,0,0,0,0,0,0,0,0,0,0,0,PT170,1111,,
172654,172654,172654,"R Marquês Pombal 32",,,38.850048,-9.440654,,,0,,0,0,0,0,0,0,0,0,0,0,0,0,0,0,PT170,1111,,
172655,172655,172655,"Estr da Ribeira (Lgo do Parque Infantil)",,,38.856718,-9.397408,,,0,,0,0,0,0,0,0,0,0,0,0,0,0,0,0,PT170,1111,,
172656,172656,172656,"Estrada da Ribeira 51",,,38.860088,-9.396729,,,0,,0,0,0,0,0,0,0,0,0,0,0,0,0,0,PT170,1111,,
172657,172657,172657,"R Cruzeiro (Escola)",,,38.849619,-9.377478,,,0,,0,0,0,0,0,0,0,0,0,0,0,0,0,0,PT170,1111,,
172658,172658,172658,"Terrugem (Centro de Saúde)",,,38.849762,-9.377514,,,0,,0,0,0,0,0,0,0,0,0,0,0,0,0,0,PT170,1111,,
172659,172659,172659,"Estr da Ribeira 87",,,38.859733,-9.391857,,,0,,0,0,0,0,0,0,0,0,0,0,0,0,0,0,PT170,1111,,
172660,172660,172660,"R Fontanário (Centro de Saúde)",,,38.874119,-9.399758,,,0,,0,0,0,0,0,0,0,0,0,0,0,0,0,0,PT170,1111,,
172661,172661,172661,"Lrg Poço Novo (X) Av Moinhos Arneiro",,,38.859517,-9.414633,,,0,,0,0,0,0,0,0,0,0,0,0,0,0,0,0,PT170,1111,,
172662,172662,172662,"Lrg Poço Novo 7",,,38.859576,-9.414803,,,0,,0,0,0,0,0,0,0,0,0,0,0,0,0,0,PT170,1111,,
173188,173188,173188,"Rua Joaquim Correia de Freitas 4",,,38.770875,-9.323179,,,0,,0,0,0,0,0,0,0,0,0,0,0,0,0,0,PT170,1111,,
173460,173460,173460,"Avenida dos Bombeiros Voluntários (Casalinho do Pinhal)",,,38.793584,-9.347582,,,0,,0,0,0,0,0,0,0,0,0,0,0,0,0,0,PT170,1111,,
173619,173619,173619,"Estrada de Vale Mourão",,,38.762999,-9.318747,,,0,,0,0,0,0,0,0,0,0,0,0,0,0,0,0,PT170,1111,,
174046,174046,174046,"Rua António José da Luz 49",,,38.770705,-9.323032,,,0,,0,0,0,0,0,0,0,0,0,0,0,0,0,0,PT170,1111,,
174726,174726,174726,"Rua das Vagens (Supermercado)",,,38.784223,-9.33898,,,0,,0,0,0,0,0,0,0,0,0,0,0,0,0,0,PT170,1111,,
174806,174806,174806,"Rua António Feijó (Centro de Inspeções)",,,38.787104,-9.34073,,,0,,0,0,0,0,0,0,0,0,0,0,0,0,0,0,PT170,1111,,
174847,174847,174847,"Avenida Infante Dom Henrique (Centro de Saúde)",,,38.786293,-9.326792,,,0,,0,0,0,0,0,0,0,0,0,0,0,0,0,0,PT170,1111,,
174924,174924,174924,"Rua da Montanha (X) Rua da Boavista",,,38.817836,-9.257448,,,0,,0,0,0,0,0,0,0,0,0,0,0,0,0,0,PT170,1111,,
175188,175188,175188,"Rua Laura Alves (X) Rua Dom Pedro IV",,,38.756756,-9.25033,,,0,,0,0,0,0,0,0,0,0,0,0,0,0,0,0,PT170,1111,,
175364,175364,175364,"Rua Cidade de Évora (Parque Urbano da Cavaleira)",,,38.807929,-9.350039,,,0,,0,0,0,0,0,0,0,0,0,0,0,0,0,0,PT170,1111,,
176216,176216,176216,"Largo Abílio Duarte Jorge 10",,,38.876928,-9.306887,,,0,,0,0,0,0,0,0,0,0,0,0,0,0,0,0,PT170,1111,,
176453,176453,176453,"Avenida José Elias Garcia 68",,,38.75833746740772,-9.251007868037712,,,0,,0,0,0,0,0,0,0,0,0,0,0,0,0,0,PT170,1111,,
176673,176673,176673,"Rua Alfredo keil Frente 26",,,38.823319,-9.46434,,,0,,0,0,0,0,0,0,0,0,0,0,0,0,0,0,PT170,1111,,
177496,177496,177496,"Rua Cidade de Loulé (Parque Urbano da Cavaleira)",,,38.807522,-9.352287,,,0,,0,0,0,0,0,0,0,0,0,0,0,0,0,0,PT170,1111,,
178898,178898,178898,"Rua Cidade de Portalegre Frente 18",,,38.807918,-9.352293,,,0,,0,0,0,0,0,0,0,0,0,0,0,0,0,0,PT170,1111,,
179151,179151,179151,"Rua Professor Doutor Joaquim Fontes Frente 14",,,38.793311,-9.34693,,,0,,0,0,0,0,0,0,0,0,0,0,0,0,0,0,PT170,1111,,
179551,179551,179551,"Estrada de Vale Mourão 210",,,38.761582,-9.325599,,,0,,0,0,0,0,0,0,0,0,0,0,0,0,0,0,PT170,1111,,
030001,030001,030001,"Alfragide (Hosp Veterinário)",,,38.73443594072748,-9.22057251445949,,,0,,0,0,0,0,0,0,0,0,0,0,0,0,0,0,PT170,1115,,
030002,030002,030002,"Estr Seminário (Hosp Veterinário)",,,38.7343582324684,-9.22046631574631,,,0,,0,0,0,0,0,0,0,0,0,0,0,0,0,0,PT170,1115,,
030003,030003,030003,"Av Ivens",,,38.7331441337626,-9.219679217262128,,,0,,0,0,0,0,0,0,0,0,0,0,0,0,0,0,PT170,1115,,
030005,030005,030005,"Av D Luis I",,,38.731469447673824,-9.218281613649609,,,0,,0,0,0,0,0,0,0,0,0,0,0,0,0,0,PT170,1115,,
030007,030007,030007,"Alfragide Sul",,,38.73289879873788,-9.216992954772484,,,0,,0,0,0,0,0,0,0,0,0,0,0,0,0,0,PT170,1115,,
030009,030009,030009,"Estr Zambujal 45",,,38.732415,-9.216298,,,0,,0,0,0,0,0,0,0,0,0,0,0,0,0,0,PT170,1115,,
030010,030010,030010,"Estr Zambujal 34",,,38.732645599658966,-9.216086734952924,,,0,,0,0,0,0,0,0,0,0,0,0,0,0,0,0,PT170,1115,,
030011,030011,030011,"Escola Almeida Garrett",,,38.7334,-9.21528,,,0,,0,0,0,0,0,0,0,0,0,0,0,0,0,0,PT170,1115,,
030012,030012,030012,"Escola Almeida Garrett",,,38.7334,-9.21531,,,0,,0,0,0,0,0,0,0,0,0,0,0,0,0,0,PT170,1115,,
030013,030013,030013,"Escola Luís Madureira",,,38.7328,-9.21348,,,0,,0,0,0,0,0,0,0,0,0,0,0,0,0,0,PT170,1115,,
030014,030014,030014,"Escola Luís Madureira",,,38.7329,-9.2135,,,0,,0,0,0,0,0,0,0,0,0,0,0,0,0,0,PT170,1115,,
030015,030015,030015,"Estr Portela Fte 2A",,,38.733839,-9.210783,,,0,,0,0,0,0,0,0,0,0,0,0,0,0,0,0,PT170,1115,,
030016,030016,030016,"Estr Portela 2",,,38.733961,-9.210669,,,0,,0,0,0,0,0,0,0,0,0,0,0,0,0,0,PT170,1115,,
030018,030018,030018,"R das Galegas",,,38.735971,-9.209461,,,0,,0,0,0,0,0,0,0,0,0,0,0,0,0,0,PT170,1115,,
030019,030019,030019,"R das Galegas 13",,,38.737652,-9.207923,,,0,,0,0,0,0,0,0,0,0,0,0,0,0,0,0,PT170,1115,,
030020,030020,030020,"R das Galegas 13",,,38.73782792950868,-9.20853774576203,,,0,,0,0,0,0,0,0,0,0,0,0,0,0,0,0,PT170,1115,,
030021,030021,030021,"Bº Zambujal",,,38.738756,-9.210536,,,0,,0,0,0,0,0,0,0,0,0,0,0,0,0,0,PT170,1115,,
030022,030022,030022,"Bairro Zambujal 1",,,38.73868,-9.210328,,,0,,0,0,0,0,0,0,0,0,0,0,0,0,0,0,PT170,1115,,
030024,030024,030024,"Estr Alfragide (X) Praceta das Gaias",,,38.7382769817486,-9.21255446970463,,,0,,0,0,0,0,0,0,0,0,0,0,0,0,0,0,PT170,1115,,
030025,030025,030025,"Alfragide (F Aérea)",,,38.7387333333333,-9.21405,,,0,,0,0,0,0,0,0,0,0,0,0,0,0,0,0,PT170,1115,,
030026,030026,030026,"Alfragide (F Aérea)",,,38.7383166666667,-9.21408333333333,,,0,,0,0,0,0,0,0,0,0,0,0,0,0,0,0,PT170,1115,,
030027,030027,030027,"Av Republica (Pav Desportivo)",,,38.7422239780426,-9.21264164149761,,,0,,0,0,0,0,0,0,0,0,0,0,0,0,0,0,PT170,1115,,
030028,030028,030028,"Av Republica (Pav Desportivo)",,,38.7424002494663,-9.21273996122181,,,0,,0,0,0,0,0,0,0,0,0,0,0,0,0,0,PT170,1115,,
030029,030029,030029,"R 5 Outubro 10",,,38.74181129504,-9.21167755499482,,,0,,0,0,0,0,0,0,0,0,0,0,0,0,0,0,PT170,1115,,
030030,030030,030030,"R 5 Outubro 18",,,38.7423852458596,-9.2114919796586,,,0,,0,0,0,0,0,0,0,0,0,0,0,0,0,0,PT170,1115,,
030031,030031,030031,"R Luís Vaz de Camões 3 (Centro Saúde)",,,38.7408081907779,-9.2089363373816,,,0,,0,0,0,0,0,0,0,0,0,0,0,0,0,0,PT170,1115,,
030032,030032,030032,"R Luís Vaz de Camões (Centro Saúde)",,,38.7408660678193,-9.20882904902101,,,0,,0,0,0,0,0,0,0,0,0,0,0,0,0,0,PT170,1115,,
030033,030033,030033,"R Gonçalves Zarco 13A",,,38.7417522026226,-9.20660491101444,,,0,,0,0,0,0,0,0,0,0,0,0,0,0,0,0,PT170,1115,,
030035,030035,030035,"Av Camilo Castelo Branco 6",,,38.7444667238742,-9.20763437636197,,,0,,0,0,0,0,0,0,0,0,0,0,0,0,0,0,PT170,1115,,
030037,030037,030037,"R Trindade Coelho 14",,,38.7441175337881,-9.20980310998857,,,0,,0,0,0,0,0,0,0,0,0,0,0,0,0,0,PT170,1115,,
030038,030038,030038,"R Trindade Coelho 19",,,38.7442080583423,-9.21028171665967,,,0,,0,0,0,0,0,0,0,0,0,0,0,0,0,0,PT170,1115,,
030039,030039,030039,"Av República 15A",,,38.7461234070361,-9.21221475116909,,,0,,0,0,0,0,0,0,0,0,0,0,0,0,0,0,PT170,1115,,
030040,030040,030040,"Av República 15B",,,38.7460031267256,-9.21234886161983,,,0,,0,0,0,0,0,0,0,0,0,0,0,0,0,0,PT170,1115,,
030041,030041,030041,"R António Aleixo (Rotunda)",,,38.747006,-9.215621,,,0,,0,0,0,0,0,0,0,0,0,0,0,0,0,0,PT170,1115,,
030043,030043,030043,"R Bartolomeu Dias (Aqueduto)",,,38.7480483110994,-9.21711246483028,,,0,,0,0,0,0,0,0,0,0,0,0,0,0,0,0,PT170,1115,,
030045,030045,030045,"Reboleira (Estação)",,,38.75006746123322,-9.22204622067511,,,0,,0,0,0,0,0,0,0,0,0,0,0,0,0,0,PT170,1115,,
030047,030047,030047,"Av Dom Carlos I (Aqueduto)",,,38.74883944813962,-9.21840866475918,,,0,,0,0,0,0,0,0,0,0,0,0,0,0,0,0,PT170,1115,,
030049,030049,030049,"Praça Águas Livres 2A",,,38.746878835111,-9.216110240668058,,,0,,0,0,0,0,0,0,0,0,0,0,0,0,0,0,PT170,1115,,
030051,030051,030051,"Buraca (X) Cova Moura",,,38.7440166666667,-9.21106666666667,,,0,,0,0,0,0,0,0,0,0,0,0,0,0,0,0,PT170,1115,,
030052,030052,030052,"Buraca (X) Cova Moura",,,38.744,-9.21086666666667,,,0,,0,0,0,0,0,0,0,0,0,0,0,0,0,0,PT170,1115,,
030053,030053,030053,"R Trind Coelho (X) Pcta Conde Arnoso",,,38.744248249568,-9.20797543600202,,,0,,0,0,0,0,0,0,0,0,0,0,0,0,0,0,PT170,1115,,
030055,030055,030055,"Estr Alfragide (CTT)",,,38.742791893892,-9.20591558329761,,,0,,0,0,0,0,0,0,0,0,0,0,0,0,0,0,PT170,1115,,
030059,030059,030059,"Alfragide Sul",,,38.73333183193662,-9.21715306358241,,,0,,0,0,0,0,0,0,0,0,0,0,0,0,0,0,PT170,1115,,
030061,030061,030061,"Av D Luís I",,,38.733545,-9.219579,,,0,,0,0,0,0,0,0,0,0,0,0,0,0,0,0,PT170,1115,,
030063,030063,030063,"Av Força Aérea Port (Passagem Peões)",,,38.7402147520334,-9.21812910586596,,,0,,0,0,0,0,0,0,0,0,0,0,0,0,0,0,PT170,1115,,
030064,030064,030064,"Alfragide (Força Aérea)",,,38.7401753570884,-9.21833094209433,,,0,,0,0,0,0,0,0,0,0,0,0,0,0,0,0,PT170,1115,,
030068,030068,030068,"Av Quinta Grande / Av Laranjeiras",,,38.7385,-9.22106,,,0,,0,0,0,0,0,0,0,0,0,0,0,0,0,0,PT170,1115,,
030070,030070,030070,"Av Quinta Grande / Av dos Moinhos",,,38.736345,-9.220482,,,0,,0,0,0,0,0,0,0,0,0,0,0,0,0,0,PT170,1115,,
030071,030071,030071,"Av Qta Grande 24A",,,38.73581082440548,-9.22167624346912,,,0,,0,0,0,0,0,0,0,0,0,0,0,0,0,0,PT170,1115,,
030072,030072,030072,"Av Qta Grande 24A",,,38.7357572978362,-9.22158144414425,,,0,,0,0,0,0,0,0,0,0,0,0,0,0,0,0,PT170,1115,,
030074,030074,030074,"Av da Quinta Grande 28",,,38.73560033581242,-9.223372237756848,,,0,,0,0,0,0,0,0,0,0,0,0,0,0,0,0,PT170,1115,,
030076,030076,030076,"Av Quinta Grande (X) R Miradouro",,,38.73652304457405,-9.22553937882185,,,0,,0,0,0,0,0,0,0,0,0,0,0,0,0,0,PT170,1115,,
030078,030078,030078,"Av Quinta Grande / Rua Beatriz Costa",,,38.7380855807191,-9.226234606151577,,,0,,0,0,0,0,0,0,0,0,0,0,0,0,0,0,PT170,1115,,
030079,030079,030079,"Alfrag (Estr Ponte)",,,38.7400209205225,-9.22499606385827,,,0,,0,0,0,0,0,0,0,0,0,0,0,0,0,0,PT170,1115,,
030080,030080,030080,"Alfrag (Estr Ponte)",,,38.7401514267549,-9.22511978074908,,,0,,0,0,0,0,0,0,0,0,0,0,0,0,0,0,PT170,1115,,
030081,030081,030081,"R Terreiro Rossio (Escola)",,,38.74499778073869,-9.22610624693334,,,0,,0,0,0,0,0,0,0,0,0,0,0,0,0,0,PT170,1115,,
030083,030083,030083,"R Terreiro Rossio (Rua Escolas)",,,38.74720275591598,-9.224963131843438,,,0,,0,0,0,0,0,0,0,0,0,0,0,0,0,0,PT170,1115,,
030084,030084,030084,"R Terreiro Rossio (Rua Escolas)",,,38.7472,-9.2251,,,0,,0,0,0,0,0,0,0,0,0,0,0,0,0,0,PT170,1115,,
030085,030085,030085,"Av Manuel Alped (X) Pcta F Ramos Costa",,,38.74933183253386,-9.224131271863964,,,0,,0,0,0,0,0,0,0,0,0,0,0,0,0,0,PT170,1115,,
030086,030086,030086,"Av Manuel Alped (Pcta F Ramos Costa)",,,38.74965240150552,-9.22395913033908,,,0,,0,0,0,0,0,0,0,0,0,0,0,0,0,0,PT170,1115,,
030087,030087,030087,"Av Brasil 51",,,38.752975,-9.226085,,,0,,0,0,0,0,0,0,0,0,0,0,0,0,0,0,PT170,1115,,
030088,030088,030088,"Av Brasil 72B",,,38.7525413464755,-9.22597465105355,,,0,,0,0,0,0,0,0,0,0,0,0,0,0,0,0,PT170,1115,,
030089,030089,030089,"Av Brasil (Escola)",,,38.75443984963333,-9.226929349824786,,,0,,0,0,0,0,0,0,0,0,0,0,0,0,0,0,PT170,1115,,
030091,030091,030091,"Av do Brasil 6",,,38.75750204994613,-9.227362694218757,,,0,,0,0,0,0,0,0,0,0,0,0,0,0,0,0,PT170,1115,,
030093,030093,030093,"Av Gen Humberto Delgado 1",,,38.7604883965105,-9.22984189353883,,,0,,0,0,0,0,0,0,0,0,0,0,0,0,0,0,PT170,1115,,
030095,030095,030095,"Av Gen Humb Delgado (Supermercado)",,,38.76139511304071,-9.233941650018096,,,0,,0,0,0,0,0,0,0,0,0,0,0,0,0,0,PT170,1115,,
030097,030097,030097,"Av Gen Humberto Delgado 122",,,38.7622240372002,-9.23765114508569,,,0,,0,0,0,0,0,0,0,0,0,0,0,0,0,0,PT170,1115,,
030101,030101,030101,"R Henrique Nogueira 12A (Jardim)",,,38.7591877765954,-9.23316506668925,,,0,,0,0,0,0,0,0,0,0,0,0,0,0,0,0,PT170,1115,,
030103,030103,030103,"Bombeiros Volunt 4C (Mercado da Mina)",,,38.7607195274904,-9.23349699005485,,,0,,0,0,0,0,0,0,0,0,0,0,0,0,0,0,PT170,1115,,
030105,030105,030105,"Av Com Luis Antonio Silva 62B",,,38.75970653033962,-9.229453392326832,,,0,,0,0,0,0,0,0,0,0,0,0,0,0,0,0,PT170,1115,,
030107,030107,030107,"Av Brasil (Jardim Infantil)",,,38.7561697885394,-9.22779436223209,,,0,,0,0,0,0,0,0,0,0,0,0,0,0,0,0,PT170,1115,,
030109,030109,030109,"Av Brasil (Fte Escola)",,,38.7545830523595,-9.22716756351292,,,0,,0,0,0,0,0,0,0,0,0,0,0,0,0,0,PT170,1115,,
030111,030111,030111,"Reboleira (Estação)",,,38.7504524923861,-9.22301508486271,,,0,,0,0,0,0,0,0,0,0,0,0,0,0,0,0,PT170,1115,,
030113,030113,030113,"Atalaia (Escola Secundária)",,,38.74493245283681,-9.226607149466872,,,0,,0,0,0,0,0,0,0,0,0,0,0,0,0,0,PT170,1115,,
030116,030116,030116,"Av F Aerea Portug (X) Av Qta Grande",,,38.7397995125502,-9.22100141644478,,,0,,0,0,0,0,0,0,0,0,0,0,0,0,0,0,PT170,1115,,
030117,030117,030117,"Av F Aerea Portug (X) Av Qta Grande",,,38.7397411325946,-9.22085297293961,,,0,,0,0,0,0,0,0,0,0,0,0,0,0,0,0,PT170,1115,,
030119,030119,030119,"Amadora (Estação Norte)",,,38.7606334872544,-9.23693373799324,,,0,,0,0,0,0,0,0,0,0,0,0,0,0,0,0,PT170,1115,,
030121,030121,030121,"Av Combatentes Grande Guerra 64",,,38.7631873693317,-9.23683022148907,,,0,,0,0,0,0,0,0,0,0,0,0,0,0,0,0,PT170,1115,,
030123,030123,030123,"R Dr Azevedo Neves 96",,,38.7652289553804,-9.236983275040984,,,0,,0,0,0,0,0,0,0,0,0,0,0,0,0,0,PT170,1115,,
030124,030124,030124,"R Dr Azevedo Neves 96",,,38.7653019558638,-9.23711218871176,,,0,,0,0,0,0,0,0,0,0,0,0,0,0,0,0,PT170,1115,,
030125,030125,030125,"Av C Castro (X) Av Cottinelli Telmo",,,38.7660888070241,-9.23649217933416,,,0,,0,0,0,0,0,0,0,0,0,0,0,0,0,0,PT170,1115,,
030126,030126,030126,"Av C Castro (X) Av Cottinelli Telmo",,,38.7659663893282,-9.23657398670912,,,0,,0,0,0,0,0,0,0,0,0,0,0,0,0,0,PT170,1115,,
030127,030127,030127,"Av Cottinelli Telmo 36",,,38.7663341034204,-9.23829194158316,,,0,,0,0,0,0,0,0,0,0,0,0,0,0,0,0,PT170,1115,,
030128,030128,030128,"Av Cottinelli Telmo 74",,,38.7662280304357,-9.23819228075445,,,0,,0,0,0,0,0,0,0,0,0,0,0,0,0,0,PT170,1115,,
030129,030129,030129,"Av Fernando Valle 29",,,38.7673426559195,-9.23795658163726,,,0,,0,0,0,0,0,0,0,0,0,0,0,0,0,0,PT170,1115,,
030130,030130,030130,"Av Fernando Valle (Rotunda)",,,38.7673759320751,-9.23848858103156,,,0,,0,0,0,0,0,0,0,0,0,0,0,0,0,0,PT170,1115,,
030131,030131,030131,"Av Fernando Valle 50",,,38.767581255359616,-9.23591500326171,,,0,,0,0,0,0,0,0,0,0,0,0,0,0,0,0,PT170,1115,,
030132,030132,030132,"Av Fernando Valle (X) Av Canto Castro",,,38.76764743457126,-9.236098397523165,,,0,,0,0,0,0,0,0,0,0,0,0,0,0,0,0,PT170,1115,,
030133,030133,030133,"R Franc Bugalho (X) Pcta Teix Gomes",,,38.767879076696346,-9.23415599572927,,,0,,0,0,0,0,0,0,0,0,0,0,0,0,0,0,PT170,1115,,
030134,030134,030134,"R F Bugalho (X) R Daniel Filipe",,,38.76800066451519,-9.234070412539042,,,0,,0,0,0,0,0,0,0,0,0,0,0,0,0,0,PT170,1115,,
030135,030135,030135,"R Oliveira Martins 7C",,,38.7671873392537,-9.231998892501,,,0,,0,0,0,0,0,0,0,0,0,0,0,0,0,0,PT170,1115,,
030136,030136,030136,"R Oliveira Martins 5A",,,38.7669066293165,-9.23185497522354,,,0,,0,0,0,0,0,0,0,0,0,0,0,0,0,0,PT170,1115,,
030137,030137,030137,"Estr Serra Mira 31",,,38.7646979559213,-9.23017457127571,,,0,,0,0,0,0,0,0,0,0,0,0,0,0,0,0,PT170,1115,,
030138,030138,030138,"Estr Serra Mira 32",,,38.76513653834016,-9.23061621375382,,,0,,0,0,0,0,0,0,0,0,0,0,0,0,0,0,PT170,1115,,
030139,030139,030139,"Estr Falagueira Fte 58a",,,38.76178834605193,-9.228736236691477,,,0,,0,0,0,0,0,0,0,0,0,0,0,0,0,0,PT170,1115,,
030141,030141,030141,"Trav Qta Bolacha 3",,,38.761829,-9.227719,,,0,,0,0,0,0,0,0,0,0,0,0,0,0,0,0,PT170,1115,,
030142,030142,030142,"Trav Qta Bolacha 6",,,38.761887,-9.227893,,,0,,0,0,0,0,0,0,0,0,0,0,0,0,0,0,PT170,1115,,
030143,030143,030143,"R Qta Bolacha (Supermercado)",,,38.7626453535631,-9.22602125443518,,,0,,0,0,0,0,0,0,0,0,0,0,0,0,0,0,PT170,1115,,
030144,030144,030144,"R Qta Bolacha (Supermercado)",,,38.76258789499104,-9.226315146627044,,,0,,0,0,0,0,0,0,0,0,0,0,0,0,0,0,PT170,1115,,
030145,030145,030145,"R João Cristovão China 6",,,38.7620259309188,-9.22551666386425,,,0,,0,0,0,0,0,0,0,0,0,0,0,0,0,0,PT170,1115,,
030146,030146,030146,"R Oliveiras 3",,,38.761778,-9.225269,,,0,,0,0,0,0,0,0,0,0,0,0,0,0,0,0,PT170,1115,,
030147,030147,030147,"R Octávio Pato (Junta Freguesia)",,,38.7611133931205,-9.22453095205128,,,0,,0,0,0,0,0,0,0,0,0,0,0,0,0,0,PT170,1115,,
030149,030149,030149,"R Octavio Pato 10",,,38.7607850320637,-9.22324005514383,,,0,,0,0,0,0,0,0,0,0,0,0,0,0,0,0,PT170,1115,,
030151,030151,030151,"R Carlos Duarte Caneças 11",,,38.7586636142805,-9.22062607482076,,,0,,0,0,0,0,0,0,0,0,0,0,0,0,0,0,PT170,1115,,
030152,030152,030152,"R Carlos Duarte Caneças 9",,,38.759088,-9.220725,,,0,,0,0,0,0,0,0,0,0,0,0,0,0,0,0,PT170,1115,,
030153,030153,030153,"R Ant Duarte Caneças 2",,,38.7574618170038,-9.22085062600672,,,0,,0,0,0,0,0,0,0,0,0,0,0,0,0,0,PT170,1115,,
030154,030154,030154,"R António Duarte Caneças 2",,,38.757591,-9.220705,,,0,,0,0,0,0,0,0,0,0,0,0,0,0,0,0,PT170,1115,,
030155,030155,030155,"Amadora Este (Metro)",,,38.758258,-9.218777,,,0,,0,0,0,0,0,0,0,0,0,0,0,0,0,0,PT170,1115,,
030157,030157,030157,"Amadora Este (Metro)",,,38.758527,-9.218899,,,0,,0,0,0,0,0,0,0,0,0,0,0,0,0,0,PT170,1115,,
030159,030159,030159,"R Octavio Pato 5",,,38.76100857354199,-9.223272241652012,,,0,,0,0,0,0,0,0,0,0,0,0,0,0,0,0,PT170,1115,,
030161,030161,030161,"R Octávio Pato Rotunda",,,38.761308,-9.224639,,,0,,0,0,0,0,0,0,0,0,0,0,0,0,0,0,PT170,1115,,
030163,030163,030163,"Estr Falagueira 60",,,38.76195708075091,-9.22859139740467,,,0,,0,0,0,0,0,0,0,0,0,0,0,0,0,0,PT170,1115,,
030165,030165,030165,"Estr Serra Mira (Móveis Salima)",,,38.76698708997061,-9.230606826022267,,,0,,0,0,0,0,0,0,0,0,0,0,0,0,0,0,PT170,1115,,
030167,030167,030167,"EB1 Artur M Simões",,,38.7681765882048,-9.231728492304685,,,0,,0,0,0,0,0,0,0,0,0,0,0,0,0,0,PT170,1115,,
030168,030168,030168,"R Francisco Bugalho 6",,,38.76824833105093,-9.231224488466978,,,0,,0,0,0,0,0,0,0,0,0,0,0,0,0,0,PT170,1115,,
030169,030169,030169,"R Luis Gomes 55",,,38.76412668503589,-9.237556848675013,,,0,,0,0,0,0,0,0,0,0,0,0,0,0,0,0,PT170,1115,,
030171,030171,030171,"Av Marquês Pombal 44",,,38.7630297057331,-9.23815347254276,,,0,,0,0,0,0,0,0,0,0,0,0,0,0,0,0,PT170,1115,,
030173,030173,030173,"R Bomb Volunt 27",,,38.7625860096887,-9.23179848119617,,,0,,0,0,0,0,0,0,0,0,0,0,0,0,0,0,PT170,1115,,
030175,030175,030175,"R Vasco Lima Couto 10",,,38.7653947435319,-9.23164391890168,,,0,,0,0,0,0,0,0,0,0,0,0,0,0,0,0,PT170,1115,,
030177,030177,030177,"Casal São Brás",,,38.7661341112107,-9.22948356717825,,,0,,0,0,0,0,0,0,0,0,0,0,0,0,0,0,PT170,1115,,
030179,030179,030179,"R Moínho Galega 14",,,38.76706021176597,-9.228087884956889,,,0,,0,0,0,0,0,0,0,0,0,0,0,0,0,0,PT170,1115,,
030180,030180,030180,"R Moínho Galega 14",,,38.7668936373666,-9.22837430611253,,,0,,0,0,0,0,0,0,0,0,0,0,0,0,0,0,PT170,1115,,
030181,030181,030181,"R Cesar Oliveira 8",,,38.7683503283188,-9.22612762078643,,,0,,0,0,0,0,0,0,0,0,0,0,0,0,0,0,PT170,1115,,
030182,030182,030182,"R Cesar Oliveira Fte 10",,,38.76863076571196,-9.226108215081144,,,0,,0,0,0,0,0,0,0,0,0,0,0,0,0,0,PT170,1115,,
030183,030183,030183,"R 17 Setembro 45A - PSP",,,38.77025888267792,-9.22647412866354,,,0,,0,0,0,0,0,0,0,0,0,0,0,0,0,0,PT170,1115,,
030184,030184,030184,"R 17 Setembro - PSP",,,38.770307186542254,-9.22682256437838,,,0,,0,0,0,0,0,0,0,0,0,0,0,0,0,0,PT170,1115,,
030185,030185,030185,"R 17 Set (Junta Freguesia)",,,38.76920326433813,-9.229095317423344,,,0,,0,0,0,0,0,0,0,0,0,0,0,0,0,0,PT170,1115,,
030186,030186,030186,"R 17 Set (X) Pcta M Boba - Jta Freg",,,38.76947077924493,-9.228689884766936,,,0,,0,0,0,0,0,0,0,0,0,0,0,0,0,0,PT170,1115,,
030187,030187,030187,"Estr Serra da Mina 56A",,,38.7689243629575,-9.23014632426202,,,0,,0,0,0,0,0,0,0,0,0,0,0,0,0,0,PT170,1115,,
030188,030188,030188,"EB 2/3 José Cardoso Pires",,,38.7691405741498,-9.23035059124231,,,0,,0,0,0,0,0,0,0,0,0,0,0,0,0,0,PT170,1115,,
030189,030189,030189,"Estr Serra Mira (Fte Estal CMA)",,,38.773792,-9.230565,,,0,,0,0,0,0,0,0,0,0,0,0,0,0,0,0,PT170,1115,,
030191,030191,030191,"Estr Serra Mira (Posto Combustível)",,,38.777624568902,-9.22956998459995,,,0,,0,0,0,0,0,0,0,0,0,0,0,0,0,0,PT170,1115,,
030193,030193,030193,"Moinhos Funcheira (X) S Mira",,,38.77607889270093,-9.230776894837618,,,0,,0,0,0,0,0,0,0,0,0,0,0,0,0,0,PT170,1115,,
030195,030195,030195,"Av Liberdade 44A",,,38.77502849539085,-9.233524398878217,,,0,,0,0,0,0,0,0,0,0,0,0,0,0,0,0,PT170,1115,,
030196,030196,030196,"Av Liberdade 44A",,,38.7750460859388,-9.2332923039794,,,0,,0,0,0,0,0,0,0,0,0,0,0,0,0,0,PT170,1115,,
030197,030197,030197,"Av Revolução 20A",,,38.7748187687248,-9.23571609891951,,,0,,0,0,0,0,0,0,0,0,0,0,0,0,0,0,PT170,1115,,
030198,030198,030198,"Av Revolução 20A",,,38.7751367362216,-9.23504211008549,,,0,,0,0,0,0,0,0,0,0,0,0,0,0,0,0,PT170,1115,,
030199,030199,030199,"R 25 Abril 11",,,38.7742309458554,-9.23750136047602,,,0,,0,0,0,0,0,0,0,0,0,0,0,0,0,0,PT170,1115,,
030201,030201,030201,"R 25 Abril 52",,,38.776290086098,-9.23954545520246,,,0,,0,0,0,0,0,0,0,0,0,0,0,0,0,0,PT170,1115,,
030203,030203,030203,"R D Dinis - Tras Central Elétrica",,,38.77683672820314,-9.240064418401111,,,0,,0,0,0,0,0,0,0,0,0,0,0,0,0,0,PT170,1115,,
030204,030204,030204,"R D Dinis - Iriscor",,,38.77691566441464,-9.240245467501074,,,0,,0,0,0,0,0,0,0,0,0,0,0,0,0,0,PT170,1115,,
030205,030205,030205,"R Sto António Fte Lte 328",,,38.77673049064807,-9.242270328104496,,,0,,0,0,0,0,0,0,0,0,0,0,0,0,0,0,PT170,1115,,
030206,030206,030206,"R Sto António Lte 309",,,38.7769703194499,-9.24253217875957,,,0,,0,0,0,0,0,0,0,0,0,0,0,0,0,0,PT170,1115,,
030207,030207,030207,"R D João V (X) R Pico",,,38.7781819235533,-9.24295110628009,,,0,,0,0,0,0,0,0,0,0,0,0,0,0,0,0,PT170,1115,,
030209,030209,030209,"R D João V 129",,,38.7793308310211,-9.24057927913964,,,0,,0,0,0,0,0,0,0,0,0,0,0,0,0,0,PT170,1115,,
030211,030211,030211,"R D João V 26",,,38.7803453346714,-9.2386298161,,,0,,0,0,0,0,0,0,0,0,0,0,0,0,0,0,PT170,1115,,
030213,030213,030213,"Av L Pires (X) Pç Casal Carpinteiro",,,38.78217305655418,-9.23582598567009,,,0,,0,0,0,0,0,0,0,0,0,0,0,0,0,0,PT170,1115,,
030214,030214,030214,"Av Lucas Pires (X) Estrada da Central",,,38.782243,-9.2360128,,,0,,0,0,0,0,0,0,0,0,0,0,0,0,0,0,PT170,1115,,
030215,030215,030215,"Av Lucas Pires 14",,,38.78353799018506,-9.233962269499898,,,0,,0,0,0,0,0,0,0,0,0,0,0,0,0,0,PT170,1115,,
030216,030216,030216,"Av Lucas Pires 14",,,38.7835698528215,-9.23417600803077,,,0,,0,0,0,0,0,0,0,0,0,0,0,0,0,0,PT170,1115,,
030217,030217,030217,"Av Amália Rodrigues 49",,,38.783743493294864,-9.2320107948035,,,0,,0,0,0,0,0,0,0,0,0,0,0,0,0,0,PT170,1115,,
030218,030218,030218,"Av Amália Rodrigues 73",,,38.78381639722429,-9.231671579182148,,,0,,0,0,0,0,0,0,0,0,0,0,0,0,0,0,PT170,1115,,
030219,030219,030219,"Av Amália Rodrigues 32",,,38.7814608821645,-9.23449167050421,,,0,,0,0,0,0,0,0,0,0,0,0,0,0,0,0,PT170,1115,,
030221,030221,030221,"Av D Armando Romão 13A",,,38.7796333560128,-9.23414851538837,,,0,,0,0,0,0,0,0,0,0,0,0,0,0,0,0,PT170,1115,,
030222,030222,030222,"Av D Armando Romão 14",,,38.7796552944928,-9.23375205136836,,,0,,0,0,0,0,0,0,0,0,0,0,0,0,0,0,PT170,1115,,
030223,030223,030223,"Av D F Piteira Santos (Supermercado)",,,38.778655415445,-9.233137322589757,,,0,,0,0,0,0,0,0,0,0,0,0,0,0,0,0,PT170,1115,,
030225,030225,030225,"Moinhos Funcheira (Rotunda)",,,38.77837404140493,-9.2302165646106,,,0,,0,0,0,0,0,0,0,0,0,0,0,0,0,0,PT170,1115,,
030226,030226,030226,"Moinhos Funcheira (Rotunda)",,,38.7785597378388,-9.23045637086034,,,0,,0,0,0,0,0,0,0,0,0,0,0,0,0,0,PT170,1115,,
030227,030227,030227,"Av D F Piteira Santos 16 (Superm)",,,38.7788899429142,-9.23243240453303,,,0,,0,0,0,0,0,0,0,0,0,0,0,0,0,0,PT170,1115,,
030229,030229,030229,"Av Amália Rodrigues 36",,,38.78186453218432,-9.23378893174231,,,0,,0,0,0,0,0,0,0,0,0,0,0,0,0,0,PT170,1115,,
030231,030231,030231,"R S Patricio 35",,,38.7809073831886,-9.23861925490201,,,0,,0,0,0,0,0,0,0,0,0,0,0,0,0,0,PT170,1115,,
030233,030233,030233,"R S Patricio Qt 35 2",,,38.7797832023352,-9.24088052473962,,,0,,0,0,0,0,0,0,0,0,0,0,0,0,0,0,PT170,1115,,
030235,030235,030235,"R S Patricio Qt 32 9",,,38.7786627514288,-9.24308798275888,,,0,,0,0,0,0,0,0,0,0,0,0,0,0,0,0,PT170,1115,,
030237,030237,030237,"Av Dr Fernando Piteira Santos 71",,,38.7765979534015,-9.23920950852334,,,0,,0,0,0,0,0,0,0,0,0,0,0,0,0,0,PT170,1115,,
030239,030239,030239,"R 5 Outubro 9",,,38.77437649388101,-9.23689430041839,,,0,,0,0,0,0,0,0,0,0,0,0,0,0,0,0,PT170,1115,,
030241,030241,030241,"Moinhos Funcheira (X) S Mira",,,38.7755152210593,-9.23100840300322,,,0,,0,0,0,0,0,0,0,0,0,0,0,0,0,0,PT170,1115,,
030243,030243,030243,"Estr Serra Mira (Estaleiros CMA)",,,38.7746639130637,-9.23062023706734,,,0,,0,0,0,0,0,0,0,0,0,0,0,0,0,0,PT170,1115,,
030245,030245,030245,"R Comandante Ramiro Correia 14",,,38.7674581,-9.2301348,,,0,,0,0,0,0,0,0,0,0,0,0,0,0,0,0,PT170,1115,,
030247,030247,030247,"R Sebastião Gama 10",,,38.7662858655676,-9.23228546977043,,,0,,0,0,0,0,0,0,0,0,0,0,0,0,0,0,PT170,1115,,
030248,030248,030248,"R Sebastião Gama 10",,,38.7663211114705,-9.2321180831641,,,0,,0,0,0,0,0,0,0,0,0,0,0,0,0,0,PT170,1115,,
030249,030249,030249,"Av Marquês Pombal Fte 25",,,38.76365323169068,-9.233587933704255,,,0,,0,0,0,0,0,0,0,0,0,0,0,0,0,0,PT170,1115,,
030251,030251,030251,"Acesso à Brandoa (Campo Futebol)",,,38.7699408363551,-9.22405368648469,,,0,,0,0,0,0,0,0,0,0,0,0,0,0,0,0,PT170,1115,,
030253,030253,030253,"Casal Mira (Centro Comercial)",,,38.77682588878516,-9.217569667420287,,,0,,0,0,0,0,0,0,0,0,0,0,0,0,0,0,PT170,1115,,
030255,030255,030255,"Acesso Brandoa / C S Brás (C Futebol)",,,38.770681922324,-9.22476983629167,,,0,,0,0,0,0,0,0,0,0,0,0,0,0,0,0,PT170,1115,,
030257,030257,030257,"Estr Serra Mira 177A",,,38.7793764285743,-9.22919623553753,,,0,,0,0,0,0,0,0,0,0,0,0,0,0,0,0,PT170,1115,,
030259,030259,030259,"Estr Serra Mira 244",,,38.7826696783304,-9.22731424681842,,,0,,0,0,0,0,0,0,0,0,0,0,0,0,0,0,PT170,1115,,
030261,030261,030261,"Casal Mira",,,38.7820715457201,-9.2263862863183,,,0,,0,0,0,0,0,0,0,0,0,0,0,0,0,0,PT170,1115,,
030263,030263,030263,"R 5 Outubro 11",,,38.7824689317495,-9.22571598552167,,,0,,0,0,0,0,0,0,0,0,0,0,0,0,0,0,PT170,1115,,
030265,030265,030265,"R dos Lirios 7",,,38.7825035490096,-9.22403885051608,,,0,,0,0,0,0,0,0,0,0,0,0,0,0,0,0,PT170,1115,,
030266,030266,030266,"R dos Lirios 4",,,38.7825643597171,-9.22394908033311,,,0,,0,0,0,0,0,0,0,0,0,0,0,0,0,0,PT170,1115,,
030267,030267,030267,"R Ramiro Martins 9A",,,38.7824791157618,-9.22267084009945,,,0,,0,0,0,0,0,0,0,0,0,0,0,0,0,0,PT170,1115,,
030269,030269,030269,"R Alberto da Conceição Guerreiro 11",,,38.77973864798566,-9.22440622933209,,,0,,0,0,0,0,0,0,0,0,0,0,0,0,0,0,PT170,1115,,
030270,030270,030270,"R Alberto da Conceição Guerreiro 9b",,,38.77953495979863,-9.2244038823992,,,0,,0,0,0,0,0,0,0,0,0,0,0,0,0,0,PT170,1115,,
030271,030271,030271,"R Nova York (Eb J Garcês)",,,38.7780002458021,-9.22418486326933,,,0,,0,0,0,0,0,0,0,0,0,0,0,0,0,0,PT170,1115,,
030272,030272,030272,"Casal Mira (Escola Primária)",,,38.7781249685213,-9.22402007505298,,,0,,0,0,0,0,0,0,0,0,0,0,0,0,0,0,PT170,1115,,
030273,030273,030273,"Casal Mira (Centro Comercial)",,,38.77678127064841,-9.218029361218214,,,0,,0,0,0,0,0,0,0,0,0,0,0,0,0,0,PT170,1115,,
030275,030275,030275,"R Ramiro Martins (X) R Camélias",,,38.7828166969121,-9.22225526534021,,,0,,0,0,0,0,0,0,0,0,0,0,0,0,0,0,PT170,1115,,
030277,030277,030277,"Estr Serra Mira 191",,,38.78293664169183,-9.22729454934597,,,0,,0,0,0,0,0,0,0,0,0,0,0,0,0,0,PT170,1115,,
030279,030279,030279,"Estr Serra Mira 175",,,38.77914399589332,-9.229266056790948,,,0,,0,0,0,0,0,0,0,0,0,0,0,0,0,0,PT170,1115,,
030283,030283,030283,"R Fontainhas (April)",,,38.7512027984485,-9.21900266781449,,,0,,0,0,0,0,0,0,0,0,0,0,0,0,0,0,PT170,1115,,
030284,030284,030284,"R Fontainhas (April)",,,38.75129,-9.218986,,,0,,0,0,0,0,0,0,0,0,0,0,0,0,0,0,PT170,1115,,
030285,030285,030285,"R das Fontainhas - Ed Areeiro",,,38.7508575897664,-9.21704800799489,,,0,,0,0,0,0,0,0,0,0,0,0,0,0,0,0,PT170,1115,,
030286,030286,030286,"R das Fontainhas - Ed Areeiro",,,38.750861,-9.216702,,,0,,0,0,0,0,0,0,0,0,0,0,0,0,0,0,PT170,1115,,
030287,030287,030287,"R Francisco Simões Carneiro 4",,,38.7514307443053,-9.21601954847574,,,0,,0,0,0,0,0,0,0,0,0,0,0,0,0,0,PT170,1115,,
030288,030288,030288,"R F Simoes Carneiro (Edif Areeiro)",,,38.7514,-9.21607,,,0,,0,0,0,0,0,0,0,0,0,0,0,0,0,0,PT170,1115,,
030289,030289,030289,"Av Curry Cabral (X) R Élio Rego",,,38.7535084085539,-9.21555519104004,,,0,,0,0,0,0,0,0,0,0,0,0,0,0,0,0,PT170,1115,,
030290,030290,030290,"Av Curry Cabral 13",,,38.75331,-9.215696,,,0,,0,0,0,0,0,0,0,0,0,0,0,0,0,0,PT170,1115,,
030291,030291,030291,"Av Chaby Pinheiro 3A",,,38.753232,-9.212506,,,0,,0,0,0,0,0,0,0,0,0,0,0,0,0,0,PT170,1115,,
030292,030292,030292,"Av Chaby Pinheiro (CTT)",,,38.753388,-9.212687,,,0,,0,0,0,0,0,0,0,0,0,0,0,0,0,0,PT170,1115,,
030293,030293,030293,"R Padre António Vieira 30",,,38.7568543804809,-9.2091675940901,,,0,,0,0,0,0,0,0,0,0,0,0,0,0,0,0,PT170,1115,,
030295,030295,030295,"R D Nuno Álvares Pereira 19c",,,38.7557150283828,-9.20962667092681,,,0,,0,0,0,0,0,0,0,0,0,0,0,0,0,0,PT170,1115,,
030297,030297,030297,"R Ant Augusto Custódio",,,38.7544860737398,-9.20931712724268,,,0,,0,0,0,0,0,0,0,0,0,0,0,0,0,0,PT170,1115,,
030299,030299,030299,"R Elias Garcia (Portas de Benfica)",,,38.75368251533776,-9.210041407495735,,,0,,0,0,0,0,0,0,0,0,0,0,0,0,0,0,PT170,1115,,
030300,030300,030300,"R Elias Garcia (Portas de Benfica)",,,38.7535823369399,-9.21052948571742,,,0,,0,0,0,0,0,0,0,0,0,0,0,0,0,0,PT170,1115,,
030301,030301,030301,"R Elias Garcia 28C",,,38.75459842339279,-9.213766073808074,,,0,,0,0,0,0,0,0,0,0,0,0,0,0,0,0,PT170,1115,,
030302,030302,030302,"R Elias Garcia 15",,,38.7543834373355,-9.21355878934264,,,0,,0,0,0,0,0,0,0,0,0,0,0,0,0,0,PT170,1115,,
030303,030303,030303,"R Elias Garcia (Hipermercado)",,,38.7556840991601,-9.21682446263731,,,0,,0,0,0,0,0,0,0,0,0,0,0,0,0,0,PT170,1115,,
030305,030305,030305,"R H Paiva Couceiro (X) R Lat Coelho",,,38.7540337024257,-9.2185274977237,,,0,,0,0,0,0,0,0,0,0,0,0,0,0,0,0,PT170,1115,,
030307,030307,030307,"R Latino Coelho 12B",,,38.7534857774153,-9.2189781088382,,,0,,0,0,0,0,0,0,0,0,0,0,0,0,0,0,PT170,1115,,
030311,030311,030311,"Amadora (Hospital)",,,38.7458646092861,-9.246065318584442,,,0,,0,0,0,0,0,0,0,0,0,0,0,0,0,0,PT170,1115,,
030313,030313,030313,"R Gonçalves Ramos",,,38.755,-9.24298,,,0,,0,0,0,0,0,0,0,0,0,0,0,0,0,0,PT170,1115,,
030315,030315,030315,"Rua Pio XII",,,38.7556,-9.23826,,,0,,0,0,0,0,0,0,0,0,0,0,0,0,0,0,PT170,1115,,
030317,030317,030317,"Amadora (Estação Sul)",,,38.75809178434747,-9.234738739099228,,,0,,0,0,0,0,0,0,0,0,0,0,0,0,0,0,PT170,1115,,
030319,030319,030319,"R Elias Garcia (Parque)",,,38.75888115553392,-9.237048905342816,,,0,,0,0,0,0,0,0,0,0,0,0,0,0,0,0,PT170,1115,,
030322,030322,030322,"Amadora (Hosp Luz)",,,38.760352183343535,-9.241071715950966,,,0,,0,0,0,0,0,0,0,0,0,0,0,0,0,0,PT170,1115,,
030323,030323,030323,"Amadora (Hosp Luz)",,,38.7605142546818,-9.24266469664872,,,0,,0,0,0,0,0,0,0,0,0,0,0,0,0,0,PT170,1115,,
030325,030325,030325,"R Elias Garcia Fte 323",,,38.761162343435,-9.24547992646694,,,0,,0,0,0,0,0,0,0,0,0,0,0,0,0,0,PT170,1115,,
030326,030326,030326,"R Elias Garcia 323",,,38.7610057694837,-9.24547464586794,,,0,,0,0,0,0,0,0,0,0,0,0,0,0,0,0,PT170,1115,,
030327,030327,030327,"R Elias Garcia (Fte Escolas)",,,38.76071062494234,-9.24794009886682,,,0,,0,0,0,0,0,0,0,0,0,0,0,0,0,0,PT170,1115,,
030328,030328,030328,"R Elias Garcia (Escolas)",,,38.7606028094888,-9.247837504372,,,0,,0,0,0,0,0,0,0,0,0,0,0,0,0,0,PT170,1115,,
030329,030329,030329,"Av Pedro Álvares Cabral 34",,,38.7642308743671,-9.23948544077575,,,0,,0,0,0,0,0,0,0,0,0,0,0,0,0,0,PT170,1115,,
030330,030330,030330,"Av Pedro Álvares Cabral 37A",,,38.76423576986833,-9.239593545755133,,,0,,0,0,0,0,0,0,0,0,0,0,0,0,0,0,PT170,1115,,
030331,030331,030331,"Av Cottinelli Telmo Lte 61",,,38.7667,-9.23498,,,0,,0,0,0,0,0,0,0,0,0,0,0,0,0,0,PT170,1115,,
030333,030333,030333,"Av Artur Semedo 66",,,38.767052,-9.234685,,,0,,0,0,0,0,0,0,0,0,0,0,0,0,0,0,PT170,1115,,
030334,030334,030334,"Av Gen Humberto Delgado (Estaleiro)",,,38.763551,-9.243777,,,0,,0,0,0,0,0,0,0,0,0,0,0,0,0,0,PT170,1115,,
030335,030335,030335,"António Nobre",,,38.7691,-9.23238,,,0,,0,0,0,0,0,0,0,0,0,0,0,0,0,0,PT170,1115,,
030336,030336,030336,"Av General Humberto Delgado",,,38.763381,-9.243916,,,0,,0,0,0,0,0,0,0,0,0,0,0,0,0,0,PT170,1115,,
030337,030337,030337,"Camilo Pessanha",,,38.769,-9.23417,,,0,,0,0,0,0,0,0,0,0,0,0,0,0,0,0,PT170,1115,,
030339,030339,030339,"EB 1 Aprigio Gomes",,,38.768231,-9.237881,,,0,,0,0,0,0,0,0,0,0,0,0,0,0,0,0,PT170,1115,,
030343,030343,030343,"Av Pedro Álvares Cabral 5",,,38.76217020356294,-9.240032876304015,,,0,,0,0,0,0,0,0,0,0,0,0,0,0,0,0,PT170,1115,,
030344,030344,030344,"Av Pedro Álvares Cabral Fte 5",,,38.762083683484,-9.239904275967136,,,0,,0,0,0,0,0,0,0,0,0,0,0,0,0,0,PT170,1115,,
030345,030345,030345,"Av D Nuno Álv Pereira (C Emprego)",,,38.7599315866828,-9.24091547727585,,,0,,0,0,0,0,0,0,0,0,0,0,0,0,0,0,PT170,1115,,
030346,030346,030346,"Av D Nuno Álv Pereira (C Emprego)",,,38.759843,-9.240805,,,0,,0,0,0,0,0,0,0,0,0,0,0,0,0,0,PT170,1115,,
030347,030347,030347,"Praça de Angola",,,38.7572,-9.24347,,,0,,0,0,0,0,0,0,0,0,0,0,0,0,0,0,PT170,1115,,
030348,030348,030348,"Praça de Angola",,,38.7571,-9.24343,,,0,,0,0,0,0,0,0,0,0,0,0,0,0,0,0,PT170,1115,,
030349,030349,030349,"Av Aljubarrota 1",,,38.7558,-9.24424,,,0,,0,0,0,0,0,0,0,0,0,0,0,0,0,0,PT170,1115,,
030351,030351,030351,"Av Aljubarrota 28",,,38.7566,-9.24633,,,0,,0,0,0,0,0,0,0,0,0,0,0,0,0,0,PT170,1115,,
030355,030355,030355,"Brandoa (Escola)",,,38.764439977771566,-9.215451877012432,,,0,,0,0,0,0,0,0,0,0,0,0,0,0,0,0,PT170,1115,,
030356,030356,030356,"Av Ruy Luís Gomes (Fte Escola)",,,38.7644375,-9.2156756,,,0,,0,0,0,0,0,0,0,0,0,0,0,0,0,0,PT170,1115,,
030357,030357,030357,"R Liberdade 54",,,38.76837092700352,-9.217543713748457,,,0,,0,0,0,0,0,0,0,0,0,0,0,0,0,0,PT170,1115,,
030359,030359,030359,"R Liberdade (X) R Tomás Kim",,,38.7686628475785,-9.21975343488157,,,0,,0,0,0,0,0,0,0,0,0,0,0,0,0,0,PT170,1115,,
030360,030360,030360,"R Liberdade 63",,,38.76858128989318,-9.2198277823627,,,0,,0,0,0,0,0,0,0,0,0,0,0,0,0,0,PT170,1115,,
030361,030361,030361,"R Liberdade (Escola)",,,38.767328,-9.222238,,,0,,0,0,0,0,0,0,0,0,0,0,0,0,0,0,PT170,1115,,
030363,030363,030363,"R Mª Amália Vaz Carvalho 23 (Escola)",,,38.768289713489466,-9.22305769775959,,,0,,0,0,0,0,0,0,0,0,0,0,0,0,0,0,PT170,1115,,
030365,030365,030365,"Brandoa (Alto)",,,38.7685574451461,-9.22362771816552,,,0,,0,0,0,0,0,0,0,0,0,0,0,0,0,0,PT170,1115,,
030367,030367,030367,"Brandoa (Alto)",,,38.7681176047772,-9.22376249916852,,,0,,0,0,0,0,0,0,0,0,0,0,0,0,0,0,PT170,1115,,
030369,030369,030369,"R Joaquim Tim Tim Sitima 1",,,38.7666024175973,-9.223268906769004,,,0,,0,0,0,0,0,0,0,0,0,0,0,0,0,0,PT170,1115,,
030371,030371,030371,"R Liberdade (Parque Infantil)",,,38.7679100575194,-9.221194495000198,,,0,,0,0,0,0,0,0,0,0,0,0,0,0,0,0,PT170,1115,,
030373,030373,030373,"R Luis Vaz Camões 46",,,38.7678891979158,-9.21701741404831,,,0,,0,0,0,0,0,0,0,0,0,0,0,0,0,0,PT170,1115,,
030377,030377,030377,"R 25 Abril 34",,,38.76808989913635,-9.213101305904832,,,0,,0,0,0,0,0,0,0,0,0,0,0,0,0,0,PT170,1115,,
030379,030379,030379,"R 25 Abril 522",,,38.76945,-9.21408333333333,,,0,,0,0,0,0,0,0,0,0,0,0,0,0,0,0,PT170,1115,,
030381,030381,030381,"R Diogo Cão 833C",,,38.77135,-9.21383333333333,,,0,,0,0,0,0,0,0,0,0,0,0,0,0,0,0,PT170,1115,,
030383,030383,030383,"R Paiã (Largo)",,,38.7697666666667,-9.21218333333333,,,0,,0,0,0,0,0,0,0,0,0,0,0,0,0,0,PT170,1115,,
030385,030385,030385,"R Paiã Lte 224",,,38.7667833333333,-9.21065,,,0,,0,0,0,0,0,0,0,0,0,0,0,0,0,0,PT170,1115,,
030387,030387,030387,"Largo 1º Maio",,,38.7654340965673,-9.21316215768456,,,0,,0,0,0,0,0,0,0,0,0,0,0,0,0,0,PT170,1115,,
030389,030389,030389,"Av Ruy Luis Gomes (Posto Combust)",,,38.7641529879133,-9.21156607568264,,,0,,0,0,0,0,0,0,0,0,0,0,0,0,0,0,PT170,1115,,
030390,030390,030390,"Av Ruy Luis Gomes (Posto Combust)",,,38.76434520546387,-9.211578732356427,,,0,,0,0,0,0,0,0,0,0,0,0,0,0,0,0,PT170,1115,,
030391,030391,030391,"Av Ruy Luis Gomes (Alfornelos)",,,38.764358991757,-9.20989355072379,,,0,,0,0,0,0,0,0,0,0,0,0,0,0,0,0,PT170,1115,,
030393,030393,030393,"R Capitães Abril 20",,,38.7647166666667,-9.20743333333333,,,0,,0,0,0,0,0,0,0,0,0,0,0,0,0,0,PT170,1115,,
030395,030395,030395,"R Damião Góis (X) R P Hortensia Castro",,,38.7643333333333,-9.2056,,,0,,0,0,0,0,0,0,0,0,0,0,0,0,0,0,PT170,1115,,
030396,030396,030396,"R Damião Góis (X) R P Hortensia Castro",,,38.7639666666667,-9.20536666666667,,,0,,0,0,0,0,0,0,0,0,0,0,0,0,0,0,PT170,1115,,
030397,030397,030397,"R Damião Góis 10",,,38.7622260069475,-9.20469182543457,,,0,,0,0,0,0,0,0,0,0,0,0,0,0,0,0,PT170,1115,,
030398,030398,030398,"R Damião Góis 10",,,38.7621727818623,-9.20448076911271,,,0,,0,0,0,0,0,0,0,0,0,0,0,0,0,0,PT170,1115,,
030399,030399,030399,"Alfornelos (Metro)",,,38.7601371482447,-9.204570790752769,,,0,,0,0,0,0,0,0,0,0,0,0,0,0,0,0,PT170,1115,,
030400,030400,030400,"R Capitães Abril",,,38.7625,-9.207249,,,0,,0,0,0,0,0,0,0,0,0,0,0,0,0,0,PT170,1115,,
030402,030402,030402,"R Adriano Correia 2",,,38.759312289767,-9.2058523837477,,,0,,0,0,0,0,0,0,0,0,0,0,0,0,0,0,PT170,1115,,
030403,030403,030403,"Rotunda Qta Lilazes",,,38.7594698695466,-9.20905779115856,,,0,,0,0,0,0,0,0,0,0,0,0,0,0,0,0,PT170,1115,,
030405,030405,030405,"R Indústrias (Fte Iefp)",,,38.7512,-9.21987,,,0,,0,0,0,0,0,0,0,0,0,0,0,0,0,0,PT170,1115,,
030406,030406,030406,"R Indústrias (Fte IEFP)",,,38.750937,-9.219961,,,0,,0,0,0,0,0,0,0,0,0,0,0,0,0,0,PT170,1115,,
030407,030407,030407,"Reboleira (Metro)",,,38.75156173900183,-9.224123759195209,,,0,,0,0,0,0,0,0,0,0,0,0,0,0,0,0,PT170,1115,,
030408,030408,030408,"Reboleira (Metro)",,,38.75191960215102,-9.224514081597327,,,0,,0,0,0,0,0,0,0,0,0,0,0,0,0,0,PT170,1115,,
030409,030409,030409,"Prç Teófilo Braga (Alfornelos Metro)",,,38.76022479420331,-9.204047676175833,,,0,,0,0,0,0,0,0,0,0,0,0,0,0,0,0,PT170,1115,,
030411,030411,030411,"R Prof Mira Fernandes Fte 9",,,38.7655666666667,-9.20848333333333,,,0,,0,0,0,0,0,0,0,0,0,0,0,0,0,0,PT170,1115,,
030413,030413,030413,"Av Ruy Luis Gomes (Alfornelos)",,,38.76451111256065,-9.20981970615685,,,0,,0,0,0,0,0,0,0,0,0,0,0,0,0,0,PT170,1115,,
030415,030415,030415,"R Vasco Santana",,,38.7701,-9.21587,,,0,,0,0,0,0,0,0,0,0,0,0,0,0,0,0,PT170,1115,,
030417,030417,030417,"R Almada Negreiros",,,38.769750877984166,-9.216668585470218,,,0,,0,0,0,0,0,0,0,0,0,0,0,0,0,0,PT170,1115,,
030419,030419,030419,"R Raul Brandão",,,38.7691,-9.21825,,,0,,0,0,0,0,0,0,0,0,0,0,0,0,0,0,PT170,1115,,
030421,030421,030421,"Av Ruy Luis Gomes (Igreja)",,,38.7631212361157,-9.206035528332,,,0,,0,0,0,0,0,0,0,0,0,0,0,0,0,0,PT170,1115,,
030422,030422,030422,"Av Ruy Luis Gomes (Igreja)",,,38.76341116345215,-9.206519583240151,,,0,,0,0,0,0,0,0,0,0,0,0,0,0,0,0,PT170,1115,,
030423,030423,030423,"R Fernão Mendes Pinto",,,38.766361471584574,-9.21201452281944,,,0,,0,0,0,0,0,0,0,0,0,0,0,0,0,0,PT170,1115,,
030425,030425,030425,"R Pêro Escobar 1",,,38.7671,-9.21163,,,0,,0,0,0,0,0,0,0,0,0,0,0,0,0,0,PT170,1115,,
030427,030427,030427,"R Pêro Escobar 265",,,38.768313,-9.211972,,,0,,0,0,0,0,0,0,0,0,0,0,0,0,0,0,PT170,1115,,
030429,030429,030429,"R Pêro Escobar 3",,,38.7698,-9.21307,,,0,,0,0,0,0,0,0,0,0,0,0,0,0,0,0,PT170,1115,,
030431,030431,030431,"R João Corte Real 1",,,38.769901,-9.212844,,,0,,0,0,0,0,0,0,0,0,0,0,0,0,0,0,PT170,1115,,
030433,030433,030433,"R João Corte Real 2",,,38.7683,-9.21169,,,0,,0,0,0,0,0,0,0,0,0,0,0,0,0,0,PT170,1115,,
030435,030435,030435,"R Paiã Lte 224",,,38.766459,-9.211118,,,0,,0,0,0,0,0,0,0,0,0,0,0,0,0,0,PT170,1115,,
030437,030437,030437,"Amadora (Cemitério)",,,38.74274010804275,-9.237998994067311,,,0,,0,0,0,0,0,0,0,0,0,0,0,0,0,0,PT170,1115,,
030439,030439,030439,"R D António Luz (X) R Vitor Damas",,,38.7424006565125,-9.24180034103642,,,0,,0,0,0,0,0,0,0,0,0,0,0,0,0,0,PT170,1115,,
030441,030441,030441,"R Baden Pawell 12",,,38.7442354252562,-9.23980051651597,,,0,,0,0,0,0,0,0,0,0,0,0,0,0,0,0,PT170,1115,,
030443,030443,030443,"Av Cruz Vermelha (Rotunda)",,,38.7442912068218,-9.2370462231338,,,0,,0,0,0,0,0,0,0,0,0,0,0,0,0,0,PT170,1115,,
030445,030445,030445,"Av D José I (Análises Clínicas)",,,38.74929351768261,-9.233006900176406,,,0,,0,0,0,0,0,0,0,0,0,0,0,0,0,0,PT170,1115,,
030446,030446,030446,"Av D José I 77",,,38.74932302909238,-9.23330563120544,,,0,,0,0,0,0,0,0,0,0,0,0,0,0,0,0,PT170,1115,,
030447,030447,030447,"Av João Paulo II (Praça Gama Pinto)",,,38.7460391,-9.2274985,,,0,,0,0,0,0,0,0,0,0,0,0,0,0,0,0,PT170,1115,,
030448,030448,030448,"Av João Paulo II (Pça Gama Pinto)",,,38.7460987642407,-9.22737208195031,,,0,,0,0,0,0,0,0,0,0,0,0,0,0,0,0,PT170,1115,,
030449,030449,030449,"R Madame Curie 16",,,38.74727,-9.230591,,,0,,0,0,0,0,0,0,0,0,0,0,0,0,0,0,PT170,1115,,
030450,030450,030450,"R Madame Curie 16",,,38.7473,-9.23038,,,0,,0,0,0,0,0,0,0,0,0,0,0,0,0,0,PT170,1115,,
030451,030451,030451,"Av Prof Dr António Flores 22",,,38.7472111685202,-9.23218237236142,,,0,,0,0,0,0,0,0,0,0,0,0,0,0,0,0,PT170,1115,,
030453,030453,030453,"R Prof Dr Ant Flores (X) R Quir Rosa",,,38.7487189890817,-9.23130336217582,,,0,,0,0,0,0,0,0,0,0,0,0,0,0,0,0,PT170,1115,,
030454,030454,030454,"R Prof Dr Ant Flores 4",,,38.74834280389997,-9.231611623942468,,,0,,0,0,0,0,0,0,0,0,0,0,0,0,0,0,PT170,1115,,
030455,030455,030455,"R Dr Francisco Sá Carneiro 13",,,38.7475,-9.236637,,,0,,0,0,0,0,0,0,0,0,0,0,0,0,0,0,PT170,1115,,
030457,030457,030457,"Av Dom José (Supermercado)",,,38.7508435326242,-9.229329104910851,,,0,,0,0,0,0,0,0,0,0,0,0,0,0,0,0,PT170,1115,,
030458,030458,030458,"Av D José I (Supermercado)",,,38.7508656363934,-9.22952036373317,,,0,,0,0,0,0,0,0,0,0,0,0,0,0,0,0,PT170,1115,,
030459,030459,030459,"Av D José I 7",,,38.7511269003153,-9.22638905234635,,,0,,0,0,0,0,0,0,0,0,0,0,0,0,0,0,PT170,1115,,
030461,030461,030461,"Av Dr José Pontes Fte 5",,,38.7517670712851,-9.22857490757305,,,0,,0,0,0,0,0,0,0,0,0,0,0,0,0,0,PT170,1115,,
030462,030462,030462,"Av Dr José Pontes Fte 5",,,38.751464,-9.228517,,,0,,0,0,0,0,0,0,0,0,0,0,0,0,0,0,PT170,1115,,
030463,030463,030463,"Av Dr José Pontes Fte 33",,,38.75412707041765,-9.22930944601536,,,0,,0,0,0,0,0,0,0,0,0,0,0,0,0,0,PT170,1115,,
030464,030464,030464,"Av Dr José Pontes Fte 33",,,38.754236,-9.229473,,,0,,0,0,0,0,0,0,0,0,0,0,0,0,0,0,PT170,1115,,
030465,030465,030465,"Av Alexandre Sales (Esc Secundária)",,,38.7556352442236,-9.231536598380412,,,0,,0,0,0,0,0,0,0,0,0,0,0,0,0,0,PT170,1115,,
030467,030467,030467,"Av Brito Pais (X) R Pais Ramos",,,38.755715,-9.233149,,,0,,0,0,0,0,0,0,0,0,0,0,0,0,0,0,PT170,1115,,
030469,030469,030469,"Amadora (Estação Sul)",,,38.757319659926,-9.23388356342912,,,0,,0,0,0,0,0,0,0,0,0,0,0,0,0,0,PT170,1115,,
030471,030471,030471,"Casal Brancas (Entr)",,,38.768593543477145,-9.245058814276462,,,0,,0,0,0,0,0,0,0,0,0,0,0,0,0,0,PT170,1115,,
030473,030473,030473,"Av Comandante Gomes Mota",,,38.769375972844095,-9.244981363596406,,,0,,0,0,0,0,0,0,0,0,0,0,0,0,0,0,PT170,1115,,
030475,030475,030475,"R Elias Garcia 362",,,38.759269750662014,-9.237919365987182,,,0,,0,0,0,0,0,0,0,0,0,0,0,0,0,0,PT170,1115,,
030477,030477,030477,"R Luís Camões 9 (CTT)",,,38.757233,-9.236109,,,0,,0,0,0,0,0,0,0,0,0,0,0,0,0,0,PT170,1115,,
030479,030479,030479,"Av Aviação Portuguesa 21",,,38.75587542139533,-9.233616594421711,,,0,,0,0,0,0,0,0,0,0,0,0,0,0,0,0,PT170,1115,,
030481,030481,030481,"Av Alexandre Sales (Esc Secundária)",,,38.755075177114506,-9.23152052455426,,,0,,0,0,0,0,0,0,0,0,0,0,0,0,0,0,PT170,1115,,
030483,030483,030483,"Av Dr José Pontes 11",,,38.752698,-9.229207,,,0,,0,0,0,0,0,0,0,0,0,0,0,0,0,0,PT170,1115,,
030485,030485,030485,"Clínica Sto António",,,38.74892980879103,-9.2303932373476,,,0,,0,0,0,0,0,0,0,0,0,0,0,0,0,0,PT170,1115,,
030487,030487,030487,"Clínica Stº António",,,38.748319,-9.229157,,,0,,0,0,0,0,0,0,0,0,0,0,0,0,0,0,PT170,1115,,
030489,030489,030489,"Av Dr Teófilo Carvalho dos Santos",,,38.748,-9.22993,,,0,,0,0,0,0,0,0,0,0,0,0,0,0,0,0,PT170,1115,,
030491,030491,030491,"R Herculano Carvalho 56",,,38.749520561546106,-9.23097143881023,,,0,,0,0,0,0,0,0,0,0,0,0,0,0,0,0,PT170,1115,,
030492,030492,030492,"R Herculano de Carvalho 62 (Clinica)",,,38.749516736716,-9.23130889423192,,,0,,0,0,0,0,0,0,0,0,0,0,0,0,0,0,PT170,1115,,
030493,030493,030493,"R Herculano de Carvalho",,,38.7498,-9.22959,,,0,,0,0,0,0,0,0,0,0,0,0,0,0,0,0,PT170,1115,,
030495,030495,030495,"R Ary dos Santos (Supermercado)",,,38.7504,-9.22923,,,0,,0,0,0,0,0,0,0,0,0,0,0,0,0,0,PT170,1115,,
030497,030497,030497,"R Ary dos Santos",,,38.7501,-9.22703,,,0,,0,0,0,0,0,0,0,0,0,0,0,0,0,0,PT170,1115,,
030499,030499,030499,"Av António Sérgio",,,38.750458,-9.225343,,,0,,0,0,0,0,0,0,0,0,0,0,0,0,0,0,PT170,1115,,
030501,030501,030501,"R Che Guevara",,,38.74986804265197,-9.224318646861004,,,0,,0,0,0,0,0,0,0,0,0,0,0,0,0,0,PT170,1115,,
030503,030503,030503,"R Jorge Mina 13",,,38.743808,-9.224937,,,0,,0,0,0,0,0,0,0,0,0,0,0,0,0,0,PT170,1115,,
030505,030505,030505,"Av P Himalaia (X) Av Mq Castelo Novo",,,38.7450474221259,-9.22172997146845,,,0,,0,0,0,0,0,0,0,0,0,0,0,0,0,0,PT170,1115,,
030507,030507,030507,"R Catarina Eufémia 2 (Centro Saúde)",,,38.7453436804935,-9.22037629410625,,,0,,0,0,0,0,0,0,0,0,0,0,0,0,0,0,PT170,1115,,
030509,030509,030509,"Damaia Cima",,,38.7471770541742,-9.21992375515401,,,0,,0,0,0,0,0,0,0,0,0,0,0,0,0,0,PT170,1115,,
030511,030511,030511,"R Carvalho Araujo 25",,,38.7469752179459,-9.21865590848029,,,0,,0,0,0,0,0,0,0,0,0,0,0,0,0,0,PT170,1115,,
030513,030513,030513,"Reboleira (Estação)",,,38.74980626552749,-9.220630517229438,,,0,,0,0,0,0,0,0,0,0,0,0,0,0,0,0,PT170,1115,,
030515,030515,030515,"EN 117 (Supermercado)",,,38.7418150249869,-9.23124460503459,,,0,,0,0,0,0,0,0,0,0,0,0,0,0,0,0,PT170,1115,,
030516,030516,030516,"EN 117 (Supermercado)",,,38.74148371642607,-9.230642197653651,,,0,,0,0,0,0,0,0,0,0,0,0,0,0,0,0,PT170,1115,,
030517,030517,030517,"R Irmãos Siemens",,,38.737373,-9.229123,,,0,,0,0,0,0,0,0,0,0,0,0,0,0,0,0,PT170,1115,,
030519,030519,030519,"Estr Seminário (Seminário)",,,38.7328609731048,-9.22232039272785,,,0,,0,0,0,0,0,0,0,0,0,0,0,0,0,0,PT170,1115,,
030521,030521,030521,"Estr Alfragide 82",,,38.7349276989698,-9.22120400704443,,,0,,0,0,0,0,0,0,0,0,0,0,0,0,0,0,PT170,1115,,
030522,030522,030522,"Estr Alfragide 82",,,38.73482589263916,-9.221048606559634,,,0,,0,0,0,0,0,0,0,0,0,0,0,0,0,0,PT170,1115,,
030523,030523,030523,"Estr Alfragide (Confecções)",,,38.73476847332056,-9.223117453209568,,,0,,0,0,0,0,0,0,0,0,0,0,0,0,0,0,PT170,1115,,
030525,030525,030525,"Rua Alfredo Silva 1",,,38.738952,-9.228706,,,0,,0,0,0,0,0,0,0,0,0,0,0,0,0,0,PT170,1115,,
030527,030527,030527,"R Alfredo Silva (Editora)",,,38.7418086,-9.2306301,,,0,,0,0,0,0,0,0,0,0,0,0,0,0,0,0,PT170,1115,,
030531,030531,030531,"R D João V 38",,,38.745529,-9.217843,,,0,,0,0,0,0,0,0,0,0,0,0,0,0,0,0,PT170,1115,,
030533,030533,030533,"Av José Gomes Ferreira 13",,,38.73785884167137,-9.228182779625058,,,0,,0,0,0,0,0,0,0,0,0,0,0,0,0,0,PT170,1115,,
030535,030535,030535,"Av Pangim 4",,,38.75077300417715,-9.23091871663928,,,0,,0,0,0,0,0,0,0,0,0,0,0,0,0,0,PT170,1115,,
030537,030537,030537,"R Moínho Velho 3E",,,38.75330340198841,-9.232151862233875,,,0,,0,0,0,0,0,0,0,0,0,0,0,0,0,0,PT170,1115,,
030538,030538,030538,"R Moínho Velho 3E",,,38.7532333333333,-9.23248333333333,,,0,,0,0,0,0,0,0,0,0,0,0,0,0,0,0,PT170,1115,,
030539,030539,030539,"Av Aviação Portuguesa 18",,,38.75582338717419,-9.233487755642573,,,0,,0,0,0,0,0,0,0,0,0,0,0,0,0,0,PT170,1115,,
030541,030541,030541,"Av Aviação Portuguesa (Escola)",,,38.75427908975144,-9.23326849937439,,,0,,0,0,0,0,0,0,0,0,0,0,0,0,0,0,PT170,1115,,
030543,030543,030543,"Av Conde Oeiras 1",,,38.750373152501496,-9.231838211417198,,,0,,0,0,0,0,0,0,0,0,0,0,0,0,0,0,PT170,1115,,
030545,030545,030545,"Av José Gomes Ferreira 13",,,38.7375264242291,-9.22840196639299,,,0,,0,0,0,0,0,0,0,0,0,0,0,0,0,0,PT170,1115,,
030547,030547,030547,"R Carlos Pinto Coelho 55",,,38.7360212439671,-9.23096842132509,,,0,,0,0,0,0,0,0,0,0,0,0,0,0,0,0,PT170,1115,,
030549,030549,030549,"Estr Zambujal (Pq Estacionamento)",,,38.7281352141872,-9.21385391615331,,,0,,0,0,0,0,0,0,0,0,0,0,0,0,0,0,PT170,1115,,
030550,030550,030550,"Estr Zambujal (Pq Estacionamento)",,,38.728043891486735,-9.214061619713902,,,0,,0,0,0,0,0,0,0,0,0,0,0,0,0,0,PT170,1115,,
030551,030551,030551,"Alfragide (Zona Comercial)",,,38.72927673827399,-9.215185716748238,,,0,,0,0,0,0,0,0,0,0,0,0,0,0,0,0,PT170,1115,,
030552,030552,030552,"Alfragide (Zona Comercial)",,,38.72914287925561,-9.215419320389628,,,0,,0,0,0,0,0,0,0,0,0,0,0,0,0,0,PT170,1115,,
030553,030553,030553,"Estr Zambujal (Escola)",,,38.7313988339156,-9.21626027673483,,,0,,0,0,0,0,0,0,0,0,0,0,0,0,0,0,PT170,1115,,
030554,030554,030554,"Estr Zambujal 39A",,,38.7317425757647,-9.21638038940728,,,0,,0,0,0,0,0,0,0,0,0,0,0,0,0,0,PT170,1115,,
030555,030555,030555,"Estr Zambujal 42",,,38.7332352250814,-9.21592273749411,,,0,,0,0,0,0,0,0,0,0,0,0,0,0,0,0,PT170,1115,,
030557,030557,030557,"Estr Zambujal 2",,,38.7346226396039,-9.21539903618395,,,0,,0,0,0,0,0,0,0,0,0,0,0,0,0,0,PT170,1115,,
030558,030558,030558,"Estr Zambujal 2",,,38.7348895613104,-9.21545108780265,,,0,,0,0,0,0,0,0,0,0,0,0,0,0,0,0,PT170,1115,,
030559,030559,030559,"Estr Zambujal (C Rainha Sta Isabel)",,,38.7363489763811,-9.21258288435638,,,0,,0,0,0,0,0,0,0,0,0,0,0,0,0,0,PT170,1115,,
030560,030560,030560,"Estr Zambujal 63 (C Rainha S Isabel)",,,38.7364721484482,-9.21288781799376,,,0,,0,0,0,0,0,0,0,0,0,0,0,0,0,0,PT170,1115,,
030561,030561,030561,"Bº Zambujal",,,38.735876445295375,-9.209214868023992,,,0,,0,0,0,0,0,0,0,0,0,0,0,0,0,0,PT170,1115,,
030563,030563,030563,"Estr Zambujal Fte 42",,,38.733348,-9.21618,,,0,,0,0,0,0,0,0,0,0,0,0,0,0,0,0,PT170,1115,,
030567,030567,030567,"Av D João V 32",,,38.74544966193959,-9.218104127794504,,,0,,0,0,0,0,0,0,0,0,0,0,0,0,0,0,PT170,1115,,
030571,030571,030571,"Estr do Seminário (Alfrapark)",,,38.732882,-9.222508,,,0,,0,0,0,0,0,0,0,0,0,0,0,0,0,0,PT170,1115,,
030573,030573,030573,"Estr Mun Cemitério (Rot Av Marconi)",,,38.7376363947988,-9.23167585395277,,,0,,0,0,0,0,0,0,0,0,0,0,0,0,0,0,PT170,1115,,
030574,030574,030574,"Estr Mun Cemitério (Rot Av Marconi)",,,38.7375565990806,-9.23176947981119,,,0,,0,0,0,0,0,0,0,0,0,0,0,0,0,0,PT170,1115,,
030575,030575,030575,"Av Marconi (Cemitério)",,,38.7437158729881,-9.23514017835259,,,0,,0,0,0,0,0,0,0,0,0,0,0,0,0,0,PT170,1115,,
030576,030576,030576,"Av Marconi (Cemitério)",,,38.7434237217531,-9.23510396853089,,,0,,0,0,0,0,0,0,0,0,0,0,0,0,0,0,PT170,1115,,
030577,030577,030577,"Av Conde São Marçal Fte 3",,,38.7357089342549,-9.21882019378245,,,0,,0,0,0,0,0,0,0,0,0,0,0,0,0,0,PT170,1115,,
030578,030578,030578,"Av Conde São Marçal 3",,,38.7355493428186,-9.21891734004021,,,0,,0,0,0,0,0,0,0,0,0,0,0,0,0,0,PT170,1115,,
030579,030579,030579,"Av Almeida Garrett 76",,,38.7383448332548,-9.21818191185594,,,0,,0,0,0,0,0,0,0,0,0,0,0,0,0,0,PT170,1115,,
030580,030580,030580,"Av Alm Garrett (X) Pct Raúl Brandão",,,38.7383186817169,-9.21767916530371,,,0,,0,0,0,0,0,0,0,0,0,0,0,0,0,0,PT170,1115,,
030581,030581,030581,"R Faustino Fonseca 2",,,38.7369363382459,-9.21646814793348,,,0,,0,0,0,0,0,0,0,0,0,0,0,0,0,0,PT170,1115,,
030583,030583,030583,"Reboleira (Estação)",,,38.74997281253055,-9.221123592529826,,,0,,0,0,0,0,0,0,0,0,0,0,0,0,0,0,PT170,1115,,
030585,030585,030585,"Av D Pedro V 3",,,38.748082,-9.215356,,,0,,0,0,0,0,0,0,0,0,0,0,0,0,0,0,PT170,1115,,
030586,030586,030586,"Av D Pedro V 3",,,38.74809809186894,-9.215135787119866,,,0,,0,0,0,0,0,0,0,0,0,0,0,0,0,0,PT170,1115,,
030587,030587,030587,"Av Leite Vasconcelos 2A",,,38.7372157489881,-9.21630738303065,,,0,,0,0,0,0,0,0,0,0,0,0,0,0,0,0,PT170,1115,,
030589,030589,030589,"EN 250 (X) Casal Cambra",,,38.7961794622242,-9.24121462740004,,,0,,0,0,0,0,0,0,0,0,0,0,0,0,0,0,PT170,1115,,
030591,030591,030591,"EN 250 (Qta Rosa Bacará)",,,38.7883199192584,-9.24358628690243,,,0,,0,0,0,0,0,0,0,0,0,0,0,0,0,0,PT170,1115,,
030592,030592,030592,"EN 250 (Qta Rosa Bacará)",,,38.788391542621,-9.24359031021595,,,0,,0,0,0,0,0,0,0,0,0,0,0,0,0,0,PT170,1115,,
030593,030593,030593,"EN 250 (X) Estrada Águas Livres",,,38.7826925190166,-9.24545209854841,,,0,,0,0,0,0,0,0,0,0,0,0,0,0,0,0,PT170,1115,,
030594,030594,030594,"EN 250 (X) Estrada Águas Livres",,,38.7825146131217,-9.24550574272871,,,0,,0,0,0,0,0,0,0,0,0,0,0,0,0,0,PT170,1115,,
030595,030595,030595,"Estr Águas Livres (Esc S Silveira)",,,38.7780470587313,-9.24994840286672,,,0,,0,0,0,0,0,0,0,0,0,0,0,0,0,0,PT170,1115,,
030596,030596,030596,"Estr Ág Livres155 (Escad S Silveira)",,,38.7780209491029,-9.24974078312516,,,0,,0,0,0,0,0,0,0,0,0,0,0,0,0,0,PT170,1115,,
030597,030597,030597,"Estr Ág Livres 155 (Cas S Vicente)",,,38.7741077737883,-9.25209299661219,,,0,,0,0,0,0,0,0,0,0,0,0,0,0,0,0,PT170,1115,,
030598,030598,030598,"Estr Ág Livres 155 (Cas S Vicente)",,,38.7738799536601,-9.25200741738081,,,0,,0,0,0,0,0,0,0,0,0,0,0,0,0,0,PT170,1115,,
030599,030599,030599,"Carenque (Lgo)",,,38.7707036314532,-9.25165764056146,,,0,,0,0,0,0,0,0,0,0,0,0,0,0,0,0,PT170,1115,,
030600,030600,030600,"Carenque (Lgo)",,,38.77080086153,-9.25161321647465,,,0,,0,0,0,0,0,0,0,0,0,0,0,0,0,0,PT170,1115,,
030601,030601,030601,"Estr Salv Allende (Posto Combustivel)",,,38.7567100021988,-9.23321426846087,,,0,,0,0,0,0,0,0,0,0,0,0,0,0,0,0,PT170,1115,,
030603,030603,030603,"Praceta Miguel Cláudio 2",,,38.7579200137407,-9.2291271686554,,,0,,0,0,0,0,0,0,0,0,0,0,0,0,0,0,PT170,1115,,
030604,030604,030604,"R Elias Garcia (X) Estr Salv Allende",,,38.75799234028771,-9.229416595771909,,,0,,0,0,0,0,0,0,0,0,0,0,0,0,0,0,PT170,1115,,
030605,030605,030605,"R Elias Garcia 103",,,38.7579478835687,-9.22637304291129,,,0,,0,0,0,0,0,0,0,0,0,0,0,0,0,0,PT170,1115,,
030606,030606,030606,"Amadora (B Bosque)",,,38.75811581458334,-9.226714856922626,,,0,,0,0,0,0,0,0,0,0,0,0,0,0,0,0,PT170,1115,,
030607,030607,030607,"R Elias Garcia 88",,,38.757312996313,-9.2232365347445,,,0,,0,0,0,0,0,0,0,0,0,0,0,0,0,0,PT170,1115,,
030609,030609,030609,"R Elias Garcia 43",,,38.7565501593053,-9.22101558186114,,,0,,0,0,0,0,0,0,0,0,0,0,0,0,0,0,PT170,1115,,
030611,030611,030611,"Amadora Este (Metro)",,,38.758812,-9.2184,,,0,,0,0,0,0,0,0,0,0,0,0,0,0,0,0,PT170,1115,,
030613,030613,030613,"Av Eduardo Jorge 26",,,38.757687647096056,-9.222218804061413,,,0,,0,0,0,0,0,0,0,0,0,0,0,0,0,0,PT170,1115,,
030615,030615,030615,"Estr Águas Livres (X) A-da-beja",,,38.79253451517546,-9.2443354614079,,,0,,0,0,0,0,0,0,0,0,0,0,0,0,0,0,PT170,1115,,
030620,030620,030620,"Av D Nuno Álvares Pereira 54",,,38.75858965960546,-9.244743576273322,,,0,,0,0,0,0,0,0,0,0,0,0,0,0,0,0,PT170,1115,,
030621,030621,030621,"Av D Nuno Álvares Pereira 35",,,38.7585746337864,-9.244310581987309,,,0,,0,0,0,0,0,0,0,0,0,0,0,0,0,0,PT170,1115,,
030623,030623,030623,"Av Pedro Álvares Cabral (Escola)",,,38.7682833333333,-9.2394,,,0,,0,0,0,0,0,0,0,0,0,0,0,0,0,0,PT170,1115,,
030624,030624,030624,"Av Pedro Álvares Cabral (Fte Escola)",,,38.76766813631834,-9.2394818529844,,,0,,0,0,0,0,0,0,0,0,0,0,0,0,0,0,PT170,1115,,
030625,030625,030625,"Estr Central (Central Elétrica)",,,38.7792747141793,-9.23593117855489,,,0,,0,0,0,0,0,0,0,0,0,0,0,0,0,0,PT170,1115,,
030626,030626,030626,"Estr Central (X) Av Dr F Piteira Santos",,,38.7792092515156,-9.23613234423101,,,0,,0,0,0,0,0,0,0,0,0,0,0,0,0,0,PT170,1115,,
030627,030627,030627,"Av Amália Rodrigues 16",,,38.78119122260125,-9.234651690539335,,,0,,0,0,0,0,0,0,0,0,0,0,0,0,0,0,PT170,1115,,
030631,030631,030631,"Moinhos Funcheira (Mercado)",,,38.778711,-9.233783,,,0,,0,0,0,0,0,0,0,0,0,0,0,0,0,0,PT170,1115,,
030633,030633,030633,"R Alexandre Pinheiro Torres 4A",,,38.78804812675571,-9.224779140204191,,,0,,0,0,0,0,0,0,0,0,0,0,0,0,0,0,PT170,1115,,
030634,030634,030634,"A da Beja (M Guizo) (X) R Alex P Tor",,,38.788142707980775,-9.224730860441923,,,0,,0,0,0,0,0,0,0,0,0,0,0,0,0,0,PT170,1115,,
030635,030635,030635,"Av José Saramago 7",,,38.789703,-9.225134,,,0,,0,0,0,0,0,0,0,0,0,0,0,0,0,0,PT170,1115,,
030636,030636,030636,"A da Beja (M Guizo) (X) Av J Saram",,,38.789648,-9.225215,,,0,,0,0,0,0,0,0,0,0,0,0,0,0,0,0,PT170,1115,,
030637,030637,030637,"Av José Saramago 14",,,38.790879,-9.227004,,,0,,0,0,0,0,0,0,0,0,0,0,0,0,0,0,PT170,1115,,
030638,030638,030638,"A da Beja (M Guizo) Av José Saram14",,,38.790786,-9.227029,,,0,,0,0,0,0,0,0,0,0,0,0,0,0,0,0,PT170,1115,,
030639,030639,030639,"Praceta Alice Ogando 21",,,38.79248603852027,-9.231256423518062,,,0,,0,0,0,0,0,0,0,0,0,0,0,0,0,0,PT170,1115,,
030641,030641,030641,"R Castelhana 55 (X) R J Augusto Costa",,,38.7935,-9.23322,,,0,,0,0,0,0,0,0,0,0,0,0,0,0,0,0,PT170,1115,,
030642,030642,030642,"R Castelhana 55 (X) R J Augusto Costa",,,38.79344367073459,-9.23327873660723,,,0,,0,0,0,0,0,0,0,0,0,0,0,0,0,0,PT170,1115,,
030643,030643,030643,"A-da-Beja (Fonte Sta)",,,38.79226643499195,-9.232547317790978,,,0,,0,0,0,0,0,0,0,0,0,0,0,0,0,0,PT170,1115,,
030645,030645,030645,"Largo Visconde Asseca (Coreto)",,,38.7916713394225,-9.23055921681225,,,0,,0,0,0,0,0,0,0,0,0,0,0,0,0,0,PT170,1115,,
030647,030647,030647,"R Horta Costa (X) R Ponte",,,38.7921820068732,-9.22966587357223,,,0,,0,0,0,0,0,0,0,0,0,0,0,0,0,0,PT170,1115,,
030648,030648,030648,"R Horta Costa (X) R Ponte",,,38.7926475377753,-9.229377200827,,,0,,0,0,0,0,0,0,0,0,0,0,0,0,0,0,PT170,1115,,
030651,030651,030651,"R 13 Abril 48",,,38.7739,-9.23885,,,0,,0,0,0,0,0,0,0,0,0,0,0,0,0,0,PT170,1115,,
030653,030653,030653,"Av D Filipa de Lencastre 30",,,38.75577097956939,-9.243420687746305,,,0,,0,0,0,0,0,0,0,0,0,0,0,0,0,0,PT170,1115,,
030654,030654,030654,"Estr Velha de Queluz (Amadora)",,,38.755584676,-9.244119784,,,0,,0,0,0,0,0,0,0,0,0,0,0,0,0,0,PT170,1115,,
030655,030655,030655,"Av Manuel Alpedr (X) R Amilcar Cabral",,,38.7487654667348,-9.22567340545356,,,0,,0,0,0,0,0,0,0,0,0,0,0,0,0,0,PT170,1115,,
030656,030656,030656,"Av M Alpedr (X) R Amilcar Cabral",,,38.7487107329071,-9.22545631416142,,,0,,0,0,0,0,0,0,0,0,0,0,0,0,0,0,PT170,1115,,
030657,030657,030657,"Av Manuel Alpedrinha (Escola)",,,38.7487261975184,-9.22800357453525,,,0,,0,0,0,0,0,0,0,0,0,0,0,0,0,0,PT170,1115,,
030658,030658,030658,"Av Manuel Alpedrinha (Escola)",,,38.74862664312909,-9.228058643639088,,,0,,0,0,0,0,0,0,0,0,0,0,0,0,0,0,PT170,1115,,
030659,030659,030659,"R António Aurélio Cora Ferreira 10",,,38.7463,-9.23185,,,0,,0,0,0,0,0,0,0,0,0,0,0,0,0,0,PT170,1115,,
030661,030661,030661,"R Manuel Cabanas 3",,,38.743583,-9.222419,,,0,,0,0,0,0,0,0,0,0,0,0,0,0,0,0,PT170,1115,,
030663,030663,030663,"R Goa (X) R Duarte Pacheco Pereira",,,38.748915377073,-9.21354990452528,,,0,,0,0,0,0,0,0,0,0,0,0,0,0,0,0,PT170,1115,,
030665,030665,030665,"R João Mascarenhas 13A",,,38.7482628459111,-9.21250803396106,,,0,,0,0,0,0,0,0,0,0,0,0,0,0,0,0,PT170,1115,,
030666,030666,030666,"R João Mascarenhas 7",,,38.7483798153698,-9.21202833764255,,,0,,0,0,0,0,0,0,0,0,0,0,0,0,0,0,PT170,1115,,
030667,030667,030667,"Praceta Liberdade 58",,,38.7476745201275,-9.21033795922995,,,0,,0,0,0,0,0,0,0,0,0,0,0,0,0,0,PT170,1115,,
030668,030668,030668,"Damaia de Baixo",,,38.74772539250693,-9.210733165964484,,,0,,0,0,0,0,0,0,0,0,0,0,0,0,0,0,PT170,1115,,
030669,030669,030669,"R Duarte Pacheco Pereira 26",,,38.74923013954924,-9.213512102141976,,,0,,0,0,0,0,0,0,0,0,0,0,0,0,0,0,PT170,1115,,
030671,030671,030671,"Estr Militar Fte 3",,,38.749509,-9.215656,,,0,,0,0,0,0,0,0,0,0,0,0,0,0,0,0,PT170,1115,,
030673,030673,030673,"R Conde Tomar 2",,,38.74797843840723,-9.215618249010786,,,0,,0,0,0,0,0,0,0,0,0,0,0,0,0,0,PT170,1115,,
030675,030675,030675,"Damaia (Estação)",,,38.7470005312935,-9.21654685400426,,,0,,0,0,0,0,0,0,0,0,0,0,0,0,0,0,PT170,1115,,
030677,030677,030677,"Pça Marquês Minas 4",,,38.74412108035144,-9.219962060451508,,,0,,0,0,0,0,0,0,0,0,0,0,0,0,0,0,PT170,1115,,
030678,030678,030678,"Pça Marquês Minas 2",,,38.743791,-9.220207,,,0,,0,0,0,0,0,0,0,0,0,0,0,0,0,0,PT170,1115,,
030679,030679,030679,"Av Padre Himalaia 20",,,38.74528916947464,-9.221978518556076,,,0,,0,0,0,0,0,0,0,0,0,0,0,0,0,0,PT170,1115,,
030681,030681,030681,"Av Padre Himalaia 31",,,38.74683220194464,-9.222321895089149,,,0,,0,0,0,0,0,0,0,0,0,0,0,0,0,0,PT170,1115,,
030682,030682,030682,"Av Padre Himalaia 31",,,38.7463442701846,-9.2225562594831,,,0,,0,0,0,0,0,0,0,0,0,0,0,0,0,0,PT170,1115,,
030683,030683,030683,"R Carvalho Araújo 64",,,38.7462,-9.22396666666667,,,0,,0,0,0,0,0,0,0,0,0,0,0,0,0,0,PT170,1115,,
030685,030685,030685,"Amadora (Estação Sul)",,,38.75753104104845,-9.233972092687102,,,0,,0,0,0,0,0,0,0,0,0,0,0,0,0,0,PT170,1115,,
030687,030687,030687,"Amadora (Estação Norte)",,,38.76111243433075,-9.237845773327251,,,0,,0,0,0,0,0,0,0,0,0,0,0,0,0,0,PT170,1115,,
030689,030689,030689,"R Ordem Militar Hospital (EDP)",,,38.7655273033306,-9.23005051910877,,,0,,0,0,0,0,0,0,0,0,0,0,0,0,0,0,PT170,1115,,
030691,030691,030691,"R Ord Milit Hospital 16B",,,38.7645314494148,-9.22826710157096,,,0,,0,0,0,0,0,0,0,0,0,0,0,0,0,0,PT170,1115,,
030692,030692,030692,"R Ord Milit Hospital 16B",,,38.7649012170732,-9.22842292115092,,,0,,0,0,0,0,0,0,0,0,0,0,0,0,0,0,PT170,1115,,
030693,030693,030693,"R Liberdade 95",,,38.7660023476928,-9.22349821776152,,,0,,0,0,0,0,0,0,0,0,0,0,0,0,0,0,PT170,1115,,
030695,030695,030695,"R Luiz Vaz Camões (Igreja)",,,38.7665201397613,-9.21543440781534,,,0,,0,0,0,0,0,0,0,0,0,0,0,0,0,0,PT170,1115,,
030697,030697,030697,"Borel",,,38.748388029635,-9.23525878228247,,,0,,0,0,0,0,0,0,0,0,0,0,0,0,0,0,PT170,1115,,
030701,030701,030701,"R Liberdade 20A (Igreja Evangélica)",,,38.76801257434836,-9.214010909199716,,,0,,0,0,0,0,0,0,0,0,0,0,0,0,0,0,PT170,1115,,
030703,030703,030703,"R Liberdade 106 (Ent Estr Falagueira)",,,38.7662109732628,-9.2235164064914,,,0,,0,0,0,0,0,0,0,0,0,0,0,0,0,0,PT170,1115,,
030705,030705,030705,"R Fernando Maia (Viveiros R Bacará)",,,38.7864333333333,-9.23896666666667,,,0,,0,0,0,0,0,0,0,0,0,0,0,0,0,0,PT170,1115,,
030707,030707,030707,"R Fernando Maia (X) R Campos",,,38.7884734757245,-9.23337771557271,,,0,,0,0,0,0,0,0,0,0,0,0,0,0,0,0,PT170,1115,,
030708,030708,030708,"R Fernando Maia (X) R Campos",,,38.788341,-9.233816,,,0,,0,0,0,0,0,0,0,0,0,0,0,0,0,0,PT170,1115,,
030709,030709,030709,"R Fernando Maia (X) R Qta Fonte Santa",,,38.7896504206583,-9.23200375400484,,,0,,0,0,0,0,0,0,0,0,0,0,0,0,0,0,PT170,1115,,
030710,030710,030710,"R Fernando Maia 27",,,38.7894613249227,-9.23227205872536,,,0,,0,0,0,0,0,0,0,0,0,0,0,0,0,0,PT170,1115,,
030711,030711,030711,"Estr Prin Caneças (X) Horta Costa",,,38.7921316735446,-9.22804322093725,,,0,,0,0,0,0,0,0,0,0,0,0,0,0,0,0,PT170,1115,,
030713,030713,030713,"R Fernando Maia (Viveiros R Bacará)",,,38.7860833333333,-9.23973333333333,,,0,,0,0,0,0,0,0,0,0,0,0,0,0,0,0,PT170,1115,,
030715,030715,030715,"Rua Berlim",,,38.796813,-9.236502,,,0,,0,0,0,0,0,0,0,0,0,0,0,0,0,0,PT170,1115,,
030717,030717,030717,"Casal Rebentão (Rotunda)",,,38.7946194643155,-9.23357821069658,,,0,,0,0,0,0,0,0,0,0,0,0,0,0,0,0,PT170,1115,,
030719,030719,030719,"Estr Princ Canecas (Rot) R H Costa",,,38.792272740975,-9.22842484898865,,,0,,0,0,0,0,0,0,0,0,0,0,0,0,0,0,PT170,1115,,
030721,030721,030721,"Estr Serra Mira (X) Av Liberdade",,,38.7761553470045,-9.23019393347204,,,0,,0,0,0,0,0,0,0,0,0,0,0,0,0,0,PT170,1115,,
030723,030723,030723,"R Mª A B Nogueira (X) Pcta Virg Moura",,,38.7560474965721,-9.22286010347307,,,0,,0,0,0,0,0,0,0,0,0,0,0,0,0,0,PT170,1115,,
030724,030724,030724,"R Mª A B Nogueira (X) Pcta Lib Galvão",,,38.75592711001193,-9.222849206998944,,,0,,0,0,0,0,0,0,0,0,0,0,0,0,0,0,PT170,1115,,
030725,030725,030725,"R Mª Alda B Nogueira 20",,,38.756183241494,-9.22510561533272,,,0,,0,0,0,0,0,0,0,0,0,0,0,0,0,0,PT170,1115,,
030726,030726,030726,"R Mª Alda B Nogueira 20",,,38.75594522755964,-9.225602829828858,,,0,,0,0,0,0,0,0,0,0,0,0,0,0,0,0,PT170,1115,,
030727,030727,030727,"Estr da Falagueira 18",,,38.759690397419,-9.22730980440974,,,0,,0,0,0,0,0,0,0,0,0,0,0,0,0,0,PT170,1115,,
030729,030729,030729,"R Eng J Sousa Sant Marq (Ponte Rib)",,,38.7730641430244,-9.25288651138544,,,0,,0,0,0,0,0,0,0,0,0,0,0,0,0,0,PT170,1115,,
030730,030730,030730,"R Eng J Sousa Sant Marq (Ponte Rib)",,,38.77301151822589,-9.252950884401798,,,0,,0,0,0,0,0,0,0,0,0,0,0,0,0,0,PT170,1115,,
030731,030731,030731,"Amadora Este (Metro)",,,38.758931,-9.217963,,,0,,0,0,0,0,0,0,0,0,0,0,0,0,0,0,PT170,1115,,
030733,030733,030733,"Av Ultramar 14",,,38.76213045906529,-9.241615820686032,,,0,,0,0,0,0,0,0,0,0,0,0,0,0,0,0,PT170,1115,,
030734,030734,030734,"Av Ultramar Fte 12",,,38.762028,-9.241352,,,0,,0,0,0,0,0,0,0,0,0,0,0,0,0,0,PT170,1115,,
030735,030735,030735,"Amadora (Av Ultramar 32)",,,38.7621333333333,-9.2437,,,0,,0,0,0,0,0,0,0,0,0,0,0,0,0,0,PT170,1115,,
030736,030736,030736,"Amadora (Av Ultramar)",,,38.7619833333333,-9.2442,,,0,,0,0,0,0,0,0,0,0,0,0,0,0,0,0,PT170,1115,,
030737,030737,030737,"Largo 1º Maio",,,38.76522697974,-9.21310608275235,,,0,,0,0,0,0,0,0,0,0,0,0,0,0,0,0,PT170,1115,,
030739,030739,030739,"Prç Teófilo Braga (Alfornelos Metro)",,,38.760048344615456,-9.204032337293029,,,0,,0,0,0,0,0,0,0,0,0,0,0,0,0,0,PT170,1115,,
030741,030741,030741,"R Heróis Dadrá 18",,,38.7474945187569,-9.2191921826452,,,0,,0,0,0,0,0,0,0,0,0,0,0,0,0,0,PT170,1115,,
030743,030743,030743,"R Carvalho Araujo 32",,,38.74759360546477,-9.221489746123552,,,0,,0,0,0,0,0,0,0,0,0,0,0,0,0,0,PT170,1115,,
030745,030745,030745,"R Bern Machado (Esc P Dorey Cunha)",,,38.743403647095,-9.21931070275605,,,0,,0,0,0,0,0,0,0,0,0,0,0,0,0,0,PT170,1115,,
030747,030747,030747,"Av Padre Bartolomeu Gusmão 33",,,38.7447102600709,-9.21766743063927,,,0,,0,0,0,0,0,0,0,0,0,0,0,0,0,0,PT170,1115,,
030748,030748,030748,"Av Padre Bartolomeu Gusmão 33",,,38.7447009142488,-9.21761353500187,,,0,,0,0,0,0,0,0,0,0,0,0,0,0,0,0,PT170,1115,,
030749,030749,030749,"Av Padre Bartolomeu Gusmão 3",,,38.7462652288377,-9.21538026072085,,,0,,0,0,0,0,0,0,0,0,0,0,0,0,0,0,PT170,1115,,
030751,030751,030751,"Av F Aerea Port (Est Maior F Aerea)",,,38.7399042025208,-9.21589524485171,,,0,,0,0,0,0,0,0,0,0,0,0,0,0,0,0,PT170,1115,,
030752,030752,030752,"Av F Aerea Portuguesa (Força Aerea)",,,38.7397572258487,-9.21571897342801,,,0,,0,0,0,0,0,0,0,0,0,0,0,0,0,0,PT170,1115,,
030753,030753,030753,"Av Qta Grande 89C",,,38.73963360298292,-9.224212355911732,,,0,,0,0,0,0,0,0,0,0,0,0,0,0,0,0,PT170,1115,,
030754,030754,030754,"Av Qta Grande 91",,,38.7395880371332,-9.22357943840325,,,0,,0,0,0,0,0,0,0,0,0,0,0,0,0,0,PT170,1115,,
030755,030755,030755,"Trav Torres 2",,,38.73844349006298,-9.225052138790488,,,0,,0,0,0,0,0,0,0,0,0,0,0,0,0,0,PT170,1115,,
030756,030756,030756,"Trav Torres (Escadinhas)",,,38.73857281421094,-9.225222375243902,,,0,,0,0,0,0,0,0,0,0,0,0,0,0,0,0,PT170,1115,,
030757,030757,030757,"Av Laranjeiras 31",,,38.737406583694565,-9.223908260464668,,,0,,0,0,0,0,0,0,0,0,0,0,0,0,0,0,PT170,1115,,
030758,030758,030758,"Av Laranjeiras 31",,,38.7373977620155,-9.22378990799189,,,0,,0,0,0,0,0,0,0,0,0,0,0,0,0,0,PT170,1115,,
030759,030759,030759,"Av Laranjeiras 13",,,38.7369052832946,-9.22268634662032,,,0,,0,0,0,0,0,0,0,0,0,0,0,0,0,0,PT170,1115,,
030761,030761,030761,"Av Laranjeiras (X) Trav Moínhos",,,38.73717418707997,-9.221521513536572,,,0,,0,0,0,0,0,0,0,0,0,0,0,0,0,0,PT170,1115,,
030763,030763,030763,"Estr Zambujal 26",,,38.737899879925,-9.21090608462691,,,0,,0,0,0,0,0,0,0,0,0,0,0,0,0,0,PT170,1115,,
030765,030765,030765,"R Cerrado Oliveiras 210",,,38.7313832016662,-9.21442019753158,,,0,,0,0,0,0,0,0,0,0,0,0,0,0,0,0,PT170,1115,,
030766,030766,030766,"R Cerrado Oliveiras 8",,,38.7314520590007,-9.21432254835963,,,0,,0,0,0,0,0,0,0,0,0,0,0,0,0,0,PT170,1115,,
030767,030767,030767,"R Ribeira 24",,,38.7303490424529,-9.21305302530527,,,0,,0,0,0,0,0,0,0,0,0,0,0,0,0,0,PT170,1115,,
030768,030768,030768,"R Ribeira 21",,,38.7303655128926,-9.21294330619276,,,0,,0,0,0,0,0,0,0,0,0,0,0,0,0,0,PT170,1115,,
030769,030769,030769,"R Ribeira 60",,,38.7292162282392,-9.21397268772125,,,0,,0,0,0,0,0,0,0,0,0,0,0,0,0,0,PT170,1115,,
030770,030770,030770,"R Ribeira 57",,,38.7290521943942,-9.2140549980104,,,0,,0,0,0,0,0,0,0,0,0,0,0,0,0,0,PT170,1115,,
030771,030771,030771,"Estr Almarjão (Rot Estr Mt Cabreira)",,,38.7278509419411,-9.21230267733335,,,0,,0,0,0,0,0,0,0,0,0,0,0,0,0,0,PT170,1115,,
030773,030773,030773,"Estr Zambujal 72A",,,38.7379111116752,-9.21069335192442,,,0,,0,0,0,0,0,0,0,0,0,0,0,0,0,0,PT170,1115,,
030775,030775,030775,"Estr Alfragide (X) R Dr N Rodr Santos",,,38.7385412212461,-9.21220972202718,,,0,,0,0,0,0,0,0,0,0,0,0,0,0,0,0,PT170,1115,,
030777,030777,030777,"Av Laranjeiras 3",,,38.7373765558004,-9.22114307060838,,,0,,0,0,0,0,0,0,0,0,0,0,0,0,0,0,PT170,1115,,
030779,030779,030779,"Av Laranjeiras 13",,,38.7369239749387,-9.22253656201065,,,0,,0,0,0,0,0,0,0,0,0,0,0,0,0,0,PT170,1115,,
030781,030781,030781,"Av Padre Bartolomeu Gusmão 1C",,,38.7463286379352,-9.21509007923305,,,0,,0,0,0,0,0,0,0,0,0,0,0,0,0,0,PT170,1115,,
030783,030783,030783,"Av Padre Bartolomeu de Gusmão 46",,,38.7436138652265,-9.21883687376976,,,0,,0,0,0,0,0,0,0,0,0,0,0,0,0,0,PT170,1115,,
030785,030785,030785,"Av D José Policarpo (C Comercial)",,,38.728091797128265,-9.216909455135465,,,0,,0,0,0,0,0,0,0,0,0,0,0,0,0,0,PT170,1115,,
030787,030787,030787,"EN 117 (Alfrapark)",,,38.732285,-9.222518,,,0,,0,0,0,0,0,0,0,0,0,0,0,0,0,0,PT170,1115,,
030790,030790,030790,"Estr Alfragide (X) Av L Vasconcelos",,,38.73653699449291,-9.216344598680736,,,0,,0,0,0,0,0,0,0,0,0,0,0,0,0,0,PT170,1115,,
030791,030791,030791,"Av D Fernando Piteira Santos 17",,,38.778089764528,-9.23459636047482,,,0,,0,0,0,0,0,0,0,0,0,0,0,0,0,0,PT170,1115,,
030792,030792,030792,"Av D Fernando Piteira Santos 17A",,,38.7782436981797,-9.2345460690558,,,0,,0,0,0,0,0,0,0,0,0,0,0,0,0,0,PT170,1115,,
030793,030793,030793,"Pça J Garcês (Rot Fte Leroy Merlin)",,,38.778831,-9.220915,,,0,,0,0,0,0,0,0,0,0,0,0,0,0,0,0,PT170,1115,,
030795,030795,030795,"Estr Central (X) R D João V",,,38.7809242727235,-9.2367253638804,,,0,,0,0,0,0,0,0,0,0,0,0,0,0,0,0,PT170,1115,,
030797,030797,030797,"R Elias Garcia (Hipermercado)",,,38.7552702846006,-9.21605324372649,,,0,,0,0,0,0,0,0,0,0,0,0,0,0,0,0,PT170,1115,,
030799,030799,030799,"Estr Principal Caneças 3",,,38.7875790847465,-9.22614907845855,,,0,,0,0,0,0,0,0,0,0,0,0,0,0,0,0,PT170,1115,,
030800,030800,030800,"Estr Principal Caneças 3",,,38.7876266939566,-9.22610775567591,,,0,,0,0,0,0,0,0,0,0,0,0,0,0,0,0,PT170,1115,,
030801,030801,030801,"R Liberdade 3",,,38.7856921507046,-9.2231884226203,,,0,,0,0,0,0,0,0,0,0,0,0,0,0,0,0,PT170,1115,,
030802,030802,030802,"R Liberdade 3",,,38.7856154982001,-9.22281014733016,,,0,,0,0,0,0,0,0,0,0,0,0,0,0,0,0,PT170,1115,,
030803,030803,030803,"Presa",,,38.7843139143661,-9.22071140259504,,,0,,0,0,0,0,0,0,0,0,0,0,0,0,0,0,PT170,1115,,
030805,030805,030805,"R da Liberdade 14",,,38.7769826408476,-9.21522486023605,,,0,,0,0,0,0,0,0,0,0,0,0,0,0,0,0,PT170,1115,,
030807,030807,030807,"R Liberdade 24",,,38.7739820452407,-9.21350179240108,,,0,,0,0,0,0,0,0,0,0,0,0,0,0,0,0,PT170,1115,,
030809,030809,030809,"R Liberdade 1",,,38.772648316808,-9.21211592853069,,,0,,0,0,0,0,0,0,0,0,0,0,0,0,0,0,PT170,1115,,
030811,030811,030811,"R Liberdade 6",,,38.7678927602246,-9.20479827560484,,,0,,0,0,0,0,0,0,0,0,0,0,0,0,0,0,PT170,1115,,
030813,030813,030813,"R Rosália Castro (X) Av Raúl Rego",,,38.782609035261,-9.22105204313993,,,0,,0,0,0,0,0,0,0,0,0,0,0,0,0,0,PT170,1115,,
030814,030814,030814,"R Rosália Castro (X) Av Raúl Rego",,,38.783087558113,-9.22108724713326,,,0,,0,0,0,0,0,0,0,0,0,0,0,0,0,0,PT170,1115,,
030815,030815,030815,"Av Lima Freitas (Rotunda)",,,38.7719944026321,-9.21250384300947,,,0,,0,0,0,0,0,0,0,0,0,0,0,0,0,0,PT170,1115,,
030817,030817,030817,"Av Lima Freitas (Rotunda)",,,38.7721155211329,-9.21225615777075,,,0,,0,0,0,0,0,0,0,0,0,0,0,0,0,0,PT170,1115,,
030821,030821,030821,"Amadora (Estação Sul)",,,38.75803860696035,-9.234328055754304,,,0,,0,0,0,0,0,0,0,0,0,0,0,0,0,0,PT170,1115,,
030823,030823,030823,"Alfrag (Escadinhas)",,,38.7353950738907,-9.21882010996342,,,0,,0,0,0,0,0,0,0,0,0,0,0,0,0,0,PT170,1115,,
030824,030824,030824,"Alfrag (Escadinhas)",,,38.7353222770616,-9.21877082437277,,,0,,0,0,0,0,0,0,0,0,0,0,0,0,0,0,PT170,1115,,
030825,030825,030825,"Av Gorgel Amaral 14",,,38.74246537621734,-9.221315737813711,,,0,,0,0,0,0,0,0,0,0,0,0,0,0,0,0,PT170,1115,,
030826,030826,030826,"R Ana Castro Osório",,,38.74250269593203,-9.221121612936258,,,0,,0,0,0,0,0,0,0,0,0,0,0,0,0,0,PT170,1115,,
030827,030827,030827,"Pcta R Proença (X) Pcta M L Caneças",,,38.74126016893529,-9.2181595680396,,,0,,0,0,0,0,0,0,0,0,0,0,0,0,0,0,PT170,1115,,
030829,030829,030829,"Pcta Raul Proença",,,38.74246096689037,-9.217818061713684,,,0,,0,0,0,0,0,0,0,0,0,0,0,0,0,0,PT170,1115,,
030831,030831,030831,"R Bernardino Machado (Escola)",,,38.7431859,-9.2187815,,,0,,0,0,0,0,0,0,0,0,0,0,0,0,0,0,PT170,1115,,
030833,030833,030833,"Damaia (Estação Norte)",,,38.7479438725859,-9.21424367465079,,,0,,0,0,0,0,0,0,0,0,0,0,0,0,0,0,PT170,1115,,
030835,030835,030835,"R Soeiro Pereira Gomes 8",,,38.74217097155955,-9.218402339404223,,,0,,0,0,0,0,0,0,0,0,0,0,0,0,0,0,PT170,1115,,
030837,030837,030837,"R D Dinis 13A",,,38.753145,-9.230915,,,0,,0,0,0,0,0,0,0,0,0,0,0,0,0,0,PT170,1115,,
030839,030839,030839,"R Correia Teles 6",,,38.75333907881769,-9.229780553931224,,,0,,0,0,0,0,0,0,0,0,0,0,0,0,0,0,PT170,1115,,
030840,030840,030840,"R Correia Teles 6",,,38.75338929894534,-9.229829864145772,,,0,,0,0,0,0,0,0,0,0,0,0,0,0,0,0,PT170,1115,,
030841,030841,030841,"R D Dinis - Café",,,38.753301,-9.230771,,,0,,0,0,0,0,0,0,0,0,0,0,0,0,0,0,PT170,1115,,
030842,030842,030842,"Amadora (Estação Norte)",,,38.760743809176944,-9.237222642689009,,,0,,0,0,0,0,0,0,0,0,0,0,0,0,0,0,PT170,1115,,
030843,030843,030843,"Amadora (Estação Norte)",,,38.76089888903706,-9.237503937872106,,,0,,0,0,0,0,0,0,0,0,0,0,0,0,0,0,PT170,1115,,
030844,030844,030844,"Reboleira (Estação)",,,38.7500249310337,-9.221328817843114,,,0,,0,0,0,0,0,0,0,0,0,0,0,0,0,0,PT170,1115,,
030845,030845,030845,"Amadora (Estação Sul)",,,38.75813084407913,-9.2350068804257,,,0,,0,0,0,0,0,0,0,0,0,0,0,0,0,0,PT170,1115,,
030846,030846,030846,"Amadora (Hospital)",,,38.7456833333333,-9.24603333333333,,,0,,0,0,0,0,0,0,0,0,0,0,0,0,0,0,PT170,1115,,
030847,030847,030847,"Amadora (Hospital)",,,38.7454504659399,-9.24597781151533,,,0,,0,0,0,0,0,0,0,0,0,0,0,0,0,0,PT170,1115,,
030848,030848,030848,"Amadora Este (Metro)",,,38.758991,-9.217748,,,0,,0,0,0,0,0,0,0,0,0,0,0,0,0,0,PT170,1115,,
030849,030849,030849,"Casal Mira (Centro Comercial)",,,38.77692609897476,-9.218048388138412,,,0,,0,0,0,0,0,0,0,0,0,0,0,0,0,0,PT170,1115,,
030850,030850,030850,"Casal Mira (Centro Comercial)",,,38.776959191622936,-9.217589113433306,,,0,,0,0,0,0,0,0,0,0,0,0,0,0,0,0,PT170,1115,,
030851,030851,030851,"Pça Maria Brown",,,38.778723,-9.222438,,,0,,0,0,0,0,0,0,0,0,0,0,0,0,0,0,PT170,1115,,
030852,030852,030852,"Brandoa (Largo)",,,38.766,-9.2128,,,0,,0,0,0,0,0,0,0,0,0,0,0,0,0,0,PT170,1115,,
030853,030853,030853,"Amadora Este (Metro)",,,38.758274,-9.218996,,,0,,0,0,0,0,0,0,0,0,0,0,0,0,0,0,PT170,1115,,
030854,030854,030854,"R Seara Trigo (Campo Futebol)",,,38.7684704409912,-9.22524400055408,,,0,,0,0,0,0,0,0,0,0,0,0,0,0,0,0,PT170,1115,,
030855,030855,030855,"R Seara Trigo (Fte Campo Futebol)",,,38.7685347301885,-9.22533226199448,,,0,,0,0,0,0,0,0,0,0,0,0,0,0,0,0,PT170,1115,,
030858,030858,030858,"Estr Central (Central Elétrica)",,,38.7807507254183,-9.23689886927605,,,0,,0,0,0,0,0,0,0,0,0,0,0,0,0,0,PT170,1115,,
030859,030859,030859,"Av Liberdade Fte 96",,,38.7668363889679,-9.22267486341298,,,0,,0,0,0,0,0,0,0,0,0,0,0,0,0,0,PT170,1115,,
030860,030860,030860,"R Elias Garcia 23I",,,38.75596923789063,-9.218397410586476,,,0,,0,0,0,0,0,0,0,0,0,0,0,0,0,0,PT170,1115,,
030861,030861,030861,"Reboleira (Estação)",,,38.75039638806207,-9.22190054319799,,,0,,0,0,0,0,0,0,0,0,0,0,0,0,0,0,PT170,1115,,
030862,030862,030862,"Estr Alfragide (Leya)",,,38.7367073027417,-9.21576591208577,,,0,,0,0,0,0,0,0,0,0,0,0,0,0,0,0,PT170,1115,,
030863,030863,030863,"Av Marquês Pombal 25",,,38.76365539,-9.23344064,,,0,,0,0,0,0,0,0,0,0,0,0,0,0,0,0,PT170,1115,,
030864,030864,030864,"R Ordem Militar Hospital (EDP)",,,38.7658174429089,-9.22989947721362,,,0,,0,0,0,0,0,0,0,0,0,0,0,0,0,0,PT170,1115,,
030865,030865,030865,"R Pedro Del Negro (C Comunitario)",,,38.752001,-9.229169,,,0,,0,0,0,0,0,0,0,0,0,0,0,0,0,0,PT170,1115,,
030866,030866,030866,"R D Dinis 23",,,38.75212674109949,-9.231145397785008,,,0,,0,0,0,0,0,0,0,0,0,0,0,0,0,0,PT170,1115,,
030867,030867,030867,"R D Dinis 10",,,38.75235258906071,-9.23131169064995,,,0,,0,0,0,0,0,0,0,0,0,0,0,0,0,0,PT170,1115,,
030868,030868,030868,"R Pedro Del Negro (Fte C Comunitario)",,,38.75180517528696,-9.229520046900562,,,0,,0,0,0,0,0,0,0,0,0,0,0,0,0,0,PT170,1115,,
030869,030869,030869,"Amadora (Estação Sul)",,,38.7580556778289,-9.234424969872991,,,0,,0,0,0,0,0,0,0,0,0,0,0,0,0,0,PT170,1115,,
030870,030870,030870,"Casal Mira (Centro Comercial)",,,38.7773125329633,-9.218075713142753,,,0,,0,0,0,0,0,0,0,0,0,0,0,0,0,0,PT170,1115,,
030871,030871,030871,"Casal Mira (Centro Comercial)",,,38.77726994208826,-9.21764169819653,,,0,,0,0,0,0,0,0,0,0,0,0,0,0,0,0,PT170,1115,,
030873,030873,030873,"R Dr Azevedo Neves 31A",,,38.76493980345579,-9.234313434176569,,,0,,0,0,0,0,0,0,0,0,0,0,0,0,0,0,PT170,1115,,
030874,030874,030874,"R Dr Azevedo Neves 13",,,38.76514764720967,-9.236228227142858,,,0,,0,0,0,0,0,0,0,0,0,0,0,0,0,0,PT170,1115,,
030875,030875,030875,"R D Ant Luz (X) R Euseb Silva Ferreira",,,38.7418944435194,-9.24009656533599,,,0,,0,0,0,0,0,0,0,0,0,0,0,0,0,0,PT170,1115,,
030876,030876,030876,"Av Brasil 5",,,38.7574745994061,-9.2272584233433,,,0,,0,0,0,0,0,0,0,0,0,0,0,0,0,0,PT170,1115,,
030877,030877,030877,"Av Brasil 23",,,38.7559646833688,-9.22766142524779,,,0,,0,0,0,0,0,0,0,0,0,0,0,0,0,0,PT170,1115,,
030878,030878,030878,"R Fernando Maia (Fte Est Tratamento)",,,38.7851166666667,-9.24145,,,0,,0,0,0,0,0,0,0,0,0,0,0,0,0,0,PT170,1115,,
030879,030879,030879,"R Fernando Maia (Est Tratamento)",,,38.7850166666667,-9.24136666666667,,,0,,0,0,0,0,0,0,0,0,0,0,0,0,0,0,PT170,1115,,
030880,030880,030880,"R Elias Garcia (Parque)",,,38.75902856156182,-9.237239306436727,,,0,,0,0,0,0,0,0,0,0,0,0,0,0,0,0,PT170,1115,,
030881,030881,030881,"Estr Afragide (Colégio)",,,38.734663,-9.224527,,,0,,0,0,0,0,0,0,0,0,0,0,0,0,0,0,PT170,1115,,
030882,030882,030882,"R Franc Simões Carn (Supermercado)",,,38.753571118141,-9.216976682829712,,,0,,0,0,0,0,0,0,0,0,0,0,0,0,0,0,PT170,1115,,
030883,030883,030883,"Av Pedro Álvares Cabral 58",,,38.767691,-9.239304,,,0,,0,0,0,0,0,0,0,0,0,0,0,0,0,0,PT170,1115,,
030884,030884,030884,"R António Ribeiro Chiado 14",,,38.768156,-9.237449,,,0,,0,0,0,0,0,0,0,0,0,0,0,0,0,0,PT170,1115,,
030885,030885,030885,"R Camilo Pessanha 1",,,38.76896746789111,-9.233974478709092,,,0,,0,0,0,0,0,0,0,0,0,0,0,0,0,0,PT170,1115,,
030886,030886,030886,"R Julio Dantas 7B",,,38.76881444670048,-9.232548665553834,,,0,,0,0,0,0,0,0,0,0,0,0,0,0,0,0,PT170,1115,,
031332,031332,031332,"R D Duarte (Pq de Estacionamento) Paragem provisória",,,38.757445,-9.247874,,,0,,0,0,0,0,0,0,0,0,0,0,0,0,0,0,PT170,1115,,
032043,032043,032043,"Av Conde Oeiras (Farmácia)",,,38.752934,-9.232883,,,0,,0,0,0,0,0,0,0,0,0,0,0,0,0,0,PT170,1115,,
032191,032191,032191,"R Oscar Monteiro Torres 30",,,38.754758,-9.211444,,,0,,0,0,0,0,0,0,0,0,0,0,0,0,0,0,PT170,1115,,
033266,033266,033266,"Av dos Freixos 22",,,38.737274,-9.250341,,,0,,0,0,0,0,0,0,0,0,0,0,0,0,0,0,PT170,1115,,
033342,033342,033342,"Rua Alfredo Silva (Supermercado)",,,38.741253,-9.22535,,,0,,0,0,0,0,0,0,0,0,0,0,0,0,0,0,PT170,1115,,
034837,034837,034837,"R 5 de Outubro 23",,,38.775338,-9.237849,,,0,,0,0,0,0,0,0,0,0,0,0,0,0,0,0,PT170,1115,,
035898,035898,035898,"Av D Nuno Álvares Pereira 51 Paragem provisória",,,38.757957,-9.246277,,,0,,0,0,0,0,0,0,0,0,0,0,0,0,0,0,PT170,1115,,
000370,000370,000370,"QUELUZ LISGRAFICA (PARQUE)",,,38.75191,-9.30219,,,0,,0,0,0,0,0,0,0,0,0,0,0,0,0,0,PT170,1110,,
000378,000378,000378,"CAVALEIRA (PINCO DOCE - PARQUE)",,,38.80788,-9.34992,,,0,,0,0,0,0,0,0,0,0,0,0,0,0,0,0,PT170,1110,,
038722,038722,038722,"Pc da Serra",,,38.735655,-9.249627,,,0,,0,0,0,0,0,0,0,0,0,0,0,0,0,0,PT170,1115,,
039383,039383,039383,"R do Parque (Ft Pavilhão Desportivo)",,,38.756032,-9.211222,,,0,,0,0,0,0,0,0,0,0,0,0,0,0,0,0,PT170,1115,,
050001,050001,050001,"Av Dr Francisco Lucas Pires (X) R Flora",,,38.685103696771,-9.32855062186718,,,0,,0,0,0,0,0,0,0,0,0,0,0,0,0,0,PT170,1105,,
050002,050002,050002,"Av Dr Francisco Lucas Pires (X) R Flora",,,38.68501684650987,-9.328557411208749,,,0,,0,0,0,0,0,0,0,0,0,0,0,0,0,0,PT170,1105,,
050003,050003,050003,"R Inglaterra 233",,,38.6823715666919,-9.32958826582797,,,0,,0,0,0,0,0,0,0,0,0,0,0,0,0,0,PT170,1105,,
050004,050004,050004,"R Inglaterra 233",,,38.6823498589247,-9.32950514225876,,,0,,0,0,0,0,0,0,0,0,0,0,0,0,0,0,PT170,1105,,
050005,050005,050005,"Nova SBE",,,38.681234694086,-9.32608600705862,,,0,,0,0,0,0,0,0,0,0,0,0,0,0,0,0,PT170,1105,,
050006,050006,050006,"Cascais (Estação)",,,38.70078,-9.418741,,,0,,0,0,0,0,0,0,0,0,0,0,0,0,0,0,PT170,1105,,
050007,050007,050007,"Carcavelos (Praia)",,,38.68021700343592,-9.330066472387308,,,0,,0,0,0,0,0,0,0,0,0,0,0,0,0,0,PT170,1105,,
050008,050008,050008,"Av Marginal 8023 A",,,38.704333,-9.406278,,,0,,0,0,0,0,0,0,0,0,0,0,0,0,0,0,PT170,1105,,
050009,050009,050009,"Carcavelos (Estação)",,,38.68760523784076,-9.336314337473729,,,0,,0,0,0,0,0,0,0,0,0,0,0,0,0,0,PT170,1105,,
050010,050010,050010,"Av Marginal (X) Av Sabóia",,,38.704669,-9.405585,,,0,,0,0,0,0,0,0,0,0,0,0,0,0,0,0,PT170,1105,,
050011,050011,050011,"Estr da Torre Fte 1",,,38.6855,-9.33073,,,0,,0,0,0,0,0,0,0,0,0,0,0,0,0,0,PT170,1105,,
050012,050012,050012,"Estr da Torre 1",,,38.68544460223331,-9.33062801628724,,,0,,0,0,0,0,0,0,0,0,0,0,0,0,0,0,PT170,1105,,
050013,050013,050013,"Av Francisco Lucas Pires 239",,,38.6847146926448,-9.32663996703923,,,0,,0,0,0,0,0,0,0,0,0,0,0,0,0,0,PT170,1105,,
050014,050014,050014,"Av Francisco Lucas Pires 239",,,38.684786609374,-9.3265394680202,,,0,,0,0,0,0,0,0,0,0,0,0,0,0,0,0,PT170,1105,,
050015,050015,050015,"R Ilha de Santa Maria 166",,,38.7002154299989,-9.32361669838428,,,0,,0,0,0,0,0,0,0,0,0,0,0,0,0,0,PT170,1105,,
050016,050016,050016,"R Ilha de Santa Maria 166",,,38.7002094369382,-9.32367185130715,,,0,,0,0,0,0,0,0,0,0,0,0,0,0,0,0,PT170,1105,,
050017,050017,050017,"R do Funchal 2",,,38.6995474761352,-9.32626278139651,,,0,,0,0,0,0,0,0,0,0,0,0,0,0,0,0,PT170,1105,,
050018,050018,050018,"Estoril (Estação CP)",,,38.703387,-9.398084,,,0,,0,0,0,0,0,0,0,0,0,0,0,0,0,0,PT170,1105,,
050019,050019,050019,"Av Gonçalves Zarco 1",,,38.6978353885934,-9.32936567813158,,,0,,0,0,0,0,0,0,0,0,0,0,0,0,0,0,PT170,1105,,
050020,050020,050020,"Av Gonçalves Zarco",,,38.69781138924351,-9.328804342076182,,,0,,0,0,0,0,0,0,0,0,0,0,0,0,0,0,PT170,1105,,
050021,050021,050021,"Av D Franc Sá Carneiro 729A",,,38.6993295885623,-9.33522940613329,,,0,,0,0,0,0,0,0,0,0,0,0,0,0,0,0,PT170,1105,,
050022,050022,050022,"Estoril (Estação CP)",,,38.703724,-9.398307,,,0,,0,0,0,0,0,0,0,0,0,0,0,0,0,0,PT170,1105,,
050023,050023,050023,"R Afonso de Albuquerque 104",,,38.7009348906577,-9.3388091493398,,,0,,0,0,0,0,0,0,0,0,0,0,0,0,0,0,PT170,1105,,
050024,050024,050024,"R Afonso de Albuquerque 104",,,38.7008712301031,-9.33889757841825,,,0,,0,0,0,0,0,0,0,0,0,0,0,0,0,0,PT170,1105,,
050025,050025,050025,"Lgo de São Domingos",,,38.7020740751177,-9.34114552102983,,,0,,0,0,0,0,0,0,0,0,0,0,0,0,0,0,PT170,1105,,
050026,050026,050026,"Lgo de São Domingos",,,38.7019514478743,-9.34105575084686,,,0,,0,0,0,0,0,0,0,0,0,0,0,0,0,0,PT170,1105,,
050027,050027,050027,"R do Zambujal 233",,,38.7034658482298,-9.34274822473526,,,0,,0,0,0,0,0,0,0,0,0,0,0,0,0,0,PT170,1105,,
050028,050028,050028,"R do Zambujal 201A",,,38.7034843303263,-9.34303522109985,,,0,,0,0,0,0,0,0,0,0,0,0,0,0,0,0,PT170,1105,,
050029,050029,050029,"R do Zambujal 662",,,38.70322954001995,-9.346092824415358,,,0,,0,0,0,0,0,0,0,0,0,0,0,0,0,0,PT170,1105,,
050030,050030,050030,"R do Zambujal 169",,,38.7035422073677,-9.34600383974612,,,0,,0,0,0,0,0,0,0,0,0,0,0,0,0,0,PT170,1105,,
050031,050031,050031,"Av 25 de Abril 12 (Rotunda)",,,38.7016478134319,-9.34637943282723,,,0,,0,0,0,0,0,0,0,0,0,0,0,0,0,0,PT170,1105,,
050032,050032,050032,"Av 25 de Abril 1 (Rotunda)",,,38.7016693549231,-9.3460479285568,,,0,,0,0,0,0,0,0,0,0,0,0,0,0,0,0,PT170,1105,,
050033,050033,050033,"Av 25 de Abril 304",,,38.6994904791936,-9.34907312504947,,,0,,0,0,0,0,0,0,0,0,0,0,0,0,0,0,PT170,1105,,
050034,050034,050034,"Av 25 de Abril 804 (Depósito Gás)",,,38.6993343243375,-9.34914462268353,,,0,,0,0,0,0,0,0,0,0,0,0,0,0,0,0,PT170,1105,,
050035,050035,050035,"Av Bombeiros Voluntários 25",,,38.69826965177523,-9.351843763142824,,,0,,0,0,0,0,0,0,0,0,0,0,0,0,0,0,PT170,1105,,
050036,050036,050036,"EN6 6214 A",,,38.70064,-9.386693,,,0,,0,0,0,0,0,0,0,0,0,0,0,0,0,0,PT170,1105,,
050037,050037,050037,"Av Bombeiros Voluntários 238",,,38.6944994749501,-9.3535565212369,,,0,,0,0,0,0,0,0,0,0,0,0,0,0,0,0,PT170,1105,,
050038,050038,050038,"Av Bombeiros Voluntários 238",,,38.6945571005344,-9.35349038802087,,,0,,0,0,0,0,0,0,0,0,0,0,0,0,0,0,PT170,1105,,
050039,050039,050039,"R José Elias Garcia 37",,,38.6922976747155,-9.35415146872401,,,0,,0,0,0,0,0,0,0,0,0,0,0,0,0,0,PT170,1105,,
050040,050040,050040,"R José Elias Garcia 37",,,38.6922938609496,-9.35410176403821,,,0,,0,0,0,0,0,0,0,0,0,0,0,0,0,0,PT170,1105,,
050041,050041,050041,"R José Relvas 146B",,,38.690248127366026,-9.354039067402482,,,0,,0,0,0,0,0,0,0,0,0,0,0,0,0,0,PT170,1105,,
050042,050042,050042,"Av Marginal 23",,,38.7005,-9.387807,,,0,,0,0,0,0,0,0,0,0,0,0,0,0,0,0,PT170,1105,,
050043,050043,050043,"Pça 5 de Outubro (Estação da Parede)",,,38.69075686823802,-9.356605354696512,,,0,,0,0,0,0,0,0,0,0,0,0,0,0,0,0,PT170,1105,,
050044,050044,050044,"Av Jardim",,,38.695971,-9.367414,,,0,,0,0,0,0,0,0,0,0,0,0,0,0,0,0,PT170,1105,,
050045,050045,050045,"Parede (Estação)",,,38.689777,-9.356804,,,0,,0,0,0,0,0,0,0,0,0,0,0,0,0,0,PT170,1105,,
050046,050046,050046,"Parede Terminal Rodoviário",,,38.69181958251246,-9.359241127967834,,,0,,0,0,0,0,0,0,0,0,0,0,0,0,0,0,PT170,1105,,
050047,050047,050047,"Av República 1400 (Estação Parede)",,,38.69043160523112,-9.356256248429418,,,0,,0,0,0,0,0,0,0,0,0,0,0,0,0,0,PT170,1105,,
050048,050048,050048,"Av General Eduardo Galhardo 323 B",,,38.687643,-9.351115,,,0,,0,0,0,0,0,0,0,0,0,0,0,0,0,0,PT170,1105,,
050049,050049,050049,"Av República 1153",,,38.6897479416803,-9.35366942547262,,,0,,0,0,0,0,0,0,0,0,0,0,0,0,0,0,PT170,1105,,
050050,050050,050050,"Carcavelos (Estação)",,,38.687473,-9.336369,,,0,,0,0,0,0,0,0,0,0,0,0,0,0,0,0,PT170,1105,,
050051,050051,050051,"R Machado dos Santos 514",,,38.6903858464211,-9.35176145285368,,,0,,0,0,0,0,0,0,0,0,0,0,0,0,0,0,PT170,1105,,
050052,050052,050052,"Av Jardim",,,38.69584,-9.367529,,,0,,0,0,0,0,0,0,0,0,0,0,0,0,0,0,PT170,1105,,
050053,050053,050053,"Av Bombeiros Voluntários 505",,,38.6974597955123,-9.3532750569284,,,0,,0,0,0,0,0,0,0,0,0,0,0,0,0,0,PT170,1105,,
050055,050055,050055,"Av D F Sá Carneiro 858 (Escola)",,,38.69946916320581,-9.336162395775318,,,0,,0,0,0,0,0,0,0,0,0,0,0,0,0,0,PT170,1105,,
050057,050057,050057,"Av Gonçalves Zarco 245",,,38.6981656774879,-9.32675748132169,,,0,,0,0,0,0,0,0,0,0,0,0,0,0,0,0,PT170,1105,,
050059,050059,050059,"Av Gonçalves Zarco 472A",,,38.6996359890327,-9.32539793662727,,,0,,0,0,0,0,0,0,0,0,0,0,0,0,0,0,PT170,1105,,
050061,050061,050061,"Conceição Abóboda (Rotunda)",,,38.73058,-9.323316,,,0,,0,0,0,0,0,0,0,0,0,0,0,0,0,0,PT170,1105,,
050062,050062,050062,"Conceição Abóboda (Rotunda)",,,38.73071,-9.323281,,,0,,0,0,0,0,0,0,0,0,0,0,0,0,0,0,PT170,1105,,
050063,050063,050063,"Estr M Correia Lopes 322A (Fte Polygr)",,,38.72766,-9.321226,,,0,,0,0,0,0,0,0,0,0,0,0,0,0,0,0,PT170,1105,,
050064,050064,050064,"Estr M Correia Lopes 322A (Fte Polygr)",,,38.727596,-9.321097,,,0,,0,0,0,0,0,0,0,0,0,0,0,0,0,0,PT170,1105,,
050065,050065,050065,"R Carlos Paredes",,,38.72504185089837,-9.322117171792987,,,0,,0,0,0,0,0,0,0,0,0,0,0,0,0,0,PT170,1105,,
050066,050066,050066,"R Carlos Paredes",,,38.725,-9.32199,,,0,,0,0,0,0,0,0,0,0,0,0,0,0,0,0,PT170,1105,,
050067,050067,050067,"Estr de Polima Fte 278",,,38.724563,-9.323777,,,0,,0,0,0,0,0,0,0,0,0,0,0,0,0,0,PT170,1105,,
050068,050068,050068,"Estr de Polima Fte 278",,,38.724467,-9.323639,,,0,,0,0,0,0,0,0,0,0,0,0,0,0,0,0,PT170,1105,,
050069,050069,050069,"Estr de Polima 624 (Progelcone)",,,38.724287,-9.327637,,,0,,0,0,0,0,0,0,0,0,0,0,0,0,0,0,PT170,1105,,
050070,050070,050070,"Estr de Polima 624 (Progelcone)",,,38.724096,-9.328038,,,0,,0,0,0,0,0,0,0,0,0,0,0,0,0,0,PT170,1105,,
050071,050071,050071,"Estr Principal Outeiro 2009",,,38.723599,-9.330427,,,0,,0,0,0,0,0,0,0,0,0,0,0,0,0,0,PT170,1105,,
050072,050072,050072,"Estr Principal Outeiro Fte 3",,,38.724172,-9.330221,,,0,,0,0,0,0,0,0,0,0,0,0,0,0,0,0,PT170,1105,,
050073,050073,050073,"Estr Princ Outeiro Fte Lt A (Spie)",,,38.721601,-9.328866,,,0,,0,0,0,0,0,0,0,0,0,0,0,0,0,0,PT170,1105,,
050074,050074,050074,"Estr Princ Outeiro Fte Lt A (Spie)",,,38.721496,-9.328644,,,0,,0,0,0,0,0,0,0,0,0,0,0,0,0,0,PT170,1105,,
050075,050075,050075,"Estr Principal do Outeiro 1360",,,38.718839,-9.326683,,,0,,0,0,0,0,0,0,0,0,0,0,0,0,0,0,PT170,1105,,
050076,050076,050076,"Estr Principal do Outeiro 1360",,,38.718918,-9.326602,,,0,,0,0,0,0,0,0,0,0,0,0,0,0,0,0,PT170,1105,,
050077,050077,050077,"Estr Princ Outeiro Lt 14 (Lgo)",,,38.717861,-9.324125,,,0,,0,0,0,0,0,0,0,0,0,0,0,0,0,0,PT170,1105,,
050078,050078,050078,"Estr Princ Outeiro Lt 14 (Lgo)",,,38.718157,-9.323597,,,0,,0,0,0,0,0,0,0,0,0,0,0,0,0,0,PT170,1105,,
050079,050079,050079,"Estr Principal do Outeiro Lt 1",,,38.716949,-9.325515,,,0,,0,0,0,0,0,0,0,0,0,0,0,0,0,0,PT170,1105,,
050080,050080,050080,"Estr Principal do Outeiro Lt 1",,,38.716952,-9.325286,,,0,,0,0,0,0,0,0,0,0,0,0,0,0,0,0,PT170,1105,,
050081,050081,050081,"Estr Principal do Outeiro Fte 515",,,38.714792,-9.326802,,,0,,0,0,0,0,0,0,0,0,0,0,0,0,0,0,PT170,1105,,
050082,050082,050082,"Estr Principal do Outeiro Fte 515",,,38.714879,-9.326598,,,0,,0,0,0,0,0,0,0,0,0,0,0,0,0,0,PT170,1105,,
050083,050083,050083,"Estr Prin Out 259 B (St Dominic)",,,38.713243,-9.328239,,,0,,0,0,0,0,0,0,0,0,0,0,0,0,0,0,PT170,1105,,
050084,050084,050084,"Estr Prin Out 259 B (St Dominic)",,,38.713102,-9.328103,,,0,,0,0,0,0,0,0,0,0,0,0,0,0,0,0,PT170,1105,,
050085,050085,050085,"Estr Principal do Outeiro 81",,,38.711964,-9.329619,,,0,,0,0,0,0,0,0,0,0,0,0,0,0,0,0,PT170,1105,,
050086,050086,050086,"Estr Principal do Outeiro 81",,,38.711746,-9.329598,,,0,,0,0,0,0,0,0,0,0,0,0,0,0,0,0,PT170,1105,,
050087,050087,050087,"Estr do Arneiro (Fte Supermercado)",,,38.710008,-9.329389,,,0,,0,0,0,0,0,0,0,0,0,0,0,0,0,0,PT170,1105,,
050088,050088,050088,"Estr do Arneiro (Fte Supermercado)",,,38.710561,-9.329715,,,0,,0,0,0,0,0,0,0,0,0,0,0,0,0,0,PT170,1105,,
050089,050089,050089,"Estr do Arneiro (X) Bairro do Pinhal",,,38.708477,-9.327858,,,0,,0,0,0,0,0,0,0,0,0,0,0,0,0,0,PT170,1105,,
050090,050090,050090,"Estr do Arneiro (X) Bairro do Pinhal",,,38.708528,-9.327638,,,0,,0,0,0,0,0,0,0,0,0,0,0,0,0,0,PT170,1105,,
050091,050091,050091,"Estr do Arneiro (Fte Sociedade)",,,38.705988,-9.325259,,,0,,0,0,0,0,0,0,0,0,0,0,0,0,0,0,PT170,1105,,
050092,050092,050092,"Estr do Arneiro (Fte Sociedade)",,,38.706163,-9.325348,,,0,,0,0,0,0,0,0,0,0,0,0,0,0,0,0,PT170,1105,,
050093,050093,050093,"Estr do Arneiro 63 (Pingo Doce)",,,38.70424,-9.323653,,,0,,0,0,0,0,0,0,0,0,0,0,0,0,0,0,PT170,1105,,
050095,050095,050095,"Av Gonçalves Zarco 812 (Mosteiro)",,,38.70264,-9.324747,,,0,,0,0,0,0,0,0,0,0,0,0,0,0,0,0,PT170,1105,,
050096,050096,050096,"Av Gonçalves Zarco 812 (Mosteiro)",,,38.702801,-9.324582,,,0,,0,0,0,0,0,0,0,0,0,0,0,0,0,0,PT170,1105,,
050097,050097,050097,"R da Mina (X) Arneiro (Qta Agronómica)",,,38.703567,-9.323536,,,0,,0,0,0,0,0,0,0,0,0,0,0,0,0,0,PT170,1105,,
050099,050099,050099,"Estr Principal do Arneiro (Pingo Doce)",,,38.705157,-9.324157,,,0,,0,0,0,0,0,0,0,0,0,0,0,0,0,0,PT170,1105,,
050101,050101,050101,"Estr de Talaíde (Ponte)",,,38.73406,-9.319547,,,0,,0,0,0,0,0,0,0,0,0,0,0,0,0,0,PT170,1105,,
050102,050102,050102,"Estr de Talaíde (Ponte)",,,38.734178,-9.319564,,,0,,0,0,0,0,0,0,0,0,0,0,0,0,0,0,PT170,1105,,
050103,050103,050103,"Estr de Talaíde Zona Industrial",,,38.733327,-9.31714,,,0,,0,0,0,0,0,0,0,0,0,0,0,0,0,0,PT170,1105,,
050104,050104,050104,"Estr de Talaíde Fte Zona Industrial",,,38.733453,-9.317116,,,0,,0,0,0,0,0,0,0,0,0,0,0,0,0,0,PT170,1105,,
050106,050106,050106,"Talaíde (Igreja)",,,38.737693980837,-9.313049465417862,,,0,,0,0,0,0,0,0,0,0,0,0,0,0,0,0,PT170,1105,,
050107,050107,050107,"Talaíde (Igreja)",,,38.73778900221847,-9.313223557546737,,,0,,0,0,0,0,0,0,0,0,0,0,0,0,0,0,PT170,1105,,
050109,050109,050109,"Estr Talaíde 2 (Chafariz)",,,38.7367045786232,-9.31033079512417,,,0,,0,0,0,0,0,0,0,0,0,0,0,0,0,0,PT170,1105,,
050110,050110,050110,"Estr Talaíde 2 (Chafariz)",,,38.7365959910676,-9.31013977155089,,,0,,0,0,0,0,0,0,0,0,0,0,0,0,0,0,PT170,1105,,
050111,050111,050111,"R Antas 12",,,38.7400140054524,-9.31396250613034,,,0,,0,0,0,0,0,0,0,0,0,0,0,0,0,0,PT170,1105,,
050113,050113,050113,"Talaíde (Campo Futebol)",,,38.739663979051066,-9.3146862834692,,,0,,0,0,0,0,0,0,0,0,0,0,0,0,0,0,PT170,1105,,
050114,050114,050114,"Talaíde (Campo Futebol)",,,38.739738,-9.314555,,,0,,0,0,0,0,0,0,0,0,0,0,0,0,0,0,PT170,1105,,
050115,050115,050115,"EN 249 (X) R do Fojo",,,38.744386,-9.341795,,,0,,0,0,0,0,0,0,0,0,0,0,0,0,0,0,PT170,1105,,
050116,050116,050116,"EN 249 (X) R do Fojo",,,38.744236,-9.341643,,,0,,0,0,0,0,0,0,0,0,0,0,0,0,0,0,PT170,1105,,
050117,050117,050117,"EN 249 (Posto Abast)",,,38.741706,-9.341377,,,0,,0,0,0,0,0,0,0,0,0,0,0,0,0,0,PT170,1105,,
050118,050118,050118,"EN 249 (Posto Abast)",,,38.742066,-9.341307,,,0,,0,0,0,0,0,0,0,0,0,0,0,0,0,0,PT170,1105,,
050119,050119,050119,"EN 249 (Lgo)",,,38.736995,-9.339364,,,0,,0,0,0,0,0,0,0,0,0,0,0,0,0,0,PT170,1105,,
050120,050120,050120,"EN 249 (Chafariz)",,,38.73703978078,-9.339174265041947,,,0,,0,0,0,0,0,0,0,0,0,0,0,0,0,0,PT170,1105,,
050121,050121,050121,"EN 249-2 59",,,38.7337418273091,-9.3384774774313,,,0,,0,0,0,0,0,0,0,0,0,0,0,0,0,0,PT170,1105,,
050122,050122,050122,"EN 249-2 59",,,38.733754,-9.338375,,,0,,0,0,0,0,0,0,0,0,0,0,0,0,0,0,PT170,1105,,
050123,050123,050123,"EN 249-4 6",,,38.73045614572023,-9.336594063788652,,,0,,0,0,0,0,0,0,0,0,0,0,0,0,0,0,PT170,1105,,
050124,050124,050124,"EN 249-2 12",,,38.730842,-9.336681,,,0,,0,0,0,0,0,0,0,0,0,0,0,0,0,0,PT170,1105,,
050125,050125,050125,"EN 249 1",,,38.7271279840756,-9.334621131420135,,,0,,0,0,0,0,0,0,0,0,0,0,0,0,0,0,PT170,1105,,
050126,050126,050126,"EN 249 1",,,38.7274901010096,-9.33467351831496,,,0,,0,0,0,0,0,0,0,0,0,0,0,0,0,0,PT170,1105,,
050127,050127,050127,"Abóboda",,,38.7254532985389,-9.33384287171066,,,0,,0,0,0,0,0,0,0,0,0,0,0,0,0,0,PT170,1105,,
050128,050128,050128,"Abóboda",,,38.7247555050999,-9.33392954058945,,,0,,0,0,0,0,0,0,0,0,0,0,0,0,0,0,PT170,1105,,
050129,050129,050129,"EN 249-4 Km 7 4",,,38.723367084749,-9.33621972799301,,,0,,0,0,0,0,0,0,0,0,0,0,0,0,0,0,PT170,1105,,
050130,050130,050130,"EN 249-4 Km 7 4",,,38.7233282765374,-9.33610389009118,,,0,,0,0,0,0,0,0,0,0,0,0,0,0,0,0,PT170,1105,,
050131,050131,050131,"EN 249-4 Km 7 4",,,38.721663027420114,-9.33821076527238,,,0,,0,0,0,0,0,0,0,0,0,0,0,0,0,0,PT170,1105,,
050132,050132,050132,"EN 249-4 Km 7 4",,,38.7215225212276,-9.33827069588006,,,0,,0,0,0,0,0,0,0,0,0,0,0,0,0,0,PT170,1105,,
050133,050133,050133,"EN 249-4 (X) R Principal",,,38.7193770892918,-9.33944617398083,,,0,,0,0,0,0,0,0,0,0,0,0,0,0,0,0,PT170,1105,,
050134,050134,050134,"EN 249-4 (X) R Principal",,,38.7197693623602,-9.33932145126164,,,0,,0,0,0,0,0,0,0,0,0,0,0,0,0,0,PT170,1105,,
050135,050135,050135,"R de Zambeze (Vivenda Marques)",,,38.714839,-9.339168,,,0,,0,0,0,0,0,0,0,0,0,0,0,0,0,0,PT170,1105,,
050137,050137,050137,"EN 249 (Cemitério S Domingos de Rana)",,,38.712337128818,-9.33913202024996,,,0,,0,0,0,0,0,0,0,0,0,0,0,0,0,0,PT170,1105,,
050139,050139,050139,"Estr de São Domingos (Fte Brisa)",,,38.710008,-9.338789,,,0,,0,0,0,0,0,0,0,0,0,0,0,0,0,0,PT170,1105,,
050141,050141,050141,"Lgo de São Domingos de Rana (Igreja)",,,38.702169983292514,-9.34083228930831,,,0,,0,0,0,0,0,0,0,0,0,0,0,0,0,0,PT170,1105,,
050143,050143,050143,"Estr da Rebelva 961",,,38.698829,-9.341353,,,0,,0,0,0,0,0,0,0,0,0,0,0,0,0,0,PT170,1105,,
050145,050145,050145,"Estr da Rebelva 629",,,38.695806980705456,-9.34176920122338,,,0,,0,0,0,0,0,0,0,0,0,0,0,0,0,0,PT170,1105,,
050146,050146,050146,"Estr da Rebelva 629",,,38.695812,-9.341524,,,0,,0,0,0,0,0,0,0,0,0,0,0,0,0,0,PT170,1105,,
050147,050147,050147,"Estr da Rebelva 199",,,38.692,-9.341709,,,0,,0,0,0,0,0,0,0,0,0,0,0,0,0,0,PT170,1105,,
050149,050149,050149,"Av República 960",,,38.690264,-9.339357,,,0,,0,0,0,0,0,0,0,0,0,0,0,0,0,0,PT170,1105,,
050150,050150,050150,"Av República 960",,,38.690403,-9.339234,,,0,,0,0,0,0,0,0,0,0,0,0,0,0,0,0,PT170,1105,,
050151,050151,050151,"R Dr José Joaquim de Almeida 4",,,38.690235,-9.335218,,,0,,0,0,0,0,0,0,0,0,0,0,0,0,0,0,PT170,1105,,
050152,050152,050152,"R Dr José Joaquim de Almeida 4",,,38.690299,-9.335391,,,0,,0,0,0,0,0,0,0,0,0,0,0,0,0,0,PT170,1105,,
050153,050153,050153,"R Dr José Joaquim de Almeida 23",,,38.69048232744648,-9.33390224479199,,,0,,0,0,0,0,0,0,0,0,0,0,0,0,0,0,PT170,1105,,
050155,050155,050155,"Estr Rebelva (Qta do Lameiro)",,,38.690664,-9.341403,,,0,,0,0,0,0,0,0,0,0,0,0,0,0,0,0,PT170,1105,,
050157,050157,050157,"R Frei Armando Câmara (Supermercado)",,,38.692033,-9.341373,,,0,,0,0,0,0,0,0,0,0,0,0,0,0,0,0,PT170,1105,,
050159,050159,050159,"Estr da Rebelva Fte 893",,,38.698076,-9.341392,,,0,,0,0,0,0,0,0,0,0,0,0,0,0,0,0,PT170,1105,,
050161,050161,050161,"Estr da Rebelva Fte 1081A",,,38.699702,-9.341054,,,0,,0,0,0,0,0,0,0,0,0,0,0,0,0,0,PT170,1105,,
050163,050163,050163,"Lgo de São Domingos de Rana (Igreja)",,,38.7027816753834,-9.34076800011098,,,0,,0,0,0,0,0,0,0,0,0,0,0,0,0,0,PT170,1105,,
050165,050165,050165,"Estr de São Domingos (Brisa)",,,38.7104579480365,-9.33850698173046,,,0,,0,0,0,0,0,0,0,0,0,0,0,0,0,0,PT170,1105,,
050167,050167,050167,"EN 247 (Supermercado)",,,38.711413484998,-9.33818369172513,,,0,,0,0,0,0,0,0,0,0,0,0,0,0,0,0,PT170,1105,,
050169,050169,050169,"EN 249 (Cemitério S Domingos de Rana)",,,38.7128831259906,-9.33895021677017,,,0,,0,0,0,0,0,0,0,0,0,0,0,0,0,0,PT170,1105,,
050171,050171,050171,"EN 249 (Sociedade)",,,38.73839899273936,-9.33964541181922,,,0,,0,0,0,0,0,0,0,0,0,0,0,0,0,0,PT170,1105,,
050172,050172,050172,"EN 249 391",,,38.738314,-9.339761,,,0,,0,0,0,0,0,0,0,0,0,0,0,0,0,0,PT170,1105,,
050173,050173,050173,"Av Francisco Sá Carneiro 17",,,38.697740631178,-9.33028601109982,,,0,,0,0,0,0,0,0,0,0,0,0,0,0,0,0,PT170,1105,,
050175,050175,050175,"Rotunda de Sassoeiros 19",,,38.6974516231567,-9.32965158484876,,,0,,0,0,0,0,0,0,0,0,0,0,0,0,0,0,PT170,1105,,
050177,050177,050177,"Estr Octávio Pato (C Empres Talaíde)",,,38.74263472990121,-9.316113440475473,,,0,,0,0,0,0,0,0,0,0,0,0,0,0,0,0,PT170,1105,,
050178,050178,050178,"Estr Octávio Pato (C Empres Talaíde)",,,38.742388916072045,-9.315985802412037,,,0,,0,0,0,0,0,0,0,0,0,0,0,0,0,0,PT170,1105,,
050179,050179,050179,"Bº Cruz Vermelha",,,38.744854091964,-9.391847752149593,,,0,,0,0,0,0,0,0,0,0,0,0,0,0,0,0,PT170,1105,,
050180,050180,050180,"Bº Cruz Vermelha",,,38.74428238217919,-9.392222990488888,,,0,,0,0,0,0,0,0,0,0,0,0,0,0,0,0,PT170,1105,,
050181,050181,050181,"Av Alfredo César Torres (Rotunda)",,,38.755308,-9.388497,,,0,,0,0,0,0,0,0,0,0,0,0,0,0,0,0,PT170,1105,,
050183,050183,050183,"Alcabideche (GNR)",,,38.729915,-9.410958,,,0,,0,0,0,0,0,0,0,0,0,0,0,0,0,0,PT170,1105,,
050184,050184,050184,"R de Cascais 392 (Fte GNR)",,,38.729833,-9.411093,,,0,,0,0,0,0,0,0,0,0,0,0,0,0,0,0,PT170,1105,,
050185,050185,050185,"R João Pires Correia 153",,,38.731581,-9.408529,,,0,,0,0,0,0,0,0,0,0,0,0,0,0,0,0,PT170,1105,,
050186,050186,050186,"R João Pires Correia 29",,,38.731581,-9.408672,,,0,,0,0,0,0,0,0,0,0,0,0,0,0,0,0,PT170,1105,,
050189,050189,050189,"R Conde Barão (Escola)",,,38.731319,-9.402998,,,0,,0,0,0,0,0,0,0,0,0,0,0,0,0,0,PT170,1105,,
050190,050190,050190,"R Conde Barão (Escola)",,,38.731322,-9.403386,,,0,,0,0,0,0,0,0,0,0,0,0,0,0,0,0,PT170,1105,,
050191,050191,050191,"R Conde Barão (Hospital)",,,38.732035,-9.400329,,,0,,0,0,0,0,0,0,0,0,0,0,0,0,0,0,PT170,1105,,
050192,050192,050192,"R Conde Barão (Hospital)",,,38.732079,-9.40089,,,0,,0,0,0,0,0,0,0,0,0,0,0,0,0,0,PT170,1105,,
050193,050193,050193,"R Conde Barão 55",,,38.7331,-9.397688,,,0,,0,0,0,0,0,0,0,0,0,0,0,0,0,0,PT170,1105,,
050194,050194,050194,"R Conde Barão 24A",,,38.733209,-9.397738,,,0,,0,0,0,0,0,0,0,0,0,0,0,0,0,0,PT170,1105,,
050195,050195,050195,"Av República (Supermercado)",,,38.735093,-9.396454,,,0,,0,0,0,0,0,0,0,0,0,0,0,0,0,0,PT170,1105,,
050196,050196,050196,"Av República (Supermercado)",,,38.735169,-9.39656,,,0,,0,0,0,0,0,0,0,0,0,0,0,0,0,0,PT170,1105,,
050197,050197,050197,"Cascaishopping (Terminal)",,,38.737747,-9.394915,,,0,,0,0,0,0,0,0,0,0,0,0,0,0,0,0,PT170,1105,,
050199,050199,050199,"R das Fisgas (X) R de São Francisco",,,38.739853,-9.392465,,,0,,0,0,0,0,0,0,0,0,0,0,0,0,0,0,PT170,1105,,
050200,050200,050200,"R Fisgas 661",,,38.739985,-9.39275,,,0,,0,0,0,0,0,0,0,0,0,0,0,0,0,0,PT170,1105,,
050201,050201,050201,"R das Fisgas (Fte Hiper Cascais)",,,38.741936,-9.393307,,,0,,0,0,0,0,0,0,0,0,0,0,0,0,0,0,PT170,1105,,
050202,050202,050202,"R das Fisgas (Fte Hiper Cascais)",,,38.7421067096148,-9.393392493347854,,,0,,0,0,0,0,0,0,0,0,0,0,0,0,0,0,PT170,1105,,
050203,050203,050203,"Cascaishopping (Terminal)",,,38.737645,-9.395465,,,0,,0,0,0,0,0,0,0,0,0,0,0,0,0,0,PT170,1105,,
050207,050207,050207,"R Henrique Seixas 203",,,38.70344709317659,-9.418296,,,0,,0,0,0,0,0,0,0,0,0,0,0,0,0,0,PT170,1105,,
050209,050209,050209,"Av Sintra 546",,,38.705942,-9.41794,,,0,,0,0,0,0,0,0,0,0,0,0,0,0,0,0,PT170,1105,,
050210,050210,050210,"Av Sintra 546",,,38.705109,-9.417903,,,0,,0,0,0,0,0,0,0,0,0,0,0,0,0,0,PT170,1105,,
050211,050211,050211,"R de Alvide 224 (Farmácia)",,,38.709037,-9.420112,,,0,,0,0,0,0,0,0,0,0,0,0,0,0,0,0,PT170,1105,,
050213,050213,050213,"R das Fontaínhas 142",,,38.709841,-9.421967,,,0,,0,0,0,0,0,0,0,0,0,0,0,0,0,0,PT170,1105,,
050214,050214,050214,"R das Fontaínhas 119A",,,38.709838,-9.422122,,,0,,0,0,0,0,0,0,0,0,0,0,0,0,0,0,PT170,1105,,
050215,050215,050215,"R das Fontaínhas Lt 170",,,38.711285,-9.422454,,,0,,0,0,0,0,0,0,0,0,0,0,0,0,0,0,PT170,1105,,
050216,050216,050216,"R das Fontaínhas Lt 170",,,38.711062,-9.42239,,,0,,0,0,0,0,0,0,0,0,0,0,0,0,0,0,PT170,1105,,
050217,050217,050217,"R Capitão Rei Vilar Fte 137",,,38.712457,-9.423934,,,0,,0,0,0,0,0,0,0,0,0,0,0,0,0,0,PT170,1105,,
050218,050218,050218,"R Capitão Rei Vilar Fte 137",,,38.712155,-9.423898,,,0,,0,0,0,0,0,0,0,0,0,0,0,0,0,0,PT170,1105,,
050219,050219,050219,"R Capitão Rei Vilar 359",,,38.714283,-9.424508,,,0,,0,0,0,0,0,0,0,0,0,0,0,0,0,0,PT170,1105,,
050220,050220,050220,"R Capitão Rei Vilar 359",,,38.714268,-9.424617,,,0,,0,0,0,0,0,0,0,0,0,0,0,0,0,0,PT170,1105,,
050221,050221,050221,"Estr de Alvide (Lgo)",,,38.71583,-9.424083,,,0,,0,0,0,0,0,0,0,0,0,0,0,0,0,0,PT170,1105,,
050222,050222,050222,"Estr de Alvide (Lgo)",,,38.715569,-9.424173,,,0,,0,0,0,0,0,0,0,0,0,0,0,0,0,0,PT170,1105,,
050223,050223,050223,"R das Padarias Fte Escola",,,38.717691,-9.423967,,,0,,0,0,0,0,0,0,0,0,0,0,0,0,0,0,PT170,1105,,
050225,050225,050225,"Estr das Tojas Lt 101",,,38.719238,-9.424115,,,0,,0,0,0,0,0,0,0,0,0,0,0,0,0,0,PT170,1105,,
050226,050226,050226,"Estr das Tojas Lt 101",,,38.719319,-9.424262,,,0,,0,0,0,0,0,0,0,0,0,0,0,0,0,0,PT170,1105,,
050227,050227,050227,"Estr das Tojas Fte 2",,,38.721793,-9.424619,,,0,,0,0,0,0,0,0,0,0,0,0,0,0,0,0,PT170,1105,,
050228,050228,050228,"Estr das Tojas 425",,,38.721951,-9.424667,,,0,,0,0,0,0,0,0,0,0,0,0,0,0,0,0,PT170,1105,,
050229,050229,050229,"Estr das Tojas 548",,,38.723148,-9.424072,,,0,,0,0,0,0,0,0,0,0,0,0,0,0,0,0,PT170,1105,,
050230,050230,050230,"Estr das Tojas Fte 520",,,38.722936,-9.424224,,,0,,0,0,0,0,0,0,0,0,0,0,0,0,0,0,PT170,1105,,
050231,050231,050231,"R das Tojas (Restaurante)",,,38.724133,-9.424937,,,0,,0,0,0,0,0,0,0,0,0,0,0,0,0,0,PT170,1105,,
050232,050232,050232,"R das Tojas (Restaurante)",,,38.724032,-9.425046,,,0,,0,0,0,0,0,0,0,0,0,0,0,0,0,0,PT170,1105,,
050233,050233,050233,"Hospital de Cascais",,,38.728889,-9.418442,,,0,,0,0,0,0,0,0,0,0,0,0,0,0,0,0,PT170,1105,,
050239,050239,050239,"R de Cascais (Lgo)",,,38.7326,-9.4102,,,0,,0,0,0,0,0,0,0,0,0,0,0,0,0,0,PT170,1105,,
050241,050241,050241,"R das Padarias 83A (Panisol)",,,38.717124,-9.424019,,,0,,0,0,0,0,0,0,0,0,0,0,0,0,0,0,PT170,1105,,
050243,050243,050243,"R Manuel Correia (Fte Minimercado)",,,38.708245,-9.421907,,,0,,0,0,0,0,0,0,0,0,0,0,0,0,0,0,PT170,1105,,
050245,050245,050245,"R de Alvide 49",,,38.707676,-9.418996,,,0,,0,0,0,0,0,0,0,0,0,0,0,0,0,0,PT170,1105,,
050247,050247,050247,"Av Sintra Fte Jumbo",,,38.702197,-9.417862,,,0,,0,0,0,0,0,0,0,0,0,0,0,0,0,0,PT170,1105,,
050249,050249,050249,"Av D Pedro I (Mercado)",,,38.7020504800603,-9.42097753286362,,,0,,0,0,0,0,0,0,0,0,0,0,0,0,0,0,PT170,1105,,
050251,050251,050251,"Av Eng Adelino Amaro Costa (Cidadela)",,,38.70098,-9.425793,,,0,,0,0,0,0,0,0,0,0,0,0,0,0,0,0,PT170,1105,,
050253,050253,050253,"Av Eng Adelino Amaro Costa 310",,,38.7026578746736,-9.42785622552037,,,0,,0,0,0,0,0,0,0,0,0,0,0,0,0,0,PT170,1105,,
050255,050255,050255,"Av Eng Adelino Amaro Costa 1A",,,38.703851,-9.429239,,,0,,0,0,0,0,0,0,0,0,0,0,0,0,0,0,PT170,1105,,
050257,050257,050257,"Av Eng Adelino Amaro Costa (Bombeiros)",,,38.70628,-9.432528,,,0,,0,0,0,0,0,0,0,0,0,0,0,0,0,0,PT170,1105,,
050258,050258,050258,"Av Eng Adelino Amaro Costa (Bombeiros)",,,38.7055671913549,-9.43200962617993,,,0,,0,0,0,0,0,0,0,0,0,0,0,0,0,0,PT170,1105,,
050259,050259,050259,"Av Eng Adelino Amaro Costa 1156",,,38.7082559382543,-9.43427374586463,,,0,,0,0,0,0,0,0,0,0,0,0,0,0,0,0,PT170,1105,,
050260,050260,050260,"Av Eng Adelino Amaro Costa 1141",,,38.708199,-9.434363,,,0,,0,0,0,0,0,0,0,0,0,0,0,0,0,0,PT170,1105,,
050261,050261,050261,"Av Eng Adelino Amaro Costa (Barraca Pau)",,,38.7097109109163,-9.43555072881281,,,0,,0,0,0,0,0,0,0,0,0,0,0,0,0,0,PT170,1105,,
050262,050262,050262,"Av Eng Adelino Amaro Costa (Barraca Pau)",,,38.709646,-9.435606,,,0,,0,0,0,0,0,0,0,0,0,0,0,0,0,0,PT170,1105,,
050263,050263,050263,"Av Eng Adelino Amaro D Costa (X) Cobre",,,38.7108580581844,-9.43649277091026,,,0,,0,0,0,0,0,0,0,0,0,0,0,0,0,0,PT170,1105,,
050265,050265,050265,"Av Eng Adel Amaro Costa (Suave Milagre)",,,38.7135055661201,-9.43829253315926,,,0,,0,0,0,0,0,0,0,0,0,0,0,0,0,0,PT170,1105,,
050266,050266,050266,"Av Eng Adelino Amaro Costa 1855",,,38.713484,-9.438389,,,0,,0,0,0,0,0,0,0,0,0,0,0,0,0,0,PT170,1105,,
050267,050267,050267,"R de Birre",,,38.71663421719085,-9.439973085576252,,,0,,0,0,0,0,0,0,0,0,0,0,0,0,0,0,PT170,1105,,
050269,050269,050269,"Estr da Malveira Serra (Supermercado)",,,38.718673,-9.441229,,,0,,0,0,0,0,0,0,0,0,0,0,0,0,0,0,PT170,1105,,
050270,050270,050270,"Estr Malveira da Serra (Supermercado)",,,38.719474,-9.441552,,,0,,0,0,0,0,0,0,0,0,0,0,0,0,0,0,PT170,1105,,
050271,050271,050271,"Estr Malveira da Serra 900",,,38.7235078588128,-9.44248574785888,,,0,,0,0,0,0,0,0,0,0,0,0,0,0,0,0,PT170,1105,,
050272,050272,050272,"Estr Malveira da Serra 900",,,38.723485940136,-9.44252572953701,,,0,,0,0,0,0,0,0,0,0,0,0,0,0,0,0,PT170,1105,,
050273,050273,050273,"Estr da Malveira da Serra (Rotunda)",,,38.7263442948461,-9.44350607693195,,,0,,0,0,0,0,0,0,0,0,0,0,0,0,0,0,PT170,1105,,
050275,050275,050275,"Estr da Malveira da Serra 492",,,38.7289730273187,-9.44431811571121,,,0,,0,0,0,0,0,0,0,0,0,0,0,0,0,0,PT170,1105,,
050276,050276,050276,"Estr da Malveira da Serra 1492",,,38.7289313273504,-9.44439011625946,,,0,,0,0,0,0,0,0,0,0,0,0,0,0,0,0,PT170,1105,,
050277,050277,050277,"Estr Malveira Serra (X) Aldeia do Juso",,,38.7303101923317,-9.44489571265876,,,0,,0,0,0,0,0,0,0,0,0,0,0,0,0,0,PT170,1105,,
050279,050279,050279,"Estr Malveira (X) Qta Caeira (Charneca)",,,38.7343444861472,-9.44754120893776,,,0,,0,0,0,0,0,0,0,0,0,0,0,0,0,0,PT170,1105,,
050281,050281,050281,"Estr da Malveira da Serra (X) R dos Oceanos",,,38.7373136496171,-9.44872456602752,,,0,,0,0,0,0,0,0,0,0,0,0,0,0,0,0,PT170,1105,,
050282,050282,050282,"Estr da Malveira da Serra (X) Estr da Boa Vista",,,38.737206,-9.448783,,,0,,0,0,0,0,0,0,0,0,0,0,0,0,0,0,PT170,1105,,
050283,050283,050283,"Alcorvim de Baixo",,,38.7411887291819,-9.45122958160937,,,0,,0,0,0,0,0,0,0,0,0,0,0,0,0,0,PT170,1105,,
050284,050284,050284,"R de Cascais Fte 3052",,,38.741371,-9.451486,,,0,,0,0,0,0,0,0,0,0,0,0,0,0,0,0,PT170,1105,,
050285,050285,050285,"Alcorvim de Cima",,,38.7485218467191,-9.44924156181514,,,0,,0,0,0,0,0,0,0,0,0,0,0,0,0,0,PT170,1105,,
050286,050286,050286,"R de Cascais 542 (entre Montes)",,,38.748231,-9.449455,,,0,,0,0,0,0,0,0,0,0,0,0,0,0,0,0,PT170,1105,,
050287,050287,050287,"R de Cascais 210",,,38.751596622169,-9.44881089963019,,,0,,0,0,0,0,0,0,0,0,0,0,0,0,0,0,PT170,1105,,
050288,050288,050288,"R de Cascais 542 (entre Montes)",,,38.7516,-9.448897,,,0,,0,0,0,0,0,0,0,0,0,0,0,0,0,0,PT170,1105,,
050289,050289,050289,"EN 247 (Chafariz)",,,38.7528749881312,-9.45259398780763,,,0,,0,0,0,0,0,0,0,0,0,0,0,0,0,0,PT170,1105,,
050290,050290,050290,"EN 247 (Chafariz)",,,38.752809,-9.452664,,,0,,0,0,0,0,0,0,0,0,0,0,0,0,0,0,PT170,1105,,
050291,050291,050291,"EN 247 572 (Almoinhas Velhas)",,,38.7522984389216,-9.45612830109894,,,0,,0,0,0,0,0,0,0,0,0,0,0,0,0,0,PT170,1105,,
050292,050292,050292,"EN 247 (Almoinhas Velhas)",,,38.7522789090872,-9.45629585534334,,,0,,0,0,0,0,0,0,0,0,0,0,0,0,0,0,PT170,1105,,
050293,050293,050293,"Estr do Cabo Km 65",,,38.7579523259774,-9.46223837323487,,,0,,0,0,0,0,0,0,0,0,0,0,0,0,0,0,PT170,1105,,
050294,050294,050294,"Estr do Cabo Km 65",,,38.757882,-9.462288,,,0,,0,0,0,0,0,0,0,0,0,0,0,0,0,0,PT170,1105,,
050295,050295,050295,"Estr do Cabo km 90",,,38.7603755341843,-9.46512317284942,,,0,,0,0,0,0,0,0,0,0,0,0,0,0,0,0,PT170,1105,,
050296,050296,050296,"Estr do Cabo km 90",,,38.760429,-9.465184,,,0,,0,0,0,0,0,0,0,0,0,0,0,0,0,0,PT170,1105,,
050297,050297,050297,"Estr do Cabo (X) Biscaia",,,38.762317369692,-9.468740131706,,,0,,0,0,0,0,0,0,0,0,0,0,0,0,0,0,PT170,1105,,
050298,050298,050298,"Estr do Cabo (X) Biscaia",,,38.7621076544747,-9.46840141899884,,,0,,0,0,0,0,0,0,0,0,0,0,0,0,0,0,PT170,1105,,
050299,050299,050299,"Estr do Cabo (Quinta dos Netos)",,,38.7644604966044,-9.47088204324245,,,0,,0,0,0,0,0,0,0,0,0,0,0,0,0,0,PT170,1105,,
050300,050300,050300,"Estr do Cabo (Quinta dos Netos)",,,38.764539,-9.471142,,,0,,0,0,0,0,0,0,0,0,0,0,0,0,0,0,PT170,1105,,
050301,050301,050301,"Estr da Malveira da Serra (X) Charneca",,,38.733466,-9.447321,,,0,,0,0,0,0,0,0,0,0,0,0,0,0,0,0,PT170,1105,,
050303,050303,050303,"Estr Malveira da Serra 1715",,,38.7307942891493,-9.44516099989414,,,0,,0,0,0,0,0,0,0,0,0,0,0,0,0,0,PT170,1105,,
050305,050305,050305,"Estr da Malveira da Serra (X) Chesol",,,38.7247497215867,-9.4431946054101,,,0,,0,0,0,0,0,0,0,0,0,0,0,0,0,0,PT170,1105,,
050307,050307,050307,"Av Eng Adelino Amaro Costa 2065",,,38.71647,-9.439976,,,0,,0,0,0,0,0,0,0,0,0,0,0,0,0,0,PT170,1105,,
050309,050309,050309,"Av Eng Adelino Amaro D Costa (X) Cobre",,,38.7115878704935,-9.43727547302842,,,0,,0,0,0,0,0,0,0,0,0,0,0,0,0,0,PT170,1105,,
050311,050311,050311,"R Eng António Castelo Branco",,,38.7042543338612,-9.43108074367046,,,0,,0,0,0,0,0,0,0,0,0,0,0,0,0,0,PT170,1105,,
050313,050313,050313,"R Eng António Castelo Branco 107",,,38.7027402268723,-9.43084479309618,,,0,,0,0,0,0,0,0,0,0,0,0,0,0,0,0,PT170,1105,,
050315,050315,050315,"R Jayme Thompson 309 (Escola)",,,38.7013903213665,-9.42965665832162,,,0,,0,0,0,0,0,0,0,0,0,0,0,0,0,0,PT170,1105,,
050317,050317,050317,"Av 25 de Abril (Hotel Cidadela)",,,38.7003032304347,-9.42574549466372,,,0,,0,0,0,0,0,0,0,0,0,0,0,0,0,0,PT170,1105,,
050319,050319,050319,"Av Marginal (Chaves do Areeiro)",,,38.70087,-9.419495,,,0,,0,0,0,0,0,0,0,0,0,0,0,0,0,0,PT170,1105,,
050321,050321,050321,"Av Sintra 826A",,,38.708794,-9.417863,,,0,,0,0,0,0,0,0,0,0,0,0,0,0,0,0,PT170,1105,,
050322,050322,050322,"Av Sintra 826A",,,38.7082,-9.418139,,,0,,0,0,0,0,0,0,0,0,0,0,0,0,0,0,PT170,1105,,
050323,050323,050323,"Av Sintra (X) Bairro Marechal Carmona",,,38.710483,-9.417824,,,0,,0,0,0,0,0,0,0,0,0,0,0,0,0,0,PT170,1105,,
050324,050324,050324,"Av Sintra (X) Bairro Marechal Carmona",,,38.71034,-9.418143,,,0,,0,0,0,0,0,0,0,0,0,0,0,0,0,0,PT170,1105,,
050325,050325,050325,"Av Sintra - Freiras (Pai do Vento)",,,38.714069,-9.417573,,,0,,0,0,0,0,0,0,0,0,0,0,0,0,0,0,PT170,1105,,
050326,050326,050326,"Av Sintra - Freiras (Pai do Vento)",,,38.71365,-9.417731,,,0,,0,0,0,0,0,0,0,0,0,0,0,0,0,0,PT170,1105,,
050327,050327,050327,"Av Sintra 1658",,,38.716402,-9.417991,,,0,,0,0,0,0,0,0,0,0,0,0,0,0,0,0,PT170,1105,,
050329,050329,050329,"Av Sintra (Fonte Velha)",,,38.7229,-9.41706,,,0,,0,0,0,0,0,0,0,0,0,0,0,0,0,0,PT170,1105,,
050330,050330,050330,"Av Sintra (Fonte Velha)",,,38.722878,-9.417216,,,0,,0,0,0,0,0,0,0,0,0,0,0,0,0,0,PT170,1105,,
050331,050331,050331,"Estr Ribeira Fte 1259 (Mercedes)",,,38.724727,-9.415046,,,0,,0,0,0,0,0,0,0,0,0,0,0,0,0,0,PT170,1105,,
050332,050332,050332,"Estr Ribeira Fte 1259 (Mercedes)",,,38.724718,-9.415407,,,0,,0,0,0,0,0,0,0,0,0,0,0,0,0,0,PT170,1105,,
050333,050333,050333,"Estr da Ribeira 854",,,38.722656,-9.413232,,,0,,0,0,0,0,0,0,0,0,0,0,0,0,0,0,PT170,1105,,
050334,050334,050334,"Estr da Ribeira 854",,,38.722702,-9.413098,,,0,,0,0,0,0,0,0,0,0,0,0,0,0,0,0,PT170,1105,,
050335,050335,050335,"R Carlos Anjos 1378",,,38.722977,-9.411074,,,0,,0,0,0,0,0,0,0,0,0,0,0,0,0,0,PT170,1105,,
050336,050336,050336,"R Carlos Anjos 1378",,,38.722456,-9.411262,,,0,,0,0,0,0,0,0,0,0,0,0,0,0,0,0,PT170,1105,,
050337,050337,050337,"R Carlos Anjos 1770 Fte Cruz Pôpa",,,38.726315,-9.411852,,,0,,0,0,0,0,0,0,0,0,0,0,0,0,0,0,PT170,1105,,
050338,050338,050338,"R Carlos Anjos 1770 Fte Cruz Pôpa",,,38.72618507943266,-9.411938766864786,,,0,,0,0,0,0,0,0,0,0,0,0,0,0,0,0,PT170,1105,,
050339,050339,050339,"R das Fisgas (Baviera)",,,38.737236,-9.389742,,,0,,0,0,0,0,0,0,0,0,0,0,0,0,0,0,PT170,1105,,
050340,050340,050340,"R das Fisgas (Fte Baviera)",,,38.737208,-9.389572,,,0,,0,0,0,0,0,0,0,0,0,0,0,0,0,0,PT170,1105,,
050341,050341,050341,"R das Fisgas (X) Rotunda",,,38.735722,-9.389107,,,0,,0,0,0,0,0,0,0,0,0,0,0,0,0,0,PT170,1105,,
050343,050343,050343,"Av Pedro Álv Cabral (Estab Prisional)",,,38.757054,-9.384407,,,0,,0,0,0,0,0,0,0,0,0,0,0,0,0,0,PT170,1105,,
050345,050345,050345,"Av Sintra (Lgo)",,,38.71935,-9.418227,,,0,,0,0,0,0,0,0,0,0,0,0,0,0,0,0,PT170,1105,,
050347,050347,050347,"Av Sintra Fte 1788",,,38.717312,-9.418183,,,0,,0,0,0,0,0,0,0,0,0,0,0,0,0,0,PT170,1105,,
050351,050351,050351,"R Cesaltina Fialho Gouveia 304",,,38.73516,-9.407734,,,0,,0,0,0,0,0,0,0,0,0,0,0,0,0,0,PT170,1105,,
050352,050352,050352,"R Cesaltina Fialho Gouveia 304",,,38.73537821343145,-9.407576481304377,,,0,,0,0,0,0,0,0,0,0,0,0,0,0,0,0,PT170,1105,,
050353,050353,050353,"R Cesaltina Fialho Gouveia 713",,,38.737742,-9.404148,,,0,,0,0,0,0,0,0,0,0,0,0,0,0,0,0,PT170,1105,,
050354,050354,050354,"R Cesaltina Fialho Gouveia 713",,,38.73775528120346,-9.404297302545483,,,0,,0,0,0,0,0,0,0,0,0,0,0,0,0,0,PT170,1105,,
050355,050355,050355,"Cascaishopping",,,38.73948412182008,-9.399828693865771,,,0,,0,0,0,0,0,0,0,0,0,0,0,0,0,0,PT170,1105,,
050357,050357,050357,"Cascaishopping (Frente)",,,38.74106639962486,-9.398755079669437,,,0,,0,0,0,0,0,0,0,0,0,0,0,0,0,0,PT170,1105,,
050359,050359,050359,"Estoril (Estação)",,,38.70343477079888,-9.398214752018529,,,0,,0,0,0,0,0,0,0,0,0,0,0,0,0,0,PT170,1105,,
050361,050361,050361,"Av Portugal (Hotel Inglaterra)",,,38.70555,-9.395297,,,0,,0,0,0,0,0,0,0,0,0,0,0,0,0,0,PT170,1105,,
050363,050363,050363,"Av Portugal (Feira Artesanato)",,,38.707452,-9.395493,,,0,,0,0,0,0,0,0,0,0,0,0,0,0,0,0,PT170,1105,,
050364,050364,050364,"Av Portugal (Feira Artesanato)",,,38.707446,-9.395623,,,0,,0,0,0,0,0,0,0,0,0,0,0,0,0,0,PT170,1105,,
050365,050365,050365,"Av Portugal Fte PSP",,,38.709075,-9.395669,,,0,,0,0,0,0,0,0,0,0,0,0,0,0,0,0,PT170,1105,,
050366,050366,050366,"Av Portugal Fte PSP",,,38.70903,-9.395744,,,0,,0,0,0,0,0,0,0,0,0,0,0,0,0,0,PT170,1105,,
050367,050367,050367,"Av Portugal 554",,,38.710283,-9.395713,,,0,,0,0,0,0,0,0,0,0,0,0,0,0,0,0,PT170,1105,,
050368,050368,050368,"Av Portugal 5",,,38.710122,-9.395853,,,0,,0,0,0,0,0,0,0,0,0,0,0,0,0,0,PT170,1105,,
050369,050369,050369,"Av Condes Barcelona (Esc Hotelaria)",,,38.714456,-9.390457,,,0,,0,0,0,0,0,0,0,0,0,0,0,0,0,0,PT170,1105,,
050371,050371,050371,"Av D Nuno Álvares Pereira 10",,,38.712996,-9.395912,,,0,,0,0,0,0,0,0,0,0,0,0,0,0,0,0,PT170,1105,,
050372,050372,050372,"Av D Nuno Álvares Pereira 10",,,38.712889,-9.396027,,,0,,0,0,0,0,0,0,0,0,0,0,0,0,0,0,PT170,1105,,
050373,050373,050373,"Av D Nuno Álvares Pereira 23",,,38.711244,-9.398649,,,0,,0,0,0,0,0,0,0,0,0,0,0,0,0,0,PT170,1105,,
050374,050374,050374,"Av D Nuno Álvares Pereira 23",,,38.711088,-9.398641,,,0,,0,0,0,0,0,0,0,0,0,0,0,0,0,0,PT170,1105,,
050375,050375,050375,"Av D Nuno Álvares Pereira",,,38.708266,-9.40087,,,0,,0,0,0,0,0,0,0,0,0,0,0,0,0,0,PT170,1105,,
050376,050376,050376,"Av D Nuno Álvares Pereira",,,38.708198,-9.400742,,,0,,0,0,0,0,0,0,0,0,0,0,0,0,0,0,PT170,1105,,
050377,050377,050377,"R das Acácias 7",,,38.706696,-9.404496,,,0,,0,0,0,0,0,0,0,0,0,0,0,0,0,0,PT170,1105,,
050379,050379,050379,"Av Sabóia 623D (Banco)",,,38.705857,-9.406918,,,0,,0,0,0,0,0,0,0,0,0,0,0,0,0,0,PT170,1105,,
050381,050381,050381,"Av Sabóia 487 (Banco)",,,38.705073,-9.408331,,,0,,0,0,0,0,0,0,0,0,0,0,0,0,0,0,PT170,1105,,
050383,050383,050383,"Av Itália 276A",,,38.709867,-9.409974,,,0,,0,0,0,0,0,0,0,0,0,0,0,0,0,0,PT170,1105,,
050384,050384,050384,"Av Itália 276A",,,38.70974,-9.410124,,,0,,0,0,0,0,0,0,0,0,0,0,0,0,0,0,PT170,1105,,
050385,050385,050385,"R Carlos Anjos 119A",,,38.712689,-9.408528,,,0,,0,0,0,0,0,0,0,0,0,0,0,0,0,0,PT170,1105,,
050386,050386,050386,"R Carlos Anjos 119A",,,38.712522,-9.408808,,,0,,0,0,0,0,0,0,0,0,0,0,0,0,0,0,PT170,1105,,
050387,050387,050387,"R Carlos Anjos 436",,,38.715362,-9.408292,,,0,,0,0,0,0,0,0,0,0,0,0,0,0,0,0,PT170,1105,,
050389,050389,050389,"R Carlos Anjos 660",,,38.717131,-9.408629,,,0,,0,0,0,0,0,0,0,0,0,0,0,0,0,0,PT170,1105,,
050391,050391,050391,"R Carlos Anjos 820",,,38.718629,-9.409457,,,0,,0,0,0,0,0,0,0,0,0,0,0,0,0,0,PT170,1105,,
050393,050393,050393,"R Carlos Anjos 871",,,38.719025,-9.409663,,,0,,0,0,0,0,0,0,0,0,0,0,0,0,0,0,PT170,1105,,
050395,050395,050395,"R Dr Pereira Coutinho 465A",,,38.716861,-9.409316,,,0,,0,0,0,0,0,0,0,0,0,0,0,0,0,0,PT170,1105,,
050397,050397,050397,"R Dr Pereira Coutinho Lt 1",,,38.715183,-9.409293,,,0,,0,0,0,0,0,0,0,0,0,0,0,0,0,0,PT170,1105,,
050399,050399,050399,"Lgo Ostende 1A",,,38.707523,-9.408435,,,0,,0,0,0,0,0,0,0,0,0,0,0,0,0,0,PT170,1105,,
050401,050401,050401,"Av Acácias Fte 34",,,38.704358,-9.407989,,,0,,0,0,0,0,0,0,0,0,0,0,0,0,0,0,PT170,1105,,
050403,050403,050403,"Av Acacias 55",,,38.70719,-9.404049,,,0,,0,0,0,0,0,0,0,0,0,0,0,0,0,0,PT170,1105,,
050405,050405,050405,"Av D Nuno Álvares Pereira 3",,,38.713199,-9.394753,,,0,,0,0,0,0,0,0,0,0,0,0,0,0,0,0,PT170,1105,,
050407,050407,050407,"Pça Almeida Garrett (Casino Estoril)",,,38.708095,-9.397052,,,0,,0,0,0,0,0,0,0,0,0,0,0,0,0,0,PT170,1105,,
050409,050409,050409,"Av Aida (Arcadas)",,,38.704187,-9.399175,,,0,,0,0,0,0,0,0,0,0,0,0,0,0,0,0,PT170,1105,,
050411,050411,050411,"Av Bombeiros Voluntários 1026",,,38.712605,-9.393559,,,0,,0,0,0,0,0,0,0,0,0,0,0,0,0,0,PT170,1105,,
050413,050413,050413,"Av Sabóia 159A (Clínica)",,,38.704319,-9.407455,,,0,,0,0,0,0,0,0,0,0,0,0,0,0,0,0,PT170,1105,,
050415,050415,050415,"Av República (Golf)",,,38.718499,-9.394111,,,0,,0,0,0,0,0,0,0,0,0,0,0,0,0,0,PT170,1105,,
050417,050417,050417,"Av República (Golf)",,,38.7171,-9.39427,,,0,,0,0,0,0,0,0,0,0,0,0,0,0,0,0,PT170,1105,,
050418,050418,050418,"Carcavelos (Estação)",,,38.68755921279275,-9.336986892055547,,,0,,0,0,0,0,0,0,0,0,0,0,0,0,0,0,PT170,1105,,
050421,050421,050421,"Carcavelos (SBE)",,,38.67955337348839,-9.327783245125358,,,0,,0,0,0,0,0,0,0,0,0,0,0,0,0,0,PT170,1105,,
050422,050422,050422,"Estr Torre (X) R Fern Leôncio Mendonça",,,38.68347205344408,-9.33013598606544,,,0,,0,0,0,0,0,0,0,0,0,0,0,0,0,0,PT170,1105,,
050423,050423,050423,"Estr Torre Fte 626",,,38.6836405517533,-9.33027209714055,,,0,,0,0,0,0,0,0,0,0,0,0,0,0,0,0,PT170,1105,,
050425,050425,050425,"Av S Miguel das Encostas 230",,,38.701588,-9.335093,,,0,,0,0,0,0,0,0,0,0,0,0,0,0,0,0,PT170,1105,,
050426,050426,050426,"Av S Miguel das Encostas Fte 499",,,38.703909,-9.336073,,,0,,0,0,0,0,0,0,0,0,0,0,0,0,0,0,PT170,1105,,
050427,050427,050427,"R Santa Isabel Fte 32",,,38.702671,-9.336786,,,0,,0,0,0,0,0,0,0,0,0,0,0,0,0,0,PT170,1105,,
050428,050428,050428,"Av S Miguel das Encostas 249",,,38.701364,-9.335263,,,0,,0,0,0,0,0,0,0,0,0,0,0,0,0,0,PT170,1105,,
050429,050429,050429,"Aboboda (Sociedade)",,,38.723934,-9.333088,,,0,,0,0,0,0,0,0,0,0,0,0,0,0,0,0,PT170,1105,,
050430,050430,050430,"R Salgueiro Maia 1139B",,,38.723809,-9.336625,,,0,,0,0,0,0,0,0,0,0,0,0,0,0,0,0,PT170,1105,,
050431,050431,050431,"R Salgueiro Maia 701 - Sociedade",,,38.722918,-9.341471,,,0,,0,0,0,0,0,0,0,0,0,0,0,0,0,0,PT170,1105,,
050432,050432,050432,"R Salgueiro Maia Fte 510",,,38.721994,-9.343433,,,0,,0,0,0,0,0,0,0,0,0,0,0,0,0,0,PT170,1105,,
050433,050433,050433,"Prç Fernando Lopes Graça - Igreja",,,38.713913,-9.349474,,,0,,0,0,0,0,0,0,0,0,0,0,0,0,0,0,PT170,1105,,
050434,050434,050434,"R Mq Pombal Lt 30 Fte Centro Comunit",,,38.713001,-9.351229,,,0,,0,0,0,0,0,0,0,0,0,0,0,0,0,0,PT170,1105,,
050435,050435,050435,"Av J Dantas Fte Macolid - Alto Portela",,,38.713326,-9.354003,,,0,,0,0,0,0,0,0,0,0,0,0,0,0,0,0,PT170,1105,,
050436,050436,050436,"R Júlio Dantas Fte 769 - Oficina",,,38.713392,-9.357516,,,0,,0,0,0,0,0,0,0,0,0,0,0,0,0,0,PT170,1105,,
050437,050437,050437,"R Prof Ant Xav P Cout Fte 112A",,,38.713395,-9.361229,,,0,,0,0,0,0,0,0,0,0,0,0,0,0,0,0,PT170,1105,,
050438,050438,050438,"R Prof Ant Xav P Coutinho Lt 3 Chaf",,,38.71343,-9.36304,,,0,,0,0,0,0,0,0,0,0,0,0,0,0,0,0,PT170,1105,,
050439,050439,050439,"R Prof Ant Xav P Coutinho 101",,,38.713322,-9.360939,,,0,,0,0,0,0,0,0,0,0,0,0,0,0,0,0,PT170,1105,,
050440,050440,050440,"R Júlio Dantas 711 Fte Auto Serra",,,38.71322333459688,-9.356881317790988,,,0,,0,0,0,0,0,0,0,0,0,0,0,0,0,0,PT170,1105,,
050441,050441,050441,"Av Júlio Dantas - Macolide",,,38.713332,-9.35429,,,0,,0,0,0,0,0,0,0,0,0,0,0,0,0,0,PT170,1105,,
050442,050442,050442,"R Mq Pombal 29 - Cent Comunitário",,,38.712764,-9.350999,,,0,,0,0,0,0,0,0,0,0,0,0,0,0,0,0,PT170,1105,,
050443,050443,050443,"R do Rio 10",,,38.714975,-9.349194,,,0,,0,0,0,0,0,0,0,0,0,0,0,0,0,0,PT170,1105,,
050444,050444,050444,"R Almeida Garrett 22A",,,38.716562,-9.349632,,,0,,0,0,0,0,0,0,0,0,0,0,0,0,0,0,PT170,1105,,
050445,050445,050445,"Av Am Rodrigues 1097 - 4 Estradas",,,38.718772,-9.347596,,,0,,0,0,0,0,0,0,0,0,0,0,0,0,0,0,PT170,1105,,
050446,050446,050446,"Av Salgueiro Maia 474",,,38.721612,-9.343611,,,0,,0,0,0,0,0,0,0,0,0,0,0,0,0,0,PT170,1105,,
050447,050447,050447,"Av Salgueiro Maia 672 Fte Sociedade",,,38.722758,-9.341753,,,0,,0,0,0,0,0,0,0,0,0,0,0,0,0,0,PT170,1105,,
050448,050448,050448,"Av Salgueiro Maia Fte 1139B",,,38.723747,-9.336436,,,0,,0,0,0,0,0,0,0,0,0,0,0,0,0,0,PT170,1105,,
050449,050449,050449,"Aboboda (Sociedade)",,,38.723979,-9.333289,,,0,,0,0,0,0,0,0,0,0,0,0,0,0,0,0,PT170,1105,,
050450,050450,050450,"R Mouzinho da Silveira 94",,,38.711802,-9.331038,,,0,,0,0,0,0,0,0,0,0,0,0,0,0,0,0,PT170,1105,,
050451,050451,050451,"R Principal 330",,,38.713759,-9.332257,,,0,,0,0,0,0,0,0,0,0,0,0,0,0,0,0,PT170,1105,,
050452,050452,050452,"R Principal 558",,,38.716306,-9.332844,,,0,,0,0,0,0,0,0,0,0,0,0,0,0,0,0,PT170,1105,,
050453,050453,050453,"R Principal",,,38.717586,-9.332724,,,0,,0,0,0,0,0,0,0,0,0,0,0,0,0,0,PT170,1105,,
050454,050454,050454,"R Principal 1028",,,38.719283,-9.331922,,,0,,0,0,0,0,0,0,0,0,0,0,0,0,0,0,PT170,1105,,
050455,050455,050455,"R Principal (X) R Cidade Lamego",,,38.719247,-9.332012,,,0,,0,0,0,0,0,0,0,0,0,0,0,0,0,0,PT170,1105,,
050456,050456,050456,"R Principal Cabeço Mouro 5N",,,38.717664,-9.332795,,,0,,0,0,0,0,0,0,0,0,0,0,0,0,0,0,PT170,1105,,
050457,050457,050457,"R Principal Cabeço Mouro 26",,,38.715923,-9.332933,,,0,,0,0,0,0,0,0,0,0,0,0,0,0,0,0,PT170,1105,,
050458,050458,050458,"R Principal Cabeço Mouro 359",,,38.713688,-9.332343,,,0,,0,0,0,0,0,0,0,0,0,0,0,0,0,0,PT170,1105,,
050459,050459,050459,"R Mouzinho da Silveira 103",,,38.711799,-9.331176,,,0,,0,0,0,0,0,0,0,0,0,0,0,0,0,0,PT170,1105,,
050460,050460,050460,"Av Amália Rodrigues - Prisões",,,38.72240694352489,-9.350523568699838,,,0,,0,0,0,0,0,0,0,0,0,0,0,0,0,0,PT170,1105,,
050461,050461,050461,"Av Amália Rodrigues Fte Prisões Tires",,,38.722332,-9.350637,,,0,,0,0,0,0,0,0,0,0,0,0,0,0,0,0,PT170,1105,,
050462,050462,050462,"R Principal 444 - Casal Perdigão",,,38.715576,-9.34392,,,0,,0,0,0,0,0,0,0,0,0,0,0,0,0,0,PT170,1105,,
050463,050463,050463,"R Principal 300A",,,38.717354,-9.342708,,,0,,0,0,0,0,0,0,0,0,0,0,0,0,0,0,PT170,1105,,
050464,050464,050464,"R das Travessas Fte Pavilhão",,,38.718437,-9.342118,,,0,,0,0,0,0,0,0,0,0,0,0,0,0,0,0,PT170,1105,,
050465,050465,050465,"R das Travessas 13",,,38.720086,-9.343064,,,0,,0,0,0,0,0,0,0,0,0,0,0,0,0,0,PT170,1105,,
050466,050466,050466,"R das Travessas Fte 260",,,38.72025,-9.343255,,,0,,0,0,0,0,0,0,0,0,0,0,0,0,0,0,PT170,1105,,
050467,050467,050467,"R das Travessas 57 - Pavilhão",,,38.718568,-9.342335,,,0,,0,0,0,0,0,0,0,0,0,0,0,0,0,0,PT170,1105,,
050468,050468,050468,"R Principal Fte 300",,,38.717465,-9.342686,,,0,,0,0,0,0,0,0,0,0,0,0,0,0,0,0,PT170,1105,,
050470,050470,050470,"R Ivone Silva 176",,,38.703857,-9.359467,,,0,,0,0,0,0,0,0,0,0,0,0,0,0,0,0,PT170,1105,,
050471,050471,050471,"R José Elias Garcia 88 Fte Escola",,,38.694445,-9.355106,,,0,,0,0,0,0,0,0,0,0,0,0,0,0,0,0,PT170,1105,,
050472,050472,050472,"R Dia Mund Criança (X) R 18 Janeiro",,,38.702332,-9.354909,,,0,,0,0,0,0,0,0,0,0,0,0,0,0,0,0,PT170,1105,,
050473,050473,050473,"R Matarraque 399A - Escola",,,38.706831,-9.351289,,,0,,0,0,0,0,0,0,0,0,0,0,0,0,0,0,PT170,1105,,
050474,050474,050474,"R Ecos Paris Lt 21",,,38.707431,-9.350835,,,0,,0,0,0,0,0,0,0,0,0,0,0,0,0,0,PT170,1105,,
050475,050475,050475,"Av Descobertas 160",,,38.707903,-9.353243,,,0,,0,0,0,0,0,0,0,0,0,0,0,0,0,0,PT170,1105,,
050476,050476,050476,"Av Francisca Lindoso Fte Farmácia",,,38.70582,-9.355283,,,0,,0,0,0,0,0,0,0,0,0,0,0,0,0,0,PT170,1105,,
050477,050477,050477,"R Ivone Silva 171",,,38.703941,-9.359495,,,0,,0,0,0,0,0,0,0,0,0,0,0,0,0,0,PT170,1105,,
050478,050478,050478,"Av Maria Lamas - Igreja",,,38.702897,-9.361863,,,0,,0,0,0,0,0,0,0,0,0,0,0,0,0,0,PT170,1105,,
050479,050479,050479,"Av Maria Lamas (X) Av Velha",,,38.702972,-9.363832,,,0,,0,0,0,0,0,0,0,0,0,0,0,0,0,0,PT170,1105,,
050480,050480,050480,"Av Velha 211",,,38.70208,-9.362768,,,0,,0,0,0,0,0,0,0,0,0,0,0,0,0,0,PT170,1105,,
050481,050481,050481,"R Combatentes do Ultramar Fte 276",,,38.70016,-9.360157,,,0,,0,0,0,0,0,0,0,0,0,0,0,0,0,0,PT170,1105,,
050482,050482,050482,"R Combatentes do Ultramar 47",,,38.698978,-9.358476,,,0,,0,0,0,0,0,0,0,0,0,0,0,0,0,0,PT170,1105,,
050483,050483,050483,"R Comb Ultramar 1057 - Cent Saúde",,,38.697609,-9.35686,,,0,,0,0,0,0,0,0,0,0,0,0,0,0,0,0,PT170,1105,,
050484,050484,050484,"R José Elias Garcia 77 - Escola",,,38.694639,-9.355343,,,0,,0,0,0,0,0,0,0,0,0,0,0,0,0,0,PT170,1105,,
050485,050485,050485,"R Eng Francisco Anjos Diniz - Igreja",,,38.7036822288028,-9.32553642737283,,,0,,0,0,0,0,0,0,0,0,0,0,0,0,0,0,PT170,1105,,
050486,050486,050486,"R Luís Camões 353",,,38.702781,-9.327118,,,0,,0,0,0,0,0,0,0,0,0,0,0,0,0,0,PT170,1105,,
050487,050487,050487,"R Luís Camões 181",,,38.7011085403229,-9.32744528858742,,,0,,0,0,0,0,0,0,0,0,0,0,0,0,0,0,PT170,1105,,
050488,050488,050488,"R Luís Camões 186 - Supermercado",,,38.701199,-9.327364,,,0,,0,0,0,0,0,0,0,0,0,0,0,0,0,0,PT170,1105,,
050489,050489,050489,"R Luís Camões 450A",,,38.703583,-9.326815,,,0,,0,0,0,0,0,0,0,0,0,0,0,0,0,0,PT170,1105,,
050490,050490,050490,"R Eng Franc Anjos Diniz Fte Igreja",,,38.703673,-9.325742,,,0,,0,0,0,0,0,0,0,0,0,0,0,0,0,0,PT170,1105,,
050491,050491,050491,"R José Elias Garcia 1070 - C Saúde",,,38.69777,-9.356907,,,0,,0,0,0,0,0,0,0,0,0,0,0,0,0,0,PT170,1105,,
050492,050492,050492,"R Combatentes do Ultramar 38D",,,38.699098,-9.358496,,,0,,0,0,0,0,0,0,0,0,0,0,0,0,0,0,PT170,1105,,
050493,050493,050493,"R Combat Ultramar Lt A - Bombas",,,38.700739,-9.360763,,,0,,0,0,0,0,0,0,0,0,0,0,0,0,0,0,PT170,1105,,
050494,050494,050494,"R Arq Cottinelli Telmo 208",,,38.70217,-9.362779,,,0,,0,0,0,0,0,0,0,0,0,0,0,0,0,0,PT170,1105,,
050495,050495,050495,"Av Maria Lamas Lt 1",,,38.70285865235809,-9.363602329447746,,,0,,0,0,0,0,0,0,0,0,0,0,0,0,0,0,PT170,1105,,
050496,050496,050496,"Av Maria Lamas 8 Fte Igreja",,,38.70276936206945,-9.36190498834324,,,0,,0,0,0,0,0,0,0,0,0,0,0,0,0,0,PT170,1105,,
050497,050497,050497,"Av Franc Lindoso (X) R Pinheirinho",,,38.706395,-9.355012,,,0,,0,0,0,0,0,0,0,0,0,0,0,0,0,0,PT170,1105,,
050498,050498,050498,"Av Franc Lindoso 590 - Rotunda",,,38.708379,-9.353799,,,0,,0,0,0,0,0,0,0,0,0,0,0,0,0,0,PT170,1105,,
050499,050499,050499,"Av Fran Lindoso 828 - Vv Monteiro",,,38.710501,-9.35346,,,0,,0,0,0,0,0,0,0,0,0,0,0,0,0,0,PT170,1105,,
050500,050500,050500,"Av Francisca Lindoso 1020",,,38.711968,-9.354542,,,0,,0,0,0,0,0,0,0,0,0,0,0,0,0,0,PT170,1105,,
050501,050501,050501,"Av Francisca Lindoso 1015B",,,38.712056,-9.354716,,,0,,0,0,0,0,0,0,0,0,0,0,0,0,0,0,PT170,1105,,
050502,050502,050502,"Av Francisca Lindoso 801",,,38.710261,-9.353473,,,0,,0,0,0,0,0,0,0,0,0,0,0,0,0,0,PT170,1105,,
050503,050503,050503,"Av F Lindoso Fte 620A - Rot Mat",,,38.708744,-9.353888,,,0,,0,0,0,0,0,0,0,0,0,0,0,0,0,0,PT170,1105,,
050504,050504,050504,"R Principal 17 - Supermercado",,,38.71557,-9.34406,,,0,,0,0,0,0,0,0,0,0,0,0,0,0,0,0,PT170,1105,,
050505,050505,050505,"Av A Rodrigues 1082A - 4 Estradas",,,38.718839,-9.3475,,,0,,0,0,0,0,0,0,0,0,0,0,0,0,0,0,PT170,1105,,
050506,050506,050506,"R Júlio Dinis 22 Fte Escola",,,38.723178,-9.35184,,,0,,0,0,0,0,0,0,0,0,0,0,0,0,0,0,PT170,1105,,
050507,050507,050507,"R João Deus 215",,,38.721171,-9.350817,,,0,,0,0,0,0,0,0,0,0,0,0,0,0,0,0,PT170,1105,,
050508,050508,050508,"R Almeida Garrett 125A",,,38.717338,-9.349878,,,0,,0,0,0,0,0,0,0,0,0,0,0,0,0,0,PT170,1105,,
050509,050509,050509,"Largo dos Duartes Fte 84",,,38.715917,-9.34898,,,0,,0,0,0,0,0,0,0,0,0,0,0,0,0,0,PT170,1105,,
050510,050510,050510,"Av Padre Agostinho P Silva Fte Infant",,,38.712859,-9.348521,,,0,,0,0,0,0,0,0,0,0,0,0,0,0,0,0,PT170,1105,,
050511,050511,050511,"Av Padre Agostinho P Silva - Mercado",,,38.707631,-9.346696,,,0,,0,0,0,0,0,0,0,0,0,0,0,0,0,0,PT170,1105,,
050512,050512,050512,"Av Padre Agostinho P Silva - Infant",,,38.713036,-9.348502,,,0,,0,0,0,0,0,0,0,0,0,0,0,0,0,0,PT170,1105,,
050513,050513,050513,"Av Descobertas Fte 212",,,38.708001,-9.353729,,,0,,0,0,0,0,0,0,0,0,0,0,0,0,0,0,PT170,1105,,
050514,050514,050514,"Av Francisca Lindoso 45A - Jardim",,,38.704114,-9.355529,,,0,,0,0,0,0,0,0,0,0,0,0,0,0,0,0,PT170,1105,,
050515,050515,050515,"R Dia Mundial da Criança - Vv Madorna",,,38.702262,-9.355123,,,0,,0,0,0,0,0,0,0,0,0,0,0,0,0,0,PT170,1105,,
050516,050516,050516,"R Francisca Lindoso 44",,,38.703995,-9.355438,,,0,,0,0,0,0,0,0,0,0,0,0,0,0,0,0,PT170,1105,,
050517,050517,050517,"R João Deus (X) R Aq Ribeiro 6",,,38.721247,-9.35069,,,0,,0,0,0,0,0,0,0,0,0,0,0,0,0,0,PT170,1105,,
050518,050518,050518,"R João Deus Fte 653 - Escola",,,38.723074,-9.351837,,,0,,0,0,0,0,0,0,0,0,0,0,0,0,0,0,PT170,1105,,
050519,050519,050519,"R 12 Julho 10",,,38.70173,-9.355467,,,0,,0,0,0,0,0,0,0,0,0,0,0,0,0,0,PT170,1105,,
050520,050520,050520,"R Ary dos Santos Fte 186",,,38.702766,-9.356743,,,0,,0,0,0,0,0,0,0,0,0,0,0,0,0,0,PT170,1105,,
050521,050521,050521,"R Ary dos Santos 163",,,38.702705,-9.356832,,,0,,0,0,0,0,0,0,0,0,0,0,0,0,0,0,PT170,1105,,
050522,050522,050522,"R Ary dos Santos 50",,,38.701977,-9.355743,,,0,,0,0,0,0,0,0,0,0,0,0,0,0,0,0,PT170,1105,,
056531,056531,056531,"Cascais (Terminal)",,,38.701954,-9.419009,,,0,,0,0,0,0,0,0,0,0,0,0,0,0,0,0,PT170,1105,,
060004,060004,060004,"Estr Arneiros",,,38.7542981933802,-9.19786099344492,,,0,,0,0,0,0,0,0,0,0,0,0,0,0,0,0,PT170,1106,,
060006,060006,060006,"Benfica (R Pereira Bernardes)",,,38.75126053852799,-9.197912895809797,,,0,,0,0,0,0,0,0,0,0,0,0,0,0,0,0,PT170,1106,,
060012,060012,060012,"Qta Granja - Av Uruguai",,,38.7532528443262,-9.19631000608206,,,0,,0,0,0,0,0,0,0,0,0,0,0,0,0,0,PT170,1106,,
060015,060015,060015,"Colégio Militar (Metro)",,,38.753005,-9.18991,,,0,,0,0,0,0,0,0,0,0,0,0,0,0,0,0,PT170,1106,,
060027,060027,060027,"Amoreiras",,,38.72386768062797,-9.160575522109866,,,0,,0,0,0,0,0,0,0,0,0,0,0,0,0,0,PT170,1106,,
060029,060029,060029,"Campolide",,,38.7277137720957,-9.16072589345276,,,0,,0,0,0,0,0,0,0,0,0,0,0,0,0,0,PT170,1106,,
060031,060031,060031,"Alameda Edgar Cardoso",,,38.7291156034917,-9.15636520832777,,,0,,0,0,0,0,0,0,0,0,0,0,0,0,0,0,PT170,1106,,
060033,060033,060033,"Marquês Pombal (Metro)",,,38.72588692936335,-9.151313351467252,,,0,,0,0,0,0,0,0,0,0,0,0,0,0,0,0,PT170,1106,,
060035,060035,060035,"R Joaquim António Aguiar",,,38.72511560192827,-9.15526332333684,,,0,,0,0,0,0,0,0,0,0,0,0,0,0,0,0,PT170,1106,,
060037,060037,060037,"Amoreiras",,,38.724451744929,-9.16079873219132,,,0,,0,0,0,0,0,0,0,0,0,0,0,0,0,0,PT170,1106,,
060041,060041,060041,"Igreja Benfica",,,38.75082960129776,-9.201709629095491,,,0,,0,0,0,0,0,0,0,0,0,0,0,0,0,0,PT170,1106,,
060043,060043,060043,"Estr Benfica (Mercado)",,,38.7520153820515,-9.20515886507928,,,0,,0,0,0,0,0,0,0,0,0,0,0,0,0,0,PT170,1106,,
060044,060044,060044,"Estr Benfica (Mercado)",,,38.7520105205476,-9.20543714426458,,,0,,0,0,0,0,0,0,0,0,0,0,0,0,0,0,PT170,1106,,
060047,060047,060047,"Calhariz",,,38.74960439681966,-9.191295700147748,,,0,,0,0,0,0,0,0,0,0,0,0,0,0,0,0,PT170,1106,,
060049,060049,060049,"Esc Pedro Santarém",,,38.75024423990324,-9.195979088544846,,,0,,0,0,0,0,0,0,0,0,0,0,0,0,0,0,PT170,1106,,
060051,060051,060051,"Igreja Benfica",,,38.750672893353226,-9.201452638953924,,,0,,0,0,0,0,0,0,0,0,0,0,0,0,0,0,PT170,1106,,
060053,060053,060053,"Esc Pedro Santarém",,,38.7497540283948,-9.19426188804209,,,0,,0,0,0,0,0,0,0,0,0,0,0,0,0,0,PT170,1106,,
060055,060055,060055,"Calhariz",,,38.74863609131101,-9.191169384866951,,,0,,0,0,0,0,0,0,0,0,0,0,0,0,0,0,PT170,1106,,
060057,060057,060057,"Pontinha (Metro)",,,38.76129341442101,-9.19726830907166,,,0,,0,0,0,0,0,0,0,0,0,0,0,0,0,0,PT170,1106,,
060063,060063,060063,"Estação Pontinha",,,38.760313,-9.193901,,,0,,0,0,0,0,0,0,0,0,0,0,0,0,0,0,PT170,1106,,
060065,060065,060065,"Carnide (Metro)",,,38.7595055345446,-9.19259581714869,,,0,,0,0,0,0,0,0,0,0,0,0,0,0,0,0,PT170,1106,,
060068,060068,060068,"Colégio Militar (Metro)",,,38.75320873422408,-9.190305597855998,,,0,,0,0,0,0,0,0,0,0,0,0,0,0,0,0,PT170,1106,,
060069,060069,060069,"Estação Pontinha",,,38.76063879948021,-9.19460722245276,,,0,,0,0,0,0,0,0,0,0,0,0,0,0,0,0,PT170,1106,,
060071,060071,060071,"Pontinha (Metro)",,,38.761893318230335,-9.197183314628594,,,0,,0,0,0,0,0,0,0,0,0,0,0,0,0,0,PT170,1106,,
060079,060079,060079,"Hospital S Francisco Xavier",,,38.7097856774926,-9.21501162461936,,,0,,0,0,0,0,0,0,0,0,0,0,0,0,0,0,PT170,1106,,
060081,060081,060081,"Estr Queluz",,,38.7174699548632,-9.20958015136421,,,0,,0,0,0,0,0,0,0,0,0,0,0,0,0,0,PT170,1106,,
060082,060082,060082,"Estr Queluz",,,38.717514295131,-9.20983269810677,,,0,,0,0,0,0,0,0,0,0,0,0,0,0,0,0,PT170,1106,,
060083,060083,060083,"Damaia Baixo",,,38.7490817578509,-9.21041121706367,,,0,,0,0,0,0,0,0,0,0,0,0,0,0,0,0,PT170,1106,,
060084,060084,060084,"Av Alves Redol (Acesso Cril)",,,38.74920321698905,-9.210517164319754,,,0,,0,0,0,0,0,0,0,0,0,0,0,0,0,0,PT170,1106,,
060089,060089,060089,"Restelo - R Antão Gonçalves",,,38.70894749448289,-9.214367223903537,,,0,,0,0,0,0,0,0,0,0,0,0,0,0,0,0,PT170,1106,,
060091,060091,060091,"Restelo - R Tristão Vaz",,,38.7095309933648,-9.20847256667912,,,0,,0,0,0,0,0,0,0,0,0,0,0,0,0,0,PT170,1106,,
060092,060092,060092,"Restelo - R Tristão Vaz",,,38.70967630902766,-9.208297971636055,,,0,,0,0,0,0,0,0,0,0,0,0,0,0,0,0,PT170,1106,,
060093,060093,060093,"R Gonçalves Zarco",,,38.7056422093883,-9.2050095833838,,,0,,0,0,0,0,0,0,0,0,0,0,0,0,0,0,PT170,1106,,
060094,060094,060094,"R Gonçalves Zarco",,,38.70591338613889,-9.205036908388138,,,0,,0,0,0,0,0,0,0,0,0,0,0,0,0,0,PT170,1106,,
060095,060095,060095,"Estádio Restelo",,,38.7039452511817,-9.20652469620109,,,0,,0,0,0,0,0,0,0,0,0,0,0,0,0,0,PT170,1106,,
060096,060096,060096,"Estádio Restelo",,,38.7039562314749,-9.20636862516403,,,0,,0,0,0,0,0,0,0,0,0,0,0,0,0,0,PT170,1106,,
060097,060097,060097,"R Jerónimos",,,38.699815,-9.20592,,,0,,0,0,0,0,0,0,0,0,0,0,0,0,0,0,PT170,1106,,
060098,060098,060098,"R Jerónimos",,,38.6998943611979,-9.20576739124954,,,0,,0,0,0,0,0,0,0,0,0,0,0,0,0,0,PT170,1106,,
060099,060099,060099,"Mosteiro Jerónimos",,,38.697323,-9.203482,,,0,,0,0,0,0,0,0,0,0,0,0,0,0,0,0,PT170,1106,,
060101,060101,060101,"Belém (Estação)",,,38.69692352,-9.19953729,,,0,,0,0,0,0,0,0,0,0,0,0,0,0,0,0,PT170,1106,,
060103,060103,060103,"Mosteiro Jerónimos",,,38.6977977957577,-9.2044723033905,,,0,,0,0,0,0,0,0,0,0,0,0,0,0,0,0,PT170,1106,,
060107,060107,060107,"Belém (Estação)",,,38.6971,-9.19963333333333,,,0,,0,0,0,0,0,0,0,0,0,0,0,0,0,0,PT170,1106,,
060109,060109,060109,"Av Restelo",,,38.69985,-9.21428333333333,,,0,,0,0,0,0,0,0,0,0,0,0,0,0,0,0,PT170,1106,,
060115,060115,060115,"Av D Vasco da Gama",,,38.7026315135881,-9.21744899824262,,,0,,0,0,0,0,0,0,0,0,0,0,0,0,0,0,PT170,1106,,
060117,060117,060117,"Av D Vasco da Gama",,,38.703193,-9.217223,,,0,,0,0,0,0,0,0,0,0,0,0,0,0,0,0,PT170,1106,,
060119,060119,060119,"Av Restelo",,,38.699613,-9.213678,,,0,,0,0,0,0,0,0,0,0,0,0,0,0,0,0,PT170,1106,,
060123,060123,060123,"Marquês Pombal (Metro)",,,38.72576478982702,-9.151536226272585,,,0,,0,0,0,0,0,0,0,0,0,0,0,0,0,0,PT170,1106,,
060125,060125,060125,"Colégio Militar (Metro)",,,38.7527717649937,-9.19007512740791,,,0,,0,0,0,0,0,0,0,0,0,0,0,0,0,0,PT170,1106,,
060127,060127,060127,"Colégio Militar (Metro)",,,38.75315452901816,-9.19022918400511,,,0,,0,0,0,0,0,0,0,0,0,0,0,0,0,0,PT170,1106,,
060131,060131,060131,"Colégio Militar (Metro)",,,38.7528911663244,-9.190009339276058,,,0,,0,0,0,0,0,0,0,0,0,0,0,0,0,0,PT170,1106,,
060134,060134,060134,"Colégio Militar (Metro)",,,38.7529599806294,-9.19036614708602,,,0,,0,0,0,0,0,0,0,0,0,0,0,0,0,0,PT170,1106,,
060141,060141,060141,"Hospital S Francisco Xavier",,,38.709725920264304,-9.215448489412664,,,0,,0,0,0,0,0,0,0,0,0,0,0,0,0,0,PT170,1106,,
060143,060143,060143,"Marquês Pombal (Metro)",,,38.72563456247486,-9.152223709970713,,,0,,0,0,0,0,0,0,0,0,0,0,0,0,0,0,PT170,1106,,
060149,060149,060149,"Marquês Pombal (Metro)",,,38.72562538176744,-9.152491008862851,,,0,,0,0,0,0,0,0,0,0,0,0,0,0,0,0,PT170,1106,,
060383,060383,060383,"Estação Fluvial de Belém",,,38.69617,-9.199643,,,0,,0,0,0,0,0,0,0,0,0,0,0,0,0,0,PT170,1106,,
060384,060384,060384,"Estação Fluvial de Belém",,,38.696222,-9.198339,,,0,,0,0,0,0,0,0,0,0,0,0,0,0,0,0,PT170,1106,,
060415,060415,060415,"Santos (Av 24 de Julho)",,,38.706196,-9.155731,,,0,,0,0,0,0,0,0,0,0,0,0,0,0,0,0,PT170,1106,,
060425,060425,060425,"Caliça",,,38.7576867872849,-9.20513673685491,,,0,,0,0,0,0,0,0,0,0,0,0,0,0,0,0,PT170,1106,,
060426,060426,060426,"Caliça",,,38.75740685499796,-9.204478170722725,,,0,,0,0,0,0,0,0,0,0,0,0,0,0,0,0,PT170,1106,,
060427,060427,060427,"R João Ortigão Ramos",,,38.75632268877504,-9.203786412253976,,,0,,0,0,0,0,0,0,0,0,0,0,0,0,0,0,PT170,1106,,
060433,060433,060433,"Estr Arneiros",,,38.7545586610213,-9.19783517718315,,,0,,0,0,0,0,0,0,0,0,0,0,0,0,0,0,PT170,1106,,
060435,060435,060435,"R João Ortigão Ramos",,,38.756444,-9.204273,,,0,,0,0,0,0,0,0,0,0,0,0,0,0,0,0,PT170,1106,,
060440,060440,060440,"Colégio Militar (Metro)",,,38.752921,-9.19014,,,0,,0,0,0,0,0,0,0,0,0,0,0,0,0,0,PT170,1106,,
060441,060441,060441,"Hosp Luz",,,38.7554228352383,-9.19235751964152,,,0,,0,0,0,0,0,0,0,0,0,0,0,0,0,0,PT170,1106,,
060443,060443,060443,"Qta Granja - Av Uruguai",,,38.75281219876984,-9.196832282468677,,,0,,0,0,0,0,0,0,0,0,0,0,0,0,0,0,PT170,1106,,
060445,060445,060445,"Av Uruguai",,,38.7515145214275,-9.19744868762791,,,0,,0,0,0,0,0,0,0,0,0,0,0,0,0,0,PT170,1106,,
060447,060447,060447,"Pontinha (Metro)",,,38.761729930988224,-9.197058467030397,,,0,,0,0,0,0,0,0,0,0,0,0,0,0,0,0,PT170,1106,,
060449,060449,060449,"Viaduto Duarte Pacheco",,,38.72300074677021,-9.1669165994972,,,0,,0,0,0,0,0,0,0,0,0,0,0,0,0,0,PT170,1106,,
060450,060450,060450,"Viaduto Duarte Pacheco",,,38.7233412265778,-9.16638015769422,,,0,,0,0,0,0,0,0,0,0,0,0,0,0,0,0,PT170,1106,,
060462,060462,060462,"Marquês Pombal (Metro)",,,38.7256944878027,-9.15188826620579,,,0,,0,0,0,0,0,0,0,0,0,0,0,0,0,0,PT170,1106,,
062000,062000,062000,"Cais do Sodré",,,38.70533,-9.14394,,,0,,0,0,0,0,0,0,0,0,0,0,0,0,0,0,PT170,1106,,
062001,062001,062001,"Santos (Av 24 de Julho)",,,38.706222,-9.156,,,0,,0,0,0,0,0,0,0,0,0,0,0,0,0,0,PT170,1106,,
062002,062002,062002,"Alcântara Mar (Hospital)",,,38.703058,-9.173386,,,0,,0,0,0,0,0,0,0,0,0,0,0,0,0,0,PT170,1106,,
062003,062003,062003,"Alcântara Mar (Estação)",,,38.702868,-9.173238,,,0,,0,0,0,0,0,0,0,0,0,0,0,0,0,0,PT170,1106,,
066455,066455,066455,"Pontinha (Metro)",,,38.76119,-9.196999,,,0,,0,0,0,0,0,0,0,0,0,0,0,0,0,0,PT170,1106,,
080002,080002,080002,"Carvalhal (Largo)",,,38.9035707106814,-9.36012843623757,,,0,,0,0,0,0,0,0,0,0,0,0,0,0,0,0,PT170,1109,,
080003,080003,080003,"Estr Municipal 606 (Cruz Cheleiros)",,,38.9016383764299,-9.35841456446645,,,0,,0,0,0,0,0,0,0,0,0,0,0,0,0,0,PT170,1109,,
080004,080004,080004,"Estr Municipal 606 (Cruz Cheleiros)",,,38.9016755110989,-9.35845136556309,,,0,,0,0,0,0,0,0,0,0,0,0,0,0,0,0,PT170,1109,,
080005,080005,080005,"Estr da Ponte",,,38.8962587336091,-9.3468097841438,,,0,,0,0,0,0,0,0,0,0,0,0,0,0,0,0,PT170,1109,,
080006,080006,080006,"Estr de Almorquim (Ponte)",,,38.896148877227,-9.34671650699532,,,0,,0,0,0,0,0,0,0,0,0,0,0,0,0,0,PT170,1109,,
080009,080009,080009,"R Rego (Escola)",,,38.9686278580498,-9.41068577143425,,,0,,0,0,0,0,0,0,0,0,0,0,0,0,0,0,PT170,1109,,
080010,080010,080010,"R Rego (Escola)",,,38.96840002862998,-9.410899677585816,,,0,,0,0,0,0,0,0,0,0,0,0,0,0,0,0,PT170,1109,,
080011,080011,080011,"R do Mirante Fte 3",,,38.966442,-9.412157,,,0,,0,0,0,0,0,0,0,0,0,0,0,0,0,0,PT170,1109,,
080012,080012,080012,"R do Mirante 3",,,38.966431,-9.412037,,,0,,0,0,0,0,0,0,0,0,0,0,0,0,0,0,PT170,1109,,
080013,080013,080013,"EN 247 (X) R Eduardo Henr Pereira",,,38.960748,-9.414232,,,0,,0,0,0,0,0,0,0,0,0,0,0,0,0,0,PT170,1109,,
080014,080014,080014,"EN 247 (X) R Eduardo Henr Pereira",,,38.9608580851927,-9.41404251381755,,,0,,0,0,0,0,0,0,0,0,0,0,0,0,0,0,PT170,1109,,
080015,080015,080015,"EN 247 (X) Praia Sul",,,38.95551866083284,-9.414265472441912,,,0,,0,0,0,0,0,0,0,0,0,0,0,0,0,0,PT170,1109,,
080016,080016,080016,"EN 247 (X) Praia Sul",,,38.955915,-9.414266,,,0,,0,0,0,0,0,0,0,0,0,0,0,0,0,0,PT170,1109,,
080017,080017,080017,"EN 247 (X) R 1 Maio",,,38.9520545722917,-9.41361445002258,,,0,,0,0,0,0,0,0,0,0,0,0,0,0,0,0,PT170,1109,,
080018,080018,080018,"EN 247 (X) R 1 Maio",,,38.9522083383054,-9.41356147639453,,,0,,0,0,0,0,0,0,0,0,0,0,0,0,0,0,PT170,1109,,
080019,080019,080019,"EN 247 6 (X) Foz Lizandro",,,38.9443055028096,-9.41217670217156,,,0,,0,0,0,0,0,0,0,0,0,0,0,0,0,0,PT170,1109,,
080020,080020,080020,"EN 247 6 (X) Foz Lizandro",,,38.9443115377799,-9.411990204826,,,0,,0,0,0,0,0,0,0,0,0,0,0,0,0,0,PT170,1109,,
080021,080021,080021,"EN 247 (X) R Amoreiras",,,38.9432449406013,-9.40629051066935,,,0,,0,0,0,0,0,0,0,0,0,0,0,0,0,0,PT170,1109,,
080022,080022,080022,"EN 247 (X) R Amoreiras",,,38.9433777099475,-9.40624407492578,,,0,,0,0,0,0,0,0,0,0,0,0,0,0,0,0,PT170,1109,,
080023,080023,080023,"EN 247 (Igreja) (Carvoeira)",,,38.9413668075576,-9.39617372117937,,,0,,0,0,0,0,0,0,0,0,0,0,0,0,0,0,PT170,1109,,
080024,080024,080024,"EN 247 (Igreja) (Carvoeira)",,,38.9414272410795,-9.39634211361408,,,0,,0,0,0,0,0,0,0,0,0,0,0,0,0,0,PT170,1109,,
080025,080025,080025,"EN 247 (X) R do Caminho Velho",,,38.939013,-9.396174,,,0,,0,0,0,0,0,0,0,0,0,0,0,0,0,0,PT170,1109,,
080026,080026,080026,"EN 247 (X) R do Caminho Velho",,,38.9394725812599,-9.39562948420644,,,0,,0,0,0,0,0,0,0,0,0,0,0,0,0,0,PT170,1109,,
080027,080027,080027,"EN 247 44 (Baleia)",,,38.9347982872277,-9.39711056649685,,,0,,0,0,0,0,0,0,0,0,0,0,0,0,0,0,PT170,1109,,
080028,080028,080028,"EN 247 44 (Baleia)",,,38.9346807729453,-9.39695022068918,,,0,,0,0,0,0,0,0,0,0,0,0,0,0,0,0,PT170,1109,,
080029,080029,080029,"EN 247 3 (Baleia)",,,38.9319040579721,-9.39572545699775,,,0,,0,0,0,0,0,0,0,0,0,0,0,0,0,0,PT170,1109,,
080030,080030,080030,"EN 247 3 (Baleia)",,,38.93194256071611,-9.395628620137492,,,0,,0,0,0,0,0,0,0,0,0,0,0,0,0,0,PT170,1109,,
080031,080031,080031,"EN 247 (X) R das Tomádias",,,38.927445,-9.391642,,,0,,0,0,0,0,0,0,0,0,0,0,0,0,0,0,PT170,1109,,
080033,080033,080033,"EN 247 47 (Pobral)",,,38.924834,-9.389827,,,0,,0,0,0,0,0,0,0,0,0,0,0,0,0,0,PT170,1109,,
080035,080035,080035,"EN 247 (P Combustível) (Pobral)",,,38.9232775289565,-9.38833546824753,,,0,,0,0,0,0,0,0,0,0,0,0,0,0,0,0,PT170,1109,,
080037,080037,080037,"Av 10 Agosto 143",,,38.921496,-9.386092,,,0,,0,0,0,0,0,0,0,0,0,0,0,0,0,0,PT170,1109,,
080039,080039,080039,"Av 15 de Agosto 170",,,38.90491289039211,-9.380006371065974,,,0,,0,0,0,0,0,0,0,0,0,0,0,0,0,0,PT170,1109,,
080041,080041,080041,"Estr Municipal (X) R da Cruz 2",,,38.9352610940114,-9.39719245769083,,,0,,0,0,0,0,0,0,0,0,0,0,0,0,0,0,PT170,1109,,
080042,080042,080042,"Estr Municipal 546 (X) R da Cruz 1",,,38.9352154545486,-9.39719547517598,,,0,,0,0,0,0,0,0,0,0,0,0,0,0,0,0,PT170,1109,,
080043,080043,080043,"Estr Municipal 546 28",,,38.9343573991209,-9.40001707524061,,,0,,0,0,0,0,0,0,0,0,0,0,0,0,0,0,PT170,1109,,
080044,080044,080044,"Estr Municipal 546 28",,,38.9344121748582,-9.39989453181624,,,0,,0,0,0,0,0,0,0,0,0,0,0,0,0,0,PT170,1109,,
080045,080045,080045,"Estr Municipal 546 46",,,38.9329539751634,-9.40053784288466,,,0,,0,0,0,0,0,0,0,0,0,0,0,0,0,0,PT170,1109,,
080046,080046,080046,"Estr Municipal 346 46",,,38.9328977325931,-9.40050775185227,,,0,,0,0,0,0,0,0,0,0,0,0,0,0,0,0,PT170,1109,,
080047,080047,080047,"Estr Municipal 546 34",,,38.9319839375094,-9.4082843977958,,,0,,0,0,0,0,0,0,0,0,0,0,0,0,0,0,PT170,1109,,
080048,080048,080048,"Estr Municipal 346 47",,,38.931902,-9.40829,,,0,,0,0,0,0,0,0,0,0,0,0,0,0,0,0,PT170,1109,,
080049,080049,080049,"Estr Municipal 546 2",,,38.93355998399611,-9.419301288144808,,,0,,0,0,0,0,0,0,0,0,0,0,0,0,0,0,PT170,1109,,
080051,080051,080051,"R José Salvador (X) R Moínho",,,38.8708181725815,-9.25768330693245,,,0,,0,0,0,0,0,0,0,0,0,0,0,0,0,0,PT170,1109,,
082007,082007,082007,"Ericeira (Terminal Rodoviário)",,,38.967196,-9.405529,,,0,,0,0,0,0,0,0,0,0,0,0,0,0,0,0,PT170,1109,,
082311,082311,082311,"EN 247 21 (R do Parque)",,,38.963202,-9.413704,,,0,,0,0,0,0,0,0,0,0,0,0,0,0,0,0,PT170,1109,,
082312,082312,082312,"EN 247 2 (R do Parque)",,,38.96312,-9.413506,,,0,,0,0,0,0,0,0,0,0,0,0,0,0,0,0,PT170,1109,,
